1784236465313 2.3110063076019287 0
1784236465360 2.3477210998535156 1
1784236465391 2.281691551208496 2
1784236465414 2.196983575820923 3
1784236465440 2.178741931915283 4
1784236465468 2.0910394191741943 5
1784236465601 2.1479852199554443 6
1784236465630 2.1131138801574707 7
1784236465664 1.9823143482208252 8
1784236465691 1.9880506992340088 9
1784236465714 1.8947504758834839 10
1784236465744 1.8023310899734497 11
1784236465775 1.8481745719909668 12
1784236465805 1.7233903408050537 13
1784236465836 1.7115771770477295 14
1784236465874 1.6559406518936157 15
1784236465911 1.6577274799346924 16
1784236465933 1.6134464740753174 17
1784236465959 1.5400396585464478 18
1784236465982 1.4492151737213135 19
1784236466013 1.4117896556854248 20
1784236466037 1.4648207426071167 21
1784236466063 1.3438446521759033 22
1784236466083 1.3389636278152466 23
1784236466105 1.2903146743774414 24
1784236466128 1.189437985420227 25
1784236466148 1.1738721132278442 26
1784236466171 0.9054478406906128 27
1784236466196 0.8604425191879272 28
1784236466226 0.8874967098236084 29
1784236466259 1.0435055494308472 30
1784236466289 1.126041054725647 31
1784236466313 0.9063275456428528 32
1784236466348 1.0760172605514526 33
1784236466402 0.8741331696510315 34
1784236466440 1.137782335281372 35
1784236466465 0.74302738904953 36
1784236466491 0.8744683861732483 37
1784236466517 0.7754101753234863 38
1784236466558 0.9096075296401978 39
1784236466592 1.023468017578125 40
1784236466621 1.0082480907440186 41
1784236466646 0.9119181632995605 42
1784236466672 0.8312953114509583 43
1784236466697 0.9498202204704285 44
1784236466721 0.8244659304618835 45
1784236466743 0.7832711338996887 46
1784236466772 0.6561103463172913 47
1784236466793 0.8402285575866699 48
1784236466823 0.489438533782959 49
1784236466848 0.5134223699569702 50
1784236466871 0.750149130821228 51
1784236466893 0.5183092355728149 52
1784236466913 0.5410536527633667 53
1784236466937 0.751353919506073 54
1784236466959 0.47693049907684326 55
1784236466979 0.7049612998962402 56
1784236467000 0.6083438992500305 57
1784236467022 0.5443737506866455 58
1784236467043 0.6264601945877075 59
1784236467061 0.4073145091533661 60
1784236467080 0.4678429365158081 61
1784236467099 0.8663024306297302 62
1784236467116 0.7822584509849548 63
1784236467133 0.646285891532898 64
1784236467155 0.4860091209411621 65
1784236467175 0.5518829226493835 66
1784236467196 0.7791197896003723 67
1784236467217 0.5925023555755615 68
1784236467238 0.4969455897808075 69
1784236467258 0.5552180409431458 70
1784236467274 0.46703845262527466 71
1784236467291 0.5047435760498047 72
1784236467308 0.4745323956012726 73
1784236467326 0.33345237374305725 74
1784236467348 0.3594738245010376 75
1784236467368 0.580438494682312 76
1784236467388 0.5582765340805054 77
1784236467405 0.5453166365623474 78
1784236467423 0.645810067653656 79
1784236467441 0.7896199822425842 80
1784236467462 0.4084338843822479 81
1784236467481 0.42422205209732056 82
1784236467500 0.9413167834281921 83
1784236467518 0.4206576347351074 84
1784236467538 0.5093129277229309 85
1784236467556 0.3646600544452667 86
1784236467574 0.7391011714935303 87
1784236467590 0.6775628328323364 88
1784236467608 0.7577484846115112 89
1784236467625 0.4595475196838379 90
1784236467643 0.5802779793739319 91
1784236467661 0.43090584874153137 92
1784236467679 0.5058954954147339 93
1784236467697 0.4300035834312439 94
1784236467717 0.5129601955413818 95
1784236467736 0.60837721824646 96
1784236467755 0.5602228045463562 97
1784236467774 0.678678035736084 98
1784236467790 0.4598715007305145 99
1784236467807 0.5828716158866882 100
1784236467825 0.5391470789909363 101
1784236467841 0.37631353735923767 102
1784236467858 0.5309160947799683 103
1784236467877 0.6520215272903442 104
1784236467894 0.5135098695755005 105
1784236467913 0.6234118938446045 106
1784236467948 0.40959933400154114 107
1784236467967 0.48256704211235046 108
1784236467991 0.46332788467407227 109
1784236468013 0.9056314826011658 110
1784236468038 0.6763255000114441 111
1784236468062 0.29883214831352234 112
1784236468087 0.45767006278038025 113
1784236468110 0.5720832943916321 114
1784236468131 0.4256299138069153 115
1784236468159 0.5387648344039917 116
1784236468180 0.664113461971283 117
1784236468203 0.6342682242393494 118
1784236468225 0.42473459243774414 119
1784236468246 0.7921757698059082 120
1784236468272 0.510333776473999 121
1784236468292 0.6497902274131775 122
1784236468312 0.21156294643878937 123
1784236468333 0.3118318021297455 124
1784236468352 0.6520590782165527 125
1784236468372 0.4767843782901764 126
1784236468390 0.40656578540802 127
1784236468408 0.27857741713523865 128
1784236468427 0.3737587332725525 129
1784236468445 0.4935486316680908 130
1784236468465 0.2165239304304123 131
1784236468485 0.2919556796550751 132
1784236468506 0.4849778413772583 133
1784236468525 0.421966552734375 134
1784236468544 0.27180299162864685 135
1784236468564 0.5348287224769592 136
1784236468587 0.5350860953330994 137
1784236468608 0.2677288353443146 138
1784236468628 0.3889816105365753 139
1784236468652 0.4000236988067627 140
1784236468677 0.2216670960187912 141
1784236468698 0.8411328792572021 142
1784236468716 0.36077773571014404 143
1784236468737 0.2811126708984375 144
1784236468757 0.5202019214630127 145
1784236468778 0.4126478433609009 146
1784236468873 0.5265534520149231 147
1784236468909 0.308824360370636 148
1784236468929 0.5571179986000061 149
1784236468948 0.526253342628479 150
1784236468972 0.5211133360862732 151
1784236468991 0.4035228490829468 152
1784236469009 0.4621508717536926 153
1784236469029 0.761867105960846 154
1784236469047 0.5801506042480469 155
1784236469064 0.35905152559280396 156
1784236469082 0.7439770698547363 157
1784236469100 0.514083981513977 158
1784236469118 0.346062034368515 159
1784236469138 0.5109379887580872 160
1784236469156 0.5194844603538513 161
1784236469173 0.8760772943496704 162
1784236469195 0.5678778290748596 163
1784236469215 0.5240074992179871 164
1784236469236 0.7602179646492004 165
1784236469255 0.9258960485458374 166
1784236469273 0.41435039043426514 167
1784236469292 0.6023865938186646 168
1784236469309 0.5351485013961792 169
1784236469328 0.5274608731269836 170
1784236469348 0.639359176158905 171
1784236469367 0.37324514985084534 172
1784236469389 0.5292448997497559 173
1784236469408 0.46210575103759766 174
1784236469428 0.2310841828584671 175
1784236469448 0.24340508878231049 176
1784236469468 0.39690083265304565 177
1784236469488 0.6934818625450134 178
1784236469508 0.6120456457138062 179
1784236469525 0.8112089037895203 180
1784236469544 0.3629288077354431 181
1784236469565 0.23887906968593597 182
1784236469584 0.5839144587516785 183
1784236469605 0.2283008098602295 184
1784236469626 0.4245160222053528 185
1784236469645 0.336207777261734 186
1784236469665 0.4196503460407257 187
1784236469681 0.317198246717453 188
1784236469700 0.32429778575897217 189
1784236469719 0.5360108613967896 190
1784236469737 0.47239404916763306 191
1784236469754 0.34839123487472534 192
1784236469773 0.15276286005973816 193
1784236469792 0.40683096647262573 194
1784236469813 0.5436408519744873 195
1784236469831 0.39612582325935364 196
1784236469851 0.4707738757133484 197
1784236469870 0.23352473974227905 198
1784236469888 0.3581899106502533 199
1784236469906 0.22715289890766144 200
1784236469923 0.3060756027698517 201
1784236469940 0.26822975277900696 202
1784236469956 0.5632157325744629 203
1784236469974 0.426281213760376 204
1784236469991 0.44675174355506897 205
1784236470008 0.41401565074920654 206
1784236470028 0.3135431706905365 207
1784236470051 0.31736159324645996 208
1784236470069 0.5930604934692383 209
1784236470086 0.3099406659603119 210
1784236470105 0.7940443754196167 211
1784236470123 0.5982112288475037 212
1784236470141 0.45540574193000793 213
1784236470233 0.16146841645240784 214
1784236470265 0.36730533838272095 215
1784236470287 0.5635946393013 216
1784236470311 0.20151177048683167 217
1784236470331 0.510756254196167 218
1784236470352 0.3746281862258911 219
1784236470371 0.5223260521888733 220
1784236470389 0.3997476398944855 221
1784236470409 0.545329749584198 222
1784236470428 0.7524697780609131 223
1784236470445 0.3849761486053467 224
1784236470464 0.6475064754486084 225
1784236470484 0.28319230675697327 226
1784236470502 0.7475269436836243 227
1784236470519 0.29213497042655945 228
1784236470539 0.5032115578651428 229
1784236470556 0.4056087136268616 230
1784236470573 0.37063726782798767 231
1784236470590 0.22225581109523773 232
1784236470606 0.3842434883117676 233
1784236470624 0.1917056441307068 234
1784236470642 0.5332476496696472 235
1784236470661 0.33143872022628784 236
1784236470680 0.498064249753952 237
1784236470698 0.28803369402885437 238
1784236470715 0.37999969720840454 239
1784236470733 0.20107433199882507 240
1784236470752 0.3509054481983185 241
1784236470770 0.17680047452449799 242
1784236470789 0.32323747873306274 243
1784236470808 0.6051238179206848 244
1784236470825 0.30013152956962585 245
1784236470843 0.4514748752117157 246
1784236470862 0.3738648295402527 247
1784236470883 0.4085553288459778 248
1784236470903 1.0034664869308472 249
1784236470923 0.4080674350261688 250
1784236470942 0.16502581536769867 251
1784236470961 0.19157417118549347 252
1784236470981 0.45648065209388733 253
1784236471001 0.39887893199920654 254
1784236471021 0.23437948524951935 255
1784236471049 0.31955963373184204 256
1784236471069 0.13044488430023193 257
1784236471089 0.2952688932418823 258
1784236471107 0.1313748061656952 259
1784236471125 0.8493720293045044 260
1784236471143 0.2717784345149994 261
1784236471164 0.42593783140182495 262
1784236471183 0.20546752214431763 263
1784236471202 0.4203996956348419 264
1784236471222 0.7189072966575623 265
1784236471242 0.6625601649284363 266
1784236471260 0.14882899820804596 267
1784236471279 0.4281247854232788 268
1784236471300 0.27451980113983154 269
1784236471323 0.2708446979522705 270
1784236471344 0.15187256038188934 271
1784236471363 0.40095412731170654 272
1784236471383 0.24140504002571106 273
1784236471401 0.15868979692459106 274
1784236471421 0.18864750862121582 275
1784236471441 0.2723097801208496 276
1784236471460 1.0032416582107544 277
1784236471479 0.2248067408800125 278
1784236471499 0.2736625671386719 279
1784236471518 0.23458412289619446 280
1784236471540 0.5252476334571838 281
1784236471560 0.261763334274292 282
1784236471579 0.38370904326438904 283
1784236471598 0.2640804946422577 284
1784236471620 0.4272684156894684 285
1784236471642 0.678095817565918 286
1784236471660 0.534005880355835 287
1784236471677 0.6820558905601501 288
1784236471694 0.5754342079162598 289
1784236471714 0.29613956809043884 290
1784236471738 0.2756448984146118 291
1784236471757 0.3451786935329437 292
1784236471777 0.38478636741638184 293
1784236471796 0.36318185925483704 294
1784236471817 0.20487825572490692 295
1784236471837 0.5884450078010559 296
1784236471856 0.30347734689712524 297
1784236471875 0.3697114586830139 298
1784236471893 0.08269781619310379 299
1784236471911 0.1997031420469284 300
1784236471929 0.2733723223209381 301
1784236471950 0.25484970211982727 302
1784236471968 0.2921964228153229 303
1784236471992 0.4031793177127838 304
1784236472011 0.2235044240951538 305
1784236472031 0.2128540277481079 306
1784236472053 0.2548956573009491 307
1784236472071 0.6738674640655518 308
1784236472091 0.44726186990737915 309
1784236472109 0.2393714338541031 310
1784236472129 0.38437339663505554 311
1784236472156 0.2700248062610626 312
1784236472180 0.39722999930381775 313
1784236472201 0.28246214985847473 314
1784236472220 0.26958173513412476 315
1784236472239 0.16581770777702332 316
1784236472259 0.4093075692653656 317
1784236472278 0.4541105031967163 318
1784236472296 0.3024679720401764 319
1784236472314 0.24452778697013855 320
1784236472335 0.4492848515510559 321
1784236472354 0.24052001535892487 322
1784236472374 0.13053938746452332 323
1784236472393 0.4310148358345032 324
1784236472412 0.18924227356910706 325
1784236472430 0.36735862493515015 326
1784236472447 0.7160204648971558 327
1784236472464 0.5437568426132202 328
1784236472482 0.4635481536388397 329
1784236472500 0.6560715436935425 330
1784236472520 0.19206874072551727 331
1784236472538 0.17414042353630066 332
1784236472557 0.3373253047466278 333
1784236472581 0.3918097913265228 334
1784236472602 0.5781199932098389 335
1784236472622 0.4500104486942291 336
1784236472646 0.6024194955825806 337
1784236472669 0.36714109778404236 338
1784236472691 0.3404346704483032 339
1784236472712 0.4253208339214325 340
1784236472732 0.42708832025527954 341
1784236472750 0.12315543740987778 342
1784236472773 0.34143486618995667 343
1784236472794 0.37624067068099976 344
1784236472814 0.41200247406959534 345
1784236472836 0.15047778189182281 346
1784236472855 0.4503900408744812 347
1784236472877 0.37633058428764343 348
1784236472896 0.6397787928581238 349
1784236472915 0.23885208368301392 350
1784236472938 0.33735913038253784 351
1784236472961 0.39784228801727295 352
1784236472980 0.28392159938812256 353
1784236473000 0.13751819729804993 354
1784236473021 0.2314443141222 355
1784236473041 0.20303577184677124 356
1784236473059 0.6611296534538269 357
1784236473076 0.18806195259094238 358
1784236473093 0.4005361497402191 359
1784236473112 0.3470352590084076 360
1784236473129 0.507597029209137 361
1784236473147 0.1780463308095932 362
1784236473168 0.5607861280441284 363
1784236473188 0.6983761191368103 364
1784236473211 0.5397491455078125 365
1784236473230 0.22857558727264404 366
1784236473251 0.6473478078842163 367
1784236473270 0.33346039056777954 368
1784236473292 0.4775219261646271 369
1784236473312 0.036671292036771774 370
1784236473337 0.24123594164848328 371
1784236473356 0.37550774216651917 372
1784236473473 0.3830379247665405 373
1784236473492 0.23435929417610168 374
1784236473511 0.5595076084136963 375
1784236473537 0.30301761627197266 376
1784236473555 0.3584291636943817 377
1784236473573 0.33920037746429443 378
1784236473592 0.3532065153121948 379
1784236473610 0.5522004961967468 380
1784236473631 0.17336107790470123 381
1784236473650 0.2219092845916748 382
1784236473671 0.22022980451583862 383
1784236473690 0.44813504815101624 384
1784236473710 0.089362733066082 385
1784236473729 0.44850078225135803 386
1784236473754 0.4138531982898712 387
1784236473777 0.25014346837997437 388
1784236473795 0.2523062229156494 389
1784236473816 0.37751856446266174 390
1784236473838 0.4345111548900604 391
1784236473862 0.47758370637893677 392
1784236473883 0.47812142968177795 393
1784236473906 0.37867218255996704 394
1784236473927 0.1191735789179802 395
1784236473947 0.28509172797203064 396
1784236473968 0.600858747959137 397
1784236473988 0.24547722935676575 398
1784236474010 0.3660318851470947 399
1784236474029 0.16795486211776733 400
1784236474047 0.23013713955879211 401
1784236474064 0.20816266536712646 402
1784236474086 0.18208912014961243 403
1784236474108 0.3195762634277344 404
1784236474128 0.265002965927124 405
1784236474159 0.3193676769733429 406
1784236474177 0.1676296591758728 407
1784236474199 0.1352500319480896 408
1784236474219 0.5803972482681274 409
1784236474237 0.14150936901569366 410
1784236474257 0.4759448766708374 411
1784236474274 0.28759244084358215 412
1784236474293 0.3726520240306854 413
1784236474314 0.5784475207328796 414
1784236474333 0.4619709253311157 415
1784236474354 0.31705087423324585 416
1784236474376 0.3062483072280884 417
1784236474398 0.49048545956611633 418
1784236474419 0.6211696863174438 419
1784236474442 0.25460490584373474 420
1784236474461 0.2838158905506134 421
1784236474483 0.5286455154418945 422
1784236474504 0.1906977891921997 423
1784236474525 0.5003241300582886 424
1784236474544 0.25395798683166504 425
1784236474563 0.17063061892986298 426
1784236474586 0.44052034616470337 427
1784236474605 0.308890163898468 428
1784236474626 0.6958904266357422 429
1784236474645 0.18998932838439941 430
1784236474670 0.2910901606082916 431
1784236474693 0.718802809715271 432
1784236474712 0.46531179547309875 433
1784236474736 0.2781776487827301 434
1784236474757 0.6002950668334961 435
1784236474777 0.13854117691516876 436
1784236474799 0.16483713686466217 437
1784236474819 0.1690707802772522 438
1784236474844 0.27058491110801697 439
1784236474864 0.42721110582351685 440
1784236474893 0.1485731154680252 441
1784236474913 0.6352518200874329 442
1784236474937 0.2024502009153366 443
1784236474958 0.47393715381622314 444
1784236474978 0.4021715521812439 445
1784236474998 0.41378551721572876 446
1784236475016 0.26344844698905945 447
1784236475033 0.4009972810745239 448
1784236475051 0.28152745962142944 449
1784236475070 0.42042845487594604 450
1784236475087 0.3757440447807312 451
1784236475108 0.25320976972579956 452
1784236475127 0.2624448537826538 453
1784236475148 0.07519548386335373 454
1784236475167 0.1837739795446396 455
1784236475186 0.33928924798965454 456
1784236475204 0.9384182691574097 457
1784236475222 0.25625598430633545 458
1784236475241 0.4165709912776947 459
1784236475261 0.23803234100341797 460
1784236475281 0.2790738344192505 461
1784236475300 0.3814750909805298 462
1784236475317 0.24224305152893066 463
1784236475335 0.23618119955062866 464
1784236475351 0.2486172765493393 465
1784236475371 0.3284693956375122 466
1784236475390 0.3547452688217163 467
1784236475410 0.42624226212501526 468
1784236475427 0.5298672914505005 469
1784236475451 0.3193272650241852 470
1784236475473 0.3666134774684906 471
1784236475499 0.3402465283870697 472
1784236475521 0.2026427835226059 473
1784236475541 0.149247944355011 474
1784236475559 0.30099695920944214 475
1784236475576 0.13282954692840576 476
1784236475596 0.2621529996395111 477
1784236475616 0.2259511649608612 478
1784236475634 0.708958089351654 479
1784236475655 0.2969258427619934 480
1784236475673 0.23440471291542053 481
1784236475690 0.31031861901283264 482
1784236475708 0.24194681644439697 483
1784236475725 0.17162035405635834 484
1784236475743 0.5497074127197266 485
1784236475764 0.3649735152721405 486
1784236475785 0.6635249257087708 487
1784236475807 0.44945818185806274 488
1784236475829 0.5295594930648804 489
1784236475848 0.4211532175540924 490
1784236475867 0.5672773122787476 491
1784236475885 0.1281312108039856 492
1784236475905 0.20312613248825073 493
1784236475924 0.4379366338253021 494
1784236475944 0.3160776197910309 495
1784236475962 0.2904053032398224 496
1784236475983 0.584266185760498 497
1784236476004 0.2975727915763855 498
1784236476023 0.4124821722507477 499
1784236476041 0.14389973878860474 500
1784236476061 0.3438580334186554 501
1784236476078 0.3659869134426117 502
1784236476098 0.23861226439476013 503
1784236476117 0.5924600958824158 504
1784236476138 0.1752660870552063 505
1784236476157 0.3142584264278412 506
1784236476178 0.32656100392341614 507
1784236476198 0.25721317529678345 508
1784236476219 0.4844024181365967 509
1784236476239 0.42620649933815 510
1784236476257 0.4995315968990326 511
1784236476276 0.4578866958618164 512
1784236476295 0.3771098852157593 513
1784236476313 0.1227513924241066 514
1784236476332 0.25730833411216736 515
1784236476354 0.6030809879302979 516
1784236476372 0.06502071768045425 517
1784236476391 0.23347096145153046 518
1784236476409 0.12971195578575134 519
1784236476427 0.15780578553676605 520
1784236476445 0.29830387234687805 521
1784236476463 0.1791752278804779 522
1784236476483 0.705960750579834 523
1784236476500 0.387882262468338 524
1784236476519 0.3380798399448395 525
1784236476537 0.14615634083747864 526
1784236476556 0.2445008009672165 527
1784236476573 0.3925688564777374 528
1784236476593 0.40484946966171265 529
1784236476614 0.26227062940597534 530
1784236476633 0.5565270781517029 531
1784236476652 0.18982550501823425 532
1784236476672 0.5414708256721497 533
1784236476693 0.4931041896343231 534
1784236476711 0.2622883915901184 535
1784236476730 0.3786308765411377 536
1784236476749 0.1929192990064621 537
1784236476769 0.23118770122528076 538
1784236476791 0.3552260994911194 539
1784236476810 0.4320186972618103 540
1784236476829 0.3300268352031708 541
1784236476847 0.7104896903038025 542
1784236476866 0.31858304142951965 543
1784236476887 0.41474902629852295 544
1784236476906 0.2592482566833496 545
1784236476924 0.25576403737068176 546
1784236476943 0.3811085522174835 547
1784236476961 0.1616806536912918 548
1784236476981 0.5647181272506714 549
1784236477000 0.3895799517631531 550
1784236477019 0.27081671357154846 551
1784236477040 0.3014463186264038 552
1784236477059 0.47526678442955017 553
1784236477078 0.1921556144952774 554
1784236477099 0.20834098756313324 555
1784236477121 0.13216552138328552 556
1784236477142 0.3729289770126343 557
1784236477163 0.31067413091659546 558
1784236477189 0.2718583345413208 559
1784236477208 0.16729667782783508 560
1784236477326 0.26953575015068054 561
1784236477362 0.1775745302438736 562
1784236477384 0.32265785336494446 563
1784236477402 0.2576944828033447 564
1784236477419 0.2511463761329651 565
1784236477441 0.23945792019367218 566
1784236477459 0.412288099527359 567
1784236477482 0.47809019684791565 568
1784236477504 0.11914560943841934 569
1784236477523 0.2832518219947815 570
1784236477542 0.1688166856765747 571
1784236477563 0.36571988463401794 572
1784236477587 0.39853620529174805 573
1784236477609 0.29782044887542725 574
1784236477627 0.3353559672832489 575
1784236477645 0.5475544333457947 576
1784236477665 0.18592382967472076 577
1784236477684 0.2865794003009796 578
1784236477704 0.11333315074443817 579
1784236477723 0.20344862341880798 580
1784236477741 0.23169076442718506 581
1784236477760 0.11432018131017685 582
1784236477780 0.224248468875885 583
1784236477802 0.09347566217184067 584
1784236477822 0.2116822749376297 585
1784236477841 0.2224365770816803 586
1784236477861 0.42117220163345337 587
1784236477881 0.28594091534614563 588
1784236477902 0.11275198310613632 589
1784236477922 0.23902878165245056 590
1784236477943 0.07774575054645538 591
1784236477963 0.1529138833284378 592
1784236477982 0.2320789098739624 593
1784236478007 0.4886228144168854 594
1784236478051 0.08176541328430176 595
1784236478072 0.29242178797721863 596
1784236478091 0.5276139378547668 597
1784236478110 0.1934056133031845 598
1784236478141 0.38900285959243774 599
1784236478165 0.13852465152740479 600
1784236478185 0.4953320026397705 601
1784236478205 0.09039706736803055 602
1784236478226 0.2839065194129944 603
1784236478245 0.2365739941596985 604
1784236478265 0.37356019020080566 605
1784236478288 0.08104501664638519 606
1784236478309 0.18543197214603424 607
1784236478333 0.138711079955101 608
1784236478356 0.24667611718177795 609
1784236478377 0.53136146068573 610
1784236478399 0.13856981694698334 611
1784236478419 0.5399171113967896 612
1784236478443 0.07742545753717422 613
1784236478463 0.30622702836990356 614
1784236478483 0.1746228188276291 615
1784236478510 0.36594972014427185 616
1784236478528 0.14491741359233856 617
1784236478548 0.31261110305786133 618
1784236478574 0.17494258284568787 619
1784236478599 0.1682378202676773 620
1784236478622 0.3468257486820221 621
1784236478646 0.35125747323036194 622
1784236478669 0.18887220323085785 623
1784236478689 0.3555965721607208 624
1784236478712 0.3832146227359772 625
1784236478732 0.07558328658342361 626
1784236478753 0.07975023239850998 627
1784236478778 0.40665581822395325 628
1784236478801 0.29312458634376526 629
1784236478827 0.2919737994670868 630
1784236478847 0.1846330612897873 631
1784236478868 0.1551247239112854 632
1784236478891 0.08214551955461502 633
1784236478910 0.29688355326652527 634
1784236478928 0.2256394475698471 635
1784236478946 0.311888724565506 636
1784236479051 0.289694607257843 637
1784236479088 0.13582894206047058 638
1784236479110 0.04413856938481331 639
1784236479130 0.09231676161289215 640
1784236479153 0.35267284512519836 641
1784236479174 0.2720979154109955 642
1784236479195 0.4075744152069092 643
1784236479218 0.26866140961647034 644
1784236479241 0.10452638566493988 645
1784236479262 0.18240004777908325 646
1784236479288 0.4489215910434723 647
1784236479309 0.4184889793395996 648
1784236479329 0.22065605223178864 649
1784236479348 0.4718529284000397 650
1784236479372 0.18809106945991516 651
1784236479392 0.5199725031852722 652
1784236479410 0.25373440980911255 653
1784236479429 0.47459718585014343 654
1784236479449 0.1698838770389557 655
1784236479468 0.5484052896499634 656
1784236479485 0.2605797350406647 657
1784236479505 0.20882020890712738 658
1784236479526 0.45356786251068115 659
1784236479546 0.5931435227394104 660
1784236479569 0.12230638414621353 661
1784236479591 0.34056854248046875 662
1784236479615 0.6225831508636475 663
1784236479636 0.3554646670818329 664
1784236479655 0.10556583851575851 665
1784236479677 0.11250121146440506 666
1784236479695 0.09074006974697113 667
1784236479716 0.13582320511341095 668
1784236479735 0.3805354833602905 669
1784236479752 0.4002383351325989 670
1784236479771 0.3258253335952759 671
1784236479792 0.140777587890625 672
1784236479811 0.2089725285768509 673
1784236479829 0.3617735505104065 674
1784236479848 0.2776688039302826 675
1784236479868 0.05809790641069412 676
1784236479888 0.45471400022506714 677
1784236479905 0.06494235247373581 678
1784236479922 0.18838821351528168 679
1784236479942 0.13415926694869995 680
1784236479961 0.21794982254505157 681
1784236479983 0.17451852560043335 682
1784236480006 0.1586759090423584 683
1784236480026 0.3448333740234375 684
1784236480045 0.23152479529380798 685
1784236480066 0.41052281856536865 686
1784236480085 0.2974061369895935 687
1784236480104 0.22284790873527527 688
1784236480122 0.09800268709659576 689
1784236480142 0.29606392979621887 690
1784236480162 0.1455938220024109 691
1784236480182 0.3732607364654541 692
1784236480200 0.21966290473937988 693
1784236480219 0.14388199150562286 694
1784236480236 0.18831172585487366 695
1784236480255 0.1131078451871872 696
1784236480275 0.2123047560453415 697
1784236480293 0.245114266872406 698
1784236480310 0.3915921449661255 699
1784236480327 0.1291877180337906 700
1784236480344 0.5669577717781067 701
1784236480362 0.3927798271179199 702
1784236480379 0.36285659670829773 703
1784236480400 0.29903244972229004 704
1784236480418 0.2239697277545929 705
1784236480437 0.30216121673583984 706
1784236480452 0.18459105491638184 707
1784236480471 0.3312467634677887 708
1784236480489 0.4164939522743225 709
1784236480507 0.16619907319545746 710
1784236480525 0.1078224778175354 711
1784236480541 0.5663066506385803 712
1784236480558 0.31174808740615845 713
1784236480575 0.5689018368721008 714
1784236480593 0.3966519236564636 715
1784236480613 0.7253873348236084 716
1784236480651 0.21886807680130005 717
1784236480673 0.6672797203063965 718
1784236480691 0.06610529124736786 719
1784236480710 0.27028071880340576 720
1784236480730 0.4343723952770233 721
1784236480755 0.197328120470047 722
1784236480782 0.12011454999446869 723
1784236480808 0.42187222838401794 724
1784236480829 0.3607471287250519 725
1784236480850 0.10829366743564606 726
1784236480870 0.6121811270713806 727
1784236480889 0.9355450868606567 728
1784236480909 0.3791370093822479 729
1784236480927 0.37033066153526306 730
1784236480945 0.3895238935947418 731
1784236480966 0.49938613176345825 732
1784236480985 0.36156901717185974 733
1784236481005 0.16424240171909332 734
1784236481023 0.3388291895389557 735
1784236481041 0.23367565870285034 736
1784236481060 0.26799121499061584 737
1784236481080 0.1483251005411148 738
1784236481101 0.5079019665718079 739
1784236481215 0.45344072580337524 740
1784236481257 0.22861593961715698 741
1784236481277 0.09787976741790771 742
1784236481298 0.3634660840034485 743
1784236481316 0.16900405287742615 744
1784236481336 0.18082912266254425 745
1784236481354 0.5918943881988525 746
1784236481371 0.3248555660247803 747
1784236481388 0.15352915227413177 748
1784236481406 0.23966249823570251 749
1784236481425 0.35117289423942566 750
1784236481445 0.11991859972476959 751
1784236481465 0.17710895836353302 752
1784236481483 0.48053547739982605 753
1784236481502 0.1851828694343567 754
1784236481521 0.19736461341381073 755
1784236481541 0.32051756978034973 756
1784236481561 0.2244872748851776 757
1784236481579 0.14944949746131897 758
1784236481607 0.24981170892715454 759
1784236481634 0.3123544752597809 760
1784236481657 0.3322979509830475 761
1784236481681 0.4007658064365387 762
1784236481701 0.4668160080909729 763
1784236481721 0.32760730385780334 764
1784236481740 0.34198346734046936 765
1784236481766 0.23085740208625793 766
1784236481811 0.19986021518707275 767
1784236481838 0.3338494300842285 768
1784236481863 0.04849384352564812 769
1784236481888 0.25568798184394836 770
1784236481907 0.19773024320602417 771
1784236481928 0.3055312931537628 772
1784236481946 0.0979456901550293 773
1784236481964 0.11091030389070511 774
1784236481983 0.4200212061405182 775
1784236482003 0.1624431163072586 776
1784236482021 0.47698459029197693 777
1784236482039 0.5121135115623474 778
1784236482059 0.13962909579277039 779
1784236482078 0.30261874198913574 780
1784236482097 0.15185324847698212 781
1784236482117 0.49454283714294434 782
1784236482136 0.2559721767902374 783
1784236482155 0.14340589940547943 784
1784236482171 0.5241931676864624 785
1784236482188 0.2217796891927719 786
1784236482204 0.35560402274131775 787
1784236482220 0.15483251214027405 788
1784236482237 0.2532004415988922 789
1784236482254 0.5808115005493164 790
1784236482271 0.32810690999031067 791
1784236482289 0.6375465989112854 792
1784236482305 0.557468593120575 793
1784236482323 0.28241878747940063 794
1784236482342 0.037846487015485764 795
1784236482360 0.2766772508621216 796
1784236482380 0.13907486200332642 797
1784236482398 0.07419629395008087 798
1784236482416 0.09314008057117462 799
1784236482434 0.15385118126869202 800
1784236482454 0.38927170634269714 801
1784236482473 0.2748723328113556 802
1784236482490 0.371465265750885 803
1784236482507 0.3841285705566406 804
1784236482604 0.20009082555770874 805
1784236482640 0.45116138458251953 806
1784236482660 0.40085384249687195 807
1784236482679 0.32636040449142456 808
1784236482706 0.08358184248209 809
1784236482723 0.14630231261253357 810
1784236482741 0.2325214445590973 811
1784236482758 0.24202992022037506 812
1784236482775 0.10561719536781311 813
1784236482794 0.22127416729927063 814
1784236482814 0.3315342962741852 815
1784236482836 0.059058889746665955 816
1784236482855 0.24126365780830383 817
1784236482874 0.16476820409297943 818
1784236482891 0.1700315624475479 819
1784236482907 0.16318896412849426 820
1784236482924 0.21921306848526 821
1784236482941 0.35473692417144775 822
1784236482958 0.08606960624456406 823
1784236482975 0.27497193217277527 824
1784236482993 0.10018420219421387 825
1784236483011 0.21661944687366486 826
1784236483032 0.09277511388063431 827
1784236483054 0.10742528736591339 828
1784236483071 0.10293199121952057 829
1784236483089 0.07817284762859344 830
1784236483105 0.20339736342430115 831
1784236483122 0.24014927446842194 832
1784236483143 0.3170110285282135 833
1784236483164 0.1194709986448288 834
1784236483186 0.10768751800060272 835
1784236483208 0.10454011708498001 836
1784236483225 0.15620703995227814 837
1784236483243 0.04068867489695549 838
1784236483261 0.10814113169908524 839
1784236483281 0.2130906730890274 840
1784236483300 0.11141054332256317 841
1784236483316 0.49340930581092834 842
1784236483333 0.3270007371902466 843
1784236483350 0.2727181017398834 844
1784236483388 0.03352474048733711 845
1784236483411 0.1349269449710846 846
1784236483440 0.29337555170059204 847
1784236483459 0.1553715020418167 848
1784236483476 0.14560477435588837 849
1784236483495 0.5398090481758118 850
1784236483522 0.12121021747589111 851
1784236483544 0.5715271830558777 852
1784236483565 0.6447811126708984 853
1784236483586 0.4194847643375397 854
1784236483605 0.017773626372218132 855
1784236483623 0.10346187651157379 856
1784236483642 0.13936416804790497 857
1784236483664 0.5284151434898376 858
1784236483687 0.39946290850639343 859
1784236483707 0.09105173498392105 860
1784236483731 0.40065112709999084 861
1784236483751 0.3456253707408905 862
1784236483773 0.427354097366333 863
1784236483795 0.27661973237991333 864
1784236483817 0.28982529044151306 865
1784236483842 0.18967710435390472 866
1784236483863 0.36889588832855225 867
1784236483885 0.42643994092941284 868
1784236483908 0.4755241870880127 869
1784236483929 0.4476577639579773 870
1784236483950 0.32733774185180664 871
1784236483975 0.8145355582237244 872
1784236483995 0.19234341382980347 873
1784236484014 0.17281588912010193 874
1784236484039 0.10607854276895523 875
1784236484059 0.12655231356620789 876
1784236484086 0.15348100662231445 877
1784236484108 0.14728784561157227 878
1784236484129 0.12084192037582397 879
1784236484156 0.2484368234872818 880
1784236484175 0.4104570150375366 881
1784236484197 0.16765493154525757 882
1784236484220 0.3934667706489563 883
1784236484241 0.23125192523002625 884
1784236484261 0.5717080235481262 885
1784236484279 0.22515089809894562 886
1784236484300 0.3355967104434967 887
1784236484321 0.44384902715682983 888
1784236484348 0.5125023722648621 889
1784236484374 0.12634140253067017 890
1784236484398 0.2899065613746643 891
1784236484416 0.07696199417114258 892
1784236484435 0.2291393131017685 893
1784236484455 0.037269227206707 894
1784236484475 0.2919633388519287 895
1784236484494 0.6090440154075623 896
1784236484520 0.3062063157558441 897
1784236484543 0.25717878341674805 898
1784236484564 0.41359350085258484 899
1784236484596 0.1626523733139038 900
1784236484624 0.4457314908504486 901
1784236484652 0.20601893961429596 902
1784236484676 0.08974029123783112 903
1784236484696 0.19250841438770294 904
1784236484716 0.04894372448325157 905
1784236484833 0.33721500635147095 906
1784236484872 0.47489240765571594 907
1784236484898 0.4983808994293213 908
1784236484921 0.2506667375564575 909
1784236484946 0.18649502098560333 910
1784236484967 0.27971628308296204 911
1784236484988 0.13107004761695862 912
1784236485009 0.34862086176872253 913
1784236485030 0.2556912899017334 914
1784236485052 0.4277501702308655 915
1784236485071 0.3460894823074341 916
1784236485090 0.25265446305274963 917
1784236485109 0.2712326943874359 918
1784236485127 0.20565183460712433 919
1784236485147 0.24614585936069489 920
1784236485169 0.3189159631729126 921
1784236485189 0.13708841800689697 922
1784236485209 0.13059844076633453 923
1784236485226 0.15443994104862213 924
1784236485245 0.5390939116477966 925
1784236485264 0.2491520494222641 926
1784236485285 0.0801033154129982 927
1784236485306 0.185113325715065 928
1784236485326 0.17730681598186493 929
1784236485344 0.26953423023223877 930
1784236485364 0.13232174515724182 931
1784236485384 0.2949804663658142 932
1784236485405 0.3366853892803192 933
1784236485423 0.1293097734451294 934
1784236485442 0.1252724677324295 935
1784236485459 0.1873694211244583 936
1784236485478 0.105292908847332 937
1784236485498 0.249855175614357 938
1784236485518 0.35542625188827515 939
1784236485536 0.28903335332870483 940
1784236485556 0.043392207473516464 941
1784236485576 0.30152130126953125 942
1784236485594 0.1428707242012024 943
1784236485613 0.2267165631055832 944
1784236485634 0.27298450469970703 945
1784236485654 0.1656711995601654 946
1784236485675 0.3406869173049927 947
1784236485695 0.19419331848621368 948
1784236485712 0.20019792020320892 949
1784236485732 0.08394468575716019 950
1784236485752 0.3148549795150757 951
1784236485774 0.21387258172035217 952
1784236485796 0.20959578454494476 953
1784236485819 0.33802899718284607 954
1784236485837 0.08529576659202576 955
1784236485857 0.18624427914619446 956
1784236485876 0.27778786420822144 957
1784236485895 0.2684035301208496 958
1784236485914 0.2740921974182129 959
1784236485937 0.36272740364074707 960
1784236485957 0.14663252234458923 961
1784236485977 0.2807314395904541 962
1784236485998 0.31731316447257996 963
1784236486023 0.25823915004730225 964
1784236486046 0.12650053203105927 965
1784236486068 0.33652934432029724 966
1784236486090 0.10925634950399399 967
1784236486112 0.15905696153640747 968
1784236486132 0.09209752827882767 969
1784236486158 0.20178869366645813 970
1784236486179 0.4859720468521118 971
1784236486205 0.24118424952030182 972
1784236486224 0.11294817179441452 973
1784236486241 0.26245906949043274 974
1784236486263 0.11226843297481537 975
1784236486283 0.14283739030361176 976
1784236486305 0.24491390585899353 977
1784236486323 0.17838336527347565 978
1784236486344 0.3186841905117035 979
1784236486369 0.11152122914791107 980
1784236486390 0.28992927074432373 981
1784236486414 0.21485599875450134 982
1784236486433 0.12021687626838684 983
1784236486459 0.07015270739793777 984
1784236486485 0.7353010177612305 985
1784236486508 0.28776097297668457 986
1784236486529 0.3951716423034668 987
1784236486552 0.21864117681980133 988
1784236486575 0.22847819328308105 989
1784236486597 0.13374297320842743 990
1784236486622 0.37218743562698364 991
1784236486641 0.26129060983657837 992
1784236486662 0.3186834752559662 993
1784236486687 0.18731975555419922 994
1784236486712 0.5142766833305359 995
1784236486739 0.25266048312187195 996
1784236486852 0.061270277947187424 997
1784236486873 0.2764934003353119 998
1784236486903 0.22726522386074066 999
1784236486923 0.1483093500137329 1000
1784236486944 0.373653382062912 1001
1784236486966 0.18792271614074707 1002
1784236486993 0.11120304465293884 1003
1784236487012 0.23177702724933624 1004
1784236487035 0.07296329736709595 1005
1784236487054 0.2212471216917038 1006
1784236487075 0.22193053364753723 1007
1784236487093 0.19272030889987946 1008
1784236487116 0.1102418377995491 1009
1784236487137 0.3117811679840088 1010
1784236487155 0.09149341285228729 1011
1784236487172 0.3027704358100891 1012
1784236487194 0.35922399163246155 1013
1784236487214 0.10592827200889587 1014
1784236487239 0.25696495175361633 1015
1784236487276 0.2445351481437683 1016
1784236487294 0.17280910909175873 1017
1784236487314 0.3918260633945465 1018
1784236487334 0.07990267872810364 1019
1784236487351 0.06552861630916595 1020
1784236487370 0.2899573743343353 1021
1784236487387 0.18337106704711914 1022
1784236487408 0.17306920886039734 1023
1784236487426 0.16556644439697266 1024
1784236487450 0.2051110416650772 1025
1784236487471 0.2823353409767151 1026
1784236487493 0.12169519066810608 1027
1784236487517 0.2917899787425995 1028
1784236487537 0.23306883871555328 1029
1784236487556 0.08984525501728058 1030
1784236487577 0.2891472280025482 1031
1784236487605 0.1317964345216751 1032
1784236487633 0.17245303094387054 1033
1784236487658 0.23251543939113617 1034
1784236487682 0.09522229433059692 1035
1784236487703 0.251468300819397 1036
1784236487723 0.2771952748298645 1037
1784236487744 0.1154145747423172 1038
1784236487767 0.24611055850982666 1039
1784236487785 0.037095990031957626 1040
1784236487805 0.49398332834243774 1041
1784236487823 0.10015470534563065 1042
1784236487844 0.26576265692710876 1043
1784236487860 0.18254883587360382 1044
1784236487876 0.5446574091911316 1045
1784236487893 0.48766034841537476 1046
1784236487910 0.35016515851020813 1047
1784236487927 0.19112764298915863 1048
1784236487944 0.046599701046943665 1049
1784236487963 0.2827019691467285 1050
1784236487979 0.3234000504016876 1051
1784236487996 0.33990418910980225 1052
1784236488015 0.29148000478744507 1053
1784236488032 0.12993451952934265 1054
1784236488051 0.4540618658065796 1055
1784236488069 0.5305052995681763 1056
1784236488089 0.13784974813461304 1057
1784236488109 0.08247728645801544 1058
1784236488131 0.17851431667804718 1059
1784236488152 0.35524559020996094 1060
1784236488174 0.1465090960264206 1061
1784236488195 0.17730744183063507 1062
1784236488215 0.2657514214515686 1063
1784236488238 0.14639687538146973 1064
1784236488260 0.22427985072135925 1065
1784236488280 0.17323161661624908 1066
1784236488304 0.1542830914258957 1067
1784236488325 0.3051321804523468 1068
1784236488342 0.21497972309589386 1069
1784236488362 0.47774937748908997 1070
1784236488382 0.24203252792358398 1071
1784236488399 0.16149653494358063 1072
1784236488415 0.16409385204315186 1073
1784236488432 0.03919645771384239 1074
1784236488449 0.2435973584651947 1075
1784236488467 0.07239796221256256 1076
1784236488486 0.11681360751390457 1077
1784236488518 0.29672062397003174 1078
1784236488537 0.22058075666427612 1079
1784236488552 0.10861155390739441 1080
1784236488569 0.18968063592910767 1081
1784236488585 0.18294177949428558 1082
1784236488602 0.18325994908809662 1083
1784236488619 0.17663031816482544 1084
1784236488637 0.20331935584545135 1085
1784236488659 0.09100496768951416 1086
1784236488680 0.6095492839813232 1087
1784236488710 0.16919460892677307 1088
1784236488735 0.024404549971222878 1089
1784236488760 0.18649914860725403 1090
1784236488785 0.07443131506443024 1091
1784236488811 0.40793994069099426 1092
1784236488839 0.2692042589187622 1093
1784236488861 0.19929131865501404 1094
1784236488884 0.1603635847568512 1095
1784236488909 0.32486245036125183 1096
1784236488933 0.24559563398361206 1097
1784236488954 0.10724548995494843 1098
1784236488974 0.06462585926055908 1099
1784236488992 0.07431180775165558 1100
1784236489010 0.19353841245174408 1101
1784236489031 0.08105820417404175 1102
1784236489052 0.41038426756858826 1103
1784236489071 0.25886455178260803 1104
1784236489088 0.1354823112487793 1105
1784236489107 0.21756228804588318 1106
1784236489124 0.11161788552999496 1107
1784236489141 0.2991229295730591 1108
1784236489159 0.3887622058391571 1109
1784236489178 0.20530733466148376 1110
1784236489199 0.06700464338064194 1111
1784236489219 0.21185781061649323 1112
1784236489237 0.09270941466093063 1113
1784236489257 0.08992414176464081 1114
1784236489277 0.3693915605545044 1115
1784236489297 0.2602842450141907 1116
1784236489314 0.15864330530166626 1117
1784236489332 0.1354997158050537 1118
1784236489349 0.1763596385717392 1119
1784236489365 0.03380374610424042 1120
1784236489384 0.5054709315299988 1121
1784236489403 0.4894901216030121 1122
1784236489421 0.27529096603393555 1123
1784236489439 0.11919049173593521 1124
1784236489456 0.1652493178844452 1125
1784236489473 0.10469263792037964 1126
1784236489490 0.2653069794178009 1127
1784236489508 0.12432084232568741 1128
1784236489526 0.052162643522024155 1129
1784236489546 0.18255849182605743 1130
1784236489567 0.2112453281879425 1131
1784236489586 0.22565226256847382 1132
1784236489603 0.28677088022232056 1133
1784236489620 0.34492960572242737 1134
1784236489639 0.2650444209575653 1135
1784236489656 0.04353279992938042 1136
1784236489672 0.24447768926620483 1137
1784236489689 0.4620184898376465 1138
1784236489706 0.14382816851139069 1139
1784236489723 0.10569301247596741 1140
1784236489741 0.049168456345796585 1141
1784236489757 0.08518380671739578 1142
1784236489774 0.18056723475456238 1143
1784236489794 0.33042481541633606 1144
1784236489812 0.27233752608299255 1145
1784236489828 0.299282044172287 1146
1784236489847 0.02136436104774475 1147
1784236489865 0.1774267703294754 1148
1784236489883 0.027588332071900368 1149
1784236489901 0.12061384320259094 1150
1784236489920 0.146193265914917 1151
1784236489937 0.2189837098121643 1152
1784236489956 0.05852659419178963 1153
1784236489975 0.25922396779060364 1154
1784236489992 0.2026016265153885 1155
1784236490013 0.05083366483449936 1156
1784236490034 0.08193866163492203 1157
1784236490059 0.10351362079381943 1158
1784236490082 0.2643401622772217 1159
1784236490104 0.1742461621761322 1160
1784236490125 0.1290946751832962 1161
1784236490147 0.053648240864276886 1162
1784236490168 0.15064837038516998 1163
1784236490188 0.08243972808122635 1164
1784236490206 0.12786611914634705 1165
1784236490230 0.1264132261276245 1166
1784236490254 0.054408568888902664 1167
1784236490278 0.17702259123325348 1168
1784236490299 0.45107874274253845 1169
1784236490318 0.13261419534683228 1170
1784236490335 0.17198431491851807 1171
1784236490353 0.32219210267066956 1172
1784236490371 0.2250213623046875 1173
1784236490388 0.05655693635344505 1174
1784236490404 0.1968695968389511 1175
1784236490490 0.4302363395690918 1176
1784236490525 0.2509644329547882 1177
1784236490542 0.32762542366981506 1178
1784236490560 0.040425047278404236 1179
1784236490582 0.06644022464752197 1180
1784236490601 0.0828932672739029 1181
1784236490619 0.2387388050556183 1182
1784236490638 0.1401951014995575 1183
1784236490656 0.26229581236839294 1184
1784236490674 0.12723012268543243 1185
1784236490698 0.06376775354146957 1186
1784236490718 0.3139720559120178 1187
1784236490736 0.2183361053466797 1188
1784236490753 0.25246497988700867 1189
1784236490771 0.14579829573631287 1190
1784236490791 0.2682414650917053 1191
1784236490810 0.2791925370693207 1192
1784236490829 0.43390437960624695 1193
1784236490848 0.37159138917922974 1194
1784236490868 0.2865137755870819 1195
1784236490888 0.08627211302518845 1196
1784236490907 0.13902884721755981 1197
1784236490926 0.05228148028254509 1198
1784236490944 0.39122551679611206 1199
1784236490961 0.15643629431724548 1200
1784236490980 0.24648526310920715 1201
1784236491006 0.32759973406791687 1202
1784236491025 0.07400178164243698 1203
1784236491045 0.10427232831716537 1204
1784236491066 0.07545541226863861 1205
1784236491084 0.15435093641281128 1206
1784236491101 0.4473208487033844 1207
1784236491118 0.31786513328552246 1208
1784236491136 0.15716752409934998 1209
1784236491152 0.3568086326122284 1210
1784236491170 0.2689569890499115 1211
1784236491187 0.13811400532722473 1212
1784236491206 0.07903639227151871 1213
1784236491222 0.40243443846702576 1214
1784236491240 0.16102717816829681 1215
1784236491257 0.07556261122226715 1216
1784236491273 0.20366910099983215 1217
1784236491288 0.22204412519931793 1218
1784236491307 0.31609439849853516 1219
1784236491324 0.38004305958747864 1220
1784236491341 0.2447584867477417 1221
1784236491359 0.1742696762084961 1222
1784236491378 0.08480343967676163 1223
1784236491395 0.2808580696582794 1224
1784236491415 0.21552686393260956 1225
1784236491434 0.15341490507125854 1226
1784236491452 0.3231205642223358 1227
1784236491470 0.33698734641075134 1228
1784236491488 0.15538690984249115 1229
1784236491504 0.093173086643219 1230
1784236491521 0.19951131939888 1231
1784236491537 0.2318837195634842 1232
1784236491554 0.5198633670806885 1233
1784236491577 0.12622247636318207 1234
1784236491593 0.25298282504081726 1235
1784236491610 0.1302250325679779 1236
1784236491629 0.5410534143447876 1237
1784236491647 0.3386542499065399 1238
1784236491664 0.18702024221420288 1239
1784236491681 0.30613210797309875 1240
1784236491699 0.3426157832145691 1241
1784236491716 0.44854065775871277 1242
1784236491814 0.1427609771490097 1243
1784236491851 0.30644935369491577 1244
1784236491872 0.1653517782688141 1245
1784236491892 0.1568080484867096 1246
1784236491913 0.11883102357387543 1247
1784236491934 0.21211901307106018 1248
1784236491953 0.23078443109989166 1249
1784236491972 0.1733764261007309 1250
1784236491989 0.24084094166755676 1251
1784236492005 0.17554400861263275 1252
1784236492023 0.3308517038822174 1253
1784236492041 0.5101894736289978 1254
1784236492059 0.17281988263130188 1255
1784236492076 0.3854263722896576 1256
1784236492093 0.17444467544555664 1257
1784236492111 0.332852840423584 1258
1784236492129 0.2509816884994507 1259
1784236492148 0.29391488432884216 1260
1784236492166 0.379489541053772 1261
1784236492184 0.24591493606567383 1262
1784236492202 0.1376785933971405 1263
1784236492221 0.2080456167459488 1264
1784236492239 0.2632210850715637 1265
1784236492257 0.22685806453227997 1266
1784236492277 0.29453223943710327 1267
1784236492295 0.2976011037826538 1268
1784236492314 0.10631789267063141 1269
1784236492331 0.06283554434776306 1270
1784236492350 0.20300769805908203 1271
1784236492364 0.1578834354877472 1272
1784236492382 0.1089182049036026 1273
1784236492399 0.328214168548584 1274
1784236492416 0.08867990970611572 1275
1784236492432 0.14596010744571686 1276
1784236492450 0.13320302963256836 1277
1784236492467 0.05036303028464317 1278
1784236492484 0.15392130613327026 1279
1784236492503 0.21252045035362244 1280
1784236492520 0.14186419546604156 1281
1784236492539 0.08262211829423904 1282
1784236492555 0.2523961365222931 1283
1784236492572 0.30652865767478943 1284
1784236492592 0.164272740483284 1285
1784236492610 0.37846115231513977 1286
1784236492630 0.258688747882843 1287
1784236492650 0.296390175819397 1288
1784236492668 0.7193393707275391 1289
1784236492683 0.2910141050815582 1290
1784236492702 0.049535058438777924 1291
1784236492719 0.09460033476352692 1292
1784236492736 0.31109619140625 1293
1784236492754 0.0971696749329567 1294
1784236492772 0.25681018829345703 1295
1784236492789 0.27452296018600464 1296
1784236492808 0.14445821940898895 1297
1784236492824 0.16926346719264984 1298
1784236492842 0.23013700544834137 1299
1784236492860 0.15960969030857086 1300
1784236492879 0.08838248997926712 1301
1784236492898 0.3209010660648346 1302
1784236492918 0.28929322957992554 1303
1784236492934 0.25263720750808716 1304
1784236492953 0.03876935690641403 1305
1784236492974 0.29282066226005554 1306
1784236492996 0.11627241969108582 1307
1784236493020 0.46928808093070984 1308
1784236493042 0.2974141836166382 1309
1784236493065 0.0821673646569252 1310
1784236493085 0.11538105458021164 1311
1784236493108 0.4186396300792694 1312
1784236493131 0.13407352566719055 1313
1784236493153 0.29410770535469055 1314
1784236493177 0.3219076693058014 1315
1784236493195 0.08200773596763611 1316
1784236493224 0.2512612044811249 1317
1784236493250 0.14960426092147827 1318
1784236493271 0.17910027503967285 1319
1784236493291 0.14157702028751373 1320
1784236493315 0.21120697259902954 1321
1784236493341 0.1364607959985733 1322
1784236493366 0.22679166495800018 1323
1784236493386 0.04383771866559982 1324
1784236493407 0.06527744233608246 1325
1784236493435 0.18829433619976044 1326
1784236493457 0.06904537975788116 1327
1784236493480 0.12019244581460953 1328
1784236493503 0.3265722393989563 1329
1784236493526 0.3733116388320923 1330
1784236493548 0.24214808642864227 1331
1784236493569 0.19288811087608337 1332
1784236493591 0.1677868515253067 1333
1784236493612 0.13397371768951416 1334
1784236493634 0.24857141077518463 1335
1784236493656 0.08264905214309692 1336
1784236493675 0.047206033021211624 1337
1784236493698 0.25706401467323303 1338
1784236493717 0.49117833375930786 1339
1784236493737 0.09566523134708405 1340
1784236493755 0.23871579766273499 1341
1784236493775 0.031384240835905075 1342
1784236493796 0.22923581302165985 1343
1784236493815 0.26165807247161865 1344
1784236493838 0.25386688113212585 1345
1784236493859 0.09097171574831009 1346
1784236493878 0.10849107801914215 1347
1784236493899 0.09235916286706924 1348
1784236493918 0.09543012082576752 1349
1784236493938 0.17466169595718384 1350
1784236493961 0.0534331277012825 1351
1784236494083 0.19978727400302887 1352
1784236494100 0.23110856115818024 1353
1784236494119 0.3725901246070862 1354
1784236494148 0.17235928773880005 1355
1784236494169 0.09117421507835388 1356
1784236494186 0.25424376130104065 1357
1784236494209 0.1517113745212555 1358
1784236494235 0.18674665689468384 1359
1784236494253 0.21750807762145996 1360
1784236494272 0.3832806348800659 1361
1784236494292 0.17570799589157104 1362
1784236494313 0.39507994055747986 1363
1784236494332 0.33942335844039917 1364
1784236494355 0.08564693480730057 1365
1784236494375 0.2857908010482788 1366
1784236494398 0.5387052893638611 1367
1784236494418 0.15732441842556 1368
1784236494439 0.13713997602462769 1369
1784236494458 0.4460590183734894 1370
1784236494476 0.3129962682723999 1371
1784236494491 0.06614718586206436 1372
1784236494512 0.4045535922050476 1373
1784236494530 0.273455411195755 1374
1784236494550 0.31587910652160645 1375
1784236494573 0.27028927206993103 1376
1784236494601 0.38323795795440674 1377
1784236494623 0.15344884991645813 1378
1784236494643 0.20255708694458008 1379
1784236494661 0.1986771821975708 1380
1784236494686 0.25118061900138855 1381
1784236494710 0.2571497857570648 1382
1784236494733 0.16128186881542206 1383
1784236494756 0.46696043014526367 1384
1784236494776 0.24403853714466095 1385
1784236494795 0.13976643979549408 1386
1784236494815 0.23573759198188782 1387
1784236494837 0.06703269481658936 1388
1784236494858 0.338668555021286 1389
1784236494878 0.43911659717559814 1390
1784236494897 0.11001748591661453 1391
1784236494916 0.35880720615386963 1392
1784236494935 0.21554474532604218 1393
1784236494953 0.25710615515708923 1394
1784236494970 0.2922905683517456 1395
1784236494987 0.09827639162540436 1396
1784236495004 0.10700210928916931 1397
1784236495023 0.07906880974769592 1398
1784236495041 0.011899217963218689 1399
1784236495060 0.26004526019096375 1400
1784236495081 0.29347360134124756 1401
1784236495100 0.6507114171981812 1402
1784236495118 0.22646820545196533 1403
1784236495137 0.1439022272825241 1404
1784236495154 0.047408655285835266 1405
1784236495172 0.1662093847990036 1406
1784236495189 0.39700809121131897 1407
1784236495207 0.16093696653842926 1408
1784236495225 0.09877785295248032 1409
1784236495244 0.3600165545940399 1410
1784236495263 0.26179271936416626 1411
1784236495284 0.19307227432727814 1412
1784236495302 0.29203224182128906 1413
1784236495323 0.13254386186599731 1414
1784236495343 0.33511990308761597 1415
1784236495363 0.15476596355438232 1416
1784236495383 0.18529613316059113 1417
1784236495403 0.056025780737400055 1418
1784236495422 0.13217668235301971 1419
1784236495439 0.4139411151409149 1420
1784236495458 0.26866239309310913 1421
1784236495476 0.14990729093551636 1422
1784236495494 0.09056363999843597 1423
1784236495512 0.0865301862359047 1424
1784236495531 0.23648111522197723 1425
1784236495552 0.09901305288076401 1426
1784236495571 0.25710758566856384 1427
1784236495591 0.31180474162101746 1428
1784236495611 0.07018307596445084 1429
1784236495632 0.12229586392641068 1430
1784236495651 0.05688420683145523 1431
1784236495671 0.46353012323379517 1432
1784236495688 0.10251587629318237 1433
1784236495707 0.1471816897392273 1434
1784236495729 0.10962174832820892 1435
1784236495746 0.32354286313056946 1436
1784236495764 0.016502559185028076 1437
1784236495783 0.12179609388113022 1438
1784236495803 0.09049376845359802 1439
1784236495820 0.08900944143533707 1440
1784236495838 0.09546859562397003 1441
1784236495856 0.4367517828941345 1442
1784236495873 0.14162412285804749 1443
1784236495895 0.10463853180408478 1444
1784236495914 0.012883736751973629 1445
1784236495931 0.21613898873329163 1446
1784236495946 0.2211313396692276 1447
1784236495962 0.2019917517900467 1448
1784236495980 0.1263630986213684 1449
1784236495999 0.23166295886039734 1450
1784236496016 0.13060927391052246 1451
1784236496035 0.33294689655303955 1452
1784236496052 0.28261202573776245 1453
1784236496071 0.0789284035563469 1454
1784236496089 0.12928149104118347 1455
1784236496106 0.12344128638505936 1456
1784236496121 0.32909712195396423 1457
1784236496137 0.2467711865901947 1458
1784236496157 0.15847960114479065 1459
1784236496174 0.06711413711309433 1460
1784236496192 0.12269618362188339 1461
1784236496212 0.08669155836105347 1462
1784236496231 0.40472865104675293 1463
1784236496250 0.2063611000776291 1464
1784236496269 0.4459476172924042 1465
1784236496287 0.09411291778087616 1466
1784236496306 0.1313164383172989 1467
1784236496324 0.2990915775299072 1468
1784236496342 0.1344977766275406 1469
1784236496362 0.21045351028442383 1470
1784236496383 0.16775113344192505 1471
1784236496406 0.3567361533641815 1472
1784236496424 0.33877187967300415 1473
1784236496447 0.416570246219635 1474
1784236496471 0.15785430371761322 1475
1784236496492 0.16877354681491852 1476
1784236496528 0.047421522438526154 1477
1784236496552 0.1914294809103012 1478
1784236496572 0.2589983642101288 1479
1784236496588 0.04920051619410515 1480
1784236496609 0.2673715651035309 1481
1784236496629 0.10361335426568985 1482
1784236496652 0.19839689135551453 1483
1784236496672 0.5036342144012451 1484
1784236496691 0.34776803851127625 1485
1784236496712 0.24962401390075684 1486
1784236496735 0.21261079609394073 1487
1784236496754 0.29355254769325256 1488
1784236496774 0.255840003490448 1489
1784236496793 0.08427710086107254 1490
1784236496818 0.1406925916671753 1491
1784236496839 0.3370344936847687 1492
1784236496878 0.40081876516342163 1493
1784236496900 0.4245901107788086 1494
1784236496920 0.2181652933359146 1495
1784236496939 0.42426109313964844 1496
1784236496961 0.06893769651651382 1497
1784236496982 0.02779863402247429 1498
1784236496999 0.34119826555252075 1499
1784236497022 0.2326318323612213 1500
1784236497041 0.15025600790977478 1501
1784236497059 0.1841871589422226 1502
1784236497079 0.07476823031902313 1503
1784236497099 0.14442214369773865 1504
1784236497120 0.18255241215229034 1505
1784236497141 0.19960680603981018 1506
1784236497158 0.2743687927722931 1507
1784236497175 0.08246274292469025 1508
1784236497200 0.009329665452241898 1509
1784236497221 0.20074282586574554 1510
1784236497241 0.3651021420955658 1511
1784236497262 0.2392454892396927 1512
1784236497287 0.30174463987350464 1513
1784236497308 0.10740979015827179 1514
1784236497329 0.25659164786338806 1515
1784236497350 0.14026331901550293 1516
1784236497370 0.03647398203611374 1517
1784236497388 0.05254146456718445 1518
1784236497408 0.10501332581043243 1519
1784236497429 0.08993951231241226 1520
1784236497454 0.2727073132991791 1521
1784236497471 0.1723119467496872 1522
1784236497489 0.07864172756671906 1523
1784236497508 0.2540333867073059 1524
1784236497534 0.4407592713832855 1525
1784236497554 0.2904323935508728 1526
1784236497577 0.23246730864048004 1527
1784236497596 0.577492892742157 1528
1784236497615 0.09569966793060303 1529
1784236497633 0.24966704845428467 1530
1784236497651 0.2645140290260315 1531
1784236497672 0.37373265624046326 1532
1784236497689 0.13891132175922394 1533
1784236497708 0.18967635929584503 1534
1784236497732 0.2516556680202484 1535
1784236497750 0.09185950458049774 1536
1784236497774 0.13995662331581116 1537
1784236497800 0.15289424359798431 1538
1784236497821 0.12214089930057526 1539
1784236497846 0.06378302723169327 1540
1784236497965 0.15343821048736572 1541
1784236497983 0.1234438419342041 1542
1784236498013 0.3041521906852722 1543
1784236498036 0.12973010540008545 1544
1784236498053 0.3545338213443756 1545
1784236498073 0.028312206268310547 1546
1784236498098 0.04102196916937828 1547
1784236498118 0.33105242252349854 1548
1784236498136 0.240641787648201 1549
1784236498156 0.20634725689888 1550
1784236498175 0.16757948696613312 1551
1784236498192 0.2470969706773758 1552
1784236498209 0.17411164939403534 1553
1784236498229 0.033188264816999435 1554
1784236498249 0.21245433390140533 1555
1784236498269 0.2359897941350937 1556
1784236498291 0.1362290382385254 1557
1784236498310 0.11642209440469742 1558
1784236498329 0.3640497028827667 1559
1784236498348 0.06003361940383911 1560
1784236498368 0.12315355986356735 1561
1784236498386 0.2876403331756592 1562
1784236498405 0.15550504624843597 1563
1784236498423 0.1264294534921646 1564
1784236498442 0.1916436403989792 1565
1784236498461 0.17064842581748962 1566
1784236498480 0.13508620858192444 1567
1784236498499 0.13343465328216553 1568
1784236498519 0.24418231844902039 1569
1784236498540 0.2566888630390167 1570
1784236498559 0.042021144181489944 1571
1784236498579 0.04706352576613426 1572
1784236498598 0.1173761636018753 1573
1784236498618 0.11725810170173645 1574
1784236498638 0.144441157579422 1575
1784236498660 0.13057254254817963 1576
1784236498680 0.3393383324146271 1577
1784236498712 0.0924500823020935 1578
1784236498729 0.17939715087413788 1579
1784236498746 0.2502361238002777 1580
1784236498767 0.043662942945957184 1581
1784236498787 0.5961102247238159 1582
1784236498807 0.470935583114624 1583
1784236498826 0.1403752565383911 1584
1784236498848 0.10467231273651123 1585
1784236498868 0.18998609483242035 1586
1784236498887 0.46418309211730957 1587
1784236498907 0.24305424094200134 1588
1784236498934 0.2926044464111328 1589
1784236498961 0.16387616097927094 1590
1784236498987 0.1502927839756012 1591
1784236499009 0.06600653380155563 1592
1784236499030 0.25203457474708557 1593
1784236499051 0.1564984917640686 1594
1784236499069 0.2481553554534912 1595
1784236499090 0.08499336987733841 1596
1784236499107 0.1982545107603073 1597
1784236499126 0.2339276671409607 1598
1784236499146 0.09379822760820389 1599
1784236499166 0.22355538606643677 1600
1784236499186 0.5091886520385742 1601
1784236499206 0.2640526294708252 1602
1784236499227 0.25928744673728943 1603
1784236499247 0.2447049468755722 1604
1784236499266 0.27294009923934937 1605
1784236499284 0.26005980372428894 1606
1784236499305 0.1408798098564148 1607
1784236499325 0.17327791452407837 1608
1784236499344 0.37331002950668335 1609
1784236499366 0.5408852696418762 1610
1784236499386 0.16523541510105133 1611
1784236499406 0.19897004961967468 1612
1784236499425 0.07616083323955536 1613
1784236499463 0.31494268774986267 1614
1784236499488 0.3233097195625305 1615
1784236499506 0.5552890300750732 1616
1784236499528 0.4875147044658661 1617
1784236499549 0.10368820279836655 1618
1784236499568 0.45281022787094116 1619
1784236499586 0.13161568343639374 1620
1784236499603 0.11432022601366043 1621
1784236499622 0.17724484205245972 1622
1784236499641 0.12354707717895508 1623
1784236499659 0.05751742795109749 1624
1784236499678 0.15514697134494781 1625
1784236499695 0.3117879033088684 1626
1784236499714 0.4531926214694977 1627
1784236499732 0.4319750666618347 1628
1784236499750 0.15112434327602386 1629
1784236499768 0.23194552958011627 1630
1784236499786 0.31308943033218384 1631
1784236499806 0.08598937839269638 1632
1784236499828 0.09624198079109192 1633
1784236499848 0.2378108948469162 1634
1784236499867 0.28529858589172363 1635
1784236499885 0.1410917341709137 1636
1784236499902 0.25077563524246216 1637
1784236499921 0.19279474020004272 1638
1784236499940 0.19608598947525024 1639
1784236499959 0.033498287200927734 1640
1784236499980 0.20889241993427277 1641
1784236500000 0.11668914556503296 1642
1784236500023 0.12456278502941132 1643
1784236500044 0.2334469109773636 1644
1784236500067 0.24018494784832 1645
1784236500088 0.27010583877563477 1646
1784236500107 0.16194866597652435 1647
1784236500128 0.22464768588542938 1648
1784236500151 0.12744681537151337 1649
1784236500169 0.13109062612056732 1650
1784236500191 0.6208240389823914 1651
1784236500211 0.10794118791818619 1652
1784236500235 0.4377845823764801 1653
1784236500255 0.11724593490362167 1654
1784236500276 0.07186879962682724 1655
1784236500298 0.05416058003902435 1656
1784236500321 0.1285681128501892 1657
1784236500339 0.262736439704895 1658
1784236500359 0.034536901861429214 1659
1784236500378 0.4334658682346344 1660
1784236500397 0.16673853993415833 1661
1784236500416 0.1253567934036255 1662
1784236500437 0.3774939775466919 1663
1784236500455 0.06751257181167603 1664
1784236500477 0.08498813211917877 1665
1784236500496 0.11510702967643738 1666
1784236500515 0.23463885486125946 1667
1784236500534 0.09759187698364258 1668
1784236500552 0.12029619514942169 1669
1784236500570 0.17664802074432373 1670
1784236500590 0.1603199988603592 1671
1784236500610 0.14481863379478455 1672
1784236500629 0.08294656127691269 1673
1784236500652 0.42953190207481384 1674
1784236500669 0.17995089292526245 1675
1784236500688 0.16995972394943237 1676
1784236500706 0.06841981410980225 1677
1784236500724 0.1716655194759369 1678
1784236500744 0.15619659423828125 1679
1784236500766 0.18770870566368103 1680
1784236500786 0.06299733370542526 1681
1784236500806 0.1990140974521637 1682
1784236500827 0.3148297667503357 1683
1784236500846 0.1269988864660263 1684
1784236500867 0.0742073804140091 1685
1784236500886 0.059141457080841064 1686
1784236500904 0.1690165400505066 1687
1784236500922 0.04115142673254013 1688
1784236500943 0.19199763238430023 1689
1784236500965 0.22783853113651276 1690
1784236500985 0.2441556453704834 1691
1784236501007 0.22135186195373535 1692
1784236501024 0.13262175023555756 1693
1784236501042 0.1866830289363861 1694
1784236501061 0.15568684041500092 1695
1784236501079 0.03386687859892845 1696
1784236501099 0.36446064710617065 1697
1784236501118 0.30660152435302734 1698
1784236501135 0.18617255985736847 1699
1784236501152 0.061579909175634384 1700
1784236501171 0.19029222428798676 1701
1784236501190 0.2590961456298828 1702
1784236501206 0.32409337162971497 1703
1784236501226 0.10680883377790451 1704
1784236501246 0.2157067507505417 1705
1784236501266 0.011005490086972713 1706
1784236501284 0.3660830855369568 1707
1784236501389 0.12174708396196365 1708
1784236501423 0.12745025753974915 1709
1784236501440 0.13680782914161682 1710
1784236501456 0.09046639502048492 1711
1784236501475 0.104793019592762 1712
1784236501503 0.3199925422668457 1713
1784236501522 0.29278087615966797 1714
1784236501546 0.44341805577278137 1715
1784236501567 0.04098350927233696 1716
1784236501591 0.10539913922548294 1717
1784236501613 0.3216906487941742 1718
1784236501631 0.21356116235256195 1719
1784236501654 0.07493985444307327 1720
1784236501677 0.24675245583057404 1721
1784236501699 0.29048851132392883 1722
1784236501722 0.18798117339611053 1723
1784236501741 0.13945674896240234 1724
1784236501761 0.05872812867164612 1725
1784236501783 0.13033078610897064 1726
1784236501802 0.2199568748474121 1727
1784236501833 0.11613736301660538 1728
1784236501855 0.4115869104862213 1729
1784236501881 0.3496311902999878 1730
1784236501903 0.1257854849100113 1731
1784236501924 0.60600745677948 1732
1784236501951 0.07937043905258179 1733
1784236501973 0.3813551962375641 1734
1784236501993 0.11153613775968552 1735
1784236502014 0.2099616676568985 1736
1784236502042 0.17557977139949799 1737
1784236502064 0.2081003189086914 1738
1784236502084 0.24771274626255035 1739
1784236502108 0.2155207395553589 1740
1784236502129 0.2660585641860962 1741
1784236502153 0.3288050889968872 1742
1784236502175 0.07365559786558151 1743
1784236502198 0.11222297698259354 1744
1784236502220 0.08086607605218887 1745
1784236502245 0.06237266957759857 1746
1784236502267 0.09616466611623764 1747
1784236502293 0.5377803444862366 1748
1784236502315 0.06983830779790878 1749
1784236502336 0.2935558557510376 1750
1784236502356 0.14208203554153442 1751
1784236502380 0.09507115930318832 1752
1784236502403 0.2041633427143097 1753
1784236502426 0.08439579606056213 1754
1784236502449 0.12374111264944077 1755
1784236502470 0.13782469928264618 1756
1784236502493 0.08295737951993942 1757
1784236502522 0.13238945603370667 1758
1784236502547 0.06756976991891861 1759
1784236502570 0.13095340132713318 1760
1784236502592 0.15844975411891937 1761
1784236502619 0.2998349070549011 1762
1784236502643 0.298761785030365 1763
1784236502663 0.2156263142824173 1764
1784236502685 0.04432140663266182 1765
1784236502704 0.19645988941192627 1766
1784236502729 0.2756367623806 1767
1784236502750 0.0718112364411354 1768
1784236502772 0.3972424566745758 1769
1784236502797 0.3237669765949249 1770
1784236502820 0.15582223236560822 1771
1784236502842 0.11561001092195511 1772
1784236502860 0.1526579111814499 1773
1784236502887 0.11071836203336716 1774
1784236502906 0.037317708134651184 1775
1784236502929 0.4083559513092041 1776
1784236502947 0.24457652866840363 1777
1784236502970 0.427081823348999 1778
1784236502989 0.19379140436649323 1779
1784236503010 0.255525141954422 1780
1784236503032 0.1466483622789383 1781
1784236503053 0.3546784520149231 1782
1784236503076 0.2003229856491089 1783
1784236503099 0.2474222481250763 1784
1784236503122 0.09934868663549423 1785
1784236503143 0.188227117061615 1786
1784236503166 0.09685715287923813 1787
1784236503188 0.12725763022899628 1788
1784236503208 0.06760939210653305 1789
1784236503231 0.2038545459508896 1790
1784236503253 0.020410966128110886 1791
1784236503277 0.25179368257522583 1792
1784236503300 0.743655800819397 1793
1784236503322 0.20900645852088928 1794
1784236503341 0.16880835592746735 1795
1784236503367 0.278109073638916 1796
1784236503387 0.05131477862596512 1797
1784236503411 0.21940426528453827 1798
1784236503431 0.0983692929148674 1799
1784236503449 0.09232328832149506 1800
1784236503472 0.20903867483139038 1801
1784236503498 0.31621599197387695 1802
1784236503519 0.17931199073791504 1803
1784236503540 0.19925549626350403 1804
1784236503559 0.058673109859228134 1805
1784236503584 0.38060784339904785 1806
1784236503606 0.04542450234293938 1807
1784236503628 0.28211644291877747 1808
1784236503728 0.05374203622341156 1809
1784236503754 0.25134533643722534 1810
1784236503788 0.2589729130268097 1811
1784236503806 0.2043302357196808 1812
1784236503826 0.14136430621147156 1813
1784236503849 0.030637841671705246 1814
1784236503870 0.20530474185943604 1815
1784236503888 0.07528020441532135 1816
1784236503914 0.19131425023078918 1817
1784236503937 0.5726015567779541 1818
1784236503956 0.06763120740652084 1819
1784236503975 0.09745960682630539 1820
1784236503993 0.11632844805717468 1821
1784236504019 0.12821291387081146 1822
1784236504065 0.031846389174461365 1823
1784236504087 0.16927853226661682 1824
1784236504107 0.294216513633728 1825
1784236504129 0.06188324838876724 1826
1784236504149 0.12648622691631317 1827
1784236504169 0.18563055992126465 1828
1784236504192 0.14499516785144806 1829
1784236504215 0.18937431275844574 1830
1784236504238 0.09580988436937332 1831
1784236504266 0.0531952828168869 1832
1784236504288 0.0857529416680336 1833
1784236504311 0.1515449583530426 1834
1784236504331 0.2671022117137909 1835
1784236504357 0.11950977146625519 1836
1784236504392 0.2439628392457962 1837
1784236504423 0.09051572531461716 1838
1784236504477 0.14556069672107697 1839
1784236504505 0.09857217222452164 1840
1784236504530 0.49720099568367004 1841
1784236504556 0.34271544218063354 1842
1784236504582 0.2588261663913727 1843
1784236504600 0.09014783799648285 1844
1784236504619 0.045063555240631104 1845
1784236504642 0.1135016605257988 1846
1784236504663 0.13134688138961792 1847
1784236504687 0.46682649850845337 1848
1784236504711 0.2626411020755768 1849
1784236504744 0.12271252274513245 1850
1784236504768 0.01925615966320038 1851
1784236504793 0.12349433451890945 1852
1784236504824 0.46266278624534607 1853
1784236504844 0.07143265753984451 1854
1784236504867 0.21427781879901886 1855
1784236504886 0.16685500741004944 1856
1784236504903 0.06117378920316696 1857
1784236504922 0.4033915102481842 1858
1784236504940 0.25638920068740845 1859
1784236504957 0.20760901272296906 1860
1784236504975 0.14234378933906555 1861
1784236504994 0.11401878297328949 1862
1784236505013 0.09574007242918015 1863
1784236505033 0.1771678328514099 1864
1784236505052 0.1771920770406723 1865
1784236505071 0.033322181552648544 1866
1784236505089 0.037530675530433655 1867
1784236505111 0.19197334349155426 1868
1784236505133 0.11162447184324265 1869
1784236505155 0.19471119344234467 1870
1784236505173 0.030704393982887268 1871
1784236505191 0.07174672931432724 1872
1784236505215 0.2395230531692505 1873
1784236505234 0.04299427941441536 1874
1784236506750 0.036505959928035736 1875
1784236506773 0.07839567214250565 1876
1784236506795 0.22411584854125977 1877
1784236506817 0.12169497460126877 1878
1784236506835 0.19191937148571014 1879
1784236506851 0.07897670567035675 1880
1784236506867 0.11222079396247864 1881
1784236506884 0.28437408804893494 1882
1784236506902 0.039700206369161606 1883
1784236506921 0.13624531030654907 1884
1784236506939 0.09195763617753983 1885
1784236506957 0.061100974678993225 1886
1784236506972 0.342938095331192 1887
1784236506990 0.08985166996717453 1888
1784236507007 0.10716090351343155 1889
1784236507024 0.07318677008152008 1890
1784236507044 0.12831895053386688 1891
1784236507066 0.1240328699350357 1892
1784236507088 0.3495279848575592 1893
1784236507109 0.42499202489852905 1894
1784236507131 0.25580114126205444 1895
1784236507154 0.20120272040367126 1896
1784236507181 0.3097578287124634 1897
1784236507200 0.20114757120609283 1898
1784236507216 0.09043461084365845 1899
1784236507232 0.20456138253211975 1900
1784236507247 0.17190584540367126 1901
1784236507262 0.07685213536024094 1902
1784236507281 0.2281152904033661 1903
1784236507299 0.12727874517440796 1904
1784236507316 0.0917537659406662 1905
1784236507334 0.03537553921341896 1906
1784236507350 0.13363662362098694 1907
1784236507369 0.021889688447117805 1908
1784236507386 0.09608674794435501 1909
1784236507404 0.2773621380329132 1910
1784236507423 0.11028305441141129 1911
1784236507441 0.06525085866451263 1912
1784236507459 0.0476561076939106 1913
1784236507478 0.11905498802661896 1914
1784236507495 0.069828100502491 1915
1784236507513 0.7025445699691772 1916
1784236507531 0.08789487183094025 1917
1784236507548 0.1871207356452942 1918
1784236507565 0.20669347047805786 1919
1784236507582 0.03248318284749985 1920
1784236507599 0.09306274354457855 1921
1784236507619 0.21858760714530945 1922
1784236507636 0.036671243607997894 1923
1784236507653 0.06462384015321732 1924
1784236507670 0.16358821094036102 1925
1784236507686 0.3488224148750305 1926
1784236507703 0.2745872437953949 1927
1784236507722 0.11484064906835556 1928
1784236507739 0.2077205628156662 1929
1784236507756 0.01950790546834469 1930
1784236507773 0.02249939925968647 1931
1784236507791 0.18671497702598572 1932
1784236507813 0.16274268925189972 1933
1784236507830 0.05748758465051651 1934
1784236507847 0.04783402383327484 1935
1784236507863 0.14809134602546692 1936
1784236507879 0.10543078184127808 1937
1784236507895 0.11083557456731796 1938
1784236507912 0.13173609972000122 1939
1784236507930 0.10094834119081497 1940
1784236507947 0.11234530806541443 1941
1784236507964 0.36935698986053467 1942
1784236507979 0.04876846820116043 1943
1784236507997 0.011527822352945805 1944
1784236508013 0.0683526024222374 1945
1784236508031 0.0758303701877594 1946
1784236508046 0.05626872926950455 1947
1784236508063 0.04177454113960266 1948
1784236508079 0.336990088224411 1949
1784236508097 0.05050263926386833 1950
1784236508115 0.08714240044355392 1951
1784236508133 0.08384108543395996 1952
1784236508151 0.3400171399116516 1953
1784236508168 0.09166567772626877 1954
1784236508185 0.3469415605068207 1955
1784236508201 0.151256263256073 1956
1784236508217 0.30913540720939636 1957
1784236508234 0.1085546538233757 1958
1784236508252 0.08068656921386719 1959
1784236508357 0.20240885019302368 1960
1784236508381 0.03171931207180023 1961
1784236508412 0.2974207103252411 1962
1784236508433 0.27107083797454834 1963
1784236508451 0.026041338220238686 1964
1784236508471 0.3589622974395752 1965
1784236508495 0.0461113303899765 1966
1784236508518 0.20645971596240997 1967
1784236508535 0.06150611490011215 1968
1784236508557 0.059013161808252335 1969
1784236508575 0.07776963710784912 1970
1784236508598 0.0982569232583046 1971
1784236508617 0.20860543847084045 1972
1784236508637 0.11698848754167557 1973
1784236508655 0.556052565574646 1974
1784236508676 0.08878353238105774 1975
1784236508696 0.08678005635738373 1976
1784236508713 0.1288793534040451 1977
1784236508733 0.5593845248222351 1978
1784236508768 0.14151708781719208 1979
1784236508788 0.1530962586402893 1980
1784236508808 0.13578245043754578 1981
1784236508825 0.141281396150589 1982
1784236508845 0.10557637363672256 1983
1784236508866 0.1268414705991745 1984
1784236508885 0.047886960208415985 1985
1784236508905 0.2896786332130432 1986
1784236508925 0.09767621755599976 1987
1784236508942 0.033963363617658615 1988
1784236508958 0.19192305207252502 1989
1784236508975 0.2060731202363968 1990
1784236508991 0.1401875913143158 1991
1784236509010 0.24588370323181152 1992
1784236509028 0.03767786920070648 1993
1784236509047 0.36794573068618774 1994
1784236509062 0.09152548760175705 1995
1784236509081 0.043477289378643036 1996
1784236509100 0.09214974194765091 1997
1784236509118 0.3140127956867218 1998
1784236509136 0.26457270979881287 1999
1784236509155 0.06034759059548378 2000
1784236509174 0.15452761948108673 2001
1784236509193 0.14886796474456787 2002
1784236509211 0.3606742322444916 2003
1784236509232 0.3198322653770447 2004
1784236509248 0.16960391402244568 2005
1784236509267 0.0513407364487648 2006
1784236509284 0.1798364669084549 2007
1784236509301 0.13279028236865997 2008
1784236509322 0.21578632295131683 2009
1784236509343 0.038120318204164505 2010
1784236509366 0.21905578672885895 2011
1784236509384 0.13577502965927124 2012
1784236509405 0.11232385039329529 2013
1784236509426 0.15321360528469086 2014
1784236509446 0.15399715304374695 2015
1784236509467 0.04495212808251381 2016
1784236509483 0.14355140924453735 2017
1784236509500 0.2001943290233612 2018
1784236509517 0.29074475169181824 2019
1784236509535 0.16771060228347778 2020
1784236509555 0.2542032301425934 2021
1784236509574 0.17528289556503296 2022
1784236509592 0.3390476107597351 2023
1784236509678 0.10911934822797775 2024
1784236509710 0.4059302806854248 2025
1784236509729 0.07515356689691544 2026
1784236509751 0.19737575948238373 2027
1784236509774 0.1292017549276352 2028
1784236509795 0.0914415717124939 2029
1784236509816 0.03359757363796234 2030
1784236509835 0.028973989188671112 2031
1784236509852 0.1174326092004776 2032
1784236509868 0.07525859028100967 2033
1784236509885 0.23253384232521057 2034
1784236509904 0.020907342433929443 2035
1784236509921 0.050251591950654984 2036
1784236509939 0.05999431386590004 2037
1784236509954 0.03573914244771004 2038
1784236509975 0.40631622076034546 2039
1784236509995 0.09724906831979752 2040
1784236510012 0.14883820712566376 2041
1784236510028 0.1143798902630806 2042
1784236510043 0.3142533004283905 2043
1784236510062 0.3150317072868347 2044
1784236510080 0.07804352790117264 2045
1784236510097 0.24215176701545715 2046
1784236510114 0.5386286377906799 2047
1784236510131 0.10614985972642899 2048
1784236510148 0.11544977128505707 2049
1784236510166 0.0474802702665329 2050
1784236510183 0.28593406081199646 2051
1784236510200 0.08953526616096497 2052
1784236510217 0.17269225418567657 2053
1784236510235 0.046492960304021835 2054
1784236510252 0.2888006269931793 2055
1784236510269 0.35984423756599426 2056
1784236510287 0.09827728569507599 2057
1784236510305 0.133999764919281 2058
1784236510326 0.2158166617155075 2059
1784236510345 0.3065091073513031 2060
1784236510364 0.18562692403793335 2061
1784236510385 0.1781279742717743 2062
1784236510406 0.1977531760931015 2063
1784236510427 0.12914243340492249 2064
1784236510446 0.2923322916030884 2065
1784236510465 0.1974067986011505 2066
1784236510484 0.027591116726398468 2067
1784236510505 0.11865298449993134 2068
1784236510526 0.17122584581375122 2069
1784236510547 0.29379042983055115 2070
1784236510564 0.24031466245651245 2071
1784236510583 0.04908246174454689 2072
1784236510601 0.17997248470783234 2073
1784236510620 0.026494640856981277 2074
1784236510639 0.35210636258125305 2075
1784236510657 0.14827702939510345 2076
1784236510674 0.15258684754371643 2077
1784236510694 0.06488925218582153 2078
1784236510712 0.4132815897464752 2079
1784236510732 0.1482967585325241 2080
1784236510751 0.0737246572971344 2081
1784236510769 0.030657101422548294 2082
1784236510788 0.08591098338365555 2083
1784236510806 0.1731559932231903 2084
1784236510823 0.07221318036317825 2085
1784236510841 0.34086868166923523 2086
1784236510858 0.043090805411338806 2087
1784236510879 0.23447397351264954 2088
1784236510895 0.14116054773330688 2089
1784236510913 0.0957699790596962 2090
1784236511000 0.06821117550134659 2091
1784236511033 0.07661513239145279 2092
1784236511051 0.1475582867860794 2093
1784236511070 0.14851798117160797 2094
1784236511089 0.10247574746608734 2095
1784236511106 0.0772663876414299 2096
1784236511123 0.28145265579223633 2097
1784236511139 0.3129855990409851 2098
1784236511156 0.32988372445106506 2099
1784236511174 0.24380159378051758 2100
1784236511191 0.04181007295846939 2101
1784236511209 0.07397603988647461 2102
1784236511226 0.08912288397550583 2103
1784236511242 0.06695949286222458 2104
1784236511260 0.23118740320205688 2105
1784236511280 0.15579748153686523 2106
1784236511298 0.2524731755256653 2107
1784236511316 0.25385987758636475 2108
1784236511333 0.32364729046821594 2109
1784236511349 0.07895293086767197 2110
1784236511365 0.03121323138475418 2111
1784236511381 0.23410773277282715 2112
1784236511398 0.10967966914176941 2113
1784236511415 0.053603045642375946 2114
1784236511433 0.18220193684101105 2115
1784236511450 0.12088536471128464 2116
1784236511467 0.16330532729625702 2117
1784236511485 0.06752888858318329 2118
1784236511502 0.048720598220825195 2119
1784236511520 0.08672129362821579 2120
1784236511537 0.08993902057409286 2121
1784236511555 0.06216387450695038 2122
1784236511575 0.10603130608797073 2123
1784236511596 0.02489664778113365 2124
1784236511618 0.2119588851928711 2125
1784236511637 0.19921395182609558 2126
1784236511658 0.17541876435279846 2127
1784236511678 0.25604841113090515 2128
1784236511699 0.17312438786029816 2129
1784236511716 0.10498395562171936 2130
1784236511732 0.11638398468494415 2131
1784236511749 0.03265015408396721 2132
1784236511765 0.06039884686470032 2133
1784236511782 0.48404181003570557 2134
1784236511802 0.051711246371269226 2135
1784236511822 0.26945871114730835 2136
1784236511847 0.012747998349368572 2137
1784236511867 0.14624063670635223 2138
1784236511883 0.04276227205991745 2139
1784236511902 0.015435642562806606 2140
1784236511919 0.17439396679401398 2141
1784236511937 0.09264834970235825 2142
1784236511955 0.2926452159881592 2143
1784236511973 0.033027276396751404 2144
1784236511993 0.1071067675948143 2145
1784236512015 0.09732700139284134 2146
1784236512033 0.02768954448401928 2147
1784236512050 0.1222064420580864 2148
1784236512067 0.09246836602687836 2149
1784236512084 0.05967610701918602 2150
1784236512102 0.10429124534130096 2151
1784236512119 0.22286692261695862 2152
1784236512143 0.20831352472305298 2153
1784236512162 0.20263205468654633 2154
1784236512180 0.06693077832460403 2155
1784236512199 0.1987069994211197 2156
1784236512217 0.1608903408050537 2157
1784236512235 0.11920883506536484 2158
1784236512254 0.07275642454624176 2159
1784236512277 0.41546711325645447 2160
1784236512298 0.22814300656318665 2161
1784236512317 0.20452691614627838 2162
1784236512335 0.10424153506755829 2163
1784236512354 0.18770313262939453 2164
1784236512374 0.061166130006313324 2165
1784236512394 0.23980726301670074 2166
1784236512412 0.05227600410580635 2167
1784236512429 0.12260172516107559 2168
1784236512447 0.34145402908325195 2169
1784236512466 0.11652099341154099 2170
1784236512482 0.12398747354745865 2171
1784236512500 0.07327312976121902 2172
1784236512518 0.2881399393081665 2173
1784236512537 0.043868690729141235 2174
1784236512555 0.27005985379219055 2175
1784236512574 0.18382114171981812 2176
1784236512593 0.2923274636268616 2177
1784236512613 0.17609882354736328 2178
1784236512630 0.21209150552749634 2179
1784236512649 0.16864894330501556 2180
1784236512666 0.4920457899570465 2181
1784236512681 0.1809457689523697 2182
1784236512697 0.06030329689383507 2183
1784236512714 0.18583276867866516 2184
1784236512732 0.2813393473625183 2185
1784236512748 0.14845061302185059 2186
1784236512835 0.009400194510817528 2187
1784236512858 0.20577381551265717 2188
1784236512880 0.10062448680400848 2189
1784236512904 0.16899967193603516 2190
1784236512925 0.06402140110731125 2191
1784236512944 0.3149154484272003 2192
1784236512963 0.09888650476932526 2193
1784236512981 0.16123129427433014 2194
1784236512998 0.02640334703028202 2195
1784236513014 0.1676340401172638 2196
1784236513030 0.2521548867225647 2197
1784236513056 0.08598301559686661 2198
1784236513077 0.1260707825422287 2199
1784236513094 0.10775355994701385 2200
1784236513112 0.10457369685173035 2201
1784236513129 0.33142828941345215 2202
1784236513148 0.19709539413452148 2203
1784236513171 0.06429589539766312 2204
1784236513192 0.0237184539437294 2205
1784236513215 0.15931805968284607 2206
1784236513236 0.1107230857014656 2207
1784236513258 0.15517134964466095 2208
1784236513279 0.042791951447725296 2209
1784236513301 0.2530117630958557 2210
1784236513324 0.11762063205242157 2211
1784236513345 0.13560031354427338 2212
1784236513365 0.05923331901431084 2213
1784236513382 0.027968553826212883 2214
1784236513398 0.09592539072036743 2215
1784236513415 0.033618465065956116 2216
1784236513433 0.08079499751329422 2217
1784236513450 0.19307079911231995 2218
1784236513468 0.14288346469402313 2219
1784236513484 0.09897339344024658 2220
1784236513502 0.498635470867157 2221
1784236513520 0.02505265735089779 2222
1784236513536 0.15623758733272552 2223
1784236513552 0.09981659054756165 2224
1784236513570 0.4956957995891571 2225
1784236513588 0.22213144600391388 2226
1784236513604 0.1340217888355255 2227
1784236513622 0.06733885407447815 2228
1784236513639 0.23733389377593994 2229
1784236513655 0.18721018731594086 2230
1784236513672 0.21852724254131317 2231
1784236513690 0.09858646988868713 2232
1784236513708 0.09941381216049194 2233
1784236513725 0.19749781489372253 2234
1784236513742 0.03884967416524887 2235
1784236513759 0.09685763716697693 2236
1784236513780 0.1492484211921692 2237
1784236513798 0.12743748724460602 2238
1784236513815 0.06471902132034302 2239
1784236513836 0.22068414092063904 2240
1784236513859 0.48398423194885254 2241
1784236513878 0.4285021424293518 2242
1784236513899 0.02406356669962406 2243
1784236513917 0.24874132871627808 2244
1784236513936 0.05051859840750694 2245
1784236513953 0.12489987164735794 2246
1784236513969 0.10487005859613419 2247
1784236513988 0.12723569571971893 2248
1784236514008 0.20956236124038696 2249
1784236514027 0.03332482650876045 2250
1784236514049 0.0727151557803154 2251
1784236514066 0.13878391683101654 2252
1784236514153 0.27365177869796753 2253
1784236514185 0.0982959121465683 2254
1784236514205 0.03421783819794655 2255
1784236514222 0.10399983078241348 2256
1784236514241 0.15948985517024994 2257
1784236514260 0.07440478354692459 2258
1784236514278 0.047492630779743195 2259
1784236514299 0.11000774055719376 2260
1784236514315 0.028256073594093323 2261
1784236514332 0.292393296957016 2262
1784236514347 0.27789032459259033 2263
1784236514364 0.1361241489648819 2264
1784236514380 0.10079316794872284 2265
1784236514397 0.1618329882621765 2266
1784236514414 0.21996256709098816 2267
1784236514430 0.082146055996418 2268
1784236514446 0.16568349301815033 2269
1784236514463 0.2700447738170624 2270
1784236514480 0.03742412477731705 2271
1784236514497 0.0693371444940567 2272
1784236514515 0.1875186562538147 2273
1784236514532 0.16553173959255219 2274
1784236514549 0.14691796898841858 2275
1784236514566 0.03946572169661522 2276
1784236514582 0.1698431670665741 2277
1784236514599 0.22268128395080566 2278
1784236514618 0.3979206681251526 2279
1784236514635 0.19256824254989624 2280
1784236514653 0.22126568853855133 2281
1784236514669 0.010142713785171509 2282
1784236514686 0.10176388919353485 2283
1784236514704 0.04421328753232956 2284
1784236514721 0.03610723093152046 2285
1784236514740 0.3550163209438324 2286
1784236514757 0.1617324948310852 2287
1784236514775 0.034431591629981995 2288
1784236514794 0.04766763374209404 2289
1784236514813 0.08412764221429825 2290
1784236514831 0.13865447044372559 2291
1784236514850 0.043501488864421844 2292
1784236514866 0.03672270476818085 2293
1784236514883 0.09390395879745483 2294
1784236514900 0.12113258987665176 2295
1784236514918 0.3908405900001526 2296
1784236514942 0.010968283750116825 2297
1784236514958 0.07447033375501633 2298
1784236514975 0.05728033185005188 2299
1784236514994 0.06900830566883087 2300
1784236515011 0.015930546447634697 2301
1784236515028 0.16959336400032043 2302
1784236515046 0.12695465981960297 2303
1784236515064 0.13264712691307068 2304
1784236515081 0.46891096234321594 2305
1784236515096 0.20110464096069336 2306
1784236515114 0.0308453980833292 2307
1784236515131 0.07605601102113724 2308
1784236515148 0.17274107038974762 2309
1784236515166 0.1553465873003006 2310
1784236515183 0.3089863061904907 2311
1784236515200 0.10433035343885422 2312
1784236515219 0.025075877085328102 2313
1784236515236 0.06006213277578354 2314
1784236515254 0.20071366429328918 2315
1784236515274 0.26190000772476196 2316
1784236515294 0.12210776656866074 2317
1784236515312 0.19777531921863556 2318
1784236515407 0.37722137570381165 2319
1784236515441 0.08572573959827423 2320
1784236515463 0.17762331664562225 2321
1784236515483 0.12572360038757324 2322
1784236515501 0.021651295945048332 2323
1784236515521 0.030545998364686966 2324
1784236515536 0.07305324822664261 2325
1784236515554 0.0719483345746994 2326
1784236515572 0.16226047277450562 2327
1784236515590 0.027335070073604584 2328
1784236515606 0.09997978806495667 2329
1784236515622 0.020817624405026436 2330
1784236515638 0.37212732434272766 2331
1784236515656 0.203219473361969 2332
1784236515671 0.045468322932720184 2333
1784236515688 0.23288682103157043 2334
1784236515708 0.1799817830324173 2335
1784236515727 0.09270220249891281 2336
1784236515746 0.1779058575630188 2337
1784236515762 0.1339363008737564 2338
1784236515780 0.08557640016078949 2339
1784236515797 0.0772818922996521 2340
1784236515817 0.2049691081047058 2341
1784236515835 0.06817837804555893 2342
1784236515851 0.3505757451057434 2343
1784236515869 0.12583473324775696 2344
1784236515885 0.26143068075180054 2345
1784236515903 0.2518487572669983 2346
1784236515920 0.08861847221851349 2347
1784236515939 0.07856155186891556 2348
1784236515957 0.03336961567401886 2349
1784236515975 0.16358526051044464 2350
1784236515992 0.1982049196958542 2351
1784236516010 0.3013582229614258 2352
1784236516028 0.0978035032749176 2353
1784236516047 0.018344229087233543 2354
1784236516066 0.25283297896385193 2355
1784236516085 0.05796501785516739 2356
1784236516107 0.13108950853347778 2357
1784236516126 0.27825507521629333 2358
1784236516148 0.22192253172397614 2359
1784236516166 0.17239175736904144 2360
1784236516184 0.17143316566944122 2361
1784236516201 0.2705408036708832 2362
1784236516218 0.16497020423412323 2363
1784236516236 0.06325569748878479 2364
1784236516254 0.11162491887807846 2365
1784236516272 0.07395509630441666 2366
1784236516290 0.068226657807827 2367
1784236516308 0.15794874727725983 2368
1784236516326 0.2886955142021179 2369
1784236516342 0.20291467010974884 2370
1784236516360 0.017121288925409317 2371
1784236516377 0.26351824402809143 2372
1784236516393 0.02434515580534935 2373
1784236516408 0.1065552681684494 2374
1784236516425 0.12192035466432571 2375
1784236516442 0.22933362424373627 2376
1784236516460 0.40512749552726746 2377
1784236516479 0.24476666748523712 2378
1784236516497 0.1439688801765442 2379
1784236516513 0.16018304228782654 2380
1784236516528 0.1467777043581009 2381
1784236516546 0.08869495242834091 2382
1784236516561 0.06311384588479996 2383
1784236516575 0.1375003606081009 2384
1784236516591 0.06457512080669403 2385
1784236516683 0.3694867491722107 2386
1784236516719 0.1328546553850174 2387
1784236516737 0.17730407416820526 2388
1784236516758 0.31292974948883057 2389
1784236516777 0.013716144487261772 2390
1784236516797 0.24819454550743103 2391
1784236516814 0.1338362842798233 2392
1784236516832 0.13165509700775146 2393
1784236516851 0.14389550685882568 2394
1784236516869 0.14042477309703827 2395
1784236516886 0.22553211450576782 2396
1784236516904 0.3759770691394806 2397
1784236516923 0.5714254379272461 2398
1784236516939 0.26984703540802 2399
1784236516955 0.09413661062717438 2400
1784236516975 0.12086521089076996 2401
1784236516991 0.10203786939382553 2402
1784236517009 0.3916378617286682 2403
1784236517025 0.10758906602859497 2404
1784236517042 0.06434348970651627 2405
1784236517060 0.17050033807754517 2406
1784236517076 0.12205589562654495 2407
1784236517094 0.07122046500444412 2408
1784236517110 0.16564986109733582 2409
1784236517127 0.06831938028335571 2410
1784236517144 0.05407946929335594 2411
1784236517160 0.16834093630313873 2412
1784236517177 0.10242066532373428 2413
1784236517194 0.14193864166736603 2414
1784236517213 0.05630698427557945 2415
1784236517229 0.1250930279493332 2416
1784236517247 0.27605152130126953 2417
1784236517264 0.26066282391548157 2418
1784236517280 0.10922299325466156 2419
1784236517298 0.05341150984168053 2420
1784236517314 0.08238991349935532 2421
1784236517332 0.21247825026512146 2422
1784236517348 0.12662747502326965 2423
1784236517364 0.10304958373308182 2424
1784236517381 0.07716276496648788 2425
1784236517396 0.1394204944372177 2426
1784236517412 0.06114666163921356 2427
1784236517429 0.33019325137138367 2428
1784236517448 0.08818351477384567 2429
1784236517465 0.20013688504695892 2430
1784236517483 0.14884495735168457 2431
1784236517499 0.18032385408878326 2432
1784236517516 0.02466255985200405 2433
1784236517533 0.08178216964006424 2434
1784236517550 0.0748734325170517 2435
1784236517566 0.04933372512459755 2436
1784236517582 0.02016749605536461 2437
1784236517598 0.3382777273654938 2438
1784236517615 0.07390565425157547 2439
1784236517630 0.18687014281749725 2440
1784236517647 0.09855181723833084 2441
1784236517664 0.12065187841653824 2442
1784236517682 0.4646253287792206 2443
1784236517701 0.01572529412806034 2444
1784236517718 0.029120173305273056 2445
1784236517736 0.15204238891601562 2446
1784236517757 0.1824786216020584 2447
1784236517775 0.031544968485832214 2448
1784236517794 0.032140783965587616 2449
1784236517812 0.07183180004358292 2450
1784236517829 0.12209442257881165 2451
1784236517919 0.024378366768360138 2452
1784236517950 0.23781226575374603 2453
1784236517969 0.13004012405872345 2454
1784236517988 0.18129116296768188 2455
1784236518010 0.10240250825881958 2456
1784236518027 0.025326140224933624 2457
1784236518045 0.41695746779441833 2458
1784236518061 0.040883708745241165 2459
1784236518078 0.1336202472448349 2460
1784236518095 0.014877386391162872 2461
1784236518112 0.09927985817193985 2462
1784236518129 0.1597735434770584 2463
1784236518147 0.27302390336990356 2464
1784236518165 0.4150662124156952 2465
1784236518183 0.1930593103170395 2466
1784236518199 0.03281312435865402 2467
1784236518215 0.19405987858772278 2468
1784236518230 0.10542592406272888 2469
1784236518248 0.3393699824810028 2470
1784236518264 0.06742914021015167 2471
1784236518281 0.2356310486793518 2472
1784236518297 0.09174009412527084 2473
1784236518317 0.044047869741916656 2474
1784236518340 0.16884319484233856 2475
1784236518361 0.03300068899989128 2476
1784236518380 0.3908444941043854 2477
1784236518400 0.02226289175450802 2478
1784236518433 0.13100992143154144 2479
1784236518452 0.06488470733165741 2480
1784236518470 0.07399509102106094 2481
1784236518489 0.038981273770332336 2482
1784236518507 0.18518944084644318 2483
1784236518523 0.3420642018318176 2484
1784236518544 0.015870559960603714 2485
1784236518563 0.09580124169588089 2486
1784236518586 0.12951268255710602 2487
1784236518611 0.06572173535823822 2488
1784236518636 0.24777773022651672 2489
1784236518659 0.06793110072612762 2490
1784236518681 0.07041367888450623 2491
1784236518704 0.030352840200066566 2492
1784236518728 0.3610151410102844 2493
1784236518750 0.08998014032840729 2494
1784236518775 0.24873606860637665 2495
1784236518798 0.10080556571483612 2496
1784236518819 0.06169798970222473 2497
1784236518838 0.1786561906337738 2498
1784236518858 0.12635503709316254 2499
1784236518878 0.06921391189098358 2500
1784236518897 0.07015269249677658 2501
1784236518913 0.15354229509830475 2502
1784236518930 0.23367367684841156 2503
1784236518949 0.13340754806995392 2504
1784236518966 0.01553923636674881 2505
1784236518983 0.21571031212806702 2506
1784236519004 0.20598511397838593 2507
1784236519021 0.16056907176971436 2508
1784236519041 0.02023852989077568 2509
1784236519059 0.2059694230556488 2510
1784236519077 0.32922908663749695 2511
1784236519094 0.016189411282539368 2512
1784236519113 0.047617439180612564 2513
1784236519130 0.3795987665653229 2514
1784236519148 0.0793590173125267 2515
1784236519166 0.5282395482063293 2516
1784236519185 0.01064403634518385 2517
1784236519242 0.04659085348248482 2518
1784236519301 0.09428270161151886 2519
1784236519336 0.019270263612270355 2520
1784236519358 0.1834244430065155 2521
1784236519373 0.15897342562675476 2522
1784236519392 0.2477189004421234 2523
1784236519410 0.107088603079319 2524
1784236519428 0.13274553418159485 2525
1784236519446 0.1986783742904663 2526
1784236519464 0.1139153465628624 2527
1784236519481 0.29530227184295654 2528
1784236519499 0.21745863556861877 2529
1784236519515 0.06465554237365723 2530
1784236519531 0.003082579467445612 2531
1784236519548 0.007658775895833969 2532
1784236519566 0.05821783468127251 2533
1784236519583 0.22084614634513855 2534
1784236519600 0.069754458963871 2535
1784236519618 0.09468343108892441 2536
1784236519635 0.13498425483703613 2537
1784236519654 0.07236533612012863 2538
1784236519672 0.10362346470355988 2539
1784236519689 0.037339042872190475 2540
1784236519709 0.13994912803173065 2541
1784236519726 0.06369589269161224 2542
1784236519743 0.015024768188595772 2543
1784236519762 0.20559360086917877 2544
1784236519780 0.10736866295337677 2545
1784236519797 0.2772217094898224 2546
1784236519815 0.06769915670156479 2547
1784236519833 0.03929245099425316 2548
1784236519851 0.13788913190364838 2549
1784236519868 0.2334834188222885 2550
1784236519886 0.2715505063533783 2551
1784236519903 0.04769614711403847 2552
1784236519923 0.12299065291881561 2553
1784236519942 0.09555038809776306 2554
1784236519961 0.11918913573026657 2555
1784236519979 0.029384516179561615 2556
1784236519996 0.04220587760210037 2557
1784236520013 0.21897150576114655 2558
1784236520031 0.27350232005119324 2559
1784236520049 0.23523090779781342 2560
1784236520067 0.0497937947511673 2561
1784236520084 0.04118950292468071 2562
1784236520100 0.309896856546402 2563
1784236520116 0.11570291966199875 2564
1784236520132 0.17520801723003387 2565
1784236520150 0.3111889362335205 2566
1784236520168 0.16585765779018402 2567
1784236520189 0.08599740266799927 2568
1784236520207 0.07165978848934174 2569
1784236520225 0.1542430967092514 2570
1784236520242 0.17960253357887268 2571
1784236520259 0.3073697090148926 2572
1784236520277 0.1681187003850937 2573
1784236520296 0.10918349027633667 2574
1784236520314 0.10641376674175262 2575
1784236520331 0.04381857439875603 2576
1784236520347 0.06121448799967766 2577
1784236520365 0.30571475625038147 2578
1784236520383 0.06394114345312119 2579
1784236520400 0.34413236379623413 2580
1784236520416 0.08091102540493011 2581
1784236520433 0.06006596237421036 2582
1784236520450 0.10376325994729996 2583
1784236520466 0.07324081659317017 2584
1784236520551 0.07033515721559525 2585
1784236520585 0.11902224272489548 2586
1784236520607 0.252180814743042 2587
1784236520629 0.09462404251098633 2588
1784236520648 0.10318177938461304 2589
1784236520668 0.006771180313080549 2590
1784236520686 0.28337377309799194 2591
1784236520705 0.06874001026153564 2592
1784236520723 0.21476490795612335 2593
1784236520739 0.07507142424583435 2594
1784236520756 0.08935067057609558 2595
1784236520775 0.01695292256772518 2596
1784236520796 0.11294127255678177 2597
1784236520816 0.05241534113883972 2598
1784236520834 0.07683480530977249 2599
1784236520854 0.06453587114810944 2600
1784236520884 0.12060646712779999 2601
1784236520908 0.25299960374832153 2602
1784236520928 0.10836215317249298 2603
1784236520945 0.0675022080540657 2604
1784236520962 0.15001115202903748 2605
1784236520979 0.2829076945781708 2606
1784236520995 0.11091677844524384 2607
1784236521011 0.07589690387248993 2608
1784236521027 0.08221321552991867 2609
1784236521044 0.07206851989030838 2610
1784236521060 0.24306854605674744 2611
1784236521077 0.08195237815380096 2612
1784236521095 0.030974848195910454 2613
1784236521113 0.074916310608387 2614
1784236521130 0.012126369401812553 2615
1784236521149 0.043722569942474365 2616
1784236521166 0.1669698804616928 2617
1784236521183 0.13631358742713928 2618
1784236521201 0.24971984326839447 2619
1784236521218 0.14247359335422516 2620
1784236521237 0.11287868022918701 2621
1784236521255 0.06316935271024704 2622
1784236521276 0.1565203219652176 2623
1784236521296 0.02892797440290451 2624
1784236521314 0.043577857315540314 2625
1784236521332 0.29128238558769226 2626
1784236521348 0.40374118089675903 2627
1784236521365 0.04513131082057953 2628
1784236521382 0.19525498151779175 2629
1784236521401 0.15220056474208832 2630
1784236521417 0.09229851514101028 2631
1784236521434 0.16369867324829102 2632
1784236521452 0.7238060235977173 2633
1784236521469 0.26151490211486816 2634
1784236521489 0.15783552825450897 2635
1784236521506 0.17876020073890686 2636
1784236521525 0.008924977853894234 2637
1784236521543 0.11817733943462372 2638
1784236521562 0.21582205593585968 2639
1784236521583 0.14436742663383484 2640
1784236521615 0.20387543737888336 2641
1784236521638 0.27750861644744873 2642
1784236521658 0.13521569967269897 2643
1784236521679 0.2571268379688263 2644
1784236521699 0.044171448796987534 2645
1784236521721 0.14412149786949158 2646
1784236521741 0.19964265823364258 2647
1784236521762 0.16091197729110718 2648
1784236521783 0.15079174935817719 2649
1784236521803 0.2202475219964981 2650
1784236521824 0.18349289894104004 2651
1784236521842 0.15701141953468323 2652
1784236521861 0.13594894111156464 2653
1784236521882 0.18318192660808563 2654
1784236521900 0.0831456333398819 2655
1784236521919 0.2018224596977234 2656
1784236521936 0.05169111490249634 2657
1784236521954 0.0999620258808136 2658
1784236522045 0.19908703863620758 2659
1784236522079 0.1974053829908371 2660
1784236522097 0.13256165385246277 2661
1784236522115 0.06241298094391823 2662
1784236522132 0.03274136036634445 2663
1784236522149 0.09337200224399567 2664
1784236522167 0.22037549316883087 2665
1784236522184 0.188266322016716 2666
1784236522202 0.045660730451345444 2667
1784236522223 0.021389760076999664 2668
1784236522240 0.1389142870903015 2669
1784236522259 0.013380477204918861 2670
1784236522278 0.16467197239398956 2671
1784236522297 0.2936915457248688 2672
1784236522314 0.25148651003837585 2673
1784236522332 0.11069803684949875 2674
1784236522350 0.03251776471734047 2675
1784236522369 0.17639118432998657 2676
1784236522389 0.18652701377868652 2677
1784236522410 0.11165162175893784 2678
1784236522427 0.0827680230140686 2679
1784236522445 0.19717225432395935 2680
1784236522464 0.27115997672080994 2681
1784236522485 0.05589241907000542 2682
1784236522504 0.03735034540295601 2683
1784236522522 0.07819061726331711 2684
1784236522540 0.22934119403362274 2685
1784236522559 0.09367085248231888 2686
1784236522575 0.10433560609817505 2687
1784236522592 0.01811661198735237 2688
1784236522609 0.4473034739494324 2689
1784236522627 0.022876612842082977 2690
1784236522645 0.19366681575775146 2691
1784236522662 0.30642300844192505 2692
1784236522677 0.38724708557128906 2693
1784236522693 0.03137525916099548 2694
1784236522708 0.34554728865623474 2695
1784236522725 0.10138807445764542 2696
1784236522742 0.06818144023418427 2697
1784236522759 0.29851964116096497 2698
1784236522777 0.07933066785335541 2699
1784236522795 0.30556854605674744 2700
1784236522814 0.08026387542486191 2701
1784236522833 0.10463559627532959 2702
1784236522855 0.0986030325293541 2703
1784236522879 0.14374959468841553 2704
1784236522898 0.20117805898189545 2705
1784236522917 0.04968535155057907 2706
1784236522936 0.10352344810962677 2707
1784236522957 0.16792809963226318 2708
1784236522976 0.24897076189517975 2709
1784236522995 0.23024483025074005 2710
1784236523011 0.166474387049675 2711
1784236523030 0.19374795258045197 2712
1784236523048 0.41793617606163025 2713
1784236523066 0.1067684069275856 2714
1784236523083 0.04987356811761856 2715
1784236523101 0.019614409655332565 2716
1784236523117 0.050422489643096924 2717
1784236523133 0.12327544391155243 2718
1784236523148 0.15386953949928284 2719
1784236523164 0.09307616204023361 2720
1784236523180 0.239053875207901 2721
1784236523196 0.11332660913467407 2722
1784236523213 0.2598453164100647 2723
1784236523229 0.20637795329093933 2724
1784236523316 0.049305420368909836 2725
1784236523352 0.018750905990600586 2726
1784236523375 0.10490844398736954 2727
1784236523396 0.1445039063692093 2728
1784236523417 0.5263761878013611 2729
1784236523439 0.30166804790496826 2730
1784236523459 0.024985291063785553 2731
1784236523479 0.20289836823940277 2732
1784236523496 0.07196418941020966 2733
1784236523512 0.3107348680496216 2734
1784236523529 0.049101416021585464 2735
1784236523545 0.138602152466774 2736
1784236523562 0.08135498315095901 2737
1784236523579 0.04860652610659599 2738
1784236523596 0.06355604529380798 2739
1784236523614 0.2613043487071991 2740
1784236523629 0.04517665505409241 2741
1784236523648 0.14683657884597778 2742
1784236523663 0.015182025730609894 2743
1784236523680 0.028223898261785507 2744
1784236523697 0.06971628963947296 2745
1784236523715 0.22745439410209656 2746
1784236523732 0.19563600420951843 2747
1784236523750 0.018722299486398697 2748
1784236523767 0.21475830674171448 2749
1784236523787 0.2032061517238617 2750
1784236523808 0.10435300320386887 2751
1784236523831 0.1790582537651062 2752
1784236523851 0.32272055745124817 2753
1784236523871 0.22314494848251343 2754
1784236523893 0.02860628068447113 2755
1784236523914 0.1569465696811676 2756
1784236523931 0.08908986300230026 2757
1784236523947 0.12174836546182632 2758
1784236523965 0.0841708779335022 2759
1784236523982 0.1324445605278015 2760
1784236524002 0.027263542637228966 2761
1784236524023 0.15801802277565002 2762
1784236524045 0.007696826010942459 2763
1784236524069 0.07625653594732285 2764
1784236524089 0.11814748495817184 2765
1784236524114 0.03492806479334831 2766
1784236524134 0.10986162722110748 2767
1784236524156 0.11705135554075241 2768
1784236524178 0.016414117068052292 2769
1784236524198 0.14869098365306854 2770
1784236524221 0.057309117168188095 2771
1784236524245 0.09383930265903473 2772
1784236524265 0.047478605061769485 2773
1784236524283 0.14283598959445953 2774
1784236524301 0.03884414583444595 2775
1784236524322 0.05436885729432106 2776
1784236524343 0.19568531215190887 2777
1784236524367 0.15010607242584229 2778
1784236524389 0.03153364732861519 2779
1784236524407 0.33345019817352295 2780
1784236524429 0.1118631511926651 2781
1784236524448 0.10056375712156296 2782
1784236524467 0.1930892914533615 2783
1784236524489 0.11567624658346176 2784
1784236524511 0.11390355229377747 2785
1784236524532 0.23823919892311096 2786
1784236524549 0.07214273512363434 2787
1784236524575 0.3186805248260498 2788
1784236524603 0.15089796483516693 2789
1784236524621 0.12609685957431793 2790
1784236524646 0.203524649143219 2791
1784236524665 0.036509208381175995 2792
1784236524685 0.14165522158145905 2793
1784236524709 0.0382356271147728 2794
1784236524729 0.13846886157989502 2795
1784236524749 0.3224750757217407 2796
1784236524766 0.15696945786476135 2797
1784236524788 0.04552428424358368 2798
1784236524815 0.05012150853872299 2799
1784236524831 0.14151941239833832 2800
1784236524856 0.0557684451341629 2801
1784236524879 0.15283507108688354 2802
1784236524899 0.00740403076633811 2803
1784236524924 0.14443081617355347 2804
1784236524942 0.04991666600108147 2805
1784236524964 0.05708467215299606 2806
1784236524992 0.12119612842798233 2807
1784236525014 0.0625203400850296 2808
1784236525035 0.022798290476202965 2809
1784236525063 0.2720041275024414 2810
1784236525083 0.09394330531358719 2811
1784236525104 0.15658465027809143 2812
1784236525248 0.1940908432006836 2813
1784236525287 0.18169136345386505 2814
1784236525313 0.2898104786872864 2815
1784236525332 0.08381730318069458 2816
1784236525360 0.07591329514980316 2817
1784236525382 0.06806738674640656 2818
1784236525403 0.13242584466934204 2819
1784236525425 0.33559420704841614 2820
1784236525449 0.11912927776575089 2821
1784236525470 0.23777331411838531 2822
1784236525489 0.024445176124572754 2823
1784236525509 0.05288466438651085 2824
1784236525533 0.014611066319048405 2825
1784236525556 0.12823350727558136 2826
1784236525579 0.08064942061901093 2827
1784236525600 0.02373259887099266 2828
1784236525625 0.406003475189209 2829
1784236525651 0.23558568954467773 2830
1784236525673 0.0703548714518547 2831
1784236525694 0.06239030510187149 2832
1784236525717 0.045738544315099716 2833
1784236525737 0.0977899432182312 2834
1784236525762 0.26705965399742126 2835
1784236525786 0.36393997073173523 2836
1784236525809 0.1465550810098648 2837
1784236525831 0.16282877326011658 2838
1784236525853 0.009153214283287525 2839
1784236525877 0.28106769919395447 2840
1784236525898 0.09994050860404968 2841
1784236525920 0.10059834271669388 2842
1784236525942 0.033899132162332535 2843
1784236525964 0.1396186202764511 2844
1784236525985 0.26662734150886536 2845
1784236526009 0.012272220104932785 2846
1784236526031 0.05233591049909592 2847
1784236526053 0.15525029599666595 2848
1784236526078 0.028024600818753242 2849
1784236526103 0.1074199229478836 2850
1784236526124 0.2493426352739334 2851
1784236526143 0.4379637539386749 2852
1784236526159 0.020636610686779022 2853
1784236526177 0.18905699253082275 2854
1784236526206 0.12423243373632431 2855
1784236526233 0.13017384707927704 2856
1784236526257 0.27416807413101196 2857
1784236526275 0.2448105663061142 2858
1784236526296 0.12531952559947968 2859
1784236526316 0.06681995093822479 2860
1784236526337 0.1323959231376648 2861
1784236526358 0.08415692299604416 2862
1784236526377 0.08369483798742294 2863
1784236526397 0.08432293683290482 2864
1784236526418 0.35751578211784363 2865
1784236526437 0.034533701837062836 2866
1784236526460 0.010840571485459805 2867
1784236526487 0.020585551857948303 2868
1784236526509 0.09689962863922119 2869
1784236526532 0.006200861651450396 2870
1784236526553 0.3349395990371704 2871
1784236526576 0.013818246312439442 2872
1784236526601 0.06744235008955002 2873
1784236526625 0.007997981272637844 2874
1784236526644 0.09781558066606522 2875
1784236526668 0.10321316868066788 2876
1784236526691 0.09450960904359818 2877
1784236526713 0.2865428924560547 2878
1784236526732 0.07254207879304886 2879
1784236526755 0.13862206041812897 2880
1784236526775 0.0930180773139 2881
1784236526798 0.09833233058452606 2882
1784236526816 0.04736879840493202 2883
1784236526838 0.05574997887015343 2884
1784236526861 0.07413215935230255 2885
1784236526885 0.13061100244522095 2886
1784236526905 0.1170472577214241 2887
1784236526924 0.32170894742012024 2888
1784236526945 0.18554402887821198 2889
1784236526965 0.05621369183063507 2890
1784236526983 0.0777212381362915 2891
1784236527003 0.06767866015434265 2892
1784236527027 0.027418509125709534 2893
1784236527047 0.1476827710866928 2894
1784236527066 0.3610100746154785 2895
1784236527089 0.02550235576927662 2896
1784236527111 0.2246508002281189 2897
1784236527129 0.1380552053451538 2898
1784236527147 0.06798240542411804 2899
1784236527166 0.28256434202194214 2900
1784236527184 0.10762017965316772 2901
1784236527205 0.02417217195034027 2902
1784236527338 0.17315660417079926 2903
1784236527355 0.1970517635345459 2904
1784236527385 0.3402830958366394 2905
1784236527400 0.08496607840061188 2906
1784236527419 0.16553527116775513 2907
1784236527443 0.1030665934085846 2908
1784236527471 0.17812922596931458 2909
1784236527496 0.08488161861896515 2910
1784236527520 0.03445461019873619 2911
1784236527544 0.19118623435497284 2912
1784236527568 0.045152463018894196 2913
1784236527591 0.07219704240560532 2914
1784236527613 0.08421903103590012 2915
1784236527631 0.06256153434515 2916
1784236527651 0.11326763033866882 2917
1784236527670 0.15830208361148834 2918
1784236527692 0.00621492974460125 2919
1784236527713 0.13547824323177338 2920
1784236527734 0.06056864187121391 2921
1784236527755 0.04914310202002525 2922
1784236527782 0.19157379865646362 2923
1784236527802 0.014076326973736286 2924
1784236527827 0.05493008717894554 2925
1784236527849 0.11885879933834076 2926
1784236527870 0.12249267101287842 2927
1784236527889 0.10903073847293854 2928
1784236527907 0.03610057383775711 2929
1784236527927 0.33750173449516296 2930
1784236527944 0.028113264590501785 2931
1784236527963 0.042277056723833084 2932
1784236527979 0.03246517851948738 2933
1784236527997 0.01714087277650833 2934
1784236528016 0.38097381591796875 2935
1784236528034 0.3988862931728363 2936
1784236528051 0.159647136926651 2937
1784236528069 0.18267706036567688 2938
1784236528088 0.24155688285827637 2939
1784236528105 0.14257942140102386 2940
1784236528121 0.005843568593263626 2941
1784236528140 0.21255941689014435 2942
1784236528155 0.07536745816469193 2943
1784236528172 0.15304410457611084 2944
1784236528189 0.01432934682816267 2945
1784236528212 0.036105938255786896 2946
1784236528231 0.3146148920059204 2947
1784236528249 0.011424590833485126 2948
1784236528266 0.11702504754066467 2949
1784236528285 0.13750958442687988 2950
1784236528303 0.0728202611207962 2951
1784236528319 0.13047079741954803 2952
1784236528335 0.04466649144887924 2953
1784236528353 0.22534283995628357 2954
1784236528371 0.21568357944488525 2955
1784236528390 0.004697590600699186 2956
1784236528408 0.15060262382030487 2957
1784236528427 0.039095938205718994 2958
1784236528444 0.11079160124063492 2959
1784236528463 0.1898196041584015 2960
1784236528480 0.14689648151397705 2961
1784236528512 0.19899170100688934 2962
1784236528529 0.061226923018693924 2963
1784236528546 0.032030023634433746 2964
1784236528563 0.22032463550567627 2965
1784236528580 0.022194044664502144 2966
1784236528597 0.012420040555298328 2967
1784236528614 0.15635456144809723 2968
1784236528632 0.19674304127693176 2969
1784236528650 0.16250401735305786 2970
1784236528669 0.16985119879245758 2971
1784236528689 0.26452013850212097 2972
1784236528708 0.026388926431536674 2973
1784236528727 0.18498314917087555 2974
1784236528745 0.09807896614074707 2975
1784236528765 0.28895342350006104 2976
1784236528783 0.04280196875333786 2977
1784236528801 0.32121193408966064 2978
1784236528824 0.025606323033571243 2979
1784236528846 0.15584860742092133 2980
1784236528864 0.007024040911346674 2981
1784236528884 0.22431796789169312 2982
1784236528903 0.4687795042991638 2983
1784236528925 0.09217516332864761 2984
1784236528944 0.10899945348501205 2985
1784236528964 0.16023561358451843 2986
1784236528983 0.10649172961711884 2987
1784236529004 0.023692557588219643 2988
1784236529023 0.058206599205732346 2989
1784236529043 0.3348828852176666 2990
1784236529062 0.17742414772510529 2991
1784236529080 0.3010904788970947 2992
1784236529098 0.3314533233642578 2993
1784236529118 0.3378607928752899 2994
1784236529136 0.11169572174549103 2995
1784236529155 0.18794918060302734 2996
1784236529175 0.1388484388589859 2997
1784236529194 0.23100553452968597 2998
1784236529213 0.09840616583824158 2999
1784236529233 0.04685721546411514 3000
1784236529251 0.16374057531356812 3001
1784236529271 0.3588411808013916 3002
1784236529291 0.05247623100876808 3003
1784236529309 0.07201981544494629 3004
1784236529326 0.1766068935394287 3005
1784236529342 0.22873127460479736 3006
1784236529360 0.2672255039215088 3007
1784236529377 0.07700584828853607 3008
1784236529394 0.04334820806980133 3009
1784236529427 0.0833992213010788 3010
1784236529446 0.0774165689945221 3011
1784236529463 0.18435242772102356 3012
1784236529482 0.12562881410121918 3013
1784236529500 0.13617433607578278 3014
1784236529518 0.2263658046722412 3015
1784236529541 0.06624174863100052 3016
1784236529558 0.09552325308322906 3017
1784236529646 0.11498342454433441 3018
1784236529682 0.07127513736486435 3019
1784236529699 0.06509513407945633 3020
1784236529718 0.05839814990758896 3021
1784236529739 0.12177161127328873 3022
1784236529760 0.07053935527801514 3023
1784236529780 0.25218072533607483 3024
1784236529803 0.05759693682193756 3025
1784236529824 0.0329463928937912 3026
1784236529845 0.2297070473432541 3027
1784236529867 0.04199135676026344 3028
1784236529888 0.15990345180034637 3029
1784236529907 0.08801013231277466 3030
1784236529926 0.1364942044019699 3031
1784236529942 0.16034871339797974 3032
1784236529961 0.05789075791835785 3033
1784236529980 0.007246475666761398 3034
1784236529998 0.1151261255145073 3035
1784236530014 0.09126932919025421 3036
1784236530031 0.19612491130828857 3037
1784236530048 0.23298877477645874 3038
1784236530064 0.03760765120387077 3039
1784236530082 0.21683403849601746 3040
1784236530100 0.1647731512784958 3041
1784236530116 0.02036386728286743 3042
1784236530133 0.24818474054336548 3043
1784236530151 0.09545204043388367 3044
1784236530168 0.22333785891532898 3045
1784236530188 0.08075129240751266 3046
1784236530206 0.2126111388206482 3047
1784236530223 0.0373975969851017 3048
1784236530242 0.01565341092646122 3049
1784236530258 0.057006023824214935 3050
1784236530275 0.05918845906853676 3051
1784236530294 0.042096853256225586 3052
1784236530311 0.19159863889217377 3053
1784236530329 0.035292986780405045 3054
1784236530346 0.43182751536369324 3055
1784236530365 0.061648812144994736 3056
1784236530382 0.18877768516540527 3057
1784236530402 0.045478127896785736 3058
1784236530421 0.11199190467596054 3059
1784236530438 0.16440314054489136 3060
1784236530455 0.27777597308158875 3061
1784236530474 0.2075905054807663 3062
1784236530491 0.11375777423381805 3063
1784236530509 0.0416991300880909 3064
1784236530527 0.032532043755054474 3065
1784236530545 0.01678614318370819 3066
1784236530562 0.09788119792938232 3067
1784236530579 0.06224941834807396 3068
1784236530597 0.3632299602031708 3069
1784236530615 0.18847103416919708 3070
1784236530632 0.0768965631723404 3071
1784236530649 0.08037512749433517 3072
1784236530666 0.2741449177265167 3073
1784236530682 0.09827686846256256 3074
1784236530701 0.1807832270860672 3075
1784236530721 0.01100966613739729 3076
1784236530738 0.09389515221118927 3077
1784236530756 0.028987804427742958 3078
1784236530776 0.07536481320858002 3079
1784236530794 0.03235064819455147 3080
1784236530813 0.15313735604286194 3081
1784236530830 0.013487689197063446 3082
1784236530848 0.2664026916027069 3083
1784236530865 0.09318948537111282 3084
1784236530959 0.14166630804538727 3085
1784236530992 0.05443629249930382 3086
1784236531012 0.03762124478816986 3087
1784236531031 0.0042601097375154495 3088
1784236531048 0.40196144580841064 3089
1784236531065 0.09127765148878098 3090
1784236531082 0.017414405941963196 3091
1784236531100 0.05020739883184433 3092
1784236531119 0.026451261714100838 3093
1784236531138 0.24905329942703247 3094
1784236531157 0.061305105686187744 3095
1784236531174 0.15929418802261353 3096
1784236531191 0.0868193730711937 3097
1784236531208 0.15357451140880585 3098
1784236531224 0.08870766311883926 3099
1784236531243 0.08735083043575287 3100
1784236531260 0.22387585043907166 3101
1784236531276 0.2700462341308594 3102
1784236531294 0.11545766144990921 3103
1784236531312 0.01502182800322771 3104
1784236531329 0.10454384237527847 3105
1784236531347 0.3476414978504181 3106
1784236531363 0.07306143641471863 3107
1784236531379 0.1568402647972107 3108
1784236531396 0.20109005272388458 3109
1784236531413 0.04690954089164734 3110
1784236531430 0.08083423227071762 3111
1784236531448 0.18064115941524506 3112
1784236531465 0.01422558631747961 3113
1784236531482 0.1569720059633255 3114
1784236531499 0.2441004365682602 3115
1784236531516 0.07732725143432617 3116
1784236531535 0.12915396690368652 3117
1784236531562 0.07205140590667725 3118
1784236531579 0.034835826605558395 3119
1784236531597 0.03770609200000763 3120
1784236531613 0.14280177652835846 3121
1784236531631 0.06840094178915024 3122
1784236531648 0.004666995257139206 3123
1784236531667 0.052677202969789505 3124
1784236531686 0.1463412344455719 3125
1784236531706 0.40217483043670654 3126
1784236531723 0.19214338064193726 3127
1784236531742 0.06811708211898804 3128
1784236531759 0.18311086297035217 3129
1784236531778 0.35919156670570374 3130
1784236531798 0.09524065256118774 3131
1784236531816 0.05277766287326813 3132
1784236531837 0.11960513144731522 3133
1784236531856 0.13527223467826843 3134
1784236531877 0.0840459018945694 3135
1784236531896 0.1388479769229889 3136
1784236531914 0.18152597546577454 3137
1784236531934 0.023420730605721474 3138
1784236531951 0.04838291183114052 3139
1784236531969 0.08519254624843597 3140
1784236531989 0.32657334208488464 3141
1784236532009 0.13068470358848572 3142
1784236532030 0.03431476280093193 3143
1784236532052 0.07867978513240814 3144
1784236532074 0.1671891212463379 3145
1784236532094 0.09450895339250565 3146
1784236532114 0.10609172284603119 3147
1784236532135 0.3751409351825714 3148
1784236532152 0.11741892993450165 3149
1784236532170 0.02238512970507145 3150
1784236532189 0.08116502314805984 3151
1784236532208 0.07306915521621704 3152
1784236532228 0.05672204867005348 3153
1784236532248 0.0630798190832138 3154
1784236532268 0.20855960249900818 3155
1784236532288 0.08950674533843994 3156
1784236532305 0.0847954973578453 3157
1784236532324 0.3819226622581482 3158
1784236532343 0.10404052585363388 3159
1784236532363 0.12304184585809708 3160
1784236532380 0.1412603259086609 3161
1784236532397 0.19149312376976013 3162
1784236532415 0.17918473482131958 3163
1784236532433 0.06151426583528519 3164
1784236532452 0.03979972004890442 3165
1784236532469 0.06153664365410805 3166
1784236532487 0.28569287061691284 3167
1784236532505 0.3866827189922333 3168
1784236532548 0.24263010919094086 3169
1784236532609 0.17734070122241974 3170
1784236532647 0.16026994585990906 3171
1784236532669 0.043162960559129715 3172
1784236532691 0.22289074957370758 3173
1784236532711 0.11908722668886185 3174
1784236532731 0.2054513692855835 3175
1784236532749 0.0767119899392128 3176
1784236532776 0.014992081560194492 3177
1784236532799 0.34795132279396057 3178
1784236532825 0.1742345541715622 3179
1784236532843 0.030453335493803024 3180
1784236532867 0.03714389353990555 3181
1784236532885 0.06517475843429565 3182
1784236532907 0.033723607659339905 3183
1784236532928 0.16379985213279724 3184
1784236532946 0.28032997250556946 3185
1784236532966 0.16207240521907806 3186
1784236532986 0.13821426033973694 3187
1784236533007 0.04068953916430473 3188
1784236533027 0.04609525203704834 3189
1784236533045 0.04696647822856903 3190
1784236533064 0.04986686259508133 3191
1784236533087 0.009743459522724152 3192
1784236533107 0.0938912183046341 3193
1784236533127 0.24129442870616913 3194
1784236533147 0.031148212030529976 3195
1784236533167 0.11453671008348465 3196
1784236533190 0.036618538200855255 3197
1784236533211 0.03372605890035629 3198
1784236533229 0.08586401492357254 3199
1784236533250 0.11633042991161346 3200
1784236533272 0.33989956974983215 3201
1784236533292 0.025413455441594124 3202
1784236533313 0.1896854043006897 3203
1784236533332 0.23330263793468475 3204
1784236533354 0.16744597256183624 3205
1784236533374 0.05395450443029404 3206
1784236533393 0.0556376650929451 3207
1784236533414 0.12428435683250427 3208
1784236533435 0.035777222365140915 3209
1784236533458 0.2248501181602478 3210
1784236533482 0.15994180738925934 3211
1784236533503 0.14950646460056305 3212
1784236533524 0.20220966637134552 3213
1784236533545 0.0855109691619873 3214
1784236533564 0.08767671138048172 3215
1784236533585 0.050358518958091736 3216
1784236533605 0.31524720788002014 3217
1784236533626 0.08700361102819443 3218
1784236533644 0.2163003534078598 3219
1784236533664 0.02852523885667324 3220
1784236533683 0.022120481356978416 3221
1784236533705 0.0991213470697403 3222
1784236533725 0.23823530972003937 3223
1784236533744 0.03920164704322815 3224
1784236533764 0.24137219786643982 3225
1784236533783 0.2703382074832916 3226
1784236533805 0.11530229449272156 3227
1784236533825 0.1230684146285057 3228
1784236533844 0.03288939222693443 3229
1784236533863 0.17033392190933228 3230
1784236533882 0.05151072517037392 3231
1784236533904 0.348116397857666 3232
1784236533925 0.024357615038752556 3233
1784236533944 0.07421166449785233 3234
1784236533965 0.1617526262998581 3235
1784236534079 0.18378061056137085 3236
1784236534112 0.2397785633802414 3237
1784236534133 0.2195381373167038 3238
1784236534153 0.050154440104961395 3239
1784236534173 0.3581750690937042 3240
1784236534191 0.009717026725411415 3241
1784236534209 0.09097926318645477 3242
1784236534231 0.043023139238357544 3243
1784236534251 0.24797798693180084 3244
1784236534275 0.20922845602035522 3245
1784236534295 0.1593710035085678 3246
1784236534317 0.535574734210968 3247
1784236534337 0.12466078996658325 3248
1784236534359 0.0365169420838356 3249
1784236534379 0.11463292688131332 3250
1784236534400 0.017562316730618477 3251
1784236534418 0.29118111729621887 3252
1784236534435 0.02382744289934635 3253
1784236534454 0.09290177375078201 3254
1784236534473 0.18524804711341858 3255
1784236534491 0.11651682108640671 3256
1784236534511 0.1295941174030304 3257
1784236534529 0.3796446919441223 3258
1784236534548 0.1838674694299698 3259
1784236534565 0.10424242168664932 3260
1784236534593 0.27066290378570557 3261
1784236534612 0.1304515302181244 3262
1784236534630 0.06457453221082687 3263
1784236534648 0.1215798482298851 3264
1784236534667 0.05081840232014656 3265
1784236534685 0.18363752961158752 3266
1784236534704 0.07252462208271027 3267
1784236534725 0.3157846927642822 3268
1784236534744 0.33854028582572937 3269
1784236534762 0.09326421469449997 3270
1784236534783 0.11117617040872574 3271
1784236534806 0.2021421641111374 3272
1784236534825 0.6178815364837646 3273
1784236534845 0.05095956474542618 3274
1784236534864 0.15051545202732086 3275
1784236534886 0.08478102087974548 3276
1784236534908 0.13005836308002472 3277
1784236534928 0.07464729994535446 3278
1784236534947 0.14692720770835876 3279
1784236534966 0.046520333737134933 3280
1784236534987 0.13301855325698853 3281
1784236535008 0.04883353039622307 3282
1784236535027 0.08044096827507019 3283
1784236535044 0.0375746451318264 3284
1784236535062 0.09600962698459625 3285
1784236535080 0.039752114564180374 3286
1784236535097 0.11969325691461563 3287
1784236535116 0.2727372348308563 3288
1784236535134 0.09419877827167511 3289
1784236535153 0.04461321607232094 3290
1784236535177 0.031496983021497726 3291
1784236535195 0.28252264857292175 3292
1784236535212 0.007483638357371092 3293
1784236535229 0.18924292922019958 3294
1784236535246 0.11572076380252838 3295
1784236535263 0.22650790214538574 3296
1784236535281 0.02669082209467888 3297
1784236535298 0.24636255204677582 3298
1784236535317 0.01858685351908207 3299
1784236535337 0.3034626543521881 3300
1784236535353 0.3609464764595032 3301
1784236535373 0.04738268628716469 3302
1784236535391 0.010172119364142418 3303
1784236535410 0.18582281470298767 3304
1784236535427 0.1926998496055603 3305
1784236535443 0.03169546276330948 3306
1784236535461 0.08561410009860992 3307
1784236535480 0.2662041187286377 3308
1784236535498 0.09752566367387772 3309
1784236535516 0.10751980543136597 3310
1784236535535 0.09956470131874084 3311
1784236535554 0.1574273556470871 3312
1784236535574 0.07420258224010468 3313
1784236535593 0.07687724381685257 3314
1784236535610 0.07666340470314026 3315
1784236535628 0.5155041813850403 3316
1784236535646 0.16703882813453674 3317
1784236535665 0.1657717376947403 3318
1784236535685 0.06480593234300613 3319
1784236535711 0.05611554533243179 3320
1784236535731 0.08843627572059631 3321
1784236535748 0.119020976126194 3322
1784236535766 0.15901155769824982 3323
1784236535789 0.2709701955318451 3324
1784236535809 0.025020930916070938 3325
1784236535827 0.32895711064338684 3326
1784236535844 0.12395396083593369 3327
1784236535860 0.03577939048409462 3328
1784236535880 0.06689757108688354 3329
1784236535898 0.11219228059053421 3330
1784236535916 0.10859867930412292 3331
1784236535934 0.1179158091545105 3332
1784236535954 0.03794797509908676 3333
1784236535974 0.3382890224456787 3334
1784236535994 0.09372449666261673 3335
1784236536012 0.1837998628616333 3336
1784236536032 0.06087471544742584 3337
1784236536051 0.15190604329109192 3338
1784236536073 0.20018984377384186 3339
1784236536094 0.7366568446159363 3340
1784236536190 0.1532619297504425 3341
1784236536225 0.09720687568187714 3342
1784236536241 0.1749732792377472 3343
1784236536265 0.10716839879751205 3344
1784236536285 0.12035568803548813 3345
1784236536310 0.15768501162528992 3346
1784236536341 0.4814002811908722 3347
1784236536358 0.04817407578229904 3348
1784236536377 0.05070604756474495 3349
1784236536399 0.113848477602005 3350
1784236536418 0.18238747119903564 3351
1784236536442 0.426866352558136 3352
1784236536461 0.15841838717460632 3353
1784236536480 0.2359658032655716 3354
1784236536509 0.13148413598537445 3355
1784236536534 0.10588183254003525 3356
1784236536558 0.09804884344339371 3357
1784236536580 0.05561896786093712 3358
1784236536602 0.0755249559879303 3359
1784236536626 0.09458712488412857 3360
1784236536645 0.17723944783210754 3361
1784236536663 0.17847396433353424 3362
1784236536682 0.19893503189086914 3363
1784236536702 0.16364431381225586 3364
1784236536718 0.025537384673953056 3365
1784236536736 0.155317485332489 3366
1784236536756 0.2983471155166626 3367
1784236536775 0.06873156875371933 3368
1784236536793 0.08391132205724716 3369
1784236536812 0.26759234070777893 3370
1784236536832 0.01810034178197384 3371
1784236536852 0.2716776132583618 3372
1784236536871 0.1577066332101822 3373
1784236536891 0.18469583988189697 3374
1784236536910 0.04440032318234444 3375
1784236536928 0.15193727612495422 3376
1784236536945 0.17624472081661224 3377
1784236536961 0.502572774887085 3378
1784236536978 0.032168202102184296 3379
1784236536996 0.19065280258655548 3380
1784236537014 0.2883113622665405 3381
1784236537032 0.36474722623825073 3382
1784236537050 0.2690182030200958 3383
1784236537069 0.14317873120307922 3384
1784236537088 0.3119807839393616 3385
1784236537106 0.22863034904003143 3386
1784236537124 0.0704813227057457 3387
1784236537141 0.14286857843399048 3388
1784236537158 0.18866880238056183 3389
1784236537176 0.17887885868549347 3390
1784236537194 0.32201138138771057 3391
1784236537211 0.1770927906036377 3392
1784236537229 0.2258337289094925 3393
1784236537247 0.3590693771839142 3394
1784236537266 0.0761464536190033 3395
1784236537284 0.0765804797410965 3396
1784236537304 0.11932846158742905 3397
1784236537322 0.06940821558237076 3398
1784236537341 0.06654171645641327 3399
1784236537360 0.6458853483200073 3400
1784236537375 0.015098072588443756 3401
1784236537391 0.18119914829730988 3402
1784236537409 0.08186721056699753 3403
1784236537428 0.08957037329673767 3404
1784236537446 0.13206657767295837 3405
1784236537462 0.26386144757270813 3406
1784236537557 0.22710534930229187 3407
1784236537577 0.3947230279445648 3408
1784236537601 0.06661234050989151 3409
1784236537622 0.019299183040857315 3410
1784236537639 0.025855977088212967 3411
1784236537658 0.18767790496349335 3412
1784236537678 0.10097488015890121 3413
1784236537696 0.20718547701835632 3414
1784236537713 0.14996828138828278 3415
1784236537732 0.1436445266008377 3416
1784236537750 0.4252762198448181 3417
1784236537768 0.0985695868730545 3418
1784236537787 0.023199105635285378 3419
1784236537806 0.287150114774704 3420
1784236537825 0.343936562538147 3421
1784236537845 0.025492804124951363 3422
1784236537864 0.0881204903125763 3423
1784236537881 0.054700832813978195 3424
1784236537899 0.18175017833709717 3425
1784236537919 0.0343395434319973 3426
1784236537938 0.1947076916694641 3427
1784236537958 0.03340110555291176 3428
1784236537975 0.08406753093004227 3429
1784236537991 0.3332062363624573 3430
1784236538009 0.2716809809207916 3431
1784236538026 0.05105578154325485 3432
1784236538043 0.1119779720902443 3433
1784236538062 0.04140589386224747 3434
1784236538079 0.1965363621711731 3435
1784236538097 0.0987279936671257 3436
1784236538114 0.04802052676677704 3437
1784236538132 0.07364124804735184 3438
1784236538151 0.020086873322725296 3439
1784236538190 0.1599755585193634 3440
1784236538210 0.236412912607193 3441
1784236538227 0.04749015346169472 3442
1784236538244 0.11231585592031479 3443
1784236538259 0.30193275213241577 3444
1784236538278 0.3141425848007202 3445
1784236538297 0.08782012015581131 3446
1784236538313 0.36169159412384033 3447
1784236538330 0.07936418801546097 3448
1784236538346 0.030435191467404366 3449
1784236538363 0.029977168887853622 3450
1784236538381 0.059952035546302795 3451
1784236538400 0.06580530852079391 3452
1784236538417 0.10415350645780563 3453
1784236538434 0.05491441488265991 3454
1784236538453 0.08624953031539917 3455
1784236538470 0.09049820899963379 3456
1784236538488 0.16233226656913757 3457
1784236538506 0.10587763041257858 3458
1784236538522 0.1402568221092224 3459
1784236538541 0.042507171630859375 3460
1784236538571 0.022211113944649696 3461
1784236538591 0.04965568333864212 3462
1784236538607 0.008489096537232399 3463
1784236538625 0.07559893280267715 3464
1784236538641 0.14617235958576202 3465
1784236538659 0.20375320315361023 3466
1784236538676 0.541656494140625 3467
1784236538693 0.1525171399116516 3468
1784236538709 0.07163574546575546 3469
1784236538725 0.016687992960214615 3470
1784236538742 0.11577761173248291 3471
1784236538759 0.07246465235948563 3472
1784236538777 0.4378494620323181 3473
1784236538797 0.00582430325448513 3474
1784236538818 0.11996173858642578 3475
1784236538841 0.15181632339954376 3476
1784236538862 0.046450939029455185 3477
1784236538883 0.0888463631272316 3478
1784236538905 0.01431664265692234 3479
1784236538928 0.05857371538877487 3480
1784236538948 0.10581646859645844 3481
1784236538967 0.1884448379278183 3482
1784236538988 0.02370050549507141 3483
1784236539007 0.17981909215450287 3484
1784236539026 0.05072907730937004 3485
1784236539045 0.17308051884174347 3486
1784236539064 0.23632781207561493 3487
1784236539161 0.02329711802303791 3488
1784236539199 0.1362220048904419 3489
1784236539217 0.17274752259254456 3490
1784236539236 0.043489810079336166 3491
1784236539257 0.07236925512552261 3492
1784236539276 0.16005703806877136 3493
1784236539294 0.05181284248828888 3494
1784236539314 0.10734027624130249 3495
1784236539331 0.06351322680711746 3496
1784236539349 0.011969946324825287 3497
1784236539369 0.07744190096855164 3498
1784236539388 0.23650634288787842 3499
1784236539407 0.34311744570732117 3500
1784236539425 0.23626284301280975 3501
1784236539442 0.28974777460098267 3502
1784236539458 0.029989246279001236 3503
1784236539474 0.10486520081758499 3504
1784236539492 0.10281766206026077 3505
1784236539509 0.08109953999519348 3506
1784236539526 0.16957014799118042 3507
1784236539544 0.1819327026605606 3508
1784236539561 0.03624865412712097 3509
1784236539579 0.1463734209537506 3510
1784236539598 0.11953549832105637 3511
1784236539614 0.02053125761449337 3512
1784236539632 0.03212038055062294 3513
1784236539650 0.1836722493171692 3514
1784236539670 0.1664138287305832 3515
1784236539689 0.21417666971683502 3516
1784236539708 0.051196884363889694 3517
1784236539725 0.03468959778547287 3518
1784236539745 0.056817520409822464 3519
1784236539762 0.15057118237018585 3520
1784236539780 0.19014717638492584 3521
1784236539798 0.030387798324227333 3522
1784236539817 0.273175984621048 3523
1784236539836 0.050264280289411545 3524
1784236539856 0.030225951224565506 3525
1784236539873 0.2103738784790039 3526
1784236539895 0.06945384293794632 3527
1784236539912 0.1414397656917572 3528
1784236539931 0.21932560205459595 3529
1784236539948 0.03950965777039528 3530
1784236539966 0.21482707560062408 3531
1784236539984 0.11057282239198685 3532
1784236540002 0.010005323216319084 3533
1784236540019 0.27330663800239563 3534
1784236540040 0.12735311686992645 3535
1784236540058 0.06326322257518768 3536
1784236540074 0.01807934045791626 3537
1784236540092 0.16893048584461212 3538
1784236540109 0.11100780218839645 3539
1784236540127 0.026070671156048775 3540
1784236540145 0.030102374032139778 3541
1784236540163 0.16412630677223206 3542
1784236540181 0.18191231787204742 3543
1784236540199 0.06786330044269562 3544
1784236540217 0.2531554400920868 3545
1784236540236 0.11220068484544754 3546
1784236540256 0.17913667857646942 3547
1784236540274 0.19525979459285736 3548
1784236540290 0.11806445568799973 3549
1784236540308 0.051540620625019073 3550
1784236540326 0.28974562883377075 3551
1784236540341 0.08453229069709778 3552
1784236540359 0.01131194457411766 3553
1784236540447 0.0312681719660759 3554
1784236540479 0.2949274182319641 3555
1784236540500 0.053433727473020554 3556
1784236540519 0.07047389447689056 3557
1784236540537 0.532461941242218 3558
1784236540553 0.046392910182476044 3559
1784236540571 0.05581846088171005 3560
1784236540590 0.06536819040775299 3561
1784236540606 0.16191039979457855 3562
1784236540623 0.021688563749194145 3563
1784236540641 0.05424240231513977 3564
1784236540659 0.07524024695158005 3565
1784236540678 0.07311860471963882 3566
1784236540696 0.46747201681137085 3567
1784236540713 0.10369351506233215 3568
1784236540731 0.08519478887319565 3569
1784236540748 0.151967391371727 3570
1784236540766 0.02891457825899124 3571
1784236540788 0.16106468439102173 3572
1784236540807 0.19547000527381897 3573
1784236540825 0.2330119013786316 3574
1784236540843 0.1205880343914032 3575
1784236540861 0.06910669803619385 3576
1784236540878 0.02933579310774803 3577
1784236540895 0.19796045124530792 3578
1784236540912 0.194063201546669 3579
1784236540930 0.011826780624687672 3580
1784236540949 0.04542279615998268 3581
1784236540967 0.1011480763554573 3582
1784236540986 0.057227812707424164 3583
1784236541004 0.1047421395778656 3584
1784236541021 0.01786971651017666 3585
1784236541038 0.01808660477399826 3586
1784236541056 0.019083967432379723 3587
1784236541075 0.11669913679361343 3588
1784236541096 0.30030232667922974 3589
1784236541117 0.20723272860050201 3590
1784236541135 0.05143781751394272 3591
1784236541159 0.13319289684295654 3592
1784236541178 0.2561642825603485 3593
1784236541197 0.02217021957039833 3594
1784236541216 0.24765168130397797 3595
1784236541233 0.10278191417455673 3596
1784236541251 0.13566921651363373 3597
1784236541269 0.09514711797237396 3598
1784236541287 0.11366964876651764 3599
1784236541306 0.07787681370973587 3600
1784236541324 0.4576190114021301 3601
1784236541342 0.020158471539616585 3602
1784236541359 0.014019966125488281 3603
1784236541376 0.042948778718709946 3604
1784236541393 0.07132400572299957 3605
1784236541409 0.05565978214144707 3606
1784236541426 0.23327389359474182 3607
1784236541444 0.27668997645378113 3608
1784236541462 0.1373918652534485 3609
1784236541479 0.0545136034488678 3610
1784236541496 0.36624854803085327 3611
1784236541511 0.02118973433971405 3612
1784236541529 0.2831149697303772 3613
1784236541548 0.24416373670101166 3614
1784236541567 0.186805859208107 3615
1784236541584 0.16131745278835297 3616
1784236541601 0.0806807205080986 3617
1784236541618 0.05791584029793739 3618
1784236541635 0.2403869926929474 3619
1784236541653 0.12791769206523895 3620
1784236541671 0.07343894988298416 3621
1784236541696 0.15499912202358246 3622
1784236541713 0.09917353838682175 3623
1784236541731 0.09460385143756866 3624
1784236541748 0.14122703671455383 3625
1784236541767 0.0846804678440094 3626
1784236541789 0.07385192811489105 3627
1784236541808 0.23294037580490112 3628
1784236541826 0.1227293312549591 3629
1784236541843 0.3565061092376709 3630
1784236541860 0.04586705192923546 3631
1784236541878 0.028269857168197632 3632
1784236541896 0.07603825628757477 3633
1784236541914 0.0652349516749382 3634
1784236541932 0.18366894125938416 3635
1784236541951 0.17971213161945343 3636
1784236541971 0.2690574526786804 3637
1784236541989 0.16042111814022064 3638
1784236542008 0.12797166407108307 3639
1784236542026 0.18366393446922302 3640
1784236542043 0.015548868104815483 3641
1784236542062 0.07179968059062958 3642
1784236542080 0.41945844888687134 3643
1784236542098 0.0648975521326065 3644
1784236542116 0.04397081211209297 3645
1784236542134 0.07918284833431244 3646
1784236542156 0.3411024510860443 3647
1784236542175 0.1647586077451706 3648
1784236542194 0.1448134332895279 3649
1784236542212 0.1307707279920578 3650
1784236542230 0.4107394516468048 3651
1784236542249 0.1803806722164154 3652
1784236542268 0.23073986172676086 3653
1784236542287 0.18853551149368286 3654
1784236542308 0.12192798405885696 3655
1784236542327 0.11383738368749619 3656
1784236542345 0.03793588653206825 3657
1784236542364 0.22756782174110413 3658
1784236542384 0.3632604479789734 3659
1784236542403 0.042655494064092636 3660
1784236542421 0.11560750007629395 3661
1784236542440 0.010721191763877869 3662
1784236542457 0.0581187978386879 3663
1784236542476 0.12673413753509521 3664
1784236542495 0.08225838094949722 3665
1784236542514 0.3091626763343811 3666
1784236542531 0.11514591425657272 3667
1784236542549 0.02519744262099266 3668
1784236542567 0.031143363565206528 3669
1784236542586 0.2557038366794586 3670
1784236542605 0.13359075784683228 3671
1784236542622 0.03505475074052811 3672
1784236542640 0.03280027583241463 3673
1784236542658 0.20613957941532135 3674
1784236542676 0.009846718981862068 3675
1784236542691 0.00878257304430008 3676
1784236542708 0.37662047147750854 3677
1784236542726 0.048108696937561035 3678
1784236542744 0.043889790773391724 3679
1784236542762 0.041536178439855576 3680
1784236542782 0.22159919142723083 3681
1784236542802 0.07423218339681625 3682
1784236542818 0.2066979855298996 3683
1784236542836 0.12694844603538513 3684
1784236542854 0.25318360328674316 3685
1784236542874 0.0419706292450428 3686
1784236542892 0.37049630284309387 3687
1784236542910 0.021674292162060738 3688
1784236542928 0.017706984654068947 3689
1784236542944 0.006278343498706818 3690
1784236542961 0.09394550323486328 3691
1784236542978 0.1496749371290207 3692
1784236542995 0.01910632662475109 3693
1784236543014 0.08924022316932678 3694
1784236543034 0.012704727239906788 3695
1784236543052 0.12979568541049957 3696
1784236543071 0.12310218065977097 3697
1784236543088 0.014482163824141026 3698
1784236543106 0.2851533889770508 3699
1784236543121 0.159144788980484 3700
1784236543141 0.10941638797521591 3701
1784236543157 0.13355503976345062 3702
1784236543174 0.07269085943698883 3703
1784236543194 0.06555504351854324 3704
1784236543209 0.25712940096855164 3705
1784236543226 0.07990265637636185 3706
1784236543242 0.0726192519068718 3707
1784236543259 0.09155037999153137 3708
1784236543276 0.12338884174823761 3709
1784236543292 0.26027911901474 3710
1784236543310 0.040927235037088394 3711
1784236543331 0.024789735674858093 3712
1784236543352 0.12484894692897797 3713
1784236543448 0.24272845685482025 3714
1784236543486 0.19642287492752075 3715
1784236543505 0.049790702760219574 3716
1784236543526 0.05501111224293709 3717
1784236543550 0.2734602987766266 3718
1784236543568 0.04163161292672157 3719
1784236543585 0.33809176087379456 3720
1784236543604 0.03877398371696472 3721
1784236543620 0.06162499263882637 3722
1784236543639 0.05590575933456421 3723
1784236543658 0.03400048241019249 3724
1784236543674 0.3159236013889313 3725
1784236543692 0.02925647422671318 3726
1784236543707 0.06002259626984596 3727
1784236543723 0.05893055722117424 3728
1784236543740 0.06410421431064606 3729
1784236543759 0.12744452059268951 3730
1784236543778 0.029752086848020554 3731
1784236543796 0.10892294347286224 3732
1784236543815 0.012643877416849136 3733
1784236543834 0.030200228095054626 3734
1784236543853 0.434783399105072 3735
1784236543873 0.08155527710914612 3736
1784236543891 0.0505339540541172 3737
1784236543909 0.28671374917030334 3738
1784236543925 0.01049533486366272 3739
1784236543943 0.4126335382461548 3740
1784236543962 0.19485671818256378 3741
1784236543979 0.23059043288230896 3742
1784236543996 0.0376044325530529 3743
1784236544012 0.09335605800151825 3744
1784236544030 0.31533125042915344 3745
1784236544048 0.1366521120071411 3746
1784236544067 0.19036686420440674 3747
1784236544086 0.04315340891480446 3748
1784236544103 0.39823776483535767 3749
1784236545527 0.09059933573007584 3750
1784236545549 0.051004163920879364 3751
1784236545568 0.29831546545028687 3752
1784236545588 0.01933780126273632 3753
1784236545606 0.05342128127813339 3754
1784236545625 0.31069961190223694 3755
1784236545643 0.06854475289583206 3756
1784236545660 0.054699771106243134 3757
1784236545680 0.2330196052789688 3758
1784236545702 0.012438608333468437 3759
1784236545731 0.21230366826057434 3760
1784236545751 0.035834044218063354 3761
1784236545775 0.10472456365823746 3762
1784236545798 0.23695307970046997 3763
1784236545816 0.07079210877418518 3764
1784236545838 0.051814883947372437 3765
1784236545857 0.05561918020248413 3766
1784236545872 0.1553313136100769 3767
1784236545890 0.28340211510658264 3768
1784236545907 0.02155311033129692 3769
1784236545924 0.1295655071735382 3770
1784236545944 0.07226482033729553 3771
1784236545962 0.03989141434431076 3772
1784236545980 0.09485745429992676 3773
1784236545999 0.11410484462976456 3774
1784236546092 0.22834964096546173 3775
1784236546130 0.130947083234787 3776
1784236546149 0.18848483264446259 3777
1784236546170 0.03168381750583649 3778
1784236546188 0.16568052768707275 3779
1784236546205 0.13412624597549438 3780
1784236546224 0.012507716193795204 3781
1784236546241 0.042088136076927185 3782
1784236546256 0.005304396152496338 3783
1784236546274 0.28720638155937195 3784
1784236546292 0.27737361192703247 3785
1784236546308 0.0701107382774353 3786
1784236546324 0.07924764603376389 3787
1784236546341 0.16623343527317047 3788
1784236546358 0.24408233165740967 3789
1784236546374 0.19001640379428864 3790
1784236546393 0.011158797889947891 3791
1784236546411 0.1162082850933075 3792
1784236546427 0.13602764904499054 3793
1784236546443 0.115696981549263 3794
1784236546460 0.005203313194215298 3795
1784236546477 0.04012323170900345 3796
1784236546495 0.05419091507792473 3797
1784236546513 0.03285446763038635 3798
1784236546531 0.12071884423494339 3799
1784236546551 0.0417642779648304 3800
1784236546569 0.23877999186515808 3801
1784236546585 0.008018714375793934 3802
1784236546603 0.08807740360498428 3803
1784236546621 0.2452203929424286 3804
1784236546638 0.014038240537047386 3805
1784236546656 0.072504423558712 3806
1784236546673 0.22899770736694336 3807
1784236546691 0.1436242014169693 3808
1784236546711 0.03736496344208717 3809
1784236546729 0.11179555952548981 3810
1784236546747 0.26972830295562744 3811
1784236546765 0.19508366286754608 3812
1784236546785 0.10093936324119568 3813
1784236546803 0.0565311424434185 3814
1784236546824 0.14458680152893066 3815
1784236546843 0.07481527328491211 3816
1784236546860 0.07338697463274002 3817
1784236546877 0.03770681470632553 3818
1784236546892 0.030851144343614578 3819
1784236546910 0.14407837390899658 3820
1784236546926 0.05141456425189972 3821
1784236546944 0.18104764819145203 3822
1784236546961 0.14947712421417236 3823
1784236546978 0.04292411357164383 3824
1784236546995 0.01590474136173725 3825
1784236547013 0.16253100335597992 3826
1784236547030 0.04148169979453087 3827
1784236547047 0.00854115653783083 3828
1784236547065 0.023578517138957977 3829
1784236547084 0.27333810925483704 3830
1784236547103 0.1259453445672989 3831
1784236547119 0.22830624878406525 3832
1784236547139 0.024600790813565254 3833
1784236547157 0.09444624185562134 3834
1784236547173 0.07722854614257812 3835
1784236547189 0.11811144649982452 3836
1784236547207 0.19448474049568176 3837
1784236547225 0.24856992065906525 3838
1784236547243 0.05111007019877434 3839
1784236547260 0.011927884072065353 3840
1784236547278 0.1450309008359909 3841
1784236547295 0.1539398580789566 3842
1784236547314 0.2804134488105774 3843
1784236547332 0.004880827851593494 3844
1784236547350 0.031508274376392365 3845
1784236547376 0.020803118124604225 3846
1784236547395 0.0578186921775341 3847
1784236547413 0.03425074368715286 3848
1784236547431 0.030405348166823387 3849
1784236547450 0.024744603782892227 3850
1784236547467 0.013607134111225605 3851
1784236547485 0.04841408506035805 3852
1784236547577 0.12476202845573425 3853
1784236547611 0.1044219508767128 3854
1784236547632 0.17928935587406158 3855
1784236547651 0.028641188517212868 3856
1784236547669 0.032478950917720795 3857
1784236547685 0.29029208421707153 3858
1784236547703 0.15513823926448822 3859
1784236547721 0.21270646154880524 3860
1784236547738 0.03526724874973297 3861
1784236547756 0.05954970791935921 3862
1784236547776 0.2987609803676605 3863
1784236547793 0.1727854311466217 3864
1784236547811 0.16320064663887024 3865
1784236547829 0.1402018517255783 3866
1784236547849 0.17027226090431213 3867
1784236547867 0.08817548304796219 3868
1784236547885 0.2577279508113861 3869
1784236547914 0.03179187700152397 3870
1784236547934 0.010567210614681244 3871
1784236547954 0.0907120406627655 3872
1784236547975 0.22544699907302856 3873
1784236547997 0.028652077540755272 3874
1784236548017 0.20661018788814545 3875
1784236548039 0.03596651926636696 3876
1784236548059 0.012711022980511189 3877
1784236548077 0.02294212579727173 3878
1784236548097 0.008532317355275154 3879
1784236548115 0.04193473607301712 3880
1784236548131 0.15080298483371735 3881
1784236548148 0.019277049228549004 3882
1784236548166 0.03011304698884487 3883
1784236548185 0.02596784196794033 3884
1784236548203 0.03840046748518944 3885
1784236548220 0.0326138474047184 3886
1784236548236 0.05766014754772186 3887
1784236548251 0.20606929063796997 3888
1784236548269 0.056420788168907166 3889
1784236548290 0.1559016853570938 3890
1784236548309 0.04417484626173973 3891
1784236548326 0.21970288455486298 3892
1784236548341 0.007729595061391592 3893
1784236548359 0.020822186022996902 3894
1784236548378 0.07501720637083054 3895
1784236548395 0.022950777783989906 3896
1784236548415 0.014054385013878345 3897
1784236548434 0.04342260584235191 3898
1784236548452 0.05495315045118332 3899
1784236548472 0.025104615837335587 3900
1784236548487 0.047300320118665695 3901
1784236548504 0.06989743560552597 3902
1784236548522 0.025122545659542084 3903
1784236548538 0.07929741591215134 3904
1784236548556 0.09370437264442444 3905
1784236548572 0.14087499678134918 3906
1784236548589 0.06077851727604866 3907
1784236548604 0.20207415521144867 3908
1784236548623 0.11608130484819412 3909
1784236548642 0.07593008130788803 3910
1784236548657 0.09777742624282837 3911
1784236548673 0.04763619601726532 3912
1784236548691 0.038069456815719604 3913
1784236548709 0.024743564426898956 3914
1784236548726 0.10575751960277557 3915
1784236548744 0.13802702724933624 3916
1784236548762 0.09355206042528152 3917
1784236548781 0.18465521931648254 3918
1784236548813 0.04400468245148659 3919
1784236548904 0.30730122327804565 3920
1784236548938 0.00902782753109932 3921
1784236548958 0.0391756147146225 3922
1784236548978 0.13392841815948486 3923
1784236548996 0.06813226640224457 3924
1784236549013 0.021602332592010498 3925
1784236549030 0.05810705944895744 3926
1784236549047 0.09984380751848221 3927
1784236549065 0.08995302021503448 3928
1784236549087 0.013659417629241943 3929
1784236549106 0.10220886021852493 3930
1784236549124 0.09597168862819672 3931
1784236549142 0.07944844663143158 3932
1784236549158 0.014868302270770073 3933
1784236549177 0.027148950845003128 3934
1784236549196 0.21565356850624084 3935
1784236549214 0.018097393214702606 3936
1784236549231 0.14619269967079163 3937
1784236549250 0.07810329645872116 3938
1784236549269 0.13724370300769806 3939
1784236549286 0.04129599779844284 3940
1784236549306 0.010987882502377033 3941
1784236549324 0.007833672687411308 3942
1784236549342 0.09668092429637909 3943
1784236549360 0.017326125875115395 3944
1784236549379 0.044151220470666885 3945
1784236549398 0.02924741618335247 3946
1784236549418 0.024005448445677757 3947
1784236549436 0.18064071238040924 3948
1784236549455 0.23439949750900269 3949
1784236549474 0.013207852840423584 3950
1784236549493 0.007712267339229584 3951
1784236549511 0.042017482221126556 3952
1784236549529 0.2212279736995697 3953
1784236549548 0.013339115306735039 3954
1784236549567 0.12957416474819183 3955
1784236549586 0.26014819741249084 3956
1784236549604 0.05639057233929634 3957
1784236549623 0.15833403170108795 3958
1784236549641 0.07741902023553848 3959
1784236549658 0.04922768473625183 3960
1784236549675 0.11707667261362076 3961
1784236549693 0.04973046854138374 3962
1784236549712 0.24230773746967316 3963
1784236549728 0.06899940967559814 3964
1784236549746 0.20047211647033691 3965
1784236549765 0.06974666565656662 3966
1784236549783 0.051133960485458374 3967
1784236549803 0.107302725315094 3968
1784236549823 0.029505344107747078 3969
1784236549843 0.03818006440997124 3970
1784236549862 0.16962948441505432 3971
1784236549881 0.09450764209032059 3972
1784236549897 0.13398335874080658 3973
1784236549915 0.13920052349567413 3974
1784236549933 0.11293637007474899 3975
1784236549950 0.34250906109809875 3976
1784236549970 0.15926115214824677 3977
1784236549988 0.14142505824565887 3978
1784236550004 0.0601571723818779 3979
1784236550022 0.1498313546180725 3980
1784236550039 0.058152396231889725 3981
1784236550057 0.11018059402704239 3982
1784236550073 0.038927290588617325 3983
1784236550089 0.050395481288433075 3984
1784236550108 0.18736466765403748 3985
1784236550124 0.29710230231285095 3986
1784236550143 0.029316088184714317 3987
1784236550160 0.031734637916088104 3988
1784236550178 0.2661378085613251 3989
1784236550196 0.19091998040676117 3990
1784236550216 0.010610277764499187 3991
1784236550235 0.12025786191225052 3992
1784236550258 0.02798977866768837 3993
1784236550279 0.040603380650281906 3994
1784236550303 0.10020469129085541 3995
1784236550321 0.023964082822203636 3996
1784236550341 0.0419820100069046 3997
1784236550358 0.10078243911266327 3998
1784236550374 0.09608441591262817 3999
1784236550392 0.028183339163661003 4000
1784236550409 0.1262010782957077 4001
1784236550428 0.12080498039722443 4002
1784236550447 0.17136412858963013 4003
1784236550466 0.005766596179455519 4004
1784236550486 0.06238704174757004 4005
1784236550502 0.07653699815273285 4006
1784236550521 0.1616045981645584 4007
1784236550536 0.04396112263202667 4008
1784236550555 0.13304199278354645 4009
1784236550572 0.024699890986084938 4010
1784236550588 0.01940993033349514 4011
1784236550605 0.012242808006703854 4012
1784236550623 0.08102861791849136 4013
1784236550640 0.02946120873093605 4014
1784236550658 0.051407620310783386 4015
1784236550678 0.27600523829460144 4016
1784236550705 0.008530701510608196 4017
1784236550725 0.6037683486938477 4018
1784236550743 0.008682063780725002 4019
1784236550760 0.1530006229877472 4020
1784236550779 0.152486190199852 4021
1784236550801 0.04344021528959274 4022
1784236550821 0.04425626993179321 4023
1784236550839 0.1461111307144165 4024
1784236550856 0.1931602656841278 4025
1784236550874 0.10545001178979874 4026
1784236550891 0.053265754133462906 4027
1784236550908 0.05225347727537155 4028
1784236550925 0.08660417050123215 4029
1784236550943 0.010809807106852531 4030
1784236550961 0.28818804025650024 4031
1784236550979 0.09599614143371582 4032
1784236550997 0.1907208412885666 4033
1784236551013 0.028677230700850487 4034
1784236551031 0.5399335622787476 4035
1784236551050 0.18796932697296143 4036
1784236551069 0.0940173789858818 4037
1784236551156 0.12802211940288544 4038
1784236551193 0.22537508606910706 4039
1784236551213 0.08497319370508194 4040
1784236551233 0.1352611929178238 4041
1784236551253 0.029745282605290413 4042
1784236551272 0.11557016521692276 4043
1784236551289 0.17339454591274261 4044
1784236551306 0.18382710218429565 4045
1784236551323 0.09060440212488174 4046
1784236551341 0.035535890609025955 4047
1784236551359 0.02015526033937931 4048
1784236551377 0.027652384713292122 4049
1784236551403 0.04124752804636955 4050
1784236551422 0.13770443201065063 4051
1784236551439 0.0474235936999321 4052
1784236551457 0.03420315682888031 4053
1784236551473 0.021403418853878975 4054
1784236551489 0.18387015163898468 4055
1784236551508 0.08505063503980637 4056
1784236551526 0.03841409459710121 4057
1784236551543 0.18163426220417023 4058
1784236551562 0.17360243201255798 4059
1784236551580 0.11710496246814728 4060
1784236551597 0.08383313566446304 4061
1784236551614 0.12158581614494324 4062
1784236551632 0.093238465487957 4063
1784236551651 0.2638166844844818 4064
1784236551668 0.1760598123073578 4065
1784236551687 0.054900653660297394 4066
1784236551704 0.040607985109090805 4067
1784236551720 0.07038991898298264 4068
1784236551737 0.12479884177446365 4069
1784236551754 0.24090170860290527 4070
1784236551774 0.113611601293087 4071
1784236551792 0.09576106816530228 4072
1784236551811 0.3624645471572876 4073
1784236551829 0.2593495547771454 4074
1784236551847 0.05028405040502548 4075
1784236551866 0.14037904143333435 4076
1784236551892 0.10629919916391373 4077
1784236551908 0.13590948283672333 4078
1784236551927 0.08677959442138672 4079
1784236551945 0.03808032348752022 4080
1784236551963 0.029790762811899185 4081
1784236551981 0.06000528857111931 4082
1784236552000 0.0560690313577652 4083
1784236552019 0.05428529530763626 4084
1784236552036 0.08060283213853836 4085
1784236552054 0.09295643121004105 4086
1784236552072 0.29830479621887207 4087
1784236552089 0.07913409173488617 4088
1784236552107 0.41182759404182434 4089
1784236552124 0.049587417393922806 4090
1784236552141 0.0703558400273323 4091
1784236552158 0.015465671196579933 4092
1784236552176 0.06224977225065231 4093
1784236552195 0.12055560946464539 4094
1784236552214 0.13112227618694305 4095
1784236552236 0.10845541954040527 4096
1784236552257 0.07650818675756454 4097
1784236552275 0.23581437766551971 4098
1784236552293 0.1369641125202179 4099
1784236552316 0.11489184945821762 4100
1784236552335 0.24571426212787628 4101
1784236552355 0.03563592955470085 4102
1784236552373 0.04915952309966087 4103
1784236552467 0.09090860188007355 4104
1784236552509 0.011597981676459312 4105
1784236552538 0.02838372252881527 4106
1784236552558 0.049228426069021225 4107
1784236552578 0.0691126361489296 4108
1784236552597 0.07353264838457108 4109
1784236552617 0.008373445831239223 4110
1784236552637 0.030894355848431587 4111
1784236552656 0.05419423058629036 4112
1784236552675 0.29198622703552246 4113
1784236552692 0.05641959235072136 4114
1784236552709 0.013943221420049667 4115
1784236552727 0.32266467809677124 4116
1784236552746 0.29901766777038574 4117
1784236552766 0.02114160917699337 4118
1784236552784 0.031115515157580376 4119
1784236552805 0.15048545598983765 4120
1784236552824 0.08837218582630157 4121
1784236552843 0.21994400024414062 4122
1784236552862 0.4151196777820587 4123
1784236552880 0.0859721302986145 4124
1784236552900 0.042190685868263245 4125
1784236552919 0.09534015506505966 4126
1784236552937 0.13398484885692596 4127
1784236552956 0.09496872127056122 4128
1784236552972 0.1483026146888733 4129
1784236552987 0.04519777372479439 4130
1784236553006 0.30684006214141846 4131
1784236553023 0.3059238791465759 4132
1784236553040 0.10951223969459534 4133
1784236553060 0.11130063235759735 4134
1784236553077 0.2572881579399109 4135
1784236553095 0.10488896071910858 4136
1784236553112 0.22541548311710358 4137
1784236553130 0.09663186222314835 4138
1784236553148 0.01672886312007904 4139
1784236553167 0.05582796782255173 4140
1784236553186 0.17714647948741913 4141
1784236553202 0.02226586639881134 4142
1784236553221 0.586572527885437 4143
1784236553238 0.18117864429950714 4144
1784236553256 0.2858164310455322 4145
1784236553274 0.08480410277843475 4146
1784236553289 0.07430244982242584 4147
1784236553307 0.012568935751914978 4148
1784236553324 0.1861317753791809 4149
1784236553342 0.14150109887123108 4150
1784236553361 0.061085544526576996 4151
1784236553378 0.09324625879526138 4152
1784236553395 0.03734959289431572 4153
1784236553414 0.0866861641407013 4154
1784236553434 0.08757099509239197 4155
1784236553451 0.15555034577846527 4156
1784236553468 0.1859188973903656 4157
1784236553487 0.17956431210041046 4158
1784236553505 0.05350340157747269 4159
1784236553523 0.02666258066892624 4160
1784236553540 0.030650416389107704 4161
1784236553556 0.03295068070292473 4162
1784236553571 0.03209483623504639 4163
1784236553589 0.041670672595500946 4164
1784236553605 0.06104150041937828 4165
1784236553622 0.08995861560106277 4166
1784236553640 0.09162242710590363 4167
1784236553657 0.06507398188114166 4168
1784236553672 0.01700938120484352 4169
1784236553766 0.035422563552856445 4170
1784236553799 0.0631098821759224 4171
1784236553823 0.05330733582377434 4172
1784236553844 0.07345686852931976 4173
1784236553864 0.06647200137376785 4174
1784236553883 0.13802793622016907 4175
1784236553900 0.03501079976558685 4176
1784236553918 0.12310925871133804 4177
1784236553936 0.0225381962954998 4178
1784236553954 0.17183144390583038 4179
1784236553971 0.016799693927168846 4180
1784236553988 0.09044948220252991 4181
1784236554005 0.24829016625881195 4182
1784236554022 0.038733869791030884 4183
1784236554038 0.25268372893333435 4184
1784236554056 0.35137638449668884 4185
1784236554073 0.015851888805627823 4186
1784236554092 0.0037199847865849733 4187
1784236554111 0.06576292216777802 4188
1784236554131 0.07588609308004379 4189
1784236554150 0.23548302054405212 4190
1784236554169 0.007943833246827126 4191
1784236554186 0.1523848921060562 4192
1784236554204 0.015265200287103653 4193
1784236554221 0.029790448024868965 4194
1784236554240 0.05114087462425232 4195
1784236554257 0.08790215849876404 4196
1784236554274 0.11892810463905334 4197
1784236554291 0.11845019459724426 4198
1784236554309 0.018014658242464066 4199
1784236554327 0.1267596334218979 4200
1784236554345 0.18033891916275024 4201
1784236554361 0.14791324734687805 4202
1784236554378 0.10130526125431061 4203
1784236554396 0.21507371962070465 4204
1784236554416 0.10516292601823807 4205
1784236554435 0.10696320980787277 4206
1784236554453 0.10222966223955154 4207
1784236554469 0.09920202195644379 4208
1784236554488 0.048519667237997055 4209
1784236554506 0.050203628838062286 4210
1784236554524 0.3468252122402191 4211
1784236554542 0.3182695806026459 4212
1784236554560 0.06422355026006699 4213
1784236554578 0.06622439622879028 4214
1784236554595 0.06855769455432892 4215
1784236554612 0.05625021457672119 4216
1784236554630 0.0494026355445385 4217
1784236554649 0.15846456587314606 4218
1784236554668 0.45421653985977173 4219
1784236554683 0.175893634557724 4220
1784236554699 0.0566256083548069 4221
1784236554718 0.23362226784229279 4222
1784236554737 0.1324530839920044 4223
1784236554758 0.18382002413272858 4224
1784236554777 0.010717908851802349 4225
1784236554801 0.22258567810058594 4226
1784236554820 0.06416209787130356 4227
1784236554841 0.03117644600570202 4228
1784236554861 0.06443846225738525 4229
1784236554881 0.05358022078871727 4230
1784236554898 0.14420221745967865 4231
1784236554916 0.06582271307706833 4232
1784236554935 0.04414095729589462 4233
1784236554954 0.023655667901039124 4234
1784236554972 0.004279995337128639 4235
1784236555068 0.055937509983778 4236
1784236555099 0.11905337870121002 4237
1784236555120 0.09177808463573456 4238
1784236555140 0.26287224888801575 4239
1784236555158 0.054706476628780365 4240
1784236555177 0.07409443706274033 4241
1784236555193 0.20672495663166046 4242
1784236555210 0.04724253714084625 4243
1784236555228 0.08307765424251556 4244
1784236555246 0.1663873791694641 4245
1784236555264 0.22341713309288025 4246
1784236555283 0.04450690746307373 4247
1784236555304 0.23590901494026184 4248
1784236555322 0.027294136583805084 4249
1784236555341 0.042239803820848465 4250
1784236555362 0.10666095465421677 4251
1784236555380 0.01567106693983078 4252
1784236555399 0.10837496072053909 4253
1784236555418 0.09877277165651321 4254
1784236555438 0.10624469816684723 4255
1784236555455 0.27765727043151855 4256
1784236555474 0.020385993644595146 4257
1784236555494 0.009952250868082047 4258
1784236555511 0.2076840102672577 4259
1784236555530 0.11666539311408997 4260
1784236555548 0.09770684689283371 4261
1784236555569 0.012091056443750858 4262
1784236555587 0.21040675044059753 4263
1784236555606 0.06953532993793488 4264
1784236555626 0.11213482171297073 4265
1784236555644 0.19259795546531677 4266
1784236555661 0.04540887102484703 4267
1784236555678 0.04043653607368469 4268
1784236555699 0.14192049205303192 4269
1784236555718 0.1687389314174652 4270
1784236555738 0.06556015461683273 4271
1784236555758 0.042262446135282516 4272
1784236555774 0.0687311515212059 4273
1784236555791 0.0057108099572360516 4274
1784236555809 0.014878666028380394 4275
1784236555827 0.044967688620090485 4276
1784236555847 0.09848420321941376 4277
1784236555865 0.3688012659549713 4278
1784236555882 0.03400646895170212 4279
1784236555898 0.1451641321182251 4280
1784236555916 0.18534384667873383 4281
1784236555933 0.047110240906476974 4282
1784236555949 0.18872004747390747 4283
1784236555968 0.05788562446832657 4284
1784236555987 0.048193126916885376 4285
1784236556005 0.011343919672071934 4286
1784236556023 0.12989284098148346 4287
1784236556041 0.04973035678267479 4288
1784236556059 0.08349219709634781 4289
1784236556077 0.14303258061408997 4290
1784236556095 0.04461962729692459 4291
1784236556115 0.026359595358371735 4292
1784236556132 0.06915359199047089 4293
1784236556152 0.18671546876430511 4294
1784236556169 0.14361678063869476 4295
1784236556187 0.043349482119083405 4296
1784236556204 0.022716892883181572 4297
1784236556222 0.025483012199401855 4298
1784236556240 0.07705526053905487 4299
1784236556258 0.2088135927915573 4300
1784236556276 0.01251637376844883 4301
1784236556312 0.05181799829006195 4302
1784236556418 0.07959423959255219 4303
1784236556449 0.09785651415586472 4304
1784236556469 0.12136189639568329 4305
1784236556489 0.09748835861682892 4306
1784236556507 0.16569051146507263 4307
1784236556523 0.051571059972047806 4308
1784236556540 0.040475379675626755 4309
1784236556556 0.14586126804351807 4310
1784236556574 0.052268482744693756 4311
1784236556592 0.01980641670525074 4312
1784236556608 0.026657795533537865 4313
1784236556624 0.3599723279476166 4314
1784236556640 0.032444775104522705 4315
1784236556656 0.008803997188806534 4316
1784236556674 0.055357180535793304 4317
1784236556692 0.004276089835911989 4318
1784236556710 0.02119184099137783 4319
1784236556728 0.18280133605003357 4320
1784236556746 0.09140989184379578 4321
1784236556763 0.008424506522715092 4322
1784236556781 0.12506386637687683 4323
1784236556800 0.042802393436431885 4324
1784236556817 0.060889218002557755 4325
1784236556837 0.08204587548971176 4326
1784236556854 0.03845775127410889 4327
1784236556871 0.1485847532749176 4328
1784236556887 0.04904915392398834 4329
1784236556904 0.01377007458359003 4330
1784236556920 0.12018393725156784 4331
1784236556938 0.10983333736658096 4332
1784236556955 0.011419755406677723 4333
1784236556972 0.24713334441184998 4334
1784236556991 0.12466928362846375 4335
1784236557007 0.016559330746531487 4336
1784236557024 0.03266535699367523 4337
1784236557040 0.023290948942303658 4338
1784236557058 0.04413469508290291 4339
1784236557076 0.22502931952476501 4340
1784236557096 0.33007943630218506 4341
1784236557120 0.02470649965107441 4342
1784236557139 0.2385542094707489 4343
1784236557161 0.10990756005048752 4344
1784236557181 0.18335328996181488 4345
1784236557200 0.006619551219046116 4346
1784236557219 0.24991048872470856 4347
1784236557236 0.066190704703331 4348
1784236557254 0.014986581169068813 4349
1784236557271 0.41999271512031555 4350
1784236557288 0.21210844814777374 4351
1784236557305 0.04244191199541092 4352
1784236557323 0.026321513578295708 4353
1784236557342 0.15157060325145721 4354
1784236557359 0.05687481164932251 4355
1784236557376 0.39747369289398193 4356
1784236557393 0.0404159352183342 4357
1784236557409 0.018735773861408234 4358
1784236557426 0.056068893522024155 4359
1784236557445 0.07813677936792374 4360
1784236557464 0.12501375377178192 4361
1784236557479 0.20986825227737427 4362
1784236557496 0.1240437924861908 4363
1784236557514 0.19120116531848907 4364
1784236557532 0.11584603786468506 4365
1784236557550 0.022442040964961052 4366
1784236557569 0.033091042190790176 4367
1784236557587 0.32158800959587097 4368
1784236557604 0.39642810821533203 4369
1784236557623 0.04416922107338905 4370
1784236557639 0.019073717296123505 4371
1784236557657 0.0434471033513546 4372
1784236557673 0.25905218720436096 4373
1784236557690 0.027093587443232536 4374
1784236557706 0.06949323415756226 4375
1784236557723 0.05389779806137085 4376
1784236557740 0.16969074308872223 4377
1784236557758 0.007952874526381493 4378
1784236557776 0.13717670738697052 4379
1784236557796 0.12793664634227753 4380
1784236557813 0.1317814737558365 4381
1784236557831 0.15455122292041779 4382
1784236557850 0.1369563490152359 4383
1784236557871 0.1054995208978653 4384
1784236557887 0.1792396456003189 4385
1784236557928 0.026669174432754517 4386
1784236557990 0.0256050918251276 4387
1784236558025 0.1030389592051506 4388
1784236558046 0.12191583961248398 4389
1784236558068 0.14868447184562683 4390
1784236558084 0.3675743639469147 4391
1784236558100 0.06489449739456177 4392
1784236558119 0.027288969606161118 4393
1784236558134 0.03898223862051964 4394
1784236558153 0.06965760886669159 4395
1784236558170 0.2826291024684906 4396
1784236558187 0.12177799642086029 4397
1784236558203 0.19485792517662048 4398
1784236558218 0.32713577151298523 4399
1784236558235 0.09896715730428696 4400
1784236558255 0.016430210322141647 4401
1784236558273 0.2050115317106247 4402
1784236558291 0.03274749964475632 4403
1784236558308 0.0293150432407856 4404
1784236558325 0.11590795964002609 4405
1784236558343 0.03910341113805771 4406
1784236558360 0.02904439903795719 4407
1784236558377 0.39956945180892944 4408
1784236558394 0.10879673808813095 4409
1784236558411 0.10104241222143173 4410
1784236558429 0.04666620492935181 4411
1784236558446 0.07258747518062592 4412
1784236558465 0.10086805373430252 4413
1784236558482 0.13635368645191193 4414
1784236558500 0.11036383360624313 4415
1784236558519 0.2997283339500427 4416
1784236558537 0.11410313099622726 4417
1784236558555 0.0938122570514679 4418
1784236558586 0.12643779814243317 4419
1784236558605 0.03630789741873741 4420
1784236558622 0.026854561641812325 4421
1784236558638 0.1158764511346817 4422
1784236558656 0.03342471271753311 4423
1784236558672 0.1985972672700882 4424
1784236558688 0.05492018163204193 4425
1784236558704 0.29010850191116333 4426
1784236558720 0.042364899069070816 4427
1784236558738 0.11300989240407944 4428
1784236558756 0.19508489966392517 4429
1784236558772 0.38378652930259705 4430
1784236558790 0.07495778799057007 4431
1784236558810 0.015046920627355576 4432
1784236558828 0.09606977552175522 4433
1784236558846 0.11778295785188675 4434
1784236558867 0.18347294628620148 4435
1784236558885 0.12709644436836243 4436
1784236558901 0.22443796694278717 4437
1784236558924 0.11187160760164261 4438
1784236558942 0.05785364657640457 4439
1784236558959 0.11612056940793991 4440
1784236558976 0.05074131116271019 4441
1784236558994 0.3280288875102997 4442
1784236559011 0.035048630088567734 4443
1784236559029 0.01984119601547718 4444
1784236559048 0.1733679175376892 4445
1784236559067 0.08550810813903809 4446
1784236559087 0.035224057734012604 4447
1784236559104 0.18919509649276733 4448
1784236559123 0.17647311091423035 4449
1784236559141 0.3340112566947937 4450
1784236559159 0.06306444108486176 4451
1784236559176 0.2949065864086151 4452
1784236559197 0.0710902139544487 4453
1784236559222 0.04154762998223305 4454
1784236559244 0.2012377679347992 4455
1784236559267 0.018268384039402008 4456
1784236559292 0.03268447518348694 4457
1784236559316 0.18408161401748657 4458
1784236559355 0.1740679293870926 4459
1784236559377 0.11145417392253876 4460
1784236559398 0.01276872307062149 4461
1784236559419 0.019310560077428818 4462
1784236559438 0.013892538845539093 4463
1784236559458 0.13339446485042572 4464
1784236559477 0.17129692435264587 4465
1784236559496 0.10401459783315659 4466
1784236559512 0.02865481562912464 4467
1784236559529 0.031353387981653214 4468
1784236559547 0.03038637898862362 4469
1784236559565 0.07917103916406631 4470
1784236559585 0.11445897072553635 4471
1784236559603 0.10359963774681091 4472
1784236559619 0.01127663254737854 4473
1784236559637 0.19267520308494568 4474
1784236559654 0.01226259209215641 4475
1784236559671 0.37639522552490234 4476
1784236559687 0.13280710577964783 4477
1784236559706 0.05167918652296066 4478
1784236559724 0.14191964268684387 4479
1784236559742 0.1551811546087265 4480
1784236559759 0.22319148480892181 4481
1784236559777 0.24278970062732697 4482
1784236559796 0.21283236145973206 4483
1784236559816 0.1419365555047989 4484
1784236559838 0.07423300296068192 4485
1784236559858 0.19128717482089996 4486
1784236559875 0.2826147675514221 4487
1784236559894 0.10592533648014069 4488
1784236559913 0.10239865630865097 4489
1784236559932 0.23491179943084717 4490
1784236559950 0.07622934877872467 4491
1784236559970 0.4157775938510895 4492
1784236559988 0.0491810142993927 4493
1784236560010 0.0500878244638443 4494
1784236560033 0.0228610597550869 4495
1784236560052 0.0961175337433815 4496
1784236560072 0.11320091784000397 4497
1784236560091 0.10135127604007721 4498
1784236560110 0.05992637574672699 4499
1784236560131 0.0652855709195137 4500
1784236560149 0.049052104353904724 4501
1784236560169 0.19321928918361664 4502
1784236560188 0.22214534878730774 4503
1784236560207 0.16040389239788055 4504
1784236560224 0.005995703861117363 4505
1784236560241 0.058854930102825165 4506
1784236560259 0.15611571073532104 4507
1784236560278 0.02886817790567875 4508
1784236560298 0.07659020274877548 4509
1784236560316 0.2427893579006195 4510
1784236560338 0.033667098730802536 4511
1784236560356 0.0211190115660429 4512
1784236560377 0.24336464703083038 4513
1784236560395 0.010336051695048809 4514
1784236560412 0.006861032452434301 4515
1784236560429 0.4992463290691376 4516
1784236560447 0.09125430881977081 4517
1784236560466 0.021532854065299034 4518
1784236560484 0.08069039136171341 4519
1784236560501 0.06550217419862747 4520
1784236560518 0.05366535112261772 4521
1784236560537 0.09688541293144226 4522
1784236560554 0.06549935042858124 4523
1784236560571 0.2487221658229828 4524
1784236560662 0.1369456946849823 4525
1784236560695 0.018977465108036995 4526
1784236560714 0.1407577097415924 4527
1784236560733 0.09404103457927704 4528
1784236560751 0.02590036205947399 4529
1784236560770 0.042009659111499786 4530
1784236560789 0.05134165287017822 4531
1784236560809 0.03176988288760185 4532
1784236560828 0.012378731742501259 4533
1784236560848 0.06312458217144012 4534
1784236560865 0.02308649756014347 4535
1784236560884 0.07817293703556061 4536
1784236560902 0.22628331184387207 4537
1784236560920 0.11496601998806 4538
1784236560938 0.08922235667705536 4539
1784236560956 0.11607752740383148 4540
1784236560972 0.05713941529393196 4541
1784236560991 0.1608058661222458 4542
1784236561008 0.15199865400791168 4543
1784236561027 0.08294934034347534 4544
1784236561044 0.08600954711437225 4545
1784236561061 0.27890560030937195 4546
1784236561078 0.1587757170200348 4547
1784236561096 0.058361247181892395 4548
1784236561112 0.07082382589578629 4549
1784236561131 0.05467677116394043 4550
1784236561150 0.1012808233499527 4551
1784236561168 0.10453184694051743 4552
1784236561186 0.0669587254524231 4553
1784236561204 0.29627054929733276 4554
1784236561220 0.04051371291279793 4555
1784236561237 0.15358377993106842 4556
1784236561254 0.2022532969713211 4557
1784236561273 0.019937735050916672 4558
1784236561290 0.05288054794073105 4559
1784236561307 0.11624059081077576 4560
1784236561325 0.03440195322036743 4561
1784236561342 0.03393257409334183 4562
1784236561359 0.033409830182790756 4563
1784236561378 0.14082668721675873 4564
1784236561398 0.17829687893390656 4565
1784236561418 0.014761910773813725 4566
1784236561434 0.013033976778388023 4567
1784236561452 0.10431981086730957 4568
1784236561469 0.04567635804414749 4569
1784236561485 0.20317186415195465 4570
1784236561501 0.06908128410577774 4571
1784236561517 0.030976004898548126 4572
1784236561534 0.11163004487752914 4573
1784236561550 0.09116008132696152 4574
1784236561569 0.026804475113749504 4575
1784236561587 0.07048357278108597 4576
1784236561606 0.05924168974161148 4577
1784236561626 0.20081426203250885 4578
1784236561647 0.07448801398277283 4579
1784236561668 0.21601563692092896 4580
1784236561688 0.15667885541915894 4581
1784236561707 0.11414036154747009 4582
1784236561725 0.07101311534643173 4583
1784236561743 0.016284845769405365 4584
1784236561762 0.20806635916233063 4585
1784236561781 0.06157192587852478 4586
1784236561802 0.11560117453336716 4587
1784236561819 0.03283814340829849 4588
1784236561838 0.2570551335811615 4589
1784236561856 0.17803409695625305 4590
1784236561874 0.5993992686271667 4591
1784236561892 0.086764857172966 4592
1784236561909 0.018547721207141876 4593
1784236561928 0.00919411052018404 4594
1784236561946 0.21504274010658264 4595
1784236562040 0.16734810173511505 4596
1784236562074 0.19183306396007538 4597
1784236562094 0.09336163848638535 4598
1784236562112 0.13583439588546753 4599
1784236562132 0.08146986365318298 4600
1784236562148 0.0846225842833519 4601
1784236562164 0.05660144239664078 4602
1784236562181 0.17205369472503662 4603
1784236562199 0.20965267717838287 4604
1784236562217 0.01109535712748766 4605
1784236562235 0.20411090552806854 4606
1784236562251 0.03519287332892418 4607
1784236562267 0.03886231407523155 4608
1784236562285 0.1230289563536644 4609
1784236562303 0.1904715895652771 4610
1784236562321 0.08015310764312744 4611
1784236562338 0.06900747120380402 4612
1784236562354 0.3600098490715027 4613
1784236562370 0.2084648758172989 4614
1784236562387 0.06359309703111649 4615
1784236562405 0.02743096463382244 4616
1784236562421 0.308113694190979 4617
1784236562439 0.2769572138786316 4618
1784236562455 0.19349290430545807 4619
1784236562472 0.1527266949415207 4620
1784236562489 0.047934286296367645 4621
1784236562505 0.10172915458679199 4622
1784236562523 0.03525640070438385 4623
1784236562540 0.11262466013431549 4624
1784236562558 0.0944218784570694 4625
1784236562575 0.28195932507514954 4626
1784236562592 0.07332997769117355 4627
1784236562609 0.09023983031511307 4628
1784236562627 0.04180106893181801 4629
1784236562653 0.018142327666282654 4630
1784236562672 0.10257025063037872 4631
1784236562689 0.11552777141332626 4632
1784236562707 0.2270159125328064 4633
1784236562725 0.0993114784359932 4634
1784236562742 0.03634472191333771 4635
1784236562761 0.032289616763591766 4636
1784236562778 0.3991281986236572 4637
1784236562795 0.04484321177005768 4638
1784236562813 0.08182477205991745 4639
1784236562833 0.007196215447038412 4640
1784236562852 0.015662701800465584 4641
1784236562869 0.029075637459754944 4642
1784236562887 0.04141755402088165 4643
1784236562905 0.0914251059293747 4644
1784236562924 0.0508226677775383 4645
1784236562943 0.062027160078287125 4646
1784236562963 0.045115549117326736 4647
1784236562983 0.22208106517791748 4648
1784236563004 0.017883848398923874 4649
1784236563023 0.12365321815013885 4650
1784236563042 0.051391635090112686 4651
1784236563060 0.24999073147773743 4652
1784236563082 0.0758221223950386 4653
1784236563102 0.031998585909605026 4654
1784236563120 0.3542320728302002 4655
1784236563138 0.044643692672252655 4656
1784236563157 0.15870651602745056 4657
1784236563175 0.06899910420179367 4658
1784236563194 0.07000388205051422 4659
1784236563213 0.07910068333148956 4660
1784236563232 0.10278502106666565 4661
1784236563330 0.13127529621124268 4662
1784236563359 0.030259277671575546 4663
1784236563377 0.10187730193138123 4664
1784236563400 0.13902823626995087 4665
1784236563420 0.13171270489692688 4666
1784236563440 0.12566153705120087 4667
1784236563460 0.17159409821033478 4668
1784236563479 0.028141992166638374 4669
1784236563499 0.09056193381547928 4670
1784236563517 0.012890826910734177 4671
1784236563535 0.08386863768100739 4672
1784236563555 0.1132466271519661 4673
1784236563572 0.24404774606227875 4674
1784236563590 0.049879200756549835 4675
1784236563609 0.10059361904859543 4676
1784236563628 0.08338382840156555 4677
1784236563648 0.22137637436389923 4678
1784236563668 0.01788506656885147 4679
1784236563685 0.03925124555826187 4680
1784236563704 0.3088266849517822 4681
1784236563721 0.0059138573706150055 4682
1784236563739 0.01943220943212509 4683
1784236563757 0.14072301983833313 4684
1784236563776 0.0209633931517601 4685
1784236563795 0.2701878845691681 4686
1784236563815 0.025769049301743507 4687
1784236563833 0.01819649338722229 4688
1784236563851 0.2266705185174942 4689
1784236563874 0.06995034962892532 4690
1784236563895 0.20633967220783234 4691
1784236563915 0.018351249396800995 4692
1784236563936 0.2564418315887451 4693
1784236563955 0.0860326737165451 4694
1784236563974 0.2568291425704956 4695
1784236563991 0.07264914363622665 4696
1784236564010 0.184017613530159 4697
1784236564029 0.009611948393285275 4698
1784236564046 0.06042855605483055 4699
1784236564067 0.05029379576444626 4700
1784236564087 0.04262838140130043 4701
1784236564104 0.026492569595575333 4702
1784236564122 0.26735928654670715 4703
1784236564139 0.01240475568920374 4704
1784236564157 0.006279686000198126 4705
1784236564174 0.1303766965866089 4706
1784236564192 0.03515569120645523 4707
1784236564209 0.04207771643996239 4708
1784236564226 0.3280036151409149 4709
1784236564243 0.14492708444595337 4710
1784236564262 0.08996071666479111 4711
1784236564281 0.20105235278606415 4712
1784236564299 0.0037141479551792145 4713
1784236564319 0.025354012846946716 4714
1784236564337 0.23632578551769257 4715
1784236564354 0.1630740761756897 4716
1784236564371 0.07438809424638748 4717
1784236564387 0.010881532914936543 4718
1784236564404 0.022900685667991638 4719
1784236564423 0.3133823275566101 4720
1784236564440 0.07260176539421082 4721
1784236564458 0.48215457797050476 4722
1784236564477 0.1203342005610466 4723
1784236564495 0.027828864753246307 4724
1784236564514 0.035425830632448196 4725
1784236564535 0.22369542717933655 4726
1784236564553 0.07271051406860352 4727
1784236564572 0.03864957392215729 4728
1784236564590 0.0727514699101448 4729
1784236564681 0.10551036149263382 4730
1784236564716 0.4957800507545471 4731
1784236564738 0.023983681574463844 4732
1784236564756 0.06873796135187149 4733
1784236564775 0.02161182463169098 4734
1784236564793 0.19817383587360382 4735
1784236564810 0.09052953124046326 4736
1784236564829 0.10761374235153198 4737
1784236564849 0.03183010593056679 4738
1784236564865 0.06247996538877487 4739
1784236564882 0.17790710926055908 4740
1784236564897 0.20345520973205566 4741
1784236564914 0.17770542204380035 4742
1784236564931 0.1550767421722412 4743
1784236564950 0.005476170685142279 4744
1784236564966 0.018178895115852356 4745
1784236564985 0.047410301864147186 4746
1784236565003 0.0639185905456543 4747
1784236565020 0.015688316896557808 4748
1784236565036 0.126125305891037 4749
1784236565053 0.09337785094976425 4750
1784236565072 0.03178436681628227 4751
1784236565088 0.2320672869682312 4752
1784236565105 0.2314404845237732 4753
1784236565122 0.02174963615834713 4754
1784236565138 0.12188486754894257 4755
1784236565156 0.005354182329028845 4756
1784236565173 0.14199918508529663 4757
1784236565193 0.17674271762371063 4758
1784236565211 0.06438851356506348 4759
1784236565228 0.018208809196949005 4760
1784236565247 0.18701715767383575 4761
1784236565266 0.007722948677837849 4762
1784236565282 0.10457780957221985 4763
1784236565302 0.13014496862888336 4764
1784236565320 0.028125207871198654 4765
1784236565337 0.2120886594057083 4766
1784236565354 0.05892624706029892 4767
1784236565370 0.031070658937096596 4768
1784236565388 0.036406442523002625 4769
1784236565404 0.12837569415569305 4770
1784236565422 0.09323809295892715 4771
1784236565440 0.2269163429737091 4772
1784236565458 0.029850563034415245 4773
1784236565476 0.12101008743047714 4774
1784236565494 0.016684221103787422 4775
1784236565511 0.06904551386833191 4776
1784236565529 0.02860485389828682 4777
1784236565548 0.01705523021519184 4778
1784236565566 0.22251732647418976 4779
1784236565585 0.1011749729514122 4780
1784236565602 0.08561308681964874 4781
1784236565621 0.10725396126508713 4782
1784236565638 0.11387093365192413 4783
1784236565668 0.08421535789966583 4784
1784236565686 0.03464554250240326 4785
1784236565703 0.23014622926712036 4786
1784236565721 0.05034228786826134 4787
1784236565738 0.05728338658809662 4788
1784236565755 0.02769431844353676 4789
1784236565782 0.1807861626148224 4790
1784236565801 0.11248760670423508 4791
1784236565821 0.044796090573072433 4792
1784236565838 0.07071634382009506 4793
1784236565856 0.0463661253452301 4794
1784236565873 0.17412729561328888 4795
1784236565892 0.12274588644504547 4796
1784236565911 0.008845508098602295 4797
1784236565930 0.05952310189604759 4798
1784236566019 0.06661416590213776 4799
1784236566056 0.08173846453428268 4800
1784236566077 0.2670961022377014 4801
1784236566097 0.02691011130809784 4802
1784236566119 0.12680108845233917 4803
1784236566142 0.03500501811504364 4804
1784236566163 0.035511214286088943 4805
1784236566186 0.0852297842502594 4806
1784236566207 0.12130621820688248 4807
1784236566228 0.004622302483767271 4808
1784236566246 0.11933276057243347 4809
1784236566263 0.23247510194778442 4810
1784236566280 0.08178453892469406 4811
1784236566299 0.08024872839450836 4812
1784236566316 0.24369847774505615 4813
1784236566337 0.08365935832262039 4814
1784236566354 0.010374913923442364 4815
1784236566371 0.17211592197418213 4816
1784236566388 0.2606877088546753 4817
1784236566407 0.1174551323056221 4818
1784236566424 0.1283019483089447 4819
1784236566443 0.009735003113746643 4820
1784236566460 0.23863904178142548 4821
1784236566475 0.01939229480922222 4822
1784236566493 0.227274090051651 4823
1784236566510 0.10401444137096405 4824
1784236566526 0.20925864577293396 4825
1784236566544 0.6425614356994629 4826
1784236566561 0.21046128869056702 4827
1784236566578 0.1514713615179062 4828
1784236566596 0.2268504500389099 4829
1784236566612 0.28345751762390137 4830
1784236566627 0.1720593273639679 4831
1784236566644 0.03804172948002815 4832
1784236566659 0.16115736961364746 4833
1784236566675 0.07474645972251892 4834
1784236566691 0.024222804233431816 4835
1784236566705 0.28095290064811707 4836
1784236566722 0.09080643951892853 4837
1784236566739 0.17819851636886597 4838
1784236566756 0.024480391293764114 4839
1784236566773 0.014049605466425419 4840
1784236566790 0.04060676321387291 4841
1784236566808 0.10872344672679901 4842
1784236566824 0.26911622285842896 4843
1784236566845 0.06157888472080231 4844
1784236566864 0.1064697653055191 4845
1784236566878 0.06071510538458824 4846
1784236566895 0.21485544741153717 4847
1784236566911 0.03570864722132683 4848
1784236566927 0.16606298089027405 4849
1784236566944 0.2280745506286621 4850
1784236566961 0.20259498059749603 4851
1784236566978 0.27989333868026733 4852
1784236566995 0.1694820672273636 4853
1784236567010 0.061953190714120865 4854
1784236567027 0.08887185901403427 4855
1784236567045 0.1323966532945633 4856
1784236567061 0.02187732793390751 4857
1784236567077 0.067423515021801 4858
1784236567092 0.04114655405282974 4859
1784236567109 0.16832202672958374 4860
1784236567126 0.04822207987308502 4861
1784236567142 0.12445433437824249 4862
1784236567158 0.04480401426553726 4863
1784236567175 0.14668752253055573 4864
1784236567192 0.08106061816215515 4865
1784236567210 0.03498530387878418 4866
1784236567225 0.1539381593465805 4867
1784236567243 0.03548470139503479 4868
1784236567261 0.373008668422699 4869
1784236567276 0.06521212309598923 4870
1784236567292 0.070988230407238 4871
1784236567311 0.08712267875671387 4872
1784236567359 0.03858491778373718 4873
1784236567408 0.24721398949623108 4874
1784236567443 0.2765272855758667 4875
1784236567475 0.06559914350509644 4876
1784236567505 0.09540017694234848 4877
1784236567531 0.04830218851566315 4878
1784236567553 0.10086800158023834 4879
1784236567575 0.08967273682355881 4880
1784236567595 0.12339772284030914 4881
1784236567617 0.05258447304368019 4882
1784236567636 0.017612159252166748 4883
1784236567654 0.060801487416028976 4884
1784236567706 0.22305366396903992 4885
1784236567767 0.11887042224407196 4886
1784236567806 0.011644149199128151 4887
1784236567825 0.1010749489068985 4888
1784236567848 0.03293601796030998 4889
1784236567868 0.009731692261993885 4890
1784236567887 0.06320665776729584 4891
1784236567906 0.06957292556762695 4892
1784236567924 0.28781604766845703 4893
1784236567942 0.008992676623165607 4894
1784236567962 0.19751614332199097 4895
1784236567980 0.07019508630037308 4896
1784236568000 0.018391676247119904 4897
1784236568021 0.003296945709735155 4898
1784236568039 0.03204140067100525 4899
1784236568057 0.1327059268951416 4900
1784236568076 0.055116213858127594 4901
1784236568095 0.03438306227326393 4902
1784236568113 0.2121763527393341 4903
1784236568133 0.023496456444263458 4904
1784236568151 0.1033235415816307 4905
1784236568168 0.05392125993967056 4906
1784236568186 0.21206915378570557 4907
1784236568204 0.09558580815792084 4908
1784236568222 0.4198616147041321 4909
1784236568239 0.010602278634905815 4910
1784236568256 0.01524105854332447 4911
1784236568273 0.07900375872850418 4912
1784236568291 0.022202251479029655 4913
1784236568308 0.03396013751626015 4914
1784236568326 0.2782612144947052 4915
1784236568350 0.03590267524123192 4916
1784236568374 0.1800537407398224 4917
1784236568397 0.017432671040296555 4918
1784236568439 0.15129755437374115 4919
1784236568464 0.016070693731307983 4920
1784236568489 0.10088144242763519 4921
1784236568510 0.05246904492378235 4922
1784236568528 0.008022082969546318 4923
1784236568552 0.05471786484122276 4924
1784236568571 0.13309034705162048 4925
1784236568594 0.1006036326289177 4926
1784236568614 0.08607415854930878 4927
1784236568637 0.1570061594247818 4928
1784236568656 0.20879249274730682 4929
1784236568676 0.004523629322648048 4930
1784236568698 0.07515642791986465 4931
1784236568726 0.07667998969554901 4932
1784236568747 0.18007603287696838 4933
1784236568767 0.06332182139158249 4934
1784236568787 0.03597836196422577 4935
1784236568806 0.2125742882490158 4936
1784236568826 0.05818433314561844 4937
1784236568846 0.15889711678028107 4938
1784236568867 0.03742556646466255 4939
1784236568887 0.007639072835445404 4940
1784236568905 0.1597934514284134 4941
1784236568925 0.15717434883117676 4942
1784236568943 0.13768921792507172 4943
1784236568962 0.058457113802433014 4944
1784236568980 0.01795218698680401 4945
1784236569001 0.030259395018219948 4946
1784236569019 0.16100694239139557 4947
1784236569039 0.14556284248828888 4948
1784236569056 0.028409067541360855 4949
1784236569074 0.008076426573097706 4950
1784236569093 0.24466830492019653 4951
1784236569192 0.0480780154466629 4952
1784236569228 0.06922400742769241 4953
1784236569245 0.09232404083013535 4954
1784236569267 0.11496932804584503 4955
1784236569285 0.1339968889951706 4956
1784236569304 0.05263751000165939 4957
1784236569321 0.14418384432792664 4958
1784236569338 0.2709174156188965 4959
1784236569357 0.07501786947250366 4960
1784236569374 0.012546684592962265 4961
1784236569393 0.004959162324666977 4962
1784236569416 0.13045893609523773 4963
1784236569435 0.028520191088318825 4964
1784236569456 0.038681790232658386 4965
1784236569474 0.10334419459104538 4966
1784236569494 0.22866223752498627 4967
1784236569517 0.05082710459828377 4968
1784236569537 0.23600324988365173 4969
1784236569559 0.010514125227928162 4970
1784236569579 0.054419487714767456 4971
1784236569600 0.08071904629468918 4972
1784236569620 0.053613677620887756 4973
1784236569638 0.02783873677253723 4974
1784236569657 0.06595905870199203 4975
1784236569679 0.0539957620203495 4976
1784236569698 0.051193512976169586 4977
1784236569717 0.0030783736146986485 4978
1784236569735 0.026750199496746063 4979
1784236569752 0.02474142424762249 4980
1784236569770 0.09933756291866302 4981
1784236569789 0.1231817677617073 4982
1784236569808 0.20604823529720306 4983
1784236569829 0.07591013610363007 4984
1784236569846 0.03082665614783764 4985
1784236569865 0.26052311062812805 4986
1784236569885 0.11996743083000183 4987
1784236569905 0.02951243333518505 4988
1784236569924 0.07699467241764069 4989
1784236569942 0.08089778572320938 4990
1784236569962 0.033389899879693985 4991
1784236569980 0.1351137012243271 4992
1784236569999 0.11128125339746475 4993
1784236570018 0.021682891994714737 4994
1784236570036 0.04135478287935257 4995
1784236570054 0.19044391810894012 4996
1784236570071 0.0364253930747509 4997
1784236570088 0.25245651602745056 4998
1784236570106 0.35556304454803467 4999
1784236570123 0.028146442025899887 5000
1784236570139 0.046421654522418976 5001
1784236570158 0.2646655738353729 5002
1784236570175 0.03071882762014866 5003
1784236570193 0.2707533538341522 5004
1784236570213 0.06227225437760353 5005
1784236570230 0.04407760128378868 5006
1784236570246 0.044836338609457016 5007
1784236570266 0.09575986117124557 5008
1784236570284 0.030357535928487778 5009
1784236570302 0.20435185730457306 5010
1784236570318 0.14551110565662384 5011
1784236570338 0.19880862534046173 5012
1784236570355 0.3810536861419678 5013
1784236570374 0.0689544677734375 5014
1784236570394 0.0602189302444458 5015
1784236570416 0.025629907846450806 5016
1784236570436 0.25341737270355225 5017
1784236570454 0.03733634203672409 5018
1784236570471 0.15941177308559418 5019
1784236570491 0.25336506962776184 5020
1784236570508 0.30813461542129517 5021
1784236570528 0.0996057540178299 5022
1784236570548 0.20321379601955414 5023
1784236570568 0.04282399266958237 5024
1784236570586 0.15838083624839783 5025
1784236570603 0.10561823099851608 5026
1784236570621 0.2733401954174042 5027
1784236570638 0.11669337749481201 5028
1784236570736 0.11573942005634308 5029
1784236570773 0.21390703320503235 5030
1784236570796 0.34267541766166687 5031
1784236570818 0.03239813819527626 5032
1784236570836 0.19518250226974487 5033
1784236570854 0.33429399132728577 5034
1784236570872 0.07695505023002625 5035
1784236570890 0.0889054536819458 5036
1784236570908 0.12554574012756348 5037
1784236570926 0.09464004635810852 5038
1784236570943 0.0800226628780365 5039
1784236570960 0.07179641723632812 5040
1784236570977 0.0175784919410944 5041
1784236570995 0.03960767388343811 5042
1784236571015 0.19027790427207947 5043
1784236571034 0.07883478701114655 5044
1784236571051 0.16004276275634766 5045
1784236571068 0.021645987406373024 5046
1784236571085 0.18929678201675415 5047
1784236571102 0.07666604220867157 5048
1784236571119 0.016481826081871986 5049
1784236571134 0.1286395639181137 5050
1784236571151 0.1512402594089508 5051
1784236571168 0.23080973327159882 5052
1784236571187 0.00873071514070034 5053
1784236571205 0.12313554435968399 5054
1784236571221 0.10946320742368698 5055
1784236571238 0.0433715283870697 5056
1784236571256 0.2487347573041916 5057
1784236571272 0.3281261920928955 5058
1784236571290 0.38114428520202637 5059
1784236571306 0.015670601278543472 5060
1784236571324 0.01764031872153282 5061
1784236571341 0.030645880848169327 5062
1784236571359 0.024370506405830383 5063
1784236571374 0.10587630420923233 5064
1784236571391 0.22553452849388123 5065
1784236571409 0.05093790963292122 5066
1784236571428 0.16040903329849243 5067
1784236571446 0.07020020484924316 5068
1784236571463 0.1020260602235794 5069
1784236571477 0.04610208794474602 5070
1784236571498 0.3677644729614258 5071
1784236571516 0.1559123694896698 5072
1784236571533 0.24579457938671112 5073
1784236571551 0.006755492649972439 5074
1784236571569 0.047719646245241165 5075
1784236571594 0.07219213247299194 5076
1784236571609 0.18663527071475983 5077
1784236571626 0.18692626059055328 5078
1784236571644 0.22480559349060059 5079
1784236571661 0.08547393232584 5080
1784236571678 0.09539174288511276 5081
1784236571696 0.13148769736289978 5082
1784236571714 0.011372308246791363 5083
1784236571732 0.010586395859718323 5084
1784236571750 0.13850991427898407 5085
1784236571766 0.06742426007986069 5086
1784236571784 0.09700694680213928 5087
1784236571802 0.28394803404808044 5088
1784236571819 0.15263651311397552 5089
1784236571835 0.017932116985321045 5090
1784236571851 0.07783572375774384 5091
1784236571866 0.21696370840072632 5092
1784236571882 0.06806879490613937 5093
1784236571898 0.14626024663448334 5094
1784236571915 0.020149867981672287 5095
1784236572004 0.06277832388877869 5096
1784236572038 0.15895956754684448 5097
1784236572057 0.17052896320819855 5098
1784236572075 0.05185617506504059 5099
1784236572093 0.23890560865402222 5100
1784236572110 0.07175538688898087 5101
1784236572131 0.04855075106024742 5102
1784236572147 0.19816841185092926 5103
1784236572165 0.27209144830703735 5104
1784236572180 0.060272522270679474 5105
1784236572201 0.00821874663233757 5106
1784236572223 0.12871932983398438 5107
1784236572246 0.015702834352850914 5108
1784236572269 0.10485498607158661 5109
1784236572290 0.19786638021469116 5110
1784236572312 0.021731683984398842 5111
1784236572335 0.09278418868780136 5112
1784236572357 0.009019681252539158 5113
1784236572380 0.032927028834819794 5114
1784236572402 0.21417927742004395 5115
1784236572422 0.003876125905662775 5116
1784236572445 0.09837407618761063 5117
1784236572462 0.1646663248538971 5118
1784236572480 0.022927340120077133 5119
1784236572499 0.0804426372051239 5120
1784236572514 0.05929683893918991 5121
1784236572532 0.07047072798013687 5122
1784236572549 0.2328309565782547 5123
1784236572565 0.11184177547693253 5124
1784236572582 0.22875994443893433 5125
1784236572602 0.15069156885147095 5126
1784236572618 0.20116834342479706 5127
1784236572636 0.3906565010547638 5128
1784236572655 0.2946014702320099 5129
1784236572673 0.09697631746530533 5130
1784236572691 0.07893425971269608 5131
1784236572708 0.04416312277317047 5132
1784236572724 0.2311217337846756 5133
1784236572742 0.028450271114706993 5134
1784236572762 0.005718536209315062 5135
1784236572780 0.15353454649448395 5136
1784236572800 0.011855017393827438 5137
1784236572818 0.033566951751708984 5138
1784236572835 0.10234727710485458 5139
1784236572854 0.24981018900871277 5140
1784236572871 0.10272509604692459 5141
1784236572891 0.18125183880329132 5142
1784236572911 0.10355709493160248 5143
1784236572933 0.18128198385238647 5144
1784236572952 0.11496879160404205 5145
1784236572972 0.1617637276649475 5146
1784236573000 0.019424036145210266 5147
1784236573021 0.005189207382500172 5148
1784236573042 0.03448454290628433 5149
1784236573062 0.12364442646503448 5150
1784236573084 0.040252067148685455 5151
1784236573101 0.013356518000364304 5152
1784236573119 0.09504471719264984 5153
1784236573136 0.027069339528679848 5154
1784236573154 0.03847172111272812 5155
1784236573171 0.04530486464500427 5156
1784236573188 0.059683967381715775 5157
1784236573205 0.1932601034641266 5158
1784236573223 0.2033076137304306 5159
1784236573240 0.015523341484367847 5160
1784236573258 0.012651246041059494 5161
1784236573276 0.02825336344540119 5162
1784236573366 0.12282034754753113 5163
1784236573399 0.0476972721517086 5164
1784236573418 0.2600601315498352 5165
1784236573436 0.024940166622400284 5166
1784236573453 0.1300266534090042 5167
1784236573468 0.05009409040212631 5168
1784236573484 0.024463484063744545 5169
1784236573500 0.2253360152244568 5170
1784236573517 0.07035382837057114 5171
1784236573535 0.059637896716594696 5172
1784236573551 0.1138484999537468 5173
1784236573567 0.11335598677396774 5174
1784236573584 0.038868267089128494 5175
1784236573600 0.010276746936142445 5176
1784236573617 0.022567370906472206 5177
1784236573634 0.14482708275318146 5178
1784236573651 0.06453178822994232 5179
1784236573667 0.17459221184253693 5180
1784236573684 0.08240887522697449 5181
1784236573703 0.02745877206325531 5182
1784236573720 0.03824533149600029 5183
1784236573737 0.039167676120996475 5184
1784236573754 0.10407735407352448 5185
1784236573772 0.04292600229382515 5186
1784236573790 0.04444873705506325 5187
1784236573808 0.12084982544183731 5188
1784236573826 0.11358840018510818 5189
1784236573845 0.09132152795791626 5190
1784236573864 0.055688247084617615 5191
1784236573881 0.12980985641479492 5192
1784236573898 0.025668125599622726 5193
1784236573916 0.02263605035841465 5194
1784236573934 0.016790643334388733 5195
1784236573953 0.10221224278211594 5196
1784236573970 0.2426799088716507 5197
1784236573986 0.04308600723743439 5198
1784236574003 0.08044792711734772 5199
1784236574020 0.09021981805562973 5200
1784236574037 0.12878449261188507 5201
1784236574054 0.027412816882133484 5202
1784236574071 0.039521828293800354 5203
1784236574089 0.03312111645936966 5204
1784236574106 0.04053405299782753 5205
1784236574123 0.0054807234555482864 5206
1784236574141 0.2107786238193512 5207
1784236574158 0.11569376289844513 5208
1784236574176 0.008820803835988045 5209
1784236574195 0.0398116372525692 5210
1784236574214 0.020444180816411972 5211
1784236574232 0.2879374623298645 5212
1784236574250 0.09018293023109436 5213
1784236574268 0.11339034885168076 5214
1784236574284 0.06446979939937592 5215
1784236574302 0.008912486955523491 5216
1784236574319 0.07440000027418137 5217
1784236574336 0.01656782440841198 5218
1784236574353 0.07298185676336288 5219
1784236574371 0.1330990195274353 5220
1784236574390 0.044776249676942825 5221
1784236574408 0.14273935556411743 5222
1784236574424 0.018976252526044846 5223
1784236574442 0.059398576617240906 5224
1784236574460 0.00789440143853426 5225
1784236574477 0.21901392936706543 5226
1784236574495 0.06752429157495499 5227
1784236574513 0.050864920020103455 5228
1784236574531 0.0679590180516243 5229
1784236574550 0.26968178153038025 5230
1784236574568 0.037724871188402176 5231
1784236574585 0.33466991782188416 5232
1784236574601 0.12223291397094727 5233
1784236574632 0.06698436290025711 5234
1784236574653 0.14416342973709106 5235
1784236574670 0.030740128830075264 5236
1784236574688 0.04465207830071449 5237
1784236574705 0.15717428922653198 5238
1784236574723 0.07804776728153229 5239
1784236574739 0.005621615331619978 5240
1784236574761 0.14395968616008759 5241
1784236574778 0.1878000795841217 5242
1784236574796 0.09331914782524109 5243
1784236574814 0.2329745888710022 5244
1784236574832 0.02662714757025242 5245
1784236574921 0.056759003549814224 5246
1784236574954 0.030240366235375404 5247
1784236574972 0.050068892538547516 5248
1784236574991 0.05559515208005905 5249
1784236575008 0.006647581234574318 5250
1784236575024 0.030199415981769562 5251
1784236575042 0.14063669741153717 5252
1784236575059 0.010845647193491459 5253
1784236575074 0.04822962358593941 5254
1784236575091 0.04323241859674454 5255
1784236575108 0.039601098746061325 5256
1784236575125 0.051696281880140305 5257
1784236575142 0.03746431693434715 5258
1784236575161 0.043224792927503586 5259
1784236575180 0.04707279056310654 5260
1784236575199 0.07738709449768066 5261
1784236575216 0.17977412045001984 5262
1784236575235 0.024758102372288704 5263
1784236575255 0.014822821132838726 5264
1784236575273 0.11250556260347366 5265
1784236575294 0.10453136265277863 5266
1784236575315 0.032219354063272476 5267
1784236575334 0.011430701240897179 5268
1784236575351 0.17615650594234467 5269
1784236575367 0.26705995202064514 5270
1784236575386 0.1811511367559433 5271
1784236575403 0.053962524980306625 5272
1784236575421 0.01315600611269474 5273
1784236575439 0.03615806624293327 5274
1784236575455 0.08824128657579422 5275
1784236575472 0.13028118014335632 5276
1784236575488 0.030393818393349648 5277
1784236575505 0.012163273990154266 5278
1784236575522 0.007483037654310465 5279
1784236575539 0.1148938238620758 5280
1784236575556 0.03583830967545509 5281
1784236575572 0.07771266251802444 5282
1784236575590 0.00455461535602808 5283
1784236575607 0.08956015110015869 5284
1784236575625 0.08323246985673904 5285
1784236575643 0.18063883483409882 5286
1784236575660 0.019359683617949486 5287
1784236575678 0.005411374382674694 5288
1784236575696 0.053440194576978683 5289
1784236575720 0.03609953820705414 5290
1784236575736 0.05965417996048927 5291
1784236575753 0.03438086435198784 5292
1784236575771 0.062485236674547195 5293
1784236575789 0.00946894008666277 5294
1784236575807 0.3141815662384033 5295
1784236575826 0.20464816689491272 5296
1784236575845 0.11870434135198593 5297
1784236575864 0.22648726403713226 5298
1784236575882 0.005642612464725971 5299
1784236575899 0.0356438085436821 5300
1784236575917 0.06439495086669922 5301
1784236575935 0.10505319386720657 5302
1784236575954 0.20549991726875305 5303
1784236575972 0.14053146541118622 5304
1784236575991 0.051564060151576996 5305
1784236576009 0.17598813772201538 5306
1784236576026 0.13067539036273956 5307
1784236576044 0.03425257280468941 5308
1784236576063 0.2369261384010315 5309
1784236576079 0.018172383308410645 5310
1784236576095 0.044150255620479584 5311
1784236576115 0.10619441419839859 5312
1784236576208 0.004126783926039934 5313
1784236576244 0.37114495038986206 5314
1784236576264 0.05871090292930603 5315
1784236576281 0.579939067363739 5316
1784236576300 0.008134685456752777 5317
1784236576317 0.005914510227739811 5318
1784236576335 0.013589859940111637 5319
1784236576353 0.08487814664840698 5320
1784236576371 0.2104380577802658 5321
1784236576389 0.04389087110757828 5322
1784236576409 0.01941993087530136 5323
1784236576428 0.35065072774887085 5324
1784236576449 0.08883444219827652 5325
1784236576467 0.2224770039319992 5326
1784236576484 0.06467011570930481 5327
1784236576503 0.2541654109954834 5328
1784236576521 0.0429227314889431 5329
1784236576542 0.0972708910703659 5330
1784236576561 0.09934041649103165 5331
1784236576580 0.07220631837844849 5332
1784236576597 0.134626105427742 5333
1784236576616 0.2375679314136505 5334
1784236576634 0.13013455271720886 5335
1784236576652 0.15874043107032776 5336
1784236576669 0.11877025663852692 5337
1784236576686 0.021155567839741707 5338
1784236576701 0.03219174966216087 5339
1784236576719 0.0958106517791748 5340
1784236576737 0.2352457493543625 5341
1784236576752 0.08362004905939102 5342
1784236576769 0.06215346232056618 5343
1784236576788 0.017420759424567223 5344
1784236576808 0.13344720005989075 5345
1784236576825 0.09101630002260208 5346
1784236576845 0.21529725193977356 5347
1784236576864 0.0659579485654831 5348
1784236576881 0.20698657631874084 5349
1784236576899 0.046918533742427826 5350
1784236576914 0.0059924256056547165 5351
1784236576932 0.01092558540403843 5352
1784236576951 0.11603835225105286 5353
1784236576967 0.15056543052196503 5354
1784236576982 0.15469427406787872 5355
1784236577000 0.2525160610675812 5356
1784236577020 0.36188915371894836 5357
1784236577038 0.1878385990858078 5358
1784236577055 0.12144853174686432 5359
1784236577073 0.07234726846218109 5360
1784236577091 0.0721168965101242 5361
1784236577108 0.15699614584445953 5362
1784236577126 0.0996384546160698 5363
1784236577143 0.12913884222507477 5364
1784236577162 0.06836824119091034 5365
1784236577178 0.014717547222971916 5366
1784236577197 0.03044498711824417 5367
1784236577212 0.015173641964793205 5368
1784236577230 0.0810413733124733 5369
1784236577248 0.1369093805551529 5370
1784236577267 0.024489978328347206 5371
1784236577284 0.1548340618610382 5372
1784236577301 0.3214437663555145 5373
1784236577319 0.015588006004691124 5374
1784236577339 0.060225702822208405 5375
1784236577357 0.18872137367725372 5376
1784236577378 0.04451235756278038 5377
1784236577402 0.007879266515374184 5378
1784236577423 0.13012367486953735 5379
1784236577446 0.0563778281211853 5380
1784236577470 0.009088099002838135 5381
1784236577492 0.010522022843360901 5382
1784236577520 0.24965521693229675 5383
1784236577541 0.35706672072410583 5384
1784236577562 0.11907844245433807 5385
1784236577583 0.17751522362232208 5386
1784236577602 0.11002730578184128 5387
1784236577620 0.13142403960227966 5388
1784236577636 0.06603386253118515 5389
1784236577653 0.17351655662059784 5390
1784236577670 0.12005351483821869 5391
1784236577687 0.08453064411878586 5392
1784236577706 0.0518956333398819 5393
1784236577725 0.10352274775505066 5394
1784236577745 0.022193903103470802 5395
1784236577763 0.029830370098352432 5396
1784236577783 0.10889390856027603 5397
1784236577801 0.09276791661977768 5398
1784236577817 0.13086619973182678 5399
1784236577834 0.08878564834594727 5400
1784236577851 0.025659864768385887 5401
1784236577867 0.2633468806743622 5402
1784236577883 0.1815684735774994 5403
1784236577902 0.034090761095285416 5404
1784236577917 0.14830423891544342 5405
1784236577934 0.03497660532593727 5406
1784236577953 0.1562374234199524 5407
1784236577969 0.04688611999154091 5408
1784236577988 0.021875977516174316 5409
1784236578006 0.24262648820877075 5410
1784236578022 0.06047600507736206 5411
1784236578038 0.2519274950027466 5412
1784236578055 0.3372608721256256 5413
1784236578144 0.02640424855053425 5414
1784236578163 0.350803405046463 5415
1784236578186 0.06379609555006027 5416
1784236578207 0.02920173481106758 5417
1784236578228 0.02036919817328453 5418
1784236578263 0.36379706859588623 5419
1784236578281 0.09513109922409058 5420
1784236578298 0.07950497418642044 5421
1784236578316 0.01367886271327734 5422
1784236578334 0.15682660043239594 5423
1784236578350 0.22125712037086487 5424
1784236578368 0.10376676917076111 5425
1784236578385 0.06580942124128342 5426
1784236578400 0.15005704760551453 5427
1784236578419 0.0656939223408699 5428
1784236578437 0.04151168093085289 5429
1784236578455 0.04501356929540634 5430
1784236578473 0.07853821665048599 5431
1784236578490 0.1512620747089386 5432
1784236578507 0.04115057736635208 5433
1784236578524 0.05734747648239136 5434
1784236578543 0.06309238076210022 5435
1784236578561 0.050771813839673996 5436
1784236578580 0.023666732013225555 5437
1784236578599 0.2003261148929596 5438
1784236578617 0.04544515162706375 5439
1784236578636 0.07954051345586777 5440
1784236578653 0.0731247067451477 5441
1784236578672 0.00672914506867528 5442
1784236578691 0.02379147708415985 5443
1784236578709 0.1310202032327652 5444
1784236578729 0.30292266607284546 5445
1784236578749 0.0065556182526052 5446
1784236578767 0.06922595947980881 5447
1784236578786 0.19504272937774658 5448
1784236578805 0.03424464911222458 5449
1784236578824 0.010166521184146404 5450
1784236578846 0.3954414129257202 5451
1784236578865 0.5191330909729004 5452
1784236578884 0.02141822688281536 5453
1784236578903 0.033089473843574524 5454
1784236578922 0.2412426769733429 5455
1784236578941 0.0434507392346859 5456
1784236578962 0.0990704894065857 5457
1784236578981 0.0694773718714714 5458
1784236578999 0.1510971635580063 5459
1784236579018 0.1326204240322113 5460
1784236579037 0.17354167997837067 5461
1784236579056 0.034815143793821335 5462
1784236579074 0.021979214623570442 5463
1784236579091 0.03960317000746727 5464
1784236579108 0.028301391750574112 5465
1784236579126 0.28181329369544983 5466
1784236579146 0.1553039699792862 5467
1784236579161 0.17599184811115265 5468
1784236579179 0.11628998816013336 5469
1784236579197 0.0649566799402237 5470
1784236579213 0.03122461959719658 5471
1784236579230 0.06830278038978577 5472
1784236579248 0.2954864203929901 5473
1784236579264 0.17635537683963776 5474
1784236579281 0.010255793109536171 5475
1784236579298 0.11538314819335938 5476
1784236579318 0.08158449083566666 5477
1784236579334 0.021598398685455322 5478
1784236579350 0.16074910759925842 5479
1784236579440 0.0559672974050045 5480
1784236579479 0.16400569677352905 5481
1784236579497 0.402015745639801 5482
1784236579517 0.06781494617462158 5483
1784236579533 0.08458384871482849 5484
1784236579551 0.10596603900194168 5485
1784236579567 0.24130888283252716 5486
1784236579584 0.03190810605883598 5487
1784236579599 0.10345881432294846 5488
1784236579615 0.11894741654396057 5489
1784236579634 0.5090295672416687 5490
1784236579649 0.09525734931230545 5491
1784236579667 0.05448313429951668 5492
1784236579684 0.14514479041099548 5493
1784236579700 0.18252424895763397 5494
1784236579718 0.09400995075702667 5495
1784236579737 0.0075118206441402435 5496
1784236579756 0.23677530884742737 5497
1784236579781 0.06863609701395035 5498
1784236579800 0.08068444579839706 5499
1784236579821 0.08524234592914581 5500
1784236579843 0.05598708242177963 5501
1784236579862 0.009474219754338264 5502
1784236579881 0.0510573647916317 5503
1784236579900 0.04718219116330147 5504
1784236579917 0.09767773747444153 5505
1784236579934 0.2173181176185608 5506
1784236579952 0.006038710009306669 5507
1784236579976 0.03206394612789154 5508
1784236579996 0.3026956021785736 5509
1784236580017 0.0661638155579567 5510
1784236580036 0.1277168244123459 5511
1784236580054 0.01803060993552208 5512
1784236580071 0.06633854657411575 5513
1784236580087 0.14753687381744385 5514
1784236580101 0.1545562446117401 5515
1784236580118 0.18271753191947937 5516
1784236580135 0.04849746450781822 5517
1784236580153 0.13017955422401428 5518
1784236580169 0.0708886981010437 5519
1784236580186 0.04566999897360802 5520
1784236580202 0.08671547472476959 5521
1784236580219 0.18555867671966553 5522
1784236580235 0.21363592147827148 5523
1784236580252 0.11800026893615723 5524
1784236580268 0.008451933041214943 5525
1784236580285 0.04806045815348625 5526
1784236580301 0.020365018397569656 5527
1784236580317 0.07270876318216324 5528
1784236580335 0.09617098420858383 5529
1784236580353 0.078708715736866 5530
1784236580370 0.10075352340936661 5531
1784236580386 0.09635967016220093 5532
1784236580403 0.14103670418262482 5533
1784236580420 0.23115254938602448 5534
1784236580436 0.2286086082458496 5535
1784236580451 0.08075953274965286 5536
1784236580468 0.01998373679816723 5537
1784236580486 0.13143064081668854 5538
1784236580504 0.03484280779957771 5539
1784236580521 0.12551435828208923 5540
1784236580543 0.07916848361492157 5541
1784236580560 0.01910879835486412 5542
1784236580580 0.08506926149129868 5543
1784236580595 0.05455667898058891 5544
1784236580613 0.008122889325022697 5545
1784236580632 0.02062935009598732 5546
1784236580649 0.027361590415239334 5547
1784236580666 0.06651296466588974 5548
1784236580752 0.10228047519922256 5549
1784236580787 0.010744347237050533 5550
1784236580808 0.0045313541777431965 5551
1784236580828 0.3869728446006775 5552
1784236580844 0.07813704758882523 5553
1784236580864 0.010378504171967506 5554
1784236580882 0.03733191639184952 5555
1784236580899 0.25219470262527466 5556
1784236580917 0.09339503198862076 5557
1784236580933 0.2375718206167221 5558
1784236580949 0.1785108745098114 5559
1784236580965 0.2118198722600937 5560
1784236580981 0.310952365398407 5561
1784236580998 0.013707445003092289 5562
1784236581014 0.07888561487197876 5563
1784236581032 0.21601393818855286 5564
1784236581048 0.059808142483234406 5565
1784236581066 0.16452759504318237 5566
1784236581083 0.1454460620880127 5567
1784236581100 0.00868869386613369 5568
1784236581117 0.04231030121445656 5569
1784236581133 0.07887547463178635 5570
1784236581149 0.08077679574489594 5571
1784236581166 0.2529143989086151 5572
1784236581183 0.013378799892961979 5573
1784236581201 0.07734563201665878 5574
1784236581218 0.05931856483221054 5575
1784236581236 0.016373256221413612 5576
1784236581252 0.053711965680122375 5577
1784236581269 0.07600919902324677 5578
1784236581285 0.19397960603237152 5579
1784236581309 0.05081643909215927 5580
1784236581325 0.013349359855055809 5581
1784236581344 0.15650637447834015 5582
1784236581360 0.159268319606781 5583
1784236581378 0.28245121240615845 5584
1784236581398 0.0925101563334465 5585
1784236581415 0.04257746413350105 5586
1784236581429 0.03265107050538063 5587
1784236581447 0.04588571935892105 5588
1784236581465 0.0027701235376298428 5589
1784236581483 0.10341774672269821 5590
1784236581500 0.1145857572555542 5591
1784236581517 0.005486424081027508 5592
1784236581535 0.18656198680400848 5593
1784236581550 0.03131973743438721 5594
1784236581567 0.007344916928559542 5595
1784236581582 0.005077645182609558 5596
1784236581601 0.20612986385822296 5597
1784236581618 0.09933789074420929 5598
1784236581636 0.18825361132621765 5599
1784236581654 0.08048691600561142 5600
1784236581671 0.31754270195961 5601
1784236581687 0.010575651191174984 5602
1784236581705 0.04219154268503189 5603
1784236581725 0.06308621913194656 5604
1784236581743 0.01769074611365795 5605
1784236581760 0.11612007021903992 5606
1784236581779 0.3662927746772766 5607
1784236581798 0.3205903470516205 5608
1784236581815 0.006113260053098202 5609
1784236581832 0.08495461195707321 5610
1784236581851 0.01961921527981758 5611
1784236581866 0.009352372027933598 5612
1784236581883 0.022977691143751144 5613
1784236581901 0.09811068326234818 5614
1784236581917 0.0501689612865448 5615
1784236582018 0.1335456669330597 5616
1784236582056 0.012612833641469479 5617
1784236582080 0.036657825112342834 5618
1784236582102 0.13537532091140747 5619
1784236582120 0.15629573166370392 5620
1784236582138 0.027794037014245987 5621
1784236582157 0.02733878418803215 5622
1784236582175 0.02676686830818653 5623
1784236582193 0.15186750888824463 5624
1784236583489 0.13167087733745575 5625
1784236583512 0.06880278140306473 5626
1784236583538 0.055981289595365524 5627
1784236583561 0.06909479200839996 5628
1784236583586 0.007958539761602879 5629
1784236583610 0.01288222149014473 5630
1784236583633 0.006295842118561268 5631
1784236583656 0.015511749312281609 5632
1784236583680 0.010136761702597141 5633
1784236583700 0.023086436092853546 5634
1784236583718 0.04925191402435303 5635
1784236583736 0.16660864651203156 5636
1784236583755 0.07329230010509491 5637
1784236583776 0.03950650617480278 5638
1784236583797 0.017045659944415092 5639
1784236583815 0.25289809703826904 5640
1784236583833 0.20633259415626526 5641
1784236583850 0.04505723714828491 5642
1784236583868 0.04409134387969971 5643
1784236583888 0.00798119232058525 5644
1784236583908 0.1668110340833664 5645
1784236583926 0.032920826226472855 5646
1784236583944 0.029163341969251633 5647
1784236583962 0.14381463825702667 5648
1784236583976 0.012037386186420918 5649
1784236583998 0.05081632733345032 5650
1784236584015 0.039198823273181915 5651
1784236584035 0.050047870725393295 5652
1784236584052 0.03070107288658619 5653
1784236584071 0.013240285217761993 5654
1784236584089 0.010806833393871784 5655
1784236584106 0.010107260197401047 5656
1784236584124 0.0647185817360878 5657
1784236584144 0.026821373030543327 5658
1784236584158 0.06637731939554214 5659
1784236584176 0.035043057054281235 5660
1784236584193 0.27429503202438354 5661
1784236584211 0.007012856658548117 5662
1784236584227 0.040713150054216385 5663
1784236584245 0.03942204266786575 5664
1784236584264 0.014307685196399689 5665
1784236584285 0.1301458179950714 5666
1784236584306 0.1703481525182724 5667
1784236584327 0.008111884817481041 5668
1784236584347 0.06879351288080215 5669
1784236584367 0.0457603819668293 5670
1784236584386 0.03446987271308899 5671
1784236584405 0.10889402031898499 5672
1784236584423 0.15404029190540314 5673
1784236584443 0.2503965497016907 5674
1784236584538 0.03694041818380356 5675
1784236584576 0.005360085051506758 5676
1784236584601 0.1423296332359314 5677
1784236584622 0.1755855679512024 5678
1784236584640 0.004312522709369659 5679
1784236584656 0.04836408421397209 5680
1784236584674 0.13762395083904266 5681
1784236584692 0.11658495664596558 5682
1784236584712 0.02022092044353485 5683
1784236584729 0.017927898094058037 5684
1784236584746 0.06044796481728554 5685
1784236584764 0.08702117204666138 5686
1784236584782 0.05276057496666908 5687
1784236584801 0.0393364243209362 5688
1784236584819 0.019307002425193787 5689
1784236584838 0.0308810044080019 5690
1784236584857 0.034295015037059784 5691
1784236584874 0.15174727141857147 5692
1784236584891 0.02531980350613594 5693
1784236584910 0.08181940019130707 5694
1784236584928 0.02901824377477169 5695
1784236584945 0.15027381479740143 5696
1784236584963 0.02725992538034916 5697
1784236584981 0.09280073642730713 5698
1784236584998 0.019561240449547768 5699
1784236585016 0.23288846015930176 5700
1784236585033 0.0874917209148407 5701
1784236585051 0.07105416804552078 5702
1784236585068 0.06914618611335754 5703
1784236585086 0.04334713891148567 5704
1784236585104 0.007923408411443233 5705
1784236585122 0.018467895686626434 5706
1784236585138 0.11378747224807739 5707
1784236585152 0.04305793717503548 5708
1784236585168 0.06419795006513596 5709
1784236585185 0.0677393302321434 5710
1784236585201 0.22682103514671326 5711
1784236585219 0.05533801019191742 5712
1784236585237 0.023569205775856972 5713
1784236585254 0.06441567838191986 5714
1784236585273 0.01900196261703968 5715
1784236585290 0.09239614754915237 5716
1784236585306 0.23353227972984314 5717
1784236585324 0.2507997453212738 5718
1784236585343 0.03307608142495155 5719
1784236585358 0.021912382915616035 5720
1784236585375 0.2314857393503189 5721
1784236585391 0.013800988905131817 5722
1784236585407 0.018589496612548828 5723
1784236585423 0.058509401977062225 5724
1784236585447 0.07432173192501068 5725
1784236585463 0.009094884619116783 5726
1784236585481 0.012974143959581852 5727
1784236585498 0.03409314155578613 5728
1784236585518 0.12124408036470413 5729
1784236585536 0.028592193499207497 5730
1784236585553 0.020467184484004974 5731
1784236585570 0.02851817198097706 5732
1784236585586 0.052879173308610916 5733
1784236585603 0.09651894867420197 5734
1784236585620 0.007637867704033852 5735
1784236585636 0.023997975513339043 5736
1784236585653 0.05917168781161308 5737
1784236585670 0.013468945398926735 5738
1784236585687 0.037613216787576675 5739
1784236585704 0.025784404948353767 5740
1784236585722 0.0029759861063212156 5741
1784236585815 0.010019192472100258 5742
1784236585845 0.10484448820352554 5743
1784236585865 0.04072050005197525 5744
1784236585884 0.08062177151441574 5745
1784236585901 0.3366709053516388 5746
1784236585918 0.02272348292171955 5747
1784236585934 0.12041954696178436 5748
1784236585951 0.18733257055282593 5749
1784236585966 0.07971476018428802 5750
1784236585983 0.2376711666584015 5751
1784236586001 0.012716228142380714 5752
1784236586019 0.003781458828598261 5753
1784236586034 0.12508493661880493 5754
1784236586052 0.02441551350057125 5755
1784236586068 0.1677231639623642 5756
1784236586086 0.06842079013586044 5757
1784236586102 0.05198943614959717 5758
1784236586120 0.01426274050027132 5759
1784236586136 0.03667072951793671 5760
1784236586155 0.058424901217222214 5761
1784236586172 0.09938327968120575 5762
1784236586188 0.18688225746154785 5763
1784236586205 0.2023431658744812 5764
1784236586223 0.08642616868019104 5765
1784236586240 0.29687803983688354 5766
1784236586256 0.009326890110969543 5767
1784236586272 0.2766202986240387 5768
1784236586287 0.39255011081695557 5769
1784236586302 0.12161576747894287 5770
1784236586319 0.04357437416911125 5771
1784236586337 0.008735908195376396 5772
1784236586353 0.0016607260331511497 5773
1784236586370 0.038411062210798264 5774
1784236586387 0.010168262757360935 5775
1784236586403 0.18641577661037445 5776
1784236586420 0.03708832338452339 5777
1784236586437 0.048378702253103256 5778
1784236586455 0.15872938930988312 5779
1784236586473 0.011467804200947285 5780
1784236586491 0.15335261821746826 5781
1784236586509 0.1837778240442276 5782
1784236586527 0.10590062290430069 5783
1784236586544 0.1537991166114807 5784
1784236586563 0.02384200692176819 5785
1784236586581 0.012418475933372974 5786
1784236586601 0.043497610837221146 5787
1784236586619 0.010823233984410763 5788
1784236586639 0.01959170587360859 5789
1784236586659 0.07475381344556808 5790
1784236586680 0.021827690303325653 5791
1784236586698 0.07430385798215866 5792
1784236586715 0.03371329605579376 5793
1784236586733 0.08000586926937103 5794
1784236586751 0.03111969120800495 5795
1784236586769 0.0803389698266983 5796
1784236586788 0.03536410629749298 5797
1784236586805 0.0942070409655571 5798
1784236586822 0.07831075042486191 5799
1784236586841 0.06679348647594452 5800
1784236586859 0.014047552831470966 5801
1784236586877 0.06530066579580307 5802
1784236586895 0.18552730977535248 5803
1784236586914 0.03644081950187683 5804
1784236586933 0.019862905144691467 5805
1784236586951 0.018147902563214302 5806
1784236586967 0.15834036469459534 5807
1784236586986 0.026061492040753365 5808
1784236587006 0.00436394801363349 5809
1784236587026 0.022577663883566856 5810
1784236587043 0.041170135140419006 5811
1784236587062 0.03190374746918678 5812
1784236587081 0.00661629531532526 5813
1784236587174 0.22146636247634888 5814
1784236587208 0.00802378449589014 5815
1784236587229 0.08909883350133896 5816
1784236587246 0.2742118239402771 5817
1784236587263 0.007847526110708714 5818
1784236587281 0.011095530353486538 5819
1784236587298 0.1185491755604744 5820
1784236587315 0.09976742416620255 5821
1784236587335 0.011037304066121578 5822
1784236587352 0.637507438659668 5823
1784236587368 0.07471662759780884 5824
1784236587384 0.002754158340394497 5825
1784236587401 0.2003609538078308 5826
1784236587418 0.0998932272195816 5827
1784236587435 0.23891785740852356 5828
1784236587452 0.07551104575395584 5829
1784236587468 0.003729770891368389 5830
1784236587483 0.24250435829162598 5831
1784236587501 0.05445268750190735 5832
1784236587518 0.0731140673160553 5833
1784236587534 0.01422665361315012 5834
1784236587550 0.062147073447704315 5835
1784236587566 0.03563427925109863 5836
1784236587583 0.04054199159145355 5837
1784236587598 0.09807734936475754 5838
1784236587615 0.12914447486400604 5839
1784236587631 0.027988731861114502 5840
1784236587647 0.1283702552318573 5841
1784236587665 0.007606394588947296 5842
1784236587681 0.016897188499569893 5843
1784236587698 0.10963991284370422 5844
1784236587715 0.014838650822639465 5845
1784236587732 0.07033466547727585 5846
1784236587750 0.052672334015369415 5847
1784236587766 0.10684792697429657 5848
1784236587784 0.08070358633995056 5849
1784236587804 0.07768016308546066 5850
1784236587822 0.05548318848013878 5851
1784236587839 0.13123609125614166 5852
1784236587856 0.015551399439573288 5853
1784236587874 0.05889974161982536 5854
1784236587891 0.05551714450120926 5855
1784236587909 0.14002814888954163 5856
1784236587926 0.06557322293519974 5857
1784236587949 0.04904304817318916 5858
1784236587967 0.012062884867191315 5859
1784236587986 0.04108789190649986 5860
1784236588004 0.021696817129850388 5861
1784236588020 0.049529220908880234 5862
1784236588038 0.015495842322707176 5863
1784236588055 0.10045222193002701 5864
1784236588071 0.0336078517138958 5865
1784236588089 0.1067628338932991 5866
1784236588106 0.03387917950749397 5867
1784236588125 0.0038607267197221518 5868
1784236588141 0.008512638509273529 5869
1784236588157 0.23086179792881012 5870
1784236588175 0.06283684819936752 5871
1784236588194 0.02602248825132847 5872
1784236588212 0.08493386954069138 5873
1784236588230 0.018895557150244713 5874
1784236588247 0.006954604759812355 5875
1784236588263 0.09248675405979156 5876
1784236588280 0.05397817865014076 5877
1784236588298 0.07561790943145752 5878
1784236588315 0.13341450691223145 5879
1784236588331 0.20407454669475555 5880
1784236588413 0.023296011611819267 5881
1784236588446 0.24723376333713531 5882
1784236588465 0.036149512976408005 5883
1784236588483 0.006426612846553326 5884
1784236588500 0.12546685338020325 5885
1784236588517 0.10873361676931381 5886
1784236588535 0.008371340110898018 5887
1784236588553 0.09484440833330154 5888
1784236588568 0.18419249355793 5889
1784236588586 0.10138998925685883 5890
1784236588604 0.010683457367122173 5891
1784236588621 0.02069142647087574 5892
1784236588638 0.057522255927324295 5893
1784236588656 0.01914132386445999 5894
1784236588674 0.0951652079820633 5895
1784236588692 0.5478619337081909 5896
1784236588712 0.14243635535240173 5897
1784236588730 0.2253160923719406 5898
1784236588746 0.011804841458797455 5899
1784236588765 0.011024768464267254 5900
1784236588782 0.22373948991298676 5901
1784236588802 0.0392649807035923 5902
1784236588821 0.14150206744670868 5903
1784236588846 0.15570604801177979 5904
1784236588866 0.0773354172706604 5905
1784236588885 0.1548389047384262 5906
1784236588908 0.07865221053361893 5907
1784236588932 0.06316500157117844 5908
1784236588948 0.3173257112503052 5909
1784236588964 0.04509530961513519 5910
1784236588981 0.0944795086979866 5911
1784236588999 0.068782739341259 5912
1784236589018 0.14072617888450623 5913
1784236589036 0.06842821836471558 5914
1784236589072 0.09647026658058167 5915
1784236589089 0.18648482859134674 5916
1784236589109 0.18429034948349 5917
1784236589126 0.12185271829366684 5918
1784236589143 0.15637487173080444 5919
1784236589160 0.09796009212732315 5920
1784236589175 0.046858351677656174 5921
1784236589194 0.1218198910355568 5922
1784236589212 0.04549458250403404 5923
1784236589229 0.07831630855798721 5924
1784236589247 0.1952935755252838 5925
1784236589265 0.22316467761993408 5926
1784236589283 0.04715434089303017 5927
1784236589300 0.13989593088626862 5928
1784236589318 0.10203658789396286 5929
1784236589338 0.02846580743789673 5930
1784236589355 0.0216435045003891 5931
1784236589372 0.23919150233268738 5932
1784236589390 0.08742585778236389 5933
1784236589407 0.03335285186767578 5934
1784236589427 0.23840980231761932 5935
1784236589446 0.03618311882019043 5936
1784236589464 0.179745152592659 5937
1784236589481 0.16570471227169037 5938
1784236589500 0.04709804430603981 5939
1784236589518 0.02898012101650238 5940
1784236589537 0.3032536506652832 5941
1784236589558 0.17357203364372253 5942
1784236589575 0.00948405358940363 5943
1784236589596 0.14267003536224365 5944
1784236589613 0.2747252583503723 5945
1784236589632 0.05719662085175514 5946
1784236589651 0.014800399541854858 5947
1784236589670 0.23771339654922485 5948
1784236589688 0.13764183223247528 5949
1784236589706 0.019893145188689232 5950
1784236589724 0.050834041088819504 5951
1784236589743 0.04336623474955559 5952
1784236589838 0.15427570044994354 5953
1784236589870 0.12006144970655441 5954
1784236589890 0.25176069140434265 5955
1784236589909 0.2544281482696533 5956
1784236589926 0.1135188564658165 5957
1784236589943 0.01274013053625822 5958
1784236589959 0.07873813062906265 5959
1784236589975 0.03423389419913292 5960
1784236589992 0.004798416513949633 5961
1784236590009 0.0196092426776886 5962
1784236590029 0.17285874485969543 5963
1784236590046 0.09207570552825928 5964
1784236590063 0.03768828511238098 5965
1784236590087 0.19826963543891907 5966
1784236590104 0.03154747560620308 5967
1784236590124 0.05372811481356621 5968
1784236590141 0.014165167696774006 5969
1784236590159 0.09044557809829712 5970
1784236590177 0.029183411970734596 5971
1784236590195 0.08835044503211975 5972
1784236590213 0.003303598379716277 5973
1784236590232 0.028161445632576942 5974
1784236590249 0.2991349399089813 5975
1784236590266 0.07111801207065582 5976
1784236590283 0.3820890486240387 5977
1784236590300 0.20566700398921967 5978
1784236590317 0.1209879070520401 5979
1784236590335 0.023719340562820435 5980
1784236590351 0.06457848101854324 5981
1784236590367 0.12861129641532898 5982
1784236590383 0.2358212172985077 5983
1784236590400 0.10179576277732849 5984
1784236590417 0.13630859553813934 5985
1784236590435 0.06310766190290451 5986
1784236590452 0.05254418030381203 5987
1784236590471 0.12273775786161423 5988
1784236590487 0.059143148362636566 5989
1784236590505 0.008223223499953747 5990
1784236590524 0.0032067722640931606 5991
1784236590543 0.036775801330804825 5992
1784236590561 0.2319837212562561 5993
1784236590577 0.06699498742818832 5994
1784236590593 0.29052430391311646 5995
1784236590610 0.1298682987689972 5996
1784236590627 0.2225262075662613 5997
1784236590645 0.30015748739242554 5998
1784236590662 0.15420778095722198 5999
1784236590678 0.04550475254654884 6000
1784236590695 0.013235826976597309 6001
1784236590711 0.028174037113785744 6002
1784236590728 0.062054652720689774 6003
1784236590747 0.07027998566627502 6004
1784236590766 0.030427483841776848 6005
1784236590783 0.12106586992740631 6006
1784236590801 0.15823614597320557 6007
1784236590819 0.050062187016010284 6008
1784236590837 0.13783729076385498 6009
1784236590855 0.0108216917142272 6010
1784236590875 0.010985429398715496 6011
1784236590893 0.15358351171016693 6012
1784236590909 0.026059627532958984 6013
1784236590927 0.002928871428593993 6014
1784236590945 0.005234970711171627 6015
1784236590963 0.060446325689554214 6016
1784236590981 0.06991002708673477 6017
1784236590997 0.10512594878673553 6018
1784236591015 0.13239224255084991 6019
1784236591109 0.22359469532966614 6020
1784236591147 0.04856547713279724 6021
1784236591169 0.33016571402549744 6022
1784236591190 0.06804250925779343 6023
1784236591212 0.3102816343307495 6024
1784236591230 0.049340106546878815 6025
1784236591248 0.16084344685077667 6026
1784236591265 0.17628681659698486 6027
1784236591282 0.0761742815375328 6028
1784236591300 0.00867138896137476 6029
1784236591318 0.34806638956069946 6030
1784236591333 0.1423361897468567 6031
1784236591350 0.3635532259941101 6032
1784236591367 0.00876660831272602 6033
1784236591385 0.048382245004177094 6034
1784236591403 0.020157262682914734 6035
1784236591421 0.1940830498933792 6036
1784236591438 0.06402113288640976 6037
1784236591455 0.0334470197558403 6038
1784236591473 0.012015778571367264 6039
1784236591492 0.004229180049151182 6040
1784236591508 0.089177206158638 6041
1784236591526 0.040147263556718826 6042
1784236591543 0.2356608659029007 6043
1784236591560 0.07914108783006668 6044
1784236591577 0.054002147167921066 6045
1784236591595 0.06475505977869034 6046
1784236591612 0.08434545993804932 6047
1784236591630 0.0875745564699173 6048
1784236591647 0.2248845249414444 6049
1784236591665 0.034044574946165085 6050
1784236591683 0.31431257724761963 6051
1784236591700 0.05425695329904556 6052
1784236591717 0.004533576313406229 6053
1784236591734 0.01784953847527504 6054
1784236591749 0.09134866297245026 6055
1784236591766 0.07056424021720886 6056
1784236591784 0.08012314885854721 6057
1784236591802 0.19984929263591766 6058
1784236591820 0.050313398241996765 6059
1784236591838 0.007068284321576357 6060
1784236591856 0.10451437532901764 6061
1784236591873 0.04470713064074516 6062
1784236591892 0.28490254282951355 6063
1784236591917 0.11863528192043304 6064
1784236591935 0.16570623219013214 6065
1784236591953 0.07162947952747345 6066
1784236591970 0.04332607612013817 6067
1784236591987 0.01370459794998169 6068
1784236592004 0.017082201316952705 6069
1784236592021 0.07371019572019577 6070
1784236592038 0.009129860438406467 6071
1784236592056 0.0645533949136734 6072
1784236592072 0.15789592266082764 6073
1784236592088 0.08391673117876053 6074
1784236592105 0.626772940158844 6075
1784236592122 0.1051754355430603 6076
1784236592139 0.12828034162521362 6077
1784236592155 0.05174735188484192 6078
1784236592173 0.14847242832183838 6079
1784236592191 0.09834706038236618 6080
1784236592211 0.011007108725607395 6081
1784236592229 0.12402083724737167 6082
1784236592246 0.14945434033870697 6083
1784236592265 0.03998417407274246 6084
1784236592283 0.20727911591529846 6085
1784236592303 0.03527875989675522 6086
1784236592395 0.395052045583725 6087
1784236592433 0.43706178665161133 6088
1784236592455 0.5828144550323486 6089
1784236592475 0.04147590696811676 6090
1784236592495 0.08143509924411774 6091
1784236592514 0.3802203834056854 6092
1784236592531 0.1695891171693802 6093
1784236592549 0.02835467830300331 6094
1784236592568 0.020301982760429382 6095
1784236592587 0.03899719566106796 6096
1784236592607 0.04751834273338318 6097
1784236592636 0.11411260068416595 6098
1784236592657 0.39461979269981384 6099
1784236592674 0.06147854030132294 6100
1784236592692 0.04375816881656647 6101
1784236592710 0.026541994884610176 6102
1784236592730 0.027970733121037483 6103
1784236592748 0.015811003744602203 6104
1784236592766 0.08488927781581879 6105
1784236592784 0.06901189684867859 6106
1784236592803 0.18171535432338715 6107
1784236592824 0.11738789826631546 6108
1784236592843 0.13758260011672974 6109
1784236592861 0.03645649924874306 6110
1784236592879 0.09963033348321915 6111
1784236592897 0.09637084603309631 6112
1784236592914 0.11223345249891281 6113
1784236592931 0.05479973554611206 6114
1784236592948 0.12861303985118866 6115
1784236592965 0.2584690749645233 6116
1784236592982 0.022846747189760208 6117
1784236593000 0.012359870597720146 6118
1784236593017 0.03970343619585037 6119
1784236593034 0.07530684024095535 6120
1784236593052 0.19657528400421143 6121
1784236593070 0.316109299659729 6122
1784236593087 0.02454676292836666 6123
1784236593104 0.07875173538923264 6124
1784236593123 0.019296392798423767 6125
1784236593141 0.042671188712120056 6126
1784236593158 0.09148421883583069 6127
1784236593176 0.04264514893293381 6128
1784236593193 0.40320712327957153 6129
1784236593212 0.026528330519795418 6130
1784236593229 0.011811796575784683 6131
1784236593247 0.05759511888027191 6132
1784236593264 0.025263406336307526 6133
1784236593282 0.02525075525045395 6134
1784236593297 0.0851193368434906 6135
1784236593315 0.1689516305923462 6136
1784236593331 0.037524182349443436 6137
1784236593348 0.14512304961681366 6138
1784236593368 0.13904646039009094 6139
1784236593385 0.04902239143848419 6140
1784236593409 0.0381462499499321 6141
1784236593429 0.08666298538446426 6142
1784236593449 0.13479667901992798 6143
1784236593468 0.10187797993421555 6144
1784236593487 0.15243610739707947 6145
1784236593505 0.19866444170475006 6146
1784236593522 0.24435405433177948 6147
1784236593539 0.11461847275495529 6148
1784236593557 0.03342261537909508 6149
1784236593575 0.16445805132389069 6150
1784236593595 0.01618526317179203 6151
1784236593613 0.00845413189381361 6152
1784236593632 0.034890856593847275 6153
1784236593719 0.1251152604818344 6154
1784236593750 0.1306360810995102 6155
1784236593769 0.040080998092889786 6156
1784236593791 0.07479248195886612 6157
1784236593808 0.029326055198907852 6158
1784236593830 0.003835819661617279 6159
1784236593850 0.285389244556427 6160
1784236593866 0.02791430987417698 6161
1784236593883 0.01533990167081356 6162
1784236593900 0.10460559278726578 6163
1784236593917 0.019222721457481384 6164
1784236593934 0.03683324158191681 6165
1784236593949 0.021326111629605293 6166
1784236593964 0.13209594786167145 6167
1784236593981 0.082532599568367 6168
1784236593999 0.16409112513065338 6169
1784236594015 0.10057199001312256 6170
1784236594032 0.0217239111661911 6171
1784236594048 0.06727580726146698 6172
1784236594065 0.11655294895172119 6173
1784236594083 0.1260024458169937 6174
1784236594099 0.06470796465873718 6175
1784236594116 0.01590222492814064 6176
1784236594133 0.0199884083122015 6177
1784236594152 0.04897142946720123 6178
1784236594169 0.02656465582549572 6179
1784236594186 0.128265842795372 6180
1784236594203 0.1991870105266571 6181
1784236594219 0.03462677448987961 6182
1784236594237 0.06659481674432755 6183
1784236594256 0.039768852293491364 6184
1784236594274 0.0934629961848259 6185
1784236594292 0.006545009091496468 6186
1784236594310 0.04161495342850685 6187
1784236594327 0.04544453322887421 6188
1784236594345 0.27130281925201416 6189
1784236594363 0.11249802261590958 6190
1784236594381 0.06664630025625229 6191
1784236594399 0.020428841933608055 6192
1784236594416 0.012993969023227692 6193
1784236594432 0.13936524093151093 6194
1784236594447 0.006043447647243738 6195
1784236594465 0.02184893563389778 6196
1784236594483 0.02784566394984722 6197
1784236594500 0.03528199344873428 6198
1784236594516 0.06956455856561661 6199
1784236594532 0.26078304648399353 6200
1784236594549 0.2925325334072113 6201
1784236594567 0.014499841257929802 6202
1784236594584 0.009858433157205582 6203
1784236594600 0.027451694011688232 6204
1784236594616 0.01364544965326786 6205
1784236594632 0.13453641533851624 6206
1784236594649 0.013879908248782158 6207
1784236594666 0.08559412509202957 6208
1784236594685 0.026116373017430305 6209
1784236594703 0.03676839545369148 6210
1784236594721 0.025755830109119415 6211
1784236594738 0.002218092093244195 6212
1784236594755 0.08254939317703247 6213
1784236594781 0.008721807971596718 6214
1784236594800 0.08664233237504959 6215
1784236594818 0.050597649067640305 6216
1784236594838 0.05531473830342293 6217
1784236594855 0.0115713682025671 6218
1784236594872 0.15868443250656128 6219
1784236594961 0.0174676813185215 6220
1784236594996 0.02053154818713665 6221
1784236595014 0.13738270103931427 6222
1784236595033 0.030361788347363472 6223
1784236595049 0.20939788222312927 6224
1784236595065 0.11167210340499878 6225
1784236595081 0.24864734709262848 6226
1784236595098 0.11108830571174622 6227
1784236595116 0.22781939804553986 6228
1784236595133 0.014684600755572319 6229
1784236595149 0.2672821581363678 6230
1784236595164 0.06987331807613373 6231
1784236595180 0.007500689476728439 6232
1784236595196 0.03970317542552948 6233
1784236595212 0.10433053225278854 6234
1784236595231 0.030718866735696793 6235
1784236595249 0.03659895807504654 6236
1784236595266 0.0035846689715981483 6237
1784236595283 0.11970735341310501 6238
1784236595301 0.019339624792337418 6239
1784236595318 0.01994987577199936 6240
1784236595336 0.01698792353272438 6241
1784236595354 0.27090322971343994 6242
1784236595372 0.014835460111498833 6243
1784236595390 0.009470565244555473 6244
1784236595410 0.0072809988632798195 6245
1784236595429 0.17311540246009827 6246
1784236595446 0.019223997369408607 6247
1784236595464 0.20180051028728485 6248
1784236595482 0.06409662216901779 6249
1784236595499 0.016714435070753098 6250
1784236595517 0.07588625699281693 6251
1784236595535 0.1067061647772789 6252
1784236595552 0.1484885811805725 6253
1784236595571 0.2629510164260864 6254
1784236595590 0.04190501943230629 6255
1784236595609 0.06237731873989105 6256
1784236595629 0.04955560714006424 6257
1784236595651 0.06383424997329712 6258
1784236595670 0.009742134250700474 6259
1784236595690 0.13790263235569 6260
1784236595709 0.3461328446865082 6261
1784236595728 0.015708401799201965 6262
1784236595748 0.10471329092979431 6263
1784236595765 0.012374542653560638 6264
1784236595783 0.01489312294870615 6265
1784236595800 0.014802202582359314 6266
1784236595819 0.027189534157514572 6267
1784236595839 0.02184322476387024 6268
1784236595857 0.11166077107191086 6269
1784236595876 0.004079265985637903 6270
1784236595891 0.03091258555650711 6271
1784236595908 0.2501075863838196 6272
1784236595927 0.12317270785570145 6273
1784236595944 0.026319041848182678 6274
1784236595963 0.284758985042572 6275
1784236595981 0.06056404486298561 6276
1784236595998 0.10426042228937149 6277
1784236596015 0.060211122035980225 6278
1784236596032 0.023679031059145927 6279
1784236596051 0.02674759551882744 6280
1784236596072 0.043064046651124954 6281
1784236596089 0.15792490541934967 6282
1784236596106 0.21547360718250275 6283
1784236596125 0.057197049260139465 6284
1784236596142 0.02409973181784153 6285
1784236596163 0.054828330874443054 6286
1784236596183 0.005920619238168001 6287
1784236596202 0.19135257601737976 6288
1784236596220 0.03470435366034508 6289
1784236596322 0.0748998373746872 6290
1784236596353 0.1326064020395279 6291
1784236596372 0.16743874549865723 6292
1784236596390 0.13825279474258423 6293
1784236596412 0.026943672448396683 6294
1784236596430 0.1144338920712471 6295
1784236596448 0.2235795557498932 6296
1784236596465 0.026340477168560028 6297
1784236596483 0.04859425127506256 6298
1784236596499 0.129826620221138 6299
1784236596518 0.013455338776111603 6300
1784236596537 0.2917560636997223 6301
1784236596556 0.3672807514667511 6302
1784236596574 0.05890063941478729 6303
1784236596592 0.04172578454017639 6304
1784236596610 0.033815063536167145 6305
1784236596629 0.19589877128601074 6306
1784236596647 0.2710173428058624 6307
1784236596662 0.3286149501800537 6308
1784236596678 0.1082225888967514 6309
1784236596697 0.02805083617568016 6310
1784236596715 0.0322582870721817 6311
1784236596730 0.09176339954137802 6312
1784236596749 0.13676734268665314 6313
1784236596768 0.08056816458702087 6314
1784236596786 0.037238311022520065 6315
1784236596805 0.10953405499458313 6316
1784236596824 0.08607541024684906 6317
1784236596843 0.14347867667675018 6318
1784236596862 0.048866551369428635 6319
1784236596879 0.008966682478785515 6320
1784236596895 0.0062743439339101315 6321
1784236596911 0.1226368322968483 6322
1784236596929 0.02093677967786789 6323
1784236596947 0.01649499498307705 6324
1784236596965 0.03401587903499603 6325
1784236596983 0.303374707698822 6326
1784236596999 0.07515537738800049 6327
1784236597018 0.03718690574169159 6328
1784236597035 0.1183212548494339 6329
1784236597052 0.02396204136312008 6330
1784236597070 0.008881006389856339 6331
1784236597087 0.15382124483585358 6332
1784236597105 0.10874684900045395 6333
1784236597122 0.015995876863598824 6334
1784236597140 0.0289992094039917 6335
1784236597159 0.09788033366203308 6336
1784236597178 0.24512964487075806 6337
1784236597196 0.06766533851623535 6338
1784236597213 0.0018720590742304921 6339
1784236597231 0.11473798751831055 6340
1784236597248 0.020146891474723816 6341
1784236597266 0.02483217976987362 6342
1784236597283 0.0851006954908371 6343
1784236597300 0.025937318801879883 6344
1784236597318 0.22183631360530853 6345
1784236597336 0.1585443615913391 6346
1784236597353 0.4388868808746338 6347
1784236597370 0.02555239573121071 6348
1784236597387 0.01087026298046112 6349
1784236597405 0.008467292413115501 6350
1784236597422 0.04293567314743996 6351
1784236597440 0.07545298337936401 6352
1784236597457 0.08760467171669006 6353
1784236597477 0.07168364524841309 6354
1784236597494 0.11715681105852127 6355
1784236597511 0.05483933538198471 6356
1784236597604 0.23152253031730652 6357
1784236597635 0.015502247028052807 6358
1784236597653 0.019657278433442116 6359
1784236597674 0.02322923019528389 6360
1784236597691 0.055656395852565765 6361
1784236597710 0.017280682921409607 6362
1784236597729 0.03144657984375954 6363
1784236597746 0.005035362672060728 6364
1784236597763 0.014961672946810722 6365
1784236597781 0.10805220156908035 6366
1784236597799 0.003163149580359459 6367
1784236597818 0.02771083265542984 6368
1784236597836 0.11327730864286423 6369
1784236597858 0.07181654870510101 6370
1784236597878 0.006987056229263544 6371
1784236597899 0.0034782341681420803 6372
1784236597918 0.008078329265117645 6373
1784236597938 0.020450301468372345 6374
1784236597960 0.031827930361032486 6375
1784236597979 0.10400661826133728 6376
1784236597998 0.21612559258937836 6377
1784236598016 0.0194860752671957 6378
1784236598031 0.19044089317321777 6379
1784236598048 0.29265376925468445 6380
1784236598066 0.1581651121377945 6381
1784236598082 0.014191458001732826 6382
1784236598100 0.018667317926883698 6383
1784236598117 0.2932857573032379 6384
1784236598132 0.060988448560237885 6385
1784236598149 0.0025225880090147257 6386
1784236598165 0.10906127840280533 6387
1784236598181 0.005482891108840704 6388
1784236598197 0.06795864552259445 6389
1784236598213 0.10694755613803864 6390
1784236598231 0.014269743114709854 6391
1784236598249 0.05933047831058502 6392
1784236598267 0.3028429448604584 6393
1784236598283 0.006785332225263119 6394
1784236598300 0.15618619322776794 6395
1784236598316 0.10777343064546585 6396
1784236598334 0.32911595702171326 6397
1784236598353 0.04219088330864906 6398
1784236598370 0.19505317509174347 6399
1784236598387 0.11496837437152863 6400
1784236598406 0.05217590183019638 6401
1784236598424 0.010224081575870514 6402
1784236598444 0.05094004422426224 6403
1784236598464 0.03567041456699371 6404
1784236598482 0.005038224160671234 6405
1784236598500 0.10437392443418503 6406
1784236598517 0.1902967244386673 6407
1784236598534 0.04645271971821785 6408
1784236598551 0.07000617682933807 6409
1784236598568 0.11766241490840912 6410
1784236598584 0.029859744012355804 6411
1784236598601 0.13355571031570435 6412
1784236598616 0.05103331059217453 6413
1784236598633 0.1359802931547165 6414
1784236598665 0.06550049036741257 6415
1784236598684 0.36228179931640625 6416
1784236598702 0.022758210077881813 6417
1784236598719 0.33080318570137024 6418
1784236598737 0.3668745756149292 6419
1784236598755 0.12214018404483795 6420
1784236598777 0.09844185411930084 6421
1784236598796 0.12509849667549133 6422
1784236598815 0.0683763325214386 6423
1784236598908 0.009639212861657143 6424
1784236598938 0.049024082720279694 6425
1784236598958 0.011562158353626728 6426
1784236598979 0.012401316314935684 6427
1784236598996 0.22808679938316345 6428
1784236599013 0.055744826793670654 6429
1784236599031 0.07496237009763718 6430
1784236599046 0.013042425736784935 6431
1784236599062 0.019427618011832237 6432
1784236599078 0.03770940378308296 6433
1784236599096 0.02875448390841484 6434
1784236599114 0.10955099761486053 6435
1784236599130 0.013145381584763527 6436
1784236599149 0.10022277384996414 6437
1784236599166 0.12788070738315582 6438
1784236599184 0.03144297003746033 6439
1784236599200 0.02366527169942856 6440
1784236599219 0.04544844105839729 6441
1784236599237 0.34864622354507446 6442
1784236599254 0.044111449271440506 6443
1784236599272 0.15836936235427856 6444
1784236599292 0.07638542354106903 6445
1784236599311 0.209324449300766 6446
1784236599329 0.011952684260904789 6447
1784236599345 0.2761518955230713 6448
1784236599362 0.1445370763540268 6449
1784236599378 0.062840037047863 6450
1784236599396 0.007059351075440645 6451
1784236599412 0.13697928190231323 6452
1784236599430 0.010903900489211082 6453
1784236599447 0.024564243853092194 6454
1784236599463 0.06556914746761322 6455
1784236599481 0.004212341271340847 6456
1784236599498 0.08906178921461105 6457
1784236599514 0.2618088126182556 6458
1784236599531 0.1226968914270401 6459
1784236599550 0.016955452039837837 6460
1784236599566 0.09936899691820145 6461
1784236599582 0.2546727955341339 6462
1784236599599 0.09685645252466202 6463
1784236599614 0.21799419820308685 6464
1784236599630 0.00814422219991684 6465
1784236599646 0.12297829985618591 6466
1784236599662 0.04101826623082161 6467
1784236599679 0.0589376762509346 6468
1784236599695 0.19288688898086548 6469
1784236599712 0.06932339817285538 6470
1784236599730 0.15873153507709503 6471
1784236599747 0.27895620465278625 6472
1784236599764 0.1419801563024521 6473
1784236599781 0.04558180645108223 6474
1784236599799 0.04788590222597122 6475
1784236599818 0.2066497802734375 6476
1784236599837 0.5126610398292542 6477
1784236599854 0.02698136866092682 6478
1784236599873 0.00830171350389719 6479
1784236599891 0.008594313636422157 6480
1784236599908 0.2883315086364746 6481
1784236599928 0.037709593772888184 6482
1784236599946 0.13776859641075134 6483
1784236599963 0.11126114428043365 6484
1784236599982 0.17621831595897675 6485
1784236600001 0.04661377891898155 6486
1784236600018 0.035431113094091415 6487
1784236600040 0.1277262568473816 6488
1784236600057 0.06694170087575912 6489
1784236600081 0.019128846004605293 6490
1784236600100 0.05301758646965027 6491
1784236600125 0.06449329853057861 6492
1784236600152 0.10161416977643967 6493
1784236600175 0.10878497362136841 6494
1784236600196 0.04012557119131088 6495
1784236600232 0.04188041761517525 6496
1784236600256 0.01852736622095108 6497
1784236600280 0.022441184148192406 6498
1784236600298 0.11351019889116287 6499
1784236600317 0.06753739714622498 6500
1784236600337 0.1469441056251526 6501
1784236600354 0.08528368175029755 6502
1784236600371 0.11902815848588943 6503
1784236600391 0.017155027016997337 6504
1784236600408 0.010395495221018791 6505
1784236600427 0.07914602011442184 6506
1784236600447 0.34883448481559753 6507
1784236600466 0.007953577674925327 6508
1784236600484 0.2708625793457031 6509
1784236600504 0.009398974478244781 6510
1784236600521 0.15530674159526825 6511
1784236600542 0.05284280329942703 6512
1784236600561 0.05328979715704918 6513
1784236600579 0.1452004313468933 6514
1784236600598 0.29297035932540894 6515
1784236600618 0.01982959173619747 6516
1784236600637 0.056942738592624664 6517
1784236600655 0.16447748243808746 6518
1784236600671 0.007016305811703205 6519
1784236600690 0.0626988336443901 6520
1784236600710 0.1243501603603363 6521
1784236600728 0.022300543263554573 6522
1784236600745 0.0891016498208046 6523
1784236600763 0.045308612287044525 6524
1784236600780 0.05383560061454773 6525
1784236600800 0.013639637269079685 6526
1784236600817 0.0968351662158966 6527
1784236600832 0.3537905216217041 6528
1784236600850 0.2531617283821106 6529
1784236600871 0.03427312895655632 6530
1784236600888 0.14406374096870422 6531
1784236600907 0.044449638575315475 6532
1784236600926 0.02515699900686741 6533
1784236600943 0.15996956825256348 6534
1784236600962 0.03128913417458534 6535
1784236600978 0.10253813117742538 6536
1784236600996 0.18345819413661957 6537
1784236601014 0.015023106709122658 6538
1784236601030 0.021784652024507523 6539
1784236601046 0.1949874609708786 6540
1784236601063 0.122146375477314 6541
1784236601080 0.2822251617908478 6542
1784236601096 0.05385148525238037 6543
1784236601114 0.014865661039948463 6544
1784236601130 0.21277916431427002 6545
1784236601146 0.08263732492923737 6546
1784236601174 0.24518360197544098 6547
1784236601194 0.06719870120286942 6548
1784236601212 0.048257015645504 6549
1784236601229 0.14264556765556335 6550
1784236601247 0.046700846403837204 6551
1784236601265 0.07357393205165863 6552
1784236601280 0.0880337655544281 6553
1784236601298 0.07979840040206909 6554
1784236601314 0.027949467301368713 6555
1784236601332 0.009394753724336624 6556
1784236601348 0.013190053403377533 6557
1784236601365 0.036283791065216064 6558
1784236601383 0.06739966571331024 6559
1784236601401 0.01827271841466427 6560
1784236601418 0.05080398544669151 6561
1784236601436 0.2432236671447754 6562
1784236601454 0.02205622009932995 6563
1784236601471 0.03649594262242317 6564
1784236601488 0.08090607821941376 6565
1784236601506 0.2227637618780136 6566
1784236601525 0.0972859263420105 6567
1784236601542 0.1044565960764885 6568
1784236601560 0.06443357467651367 6569
1784236601577 0.009541606530547142 6570
1784236601595 0.02066786028444767 6571
1784236601612 0.017214104533195496 6572
1784236601630 0.008454231545329094 6573
1784236601647 0.10511235892772675 6574
1784236601663 0.2797836363315582 6575
1784236601680 0.11954156309366226 6576
1784236601696 0.009618304669857025 6577
1784236601713 0.0993979349732399 6578
1784236601729 0.06674517691135406 6579
1784236601746 0.014531498774886131 6580
1784236601762 0.013211499899625778 6581
1784236601780 0.014120408333837986 6582
1784236601798 0.04568614438176155 6583
1784236601815 0.08749812841415405 6584
1784236601832 0.22318540513515472 6585
1784236601848 0.06448964774608612 6586
1784236601864 0.025779008865356445 6587
1784236601881 0.006961258128285408 6588
1784236601897 0.030636275187134743 6589
1784236601912 0.13139712810516357 6590
1784236601929 0.08062725514173508 6591
1784236601946 0.33840060234069824 6592
1784236601962 0.09396166354417801 6593
1784236601982 0.039574310183525085 6594
1784236602001 0.07726909220218658 6595
1784236602019 0.013734474778175354 6596
1784236602036 0.02971085160970688 6597
1784236602056 0.015192382037639618 6598
1784236602070 0.23776273429393768 6599
1784236602086 0.16227684915065765 6600
1784236602104 0.03335382789373398 6601
1784236602122 0.010930798947811127 6602
1784236602140 0.055569492280483246 6603
1784236602154 0.11388827115297318 6604
1784236602170 0.09456849098205566 6605
1784236602185 0.08635934442281723 6606
1784236602202 0.3527815639972687 6607
1784236602218 0.02464761957526207 6608
1784236602236 0.041521795094013214 6609
1784236602254 0.10809247195720673 6610
1784236602270 0.06618259102106094 6611
1784236602288 0.25683215260505676 6612
1784236602306 0.025883033871650696 6613
1784236602324 0.013557171449065208 6614
1784236602341 0.07464081048965454 6615
1784236602357 0.0332028865814209 6616
1784236602373 0.09501662105321884 6617
1784236602464 0.09378805756568909 6618
1784236602497 0.0829724669456482 6619
1784236602519 0.42230305075645447 6620
1784236602544 0.06783230602741241 6621
1784236602566 0.10578630864620209 6622
1784236602586 0.042201392352581024 6623
1784236602603 0.1028296947479248 6624
1784236602628 0.14324495196342468 6625
1784236602647 0.031836505979299545 6626
1784236602664 0.10280652344226837 6627
1784236602683 0.19525423645973206 6628
1784236602701 0.24065294861793518 6629
1784236602719 0.051087699830532074 6630
1784236602737 0.03207138180732727 6631
1784236602756 0.02520850859582424 6632
1784236602776 0.060025960206985474 6633
1784236602795 0.021996254101395607 6634
1784236602813 0.04904048889875412 6635
1784236602834 0.0795888751745224 6636
1784236602851 0.014654532074928284 6637
1784236602870 0.057665739208459854 6638
1784236602890 0.033272843807935715 6639
1784236602910 0.017542874440550804 6640
1784236602927 0.14804692566394806 6641
1784236602944 0.09788986295461655 6642
1784236602962 0.040028128772974014 6643
1784236602979 0.010307148098945618 6644
1784236602997 0.13034631311893463 6645
1784236603014 0.3227405846118927 6646
1784236603032 0.01857299730181694 6647
1784236603050 0.1271200180053711 6648
1784236603067 0.039695654064416885 6649
1784236603085 0.08700502663850784 6650
1784236603102 0.003296992275863886 6651
1784236603120 0.08567333221435547 6652
1784236603137 0.008658817037940025 6653
1784236603155 0.05314406752586365 6654
1784236603174 0.007257584482431412 6655
1784236603191 0.021395040675997734 6656
1784236603206 0.016316942870616913 6657
1784236603223 0.006406668573617935 6658
1784236603239 0.06427115201950073 6659
1784236603256 0.043550219386816025 6660
1784236603273 0.12794144451618195 6661
1784236603288 0.3014896512031555 6662
1784236603306 0.19803054630756378 6663
1784236603324 0.05407467111945152 6664
1784236603343 0.03453186899423599 6665
1784236603361 0.04340803995728493 6666
1784236603377 0.35979151725769043 6667
1784236603394 0.015848487615585327 6668
1784236603411 0.059628527611494064 6669
1784236603428 0.06672694534063339 6670
1784236603445 0.010784030891954899 6671
1784236603463 0.032118361443281174 6672
1784236603479 0.12760032713413239 6673
1784236603497 0.11209051311016083 6674
1784236603512 0.06410212069749832 6675
1784236603530 0.021050848066806793 6676
1784236603547 0.029931314289569855 6677
1784236603565 0.11089371144771576 6678
1784236603583 0.019185610115528107 6679
1784236603602 0.07429704815149307 6680
1784236603619 0.06987952440977097 6681
1784236603638 0.014093460515141487 6682
1784236603654 0.1567968875169754 6683
1784236603744 0.044957831501960754 6684
1784236603779 0.2324754297733307 6685
1784236603799 0.025479821488261223 6686
1784236603820 0.10326147079467773 6687
1784236603839 0.08126193284988403 6688
1784236603855 0.10791639983654022 6689
1784236603874 0.02186330035328865 6690
1784236603894 0.31796538829803467 6691
1784236603912 0.12310673296451569 6692
1784236603929 0.012797286733984947 6693
1784236603947 0.11663903295993805 6694
1784236603964 0.11568519473075867 6695
1784236603982 0.23168349266052246 6696
1784236604000 0.02703706920146942 6697
1784236604020 0.02951282262802124 6698
1784236604038 0.10541154444217682 6699
1784236604058 0.040463101118803024 6700
1784236604077 0.07669690251350403 6701
1784236604096 0.09970340877771378 6702
1784236604113 0.23002155125141144 6703
1784236604133 0.06811904907226562 6704
1784236604153 0.036812108010053635 6705
1784236604171 0.29900237917900085 6706
1784236604190 0.0811157375574112 6707
1784236604208 0.21322767436504364 6708
1784236604225 0.01989937759935856 6709
1784236604243 0.006503022741526365 6710
1784236604261 0.0592472217977047 6711
1784236604280 0.02255263179540634 6712
1784236604298 0.060653869062662125 6713
1784236604318 0.12425929307937622 6714
1784236604335 0.04340268298983574 6715
1784236604354 0.10140521079301834 6716
1784236604373 0.029442522674798965 6717
1784236604391 0.08233556151390076 6718
1784236604410 0.12319186329841614 6719
1784236604429 0.23795892298221588 6720
1784236604445 0.08112725615501404 6721
1784236604462 0.023390984162688255 6722
1784236604481 0.17450328171253204 6723
1784236604499 0.014580762945115566 6724
1784236604517 0.13776499032974243 6725
1784236604536 0.27594050765037537 6726
1784236604554 0.08683638274669647 6727
1784236604570 0.040142375975847244 6728
1784236604586 0.09182088077068329 6729
1784236604602 0.11101672798395157 6730
1784236604620 0.1535959392786026 6731
1784236604640 0.019266244024038315 6732
1784236604657 0.07565392553806305 6733
1784236604675 0.2404845952987671 6734
1784236604693 0.014338298700749874 6735
1784236604711 0.013282760046422482 6736
1784236604728 0.01907053403556347 6737
1784236604747 0.11224779486656189 6738
1784236604767 0.0162300206720829 6739
1784236604789 0.07567398250102997 6740
1784236604809 0.051821019500494 6741
1784236604830 0.16906431317329407 6742
1784236604849 0.09034889191389084 6743
1784236604868 0.04912345111370087 6744
1784236604886 0.09080539643764496 6745
1784236604904 0.003738745115697384 6746
1784236604924 0.06277952343225479 6747
1784236604942 0.0889911875128746 6748
1784236604959 0.02434437908232212 6749
1784236605056 0.017136145383119583 6750
1784236605092 0.013281318359076977 6751
1784236605111 0.0033645641524344683 6752
1784236605128 0.0790267288684845 6753
1784236605145 0.047000784426927567 6754
1784236605161 0.027720876038074493 6755
1784236605179 0.013739797286689281 6756
1784236605196 0.2992575168609619 6757
1784236605212 0.02350260131061077 6758
1784236605229 0.07184819877147675 6759
1784236605247 0.09143949300050735 6760
1784236605265 0.054465822875499725 6761
1784236605281 0.11780013144016266 6762
1784236605298 0.07480797171592712 6763
1784236605313 0.028060859069228172 6764
1784236605330 0.03890751302242279 6765
1784236605347 0.18521557748317719 6766
1784236605363 0.008447053842246532 6767
1784236605378 0.003787563880905509 6768
1784236605394 0.029643015936017036 6769
1784236605411 0.045173369348049164 6770
1784236605428 0.055768851190805435 6771
1784236605443 0.05907715484499931 6772
1784236605460 0.09804218262434006 6773
1784236605478 0.024729665368795395 6774
1784236605494 0.019937193021178246 6775
1784236605511 0.09440948814153671 6776
1784236605528 0.049687936902046204 6777
1784236605543 0.09144914150238037 6778
1784236605561 0.12361272424459457 6779
1784236605578 0.007628589402884245 6780
1784236605594 0.05748600885272026 6781
1784236605611 0.19224120676517487 6782
1784236605629 0.008994393981993198 6783
1784236605646 0.13705171644687653 6784
1784236605662 0.08442455530166626 6785
1784236605679 0.06350668519735336 6786
1784236605695 0.04579561948776245 6787
1784236605711 0.046448156237602234 6788
1784236605728 0.04159960895776749 6789
1784236605746 0.020297059789299965 6790
1784236605762 0.038459524512290955 6791
1784236605779 0.08626142144203186 6792
1784236605796 0.017448240891098976 6793
1784236605815 0.008085925132036209 6794
1784236605833 0.1106460765004158 6795
1784236605852 0.06066914275288582 6796
1784236605872 0.04145184904336929 6797
1784236605890 0.11296631395816803 6798
1784236605907 0.3086651563644409 6799
1784236605925 0.08072583377361298 6800
1784236605942 0.029080377891659737 6801
1784236605961 0.025911984965205193 6802
1784236605979 0.12602564692497253 6803
1784236605997 0.11220613867044449 6804
1784236606013 0.058912452310323715 6805
1784236606029 0.03516899421811104 6806
1784236606045 0.12079151719808578 6807
1784236606064 0.03265717625617981 6808
1784236606081 0.01648586429655552 6809
1784236606098 0.05785170942544937 6810
1784236606114 0.01945929042994976 6811
1784236606132 0.028118697926402092 6812
1784236606150 0.047471366822719574 6813
1784236606168 0.2367347776889801 6814
1784236606186 0.13427534699440002 6815
1784236606205 0.13200005888938904 6816
1784236606223 0.019133392721414566 6817
1784236606241 0.01598411053419113 6818
1784236606259 0.04022080451250076 6819
1784236606277 0.09472239017486572 6820
1784236606295 0.32084956765174866 6821
1784236606312 0.0578262098133564 6822
1784236606329 0.20776687562465668 6823
1784236606345 0.03929489478468895 6824
1784236606362 0.1326579600572586 6825
1784236606377 0.1225334107875824 6826
1784236606394 0.03212888166308403 6827
1784236606412 0.34742358326911926 6828
1784236606428 0.06608699262142181 6829
1784236606445 0.15227490663528442 6830
1784236606462 0.3391583263874054 6831
1784236606478 0.1340067833662033 6832
1784236606495 0.17079755663871765 6833
1784236606512 0.2957148253917694 6834
1784236606531 0.23382607102394104 6835
1784236606549 0.07006079703569412 6836
1784236606641 0.0379604734480381 6837
1784236606677 0.17264480888843536 6838
1784236606696 0.09527143836021423 6839
1784236606713 0.18358778953552246 6840
1784236606729 0.028109759092330933 6841
1784236606746 0.024811800569295883 6842
1784236606763 0.219217911362648 6843
1784236606782 0.07478933781385422 6844
1784236606800 0.09110908210277557 6845
1784236606819 0.0832204669713974 6846
1784236606839 0.06200843304395676 6847
1784236606859 0.4532013535499573 6848
1784236606877 0.016332058236002922 6849
1784236606893 0.007903676480054855 6850
1784236606910 0.1070983037352562 6851
1784236606928 0.045133039355278015 6852
1784236606944 0.049374260008335114 6853
1784236606961 0.15029413998126984 6854
1784236606978 0.04073091596364975 6855
1784236606996 0.02764810621738434 6856
1784236607013 0.0027575320564210415 6857
1784236607030 0.03668872267007828 6858
1784236607048 0.007691641338169575 6859
1784236607069 0.13131769001483917 6860
1784236607094 0.015862777829170227 6861
1784236607113 0.0190202035009861 6862
1784236607132 0.08867017179727554 6863
1784236607151 0.08505480736494064 6864
1784236607169 0.009350022301077843 6865
1784236607188 0.011984866112470627 6866
1784236607205 0.03338554874062538 6867
1784236607221 0.13522478938102722 6868
1784236607240 0.11296787112951279 6869
1784236607254 0.023989293724298477 6870
1784236607280 0.0988091230392456 6871
1784236607303 0.049559421837329865 6872
1784236607320 0.16120900213718414 6873
1784236607338 0.07627519965171814 6874
1784236607357 0.04522915929555893 6875
1784236607374 0.006942010950297117 6876
1784236607391 0.03793714568018913 6877
1784236607410 0.023361530154943466 6878
1784236607427 0.006620364263653755 6879
1784236607445 0.052577923983335495 6880
1784236607461 0.007874039933085442 6881
1784236607477 0.002753989305347204 6882
1784236607495 0.11439064890146255 6883
1784236607512 0.01671113632619381 6884
1784236607529 0.15634644031524658 6885
1784236607545 0.009768259711563587 6886
1784236607559 0.4523501396179199 6887
1784236607576 0.10907125473022461 6888
1784236607593 0.13620886206626892 6889
1784236607610 0.044424161314964294 6890
1784236607627 0.01638277806341648 6891
1784236607644 0.01816197857260704 6892
1784236607661 0.01687287725508213 6893
1784236607677 0.027984168380498886 6894
1784236607695 0.08802909404039383 6895
1784236607713 0.08465767651796341 6896
1784236607730 0.01427191961556673 6897
1784236607745 0.004518656991422176 6898
1784236607762 0.2853223979473114 6899
1784236607780 0.009057541377842426 6900
1784236607798 0.04077116400003433 6901
1784236607815 0.004593394696712494 6902
1784236607833 0.06190914288163185 6903
1784236607927 0.019790254533290863 6904
1784236607966 0.0048364438116550446 6905
1784236607982 0.02967027947306633 6906
1784236607998 0.1999884992837906 6907
1784236608017 0.2905457317829132 6908
1784236608034 0.004855804145336151 6909
1784236608050 0.009203779511153698 6910
1784236608068 0.0315154530107975 6911
1784236608087 0.018851764500141144 6912
1784236608105 0.08574454486370087 6913
1784236608124 0.14397090673446655 6914
1784236608141 0.060635004192590714 6915
1784236608159 0.10485200583934784 6916
1784236608175 0.03163138031959534 6917
1784236608191 0.1513216197490692 6918
1784236608208 0.29572218656539917 6919
1784236608226 0.08201198279857635 6920
1784236608241 0.010130500420928001 6921
1784236608257 0.061833105981349945 6922
1784236608273 0.08515244722366333 6923
1784236608292 0.10477113723754883 6924
1784236608311 0.17009277641773224 6925
1784236608329 0.10270807147026062 6926
1784236608345 0.008522260002791882 6927
1784236608362 0.07742894440889359 6928
1784236608381 0.13596270978450775 6929
1784236608398 0.00579302292317152 6930
1784236608416 0.06869026273488998 6931
1784236608433 0.11466465890407562 6932
1784236608452 0.11937937885522842 6933
1784236608468 0.409976601600647 6934
1784236608484 0.05098991468548775 6935
1784236608502 0.16643042862415314 6936
1784236608520 0.020149171352386475 6937
1784236608541 0.01158058736473322 6938
1784236608559 0.17574645578861237 6939
1784236608578 0.0836249440908432 6940
1784236608597 0.022279731929302216 6941
1784236608615 0.025757767260074615 6942
1784236608636 0.11002489924430847 6943
1784236608656 0.16248178482055664 6944
1784236608674 0.00697131035849452 6945
1784236608693 0.00872840266674757 6946
1784236608712 0.08008158206939697 6947
1784236608730 0.21124167740345 6948
1784236608749 0.20452076196670532 6949
1784236608768 0.029370341449975967 6950
1784236608789 0.04415210708975792 6951
1784236608808 0.01296120323240757 6952
1784236608827 0.04982724040746689 6953
1784236608847 0.4250525236129761 6954
1784236608865 0.028553402051329613 6955
1784236608882 0.01211640890687704 6956
1784236608902 0.054326459765434265 6957
1784236608919 0.09306807070970535 6958
1784236608939 0.15178194642066956 6959
1784236608958 0.0028127310797572136 6960
1784236608976 0.15133056044578552 6961
1784236608994 0.0010079039493575692 6962
1784236609012 0.05386805161833763 6963
1784236609030 0.03999916836619377 6964
1784236609050 0.17620430886745453 6965
1784236609069 0.008433030918240547 6966
1784236609088 0.17124058306217194 6967
1784236609106 0.1724228411912918 6968
1784236609123 0.05496063455939293 6969
1784236609218 0.16710279881954193 6970
1784236609250 0.33665207028388977 6971
1784236609266 0.061095964163541794 6972
1784236609286 0.09855201095342636 6973
1784236609311 0.018764952197670937 6974
1784236609329 0.12216036766767502 6975
1784236609347 0.007551414426416159 6976
1784236609365 0.047403495758771896 6977
1784236609385 0.05160185322165489 6978
1784236609404 0.20939697325229645 6979
1784236609424 0.028188686817884445 6980
1784236609440 0.02075614407658577 6981
1784236609458 0.09772595018148422 6982
1784236609476 0.020695628598332405 6983
1784236609493 0.013458960689604282 6984
1784236609512 0.022261429578065872 6985
1784236609531 0.008898759260773659 6986
1784236609550 0.032494138926267624 6987
1784236609568 0.11854659765958786 6988
1784236609585 0.28416702151298523 6989
1784236609602 0.04077862203121185 6990
1784236609620 0.08166133612394333 6991
1784236609637 0.008498362265527248 6992
1784236609655 0.05567111447453499 6993
1784236609672 0.14782389998435974 6994
1784236609690 0.12248007953166962 6995
1784236609709 0.1030072271823883 6996
1784236609726 0.05197547748684883 6997
1784236609743 0.020848046988248825 6998
1784236609761 0.02082950249314308 6999
1784236609779 0.0783887505531311 7000
1784236609799 0.006711493246257305 7001
1784236609819 0.349337637424469 7002
1784236609836 0.1684981882572174 7003
1784236609857 0.022878913208842278 7004
1784236609876 0.06476876884698868 7005
1784236609907 0.023561082780361176 7006
1784236609927 0.05251180753111839 7007
1784236609944 0.032967157661914825 7008
1784236609960 0.03285784646868706 7009
1784236609978 0.02557160146534443 7010
1784236609996 0.013079815544188023 7011
1784236610012 0.050908412784338 7012
1784236610029 0.0048589808866381645 7013
1784236610045 0.003491027047857642 7014
1784236610062 0.0768415704369545 7015
1784236610080 0.03648556023836136 7016
1784236610098 0.1387973576784134 7017
1784236610114 0.01982947625219822 7018
1784236610131 0.1901647448539734 7019
1784236610148 0.25854605436325073 7020
1784236610165 0.21604740619659424 7021
1784236610184 0.005581231787800789 7022
1784236610201 0.19423773884773254 7023
1784236610217 0.0032044416293501854 7024
1784236610233 0.015170265920460224 7025
1784236610251 0.2440551370382309 7026
1784236610268 0.05762970447540283 7027
1784236610287 0.014165404252707958 7028
1784236610305 0.03170255199074745 7029
1784236610342 0.032420746982097626 7030
1784236610359 0.006722205318510532 7031
1784236610375 0.17037074267864227 7032
1784236610393 0.006558836437761784 7033
1784236610410 0.04293613135814667 7034
1784236610427 0.03071538358926773 7035
1784236610444 0.0047264969907701015 7036
1784236610461 0.013851504772901535 7037
1784236610479 0.009686197154223919 7038
1784236610496 0.015356505289673805 7039
1784236610513 0.0372840091586113 7040
1784236610531 0.011081872507929802 7041
1784236610548 0.09711816161870956 7042
1784236610567 0.14564645290374756 7043
1784236610584 0.044859953224658966 7044
1784236610604 0.005095241591334343 7045
1784236610624 0.012547845020890236 7046
1784236610644 0.023626456037163734 7047
1784236610739 0.041962385177612305 7048
1784236610774 0.011201459914445877 7049
1784236610795 0.1720259189605713 7050
1784236610813 0.17816145718097687 7051
1784236610830 0.009842603467404842 7052
1784236610848 0.09098141640424728 7053
1784236610867 0.1317361444234848 7054
1784236610886 0.02144712209701538 7055
1784236610904 0.0227670781314373 7056
1784236610922 0.09383536875247955 7057
1784236610941 0.1899329572916031 7058
1784236610957 0.09254735708236694 7059
1784236610974 0.04757257178425789 7060
1784236610992 0.10624267160892487 7061
1784236611009 0.2441827952861786 7062
1784236611026 0.10325734317302704 7063
1784236611044 0.013692044652998447 7064
1784236611061 0.20171025395393372 7065
1784236611080 0.02945670858025551 7066
1784236611097 0.11243103444576263 7067
1784236611115 0.22991211712360382 7068
1784236611134 0.04598565772175789 7069
1784236611152 0.1556454598903656 7070
1784236611171 0.14217539131641388 7071
1784236611188 0.049600664526224136 7072
1784236611206 0.09192624688148499 7073
1784236611222 0.033116843551397324 7074
1784236611244 0.08471883088350296 7075
1784236611260 0.21226345002651215 7076
1784236611276 0.10634269565343857 7077
1784236611294 0.09176532179117203 7078
1784236611312 0.030532367527484894 7079
1784236611330 0.2051325887441635 7080
1784236611348 0.04674576595425606 7081
1784236611366 0.08998686820268631 7082
1784236611382 0.0898725613951683 7083
1784236611400 0.19991713762283325 7084
1784236611417 0.005244732368737459 7085
1784236611435 0.04344404116272926 7086
1784236611457 0.06715984642505646 7087
1784236611475 0.22111892700195312 7088
1784236611493 0.09593841433525085 7089
1784236611510 0.20712578296661377 7090
1784236611525 0.14798018336296082 7091
1784236611544 0.08019734174013138 7092
1784236611563 0.12371401488780975 7093
1784236611585 0.11017657816410065 7094
1784236611605 0.05869730934500694 7095
1784236611624 0.2790745198726654 7096
1784236611644 0.03654803708195686 7097
1784236611663 0.17852924764156342 7098
1784236611679 0.013934683986008167 7099
1784236611697 0.0685635358095169 7100
1784236611715 0.045095402747392654 7101
1784236611731 0.11308398097753525 7102
1784236611749 0.06347600370645523 7103
1784236611767 0.08280733227729797 7104
1784236611785 0.15862944722175598 7105
1784236611805 0.07511403411626816 7106
1784236611821 0.018399279564619064 7107
1784236611839 0.3792007267475128 7108
1784236611858 0.09575733542442322 7109
1784236611877 0.04704948887228966 7110
1784236611892 0.060338880866765976 7111
1784236611910 0.22827592492103577 7112
1784236611927 0.011805964633822441 7113
1784236611942 0.0023260763846337795 7114
1784236612038 0.241580992937088 7115
1784236612071 0.06848867982625961 7116
1784236612090 0.06289000809192657 7117
1784236612111 0.014200758188962936 7118
1784236612127 0.08859364688396454 7119
1784236612143 0.10773524641990662 7120
1784236612161 0.07210275530815125 7121
1784236612179 0.02280384488403797 7122
1784236612196 0.10861359536647797 7123
1784236612213 0.15442654490470886 7124
1784236612229 0.032613180577754974 7125
1784236612245 0.10224582254886627 7126
1784236612261 0.14898909628391266 7127
1784236612277 0.12373888492584229 7128
1784236612293 0.00585891492664814 7129
1784236612310 0.07433771342039108 7130
1784236612327 0.016962610185146332 7131
1784236612343 0.015782862901687622 7132
1784236612360 0.1154545247554779 7133
1784236612378 0.0973609983921051 7134
1784236612396 0.25471141934394836 7135
1784236612412 0.0009428322082385421 7136
1784236612429 0.1673390418291092 7137
1784236612445 0.01714194379746914 7138
1784236612461 0.004909269046038389 7139
1784236612478 0.0024813665077090263 7140
1784236612497 0.10354410856962204 7141
1784236612513 0.032675281167030334 7142
1784236612531 0.0016014244174584746 7143
1784236612549 0.06002982333302498 7144
1784236612569 0.02351503074169159 7145
1784236612587 0.005757645703852177 7146
1784236612605 0.14182238280773163 7147
1784236612623 0.0027874396182596684 7148
1784236612641 0.3153754472732544 7149
1784236612659 0.08653993904590607 7150
1784236612675 0.11231306195259094 7151
1784236612692 0.07529168576002121 7152
1784236612711 0.09806912392377853 7153
1784236612729 0.024933557957410812 7154
1784236612747 0.11960162967443466 7155
1784236612765 0.16347448527812958 7156
1784236612784 0.049549251794815063 7157
1784236612802 0.07851369678974152 7158
1784236612821 0.06967537850141525 7159
1784236612840 0.02237660624086857 7160
1784236612858 0.01041583064943552 7161
1784236612876 0.08978329598903656 7162
1784236612894 0.2462715357542038 7163
1784236612910 0.001598559319972992 7164
1784236612927 0.30168452858924866 7165
1784236612942 0.13640883564949036 7166
1784236612958 0.04673076793551445 7167
1784236612976 0.2225194126367569 7168
1784236612993 0.06729921698570251 7169
1784236613012 0.12186276912689209 7170
1784236613029 0.0016303842421621084 7171
1784236613046 0.12254185974597931 7172
1784236613064 0.02107332833111286 7173
1784236613081 0.09427454322576523 7174
1784236613099 0.19767983257770538 7175
1784236613116 0.17315827310085297 7176
1784236613132 0.24335479736328125 7177
1784236613158 0.20890730619430542 7178
1784236613176 0.01412988267838955 7179
1784236613193 0.004127089865505695 7180
1784236613219 0.0792015865445137 7181
1784236613258 0.045053377747535706 7182
1784236613283 0.49757322669029236 7183
1784236613309 0.23483549058437347 7184
1784236613342 0.13911856710910797 7185
1784236613362 0.01012448687106371 7186
1784236613379 0.01913795992732048 7187
1784236613395 0.24969373643398285 7188
1784236613411 0.0412784181535244 7189
1784236613427 0.024133147671818733 7190
1784236613444 0.2551017701625824 7191
1784236613460 0.04531586542725563 7192
1784236613477 0.0372634120285511 7193
1784236613495 0.027589591220021248 7194
1784236613513 0.08530126512050629 7195
1784236613530 0.14203910529613495 7196
1784236613548 0.019711704924702644 7197
1784236613564 0.03646580129861832 7198
1784236613580 0.10170932859182358 7199
1784236613596 0.008081735111773014 7200
1784236613614 0.1717080920934677 7201
1784236613633 0.13922369480133057 7202
1784236613651 0.003641098737716675 7203
1784236613668 0.2598514258861542 7204
1784236613687 0.0817570760846138 7205
1784236613705 0.023029446601867676 7206
1784236613720 0.008372734300792217 7207
1784236613737 0.027065297588706017 7208
1784236613756 0.06337745487689972 7209
1784236613775 0.09778459370136261 7210
1784236613795 0.1511327028274536 7211
1784236613816 0.4146113693714142 7212
1784236613839 0.3764680027961731 7213
1784236613860 0.044433001428842545 7214
1784236613880 0.05445143207907677 7215
1784236613901 0.20748433470726013 7216
1784236613925 0.025225775316357613 7217
1784236613944 0.031228551641106606 7218
1784236613960 0.011141657829284668 7219
1784236613978 0.40541234612464905 7220
1784236613993 0.03686526417732239 7221
1784236614010 0.004363060928881168 7222
1784236614026 0.06205498427152634 7223
1784236614044 0.01257156953215599 7224
1784236614061 0.05970330908894539 7225
1784236614078 0.05241069942712784 7226
1784236614095 0.1483439952135086 7227
1784236614112 0.03863280639052391 7228
1784236614132 0.10107740759849548 7229
1784236614150 0.02939191274344921 7230
1784236614168 0.17537464201450348 7231
1784236614188 0.04506036266684532 7232
1784236614207 0.09504628926515579 7233
1784236614225 0.05784012749791145 7234
1784236614240 0.027611143887043 7235
1784236614260 0.019425025209784508 7236
1784236614276 0.0964970588684082 7237
1784236614293 0.017887210473418236 7238
1784236614312 0.0031425294000655413 7239
1784236614328 0.22177475690841675 7240
1784236614347 0.03292298689484596 7241
1784236614363 0.16928556561470032 7242
1784236614380 0.049976784735918045 7243
1784236614398 0.07064523547887802 7244
1784236614415 0.05136861652135849 7245
1784236614434 0.29046133160591125 7246
1784236614453 0.0035034215543419123 7247
1784236614475 0.018101263791322708 7248
1784236614493 0.1326887309551239 7249
1784236614511 0.10951314121484756 7250
1784236614530 0.00845426507294178 7251
1784236614548 0.07391832768917084 7252
1784236614566 0.0659651979804039 7253
1784236614587 0.07411203533411026 7254
1784236614605 0.02093447372317314 7255
1784236614624 0.003777442965656519 7256
1784236614644 0.04417945817112923 7257
1784236614661 0.090837262570858 7258
1784236614679 0.04267590492963791 7259
1784236614697 0.1031246930360794 7260
1784236614713 0.11688095331192017 7261
1784236614731 0.014571260660886765 7262
1784236614749 0.06024204567074776 7263
1784236614767 0.005252443253993988 7264
1784236614791 0.02388446405529976 7265
1784236614810 0.028486020863056183 7266
1784236614830 0.050457973033189774 7267
1784236614848 0.03836730122566223 7268
1784236614867 0.05566215515136719 7269
1784236614887 0.004939214792102575 7270
1784236614906 0.006944976281374693 7271
1784236614925 0.4297083020210266 7272
1784236614943 0.06387627869844437 7273
1784236614962 0.05016670376062393 7274
1784236615051 0.008977862074971199 7275
1784236615087 0.028193745762109756 7276
1784236615106 0.12156296521425247 7277
1784236615124 0.0038080131635069847 7278
1784236615144 0.01766093261539936 7279
1784236615161 0.01831173337996006 7280
1784236615178 0.07114747911691666 7281
1784236615194 0.006084177643060684 7282
1784236615210 0.023511651903390884 7283
1784236615227 0.14277316629886627 7284
1784236615244 0.18886645138263702 7285
1784236615260 0.1564144641160965 7286
1784236615277 0.015731513500213623 7287
1784236615295 0.012485329993069172 7288
1784236615312 0.06317547708749771 7289
1784236615329 0.00277295196428895 7290
1784236615346 0.04626438394188881 7291
1784236615364 0.0587146170437336 7292
1784236615382 0.018278352916240692 7293
1784236615399 0.129954993724823 7294
1784236615418 0.25327345728874207 7295
1784236615436 0.10315199941396713 7296
1784236615454 0.16820970177650452 7297
1784236615471 0.08762360364198685 7298
1784236615489 0.0305390115827322 7299
1784236615506 0.2005930244922638 7300
1784236615523 0.08058475703001022 7301
1784236615540 0.04818541556596756 7302
1784236615559 0.12629245221614838 7303
1784236615577 0.3971981406211853 7304
1784236615596 0.15617190301418304 7305
1784236615612 0.012128738686442375 7306
1784236615629 0.14507894217967987 7307
1784236615646 0.07011908292770386 7308
1784236615663 0.2136344313621521 7309
1784236615681 0.10642756521701813 7310
1784236615698 0.022849008440971375 7311
1784236615715 0.1875731348991394 7312
1784236615731 0.0029844301752746105 7313
1784236615746 0.029486117884516716 7314
1784236615763 0.07183815538883209 7315
1784236615782 0.025629466399550438 7316
1784236615800 0.05947454273700714 7317
1784236615818 0.15857809782028198 7318
1784236615837 0.0901426374912262 7319
1784236615856 0.15859270095825195 7320
1784236615875 0.050276074558496475 7321
1784236615892 0.13572312891483307 7322
1784236615910 0.2156369835138321 7323
1784236615926 0.006701651494950056 7324
1784236615943 0.1274363249540329 7325
1784236615959 0.3410560190677643 7326
1784236615975 0.008472731336951256 7327
1784236615992 0.00766540365293622 7328
1784236616007 0.19630366563796997 7329
1784236616026 0.08428122848272324 7330
1784236616043 0.3627564311027527 7331
1784236616062 0.01692028157413006 7332
1784236616081 0.07694124430418015 7333
1784236616104 0.040395524352788925 7334
1784236616124 0.23088766634464264 7335
1784236616144 0.06042769178748131 7336
1784236616165 0.14019261300563812 7337
1784236616186 0.11706238985061646 7338
1784236616204 0.03879498317837715 7339
1784236616221 0.005947278346866369 7340
1784236616316 0.013084858655929565 7341
1784236616348 0.23050513863563538 7342
1784236616365 0.013505619019269943 7343
1784236616384 0.04056725278496742 7344
1784236616403 0.014660423621535301 7345
1784236616420 0.0676165372133255 7346
1784236616436 0.18535202741622925 7347
1784236616454 0.1259312778711319 7348
1784236616472 0.07481089234352112 7349
1784236616490 0.036275215446949005 7350
1784236616508 0.08316992968320847 7351
1784236616526 0.2183230072259903 7352
1784236616544 0.0753486305475235 7353
1784236616563 0.1936654895544052 7354
1784236616580 0.18452590703964233 7355
1784236616597 0.05900462344288826 7356
1784236616613 0.06252747029066086 7357
1784236616630 0.015402771532535553 7358
1784236616647 0.1335342824459076 7359
1784236616670 0.30710476636886597 7360
1784236616689 0.22276721894741058 7361
1784236616708 0.018296442925930023 7362
1784236616724 0.03464198112487793 7363
1784236616743 0.09606988728046417 7364
1784236616758 0.17993460595607758 7365
1784236616776 0.04492736980319023 7366
1784236616792 0.07763485610485077 7367
1784236616811 0.35787513852119446 7368
1784236616830 0.28746578097343445 7369
1784236616849 0.014344297349452972 7370
1784236616868 0.024192769080400467 7371
1784236616888 0.09626045823097229 7372
1784236616905 0.060012925416231155 7373
1784236616923 0.12076043337583542 7374
1784236616940 0.007433438207954168 7375
1784236616956 0.12772098183631897 7376
1784236616974 0.044076599180698395 7377
1784236616992 0.3150821924209595 7378
1784236617009 0.05648680403828621 7379
1784236617027 0.05687553435564041 7380
1784236617045 0.1800045520067215 7381
1784236617061 0.40461766719818115 7382
1784236617078 0.11694961041212082 7383
1784236617094 0.04139711707830429 7384
1784236617110 0.3507842421531677 7385
1784236617128 0.0732991024851799 7386
1784236617145 0.10644331574440002 7387
1784236617162 0.03868095576763153 7388
1784236617179 0.08799825608730316 7389
1784236617197 0.03729214891791344 7390
1784236617214 0.09376876056194305 7391
1784236617232 0.05728114768862724 7392
1784236617250 0.08519229292869568 7393
1784236617269 0.012080928310751915 7394
1784236617289 0.06618652492761612 7395
1784236617306 0.09550470113754272 7396
1784236617324 0.12210489809513092 7397
1784236617342 0.2162880301475525 7398
1784236617359 0.039423853158950806 7399
1784236617376 0.025799216702580452 7400
1784236617393 0.057043809443712234 7401
1784236617412 0.008550312370061874 7402
1784236617428 0.2541886866092682 7403
1784236617444 0.28573793172836304 7404
1784236617459 0.005724568385630846 7405
1784236617477 0.025398794561624527 7406
1784236617493 0.02449588105082512 7407
1784236617510 0.040748678147792816 7408
1784236617526 0.15621602535247803 7409
1784236617544 0.09748446941375732 7410
1784236617566 0.19992689788341522 7411
1784236617582 0.167782723903656 7412
1784236617601 0.020971687510609627 7413
1784236617617 0.21227389574050903 7414
1784236617636 0.21857978403568268 7415
1784236617652 0.3013502359390259 7416
1784236617671 0.07184582203626633 7417
1784236617688 0.05872030556201935 7418
1784236617706 0.07372524589300156 7419
1784236617723 0.007983746007084846 7420
1784236617740 0.056473713368177414 7421
1784236617755 0.09511291980743408 7422
1784236617773 0.030879393219947815 7423
1784236617791 0.06690308451652527 7424
1784236617807 0.02152353711426258 7425
1784236617824 0.22533704340457916 7426
1784236617840 0.09311032295227051 7427
1784236617858 0.017739031463861465 7428
1784236617876 0.054741304367780685 7429
1784236617891 0.14012914896011353 7430
1784236617908 0.1631344109773636 7431
1784236617924 0.1067407950758934 7432
1784236617942 0.04985033720731735 7433
1784236617960 0.025811584666371346 7434
1784236617980 0.20149631798267365 7435
1784236617997 0.05743887275457382 7436
1784236618015 0.022321801632642746 7437
1784236618031 0.014798954129219055 7438
1784236618050 0.0593622624874115 7439
1784236618071 0.020450640469789505 7440
1784236618091 0.11265641450881958 7441
1784236618107 0.04824500530958176 7442
1784236618125 0.16905106604099274 7443
1784236618141 0.17941610515117645 7444
1784236618159 0.1042112410068512 7445
1784236618175 0.009974386543035507 7446
1784236618192 0.18058328330516815 7447
1784236618210 0.030467530712485313 7448
1784236618228 0.013901840895414352 7449
1784236618245 0.05779559165239334 7450
1784236618262 0.015254238620400429 7451
1784236618279 0.013436144217848778 7452
1784236618297 0.11743412166833878 7453
1784236618315 0.13154180347919464 7454
1784236618332 0.08783978223800659 7455
1784236618350 0.036568354815244675 7456
1784236618374 0.13500897586345673 7457
1784236618393 0.08828006684780121 7458
1784236618413 0.014093193225562572 7459
1784236618433 0.3462032377719879 7460
1784236618452 0.0021864494774490595 7461
1784236618471 0.012710167095065117 7462
1784236618491 0.04131631925702095 7463
1784236618508 0.12554074823856354 7464
1784236618526 0.11931845545768738 7465
1784236618544 0.1317748874425888 7466
1784236618563 0.049728818237781525 7467
1784236618581 0.01995987258851528 7468
1784236618599 0.08120563626289368 7469
1784236618615 0.08240561932325363 7470
1784236618632 0.2380579113960266 7471
1784236618650 0.005792930256575346 7472
1784236618669 0.0186682790517807 7473
1784236618688 0.3444942831993103 7474
1784236618707 0.11366011947393417 7475
1784236618725 0.024375276640057564 7476
1784236618742 0.08647716790437698 7477
1784236618758 0.14809991419315338 7478
1784236618776 0.1755019575357437 7479
1784236618798 0.03380522504448891 7480
1784236618816 0.17894752323627472 7481
1784236618853 0.029106996953487396 7482
1784236618874 0.12718093395233154 7483
1784236618970 0.018985122442245483 7484
1784236619011 0.03438461199402809 7485
1784236619028 0.022947875782847404 7486
1784236619048 0.08615466207265854 7487
1784236619067 0.12181446701288223 7488
1784236619083 0.19558236002922058 7489
1784236619101 0.2161910980939865 7490
1784236619126 0.12268898636102676 7491
1784236619147 0.1387498527765274 7492
1784236619169 0.08449814468622208 7493
1784236619190 0.2880025804042816 7494
1784236619208 0.0074235531501472 7495
1784236619228 0.005775094032287598 7496
1784236619248 0.07946290075778961 7497
1784236619269 0.11470027267932892 7498
1784236619289 0.20846140384674072 7499
1784236620748 0.01318279281258583 7500
1784236620768 0.16133177280426025 7501
1784236620788 0.14747163653373718 7502
1784236620808 0.145323246717453 7503
1784236620827 0.021315881982445717 7504
1784236620847 0.03246200084686279 7505
1784236620866 0.09432358294725418 7506
1784236620885 0.07867079228162766 7507
1784236620901 0.04996936023235321 7508
1784236620919 0.11668199300765991 7509
1784236620937 0.08758705109357834 7510
1784236620957 0.26663899421691895 7511
1784236620975 0.2639288008213043 7512
1784236620991 0.015637174248695374 7513
1784236621006 0.05301126092672348 7514
1784236621024 0.006711790803819895 7515
1784236621042 0.006138352211564779 7516
1784236621060 0.07043049484491348 7517
1784236621076 0.08157100528478622 7518
1784236621094 0.03285131976008415 7519
1784236621111 0.09607814252376556 7520
1784236621129 0.09413575381040573 7521
1784236621148 0.0288129523396492 7522
1784236621166 0.09344303607940674 7523
1784236621183 0.12437806278467178 7524
1784236621199 0.016485700383782387 7525
1784236621217 0.055278368294239044 7526
1784236621235 0.11185383051633835 7527
1784236621255 0.008021910674870014 7528
1784236621274 0.06553440541028976 7529
1784236621291 0.0882151871919632 7530
1784236621308 0.26098257303237915 7531
1784236621326 0.11199767887592316 7532
1784236621343 0.09631631523370743 7533
1784236621359 0.2170037180185318 7534
1784236621376 0.03378951922059059 7535
1784236621392 0.08559151738882065 7536
1784236621409 0.05440583825111389 7537
1784236621426 0.04640018567442894 7538
1784236621443 0.06630811840295792 7539
1784236621460 0.042947918176651 7540
1784236621478 0.06110701709985733 7541
1784236621496 0.011586223728954792 7542
1784236621514 0.23933552205562592 7543
1784236621607 0.03033272549510002 7544
1784236621639 0.03436887636780739 7545
1784236621659 0.022476710379123688 7546
1784236621679 0.07467485219240189 7547
1784236621699 0.24419330060482025 7548
1784236621717 0.1435345858335495 7549
1784236621733 0.11426205188035965 7550
1784236621750 0.03621057793498039 7551
1784236621770 0.09145715087652206 7552
1784236621788 0.16484621167182922 7553
1784236621807 0.030464883893728256 7554
1784236621825 0.025058872997760773 7555
1784236621844 0.03260107338428497 7556
1784236621862 0.004824168514460325 7557
1784236621881 0.03970872610807419 7558
1784236621899 0.08304888755083084 7559
1784236621916 0.05593577027320862 7560
1784236621934 0.12649379670619965 7561
1784236621953 0.2864348292350769 7562
1784236621972 0.06364644318819046 7563
1784236621991 0.16760629415512085 7564
1784236622008 0.08175160735845566 7565
1784236622026 0.02524096518754959 7566
1784236622043 0.02647748775780201 7567
1784236622059 0.03299486264586449 7568
1784236622077 0.044117555022239685 7569
1784236622094 0.06212858483195305 7570
1784236622112 0.030796723440289497 7571
1784236622130 0.043060094118118286 7572
1784236622151 0.07885556668043137 7573
1784236622168 0.05971058830618858 7574
1784236622187 0.09442052245140076 7575
1784236622207 0.020979104563593864 7576
1784236622225 0.1937614530324936 7577
1784236622243 0.0048415809869766235 7578
1784236622262 0.020132197067141533 7579
1784236622285 0.0032544380519539118 7580
1784236622304 0.0910513624548912 7581
1784236622324 0.12560009956359863 7582
1784236622342 0.011928513646125793 7583
1784236622361 0.008480124175548553 7584
1784236622380 0.06840801984071732 7585
1784236622397 0.02605568990111351 7586
1784236622416 0.27956634759902954 7587
1784236622434 0.01788787730038166 7588
1784236622453 0.047754090279340744 7589
1784236622471 0.019843585789203644 7590
1784236622489 0.01196015253663063 7591
1784236622506 0.028331391513347626 7592
1784236622523 0.014731827192008495 7593
1784236622541 0.16966170072555542 7594
1784236622559 0.0648876279592514 7595
1784236622575 0.005715751089155674 7596
1784236622592 0.005373205058276653 7597
1784236622609 0.08079743385314941 7598
1784236622627 0.035850562155246735 7599
1784236622643 0.09811286628246307 7600
1784236622659 0.16500912606716156 7601
1784236622675 0.006313649006187916 7602
1784236622692 0.11886699497699738 7603
1784236622709 0.03893245384097099 7604
1784236622727 0.01679903082549572 7605
1784236622745 0.11981599032878876 7606
1784236622763 0.05578351393342018 7607
1784236622781 0.02902737259864807 7608
1784236622798 0.0030592207331210375 7609
1784236622891 0.08458449691534042 7610
1784236622936 0.0073597002774477005 7611
1784236622956 0.02359067089855671 7612
1784236622976 0.006182696204632521 7613
1784236622994 0.004832749255001545 7614
1784236623014 0.23438920080661774 7615
1784236623032 0.02640225738286972 7616
1784236623049 0.05730809271335602 7617
1784236623067 0.17495036125183105 7618
1784236623084 0.22352735698223114 7619
1784236623103 0.005618496332317591 7620
1784236623124 0.09873181581497192 7621
1784236623142 0.07287457585334778 7622
1784236623158 0.006148106884211302 7623
1784236623176 0.14143024384975433 7624
1784236623192 0.0037860001903027296 7625
1784236623208 0.31178852915763855 7626
1784236623226 0.04208773374557495 7627
1784236623243 0.013776269741356373 7628
1784236623261 0.1357053816318512 7629
1784236623277 0.22288452088832855 7630
1784236623295 0.02751421555876732 7631
1784236623311 0.06877657026052475 7632
1784236623328 0.033631328493356705 7633
1784236623345 0.0022212169133126736 7634
1784236623362 0.13899102807044983 7635
1784236623378 0.007391078397631645 7636
1784236623393 0.2839149832725525 7637
1784236623409 0.052510567009449005 7638
1784236623425 0.01853092946112156 7639
1784236623442 0.002763490192592144 7640
1784236623459 0.005627455189824104 7641
1784236623474 0.05062592774629593 7642
1784236623491 0.0877591148018837 7643
1784236623508 0.061770275235176086 7644
1784236623525 0.033593714237213135 7645
1784236623543 0.024047737941145897 7646
1784236623559 0.0004690619825851172 7647
1784236623574 0.0061891889199614525 7648
1784236623589 0.012709805741906166 7649
1784236623605 0.06890436261892319 7650
1784236623621 0.006066886708140373 7651
1784236623639 0.0066900840029120445 7652
1784236623658 0.14565646648406982 7653
1784236623675 0.03334922343492508 7654
1784236623692 0.026748932898044586 7655
1784236623709 0.028878826647996902 7656
1784236623727 0.026602081954479218 7657
1784236623744 0.0002354331809328869 7658
1784236623764 0.15365678071975708 7659
1784236623785 0.04034670814871788 7660
1784236623805 0.27831128239631653 7661
1784236623825 0.06602407991886139 7662
1784236623842 0.01044443342834711 7663
1784236623858 0.03613985329866409 7664
1784236623875 0.012880943715572357 7665
1784236623892 0.07282103598117828 7666
1784236623906 0.01187368668615818 7667
1784236623922 0.0925433337688446 7668
1784236623940 0.10631286352872849 7669
1784236623957 0.027341604232788086 7670
1784236623974 0.004802762996405363 7671
1784236623992 0.01654045097529888 7672
1784236624009 0.004882763605564833 7673
1784236624025 0.13027113676071167 7674
1784236624042 0.07594643533229828 7675
1784236624058 0.013566316105425358 7676
1784236624076 0.011187531054019928 7677
1784236624094 0.17892557382583618 7678
1784236624113 0.04960447549819946 7679
1784236624137 0.054276540875434875 7680
1784236624157 0.07045356184244156 7681
1784236624176 0.13271567225456238 7682
1784236624193 0.021432066336274147 7683
1784236624210 0.011187667958438396 7684
1784236624231 0.11697554588317871 7685
1784236624248 0.04004477337002754 7686
1784236624266 0.00787912867963314 7687
1784236624286 0.0023261038586497307 7688
1784236624303 0.003268119180575013 7689
1784236624321 0.0331525094807148 7690
1784236624338 0.005452129989862442 7691
1784236624357 0.16631117463111877 7692
1784236624374 0.03635232895612717 7693
1784236624393 0.1789252907037735 7694
1784236624411 0.018010269850492477 7695
1784236624430 0.006747607607394457 7696
1784236624453 0.01882673241198063 7697
1784236624474 0.32071852684020996 7698
1784236624493 0.036993175745010376 7699
1784236624511 0.023776421323418617 7700
1784236624528 0.03753079101443291 7701
1784236624549 0.01089202519506216 7702
1784236624568 0.06279019266366959 7703
1784236624589 0.07675991207361221 7704
1784236624605 0.017120016738772392 7705
1784236624622 0.3597032129764557 7706
1784236624638 0.1715889424085617 7707
1784236624658 0.0029717511497437954 7708
1784236624675 0.07908772677183151 7709
1784236624692 0.009719667956233025 7710
1784236624711 0.1486126333475113 7711
1784236624727 0.008499660529196262 7712
1784236624745 0.12092176079750061 7713
1784236624763 0.04135499149560928 7714
1784236624784 0.04373376816511154 7715
1784236624804 0.012838243506848812 7716
1784236624820 0.023138243705034256 7717
1784236624839 0.054696764796972275 7718
1784236624856 0.14956897497177124 7719
1784236624897 0.006492892745882273 7720
1784236624954 0.12194778770208359 7721
1784236624987 0.1320999711751938 7722
1784236625003 0.0971122607588768 7723
1784236625031 0.047060526907444 7724
1784236625048 0.015285879373550415 7725
1784236625066 0.03562165051698685 7726
1784236625082 0.022800473496317863 7727
1784236625099 0.30745258927345276 7728
1784236625118 0.016174158081412315 7729
1784236625138 0.1285306215286255 7730
1784236625158 0.048186562955379486 7731
1784236625179 0.09665236622095108 7732
1784236625197 0.018791308626532555 7733
1784236625218 0.1696617156267166 7734
1784236625242 0.11663103103637695 7735
1784236625262 0.028191547840833664 7736
1784236625278 0.014993994496762753 7737
1784236625296 0.0033154827542603016 7738
1784236625312 0.16716568171977997 7739
1784236625329 0.017185496166348457 7740
1784236625346 0.021446198225021362 7741
1784236625364 0.007152894511818886 7742
1784236625384 0.018795670941472054 7743
1784236625400 0.0066739940084517 7744
1784236625417 0.017062317579984665 7745
1784236625436 0.025740908458828926 7746
1784236625453 0.08020419627428055 7747
1784236625470 0.006327933166176081 7748
1784236625487 0.022303614765405655 7749
1784236625503 0.11089127510786057 7750
1784236625519 0.08895867317914963 7751
1784236625538 0.12252441793680191 7752
1784236625555 0.10261762142181396 7753
1784236625573 0.03153092414140701 7754
1784236625589 0.23465026915073395 7755
1784236625604 0.012698795646429062 7756
1784236625620 0.04616080969572067 7757
1784236625640 0.06160902976989746 7758
1784236625657 0.05347994714975357 7759
1784236625674 0.02984349988400936 7760
1784236625692 0.08733700215816498 7761
1784236625709 0.013119230978190899 7762
1784236625726 0.12594746053218842 7763
1784236625744 0.17908862233161926 7764
1784236625761 0.10703767836093903 7765
1784236625780 0.01967625692486763 7766
1784236625797 0.24017509818077087 7767
1784236625817 0.140481099486351 7768
1784236625837 0.0275711826980114 7769
1784236625855 0.029690928757190704 7770
1784236625874 0.034425269812345505 7771
1784236625893 0.0034587278496474028 7772
1784236625908 0.2160114347934723 7773
1784236625927 0.05319274589419365 7774
1784236625943 0.20377369225025177 7775
1784236625959 0.05462484806776047 7776
1784236625976 0.019032105803489685 7777
1784236625992 0.017595704644918442 7778
1784236626008 0.006882272660732269 7779
1784236626027 0.04639003425836563 7780
1784236626044 0.11394351720809937 7781
1784236626061 0.07821393758058548 7782
1784236626078 0.2526988685131073 7783
1784236626095 0.02615782618522644 7784
1784236626113 0.0010726358741521835 7785
1784236626131 0.1167248860001564 7786
1784236626150 0.14082546532154083 7787
1784236626243 0.051663585007190704 7788
1784236626276 0.13419365882873535 7789
1784236626297 0.03780708461999893 7790
1784236626320 0.05666167289018631 7791
1784236626339 0.023586168885231018 7792
1784236626357 0.09522570669651031 7793
1784236626377 0.05542996525764465 7794
1784236626395 0.012051662430167198 7795
1784236626415 0.018041053786873817 7796
1784236626433 0.3174140751361847 7797
1784236626452 0.0419229157269001 7798
1784236626472 0.16741475462913513 7799
1784236626490 0.15307781100273132 7800
1784236626508 0.007787467911839485 7801
1784236626526 0.03722475469112396 7802
1784236626543 0.01630573533475399 7803
1784236626562 0.0646250918507576 7804
1784236626582 0.39802053570747375 7805
1784236626599 0.07356404513120651 7806
1784236626618 0.011061270721256733 7807
1784236626638 0.00959120411425829 7808
1784236626657 0.3870432674884796 7809
1784236626675 0.08861420303583145 7810
1784236626694 0.12125315517187119 7811
1784236626709 0.03215353935956955 7812
1784236626728 0.04062339663505554 7813
1784236626747 0.10421540588140488 7814
1784236626765 0.023612163960933685 7815
1784236626785 0.007580210454761982 7816
1784236626805 0.0420028381049633 7817
1784236626824 0.011047020554542542 7818
1784236626844 0.07294607907533646 7819
1784236626861 0.2204749435186386 7820
1784236626878 0.30625730752944946 7821
1784236626894 0.021330097690224648 7822
1784236626909 0.13406813144683838 7823
1784236626927 0.019827358424663544 7824
1784236626945 0.30693987011909485 7825
1784236626962 0.005039849318563938 7826
1784236626980 0.152221217751503 7827
1784236626997 0.17935293912887573 7828
1784236627015 0.08064387738704681 7829
1784236627043 0.08297067880630493 7830
1784236627058 0.1814596951007843 7831
1784236627076 0.12861377000808716 7832
1784236627093 0.07914406806230545 7833
1784236627109 0.11290213465690613 7834
1784236627125 0.03801358491182327 7835
1784236627141 0.3414973318576813 7836
1784236627156 0.07157323509454727 7837
1784236627174 0.07555893808603287 7838
1784236627191 0.007834055460989475 7839
1784236627208 0.03916274011135101 7840
1784236627224 0.22027143836021423 7841
1784236627241 0.10825306922197342 7842
1784236627259 0.03124462068080902 7843
1784236627276 0.0075809769332408905 7844
1784236627294 0.019381985068321228 7845
1784236627314 0.27111387252807617 7846
1784236627334 0.07427989691495895 7847
1784236627350 0.025046734139323235 7848
1784236627369 0.019651569426059723 7849
1784236627388 0.17985738813877106 7850
1784236627406 0.2709783911705017 7851
1784236627426 0.2453455775976181 7852
1784236627445 0.17481189966201782 7853
1784236627469 0.019750528037548065 7854
1784236627488 0.3499266803264618 7855
1784236627507 0.025984670966863632 7856
1784236627526 0.012829046696424484 7857
1784236627542 0.3651372790336609 7858
1784236627559 0.0888071060180664 7859
1784236627577 0.04060104861855507 7860
1784236627594 0.0681585818529129 7861
1784236627613 0.18681198358535767 7862
1784236627630 0.1801561564207077 7863
1784236627646 0.01515621691942215 7864
1784236627663 0.024442585185170174 7865
1784236627682 0.018933888524770737 7866
1784236627698 0.08173787593841553 7867
1784236627715 0.02767782285809517 7868
1784236627733 0.09681527316570282 7869
1784236627751 0.1897680163383484 7870
1784236627769 0.007410240825265646 7871
1784236627788 0.04941737651824951 7872
1784236627807 0.0066451989114284515 7873
1784236627824 0.08158084750175476 7874
1784236627842 0.11548320949077606 7875
1784236627860 0.017354650422930717 7876
1784236627877 0.07779191434383392 7877
1784236627894 0.07258884608745575 7878
1784236627911 0.15400761365890503 7879
1784236627929 0.024970270693302155 7880
1784236627947 0.05829716846346855 7881
1784236627965 0.009404429234564304 7882
1784236627983 0.15236587822437286 7883
1784236628002 0.011624334380030632 7884
1784236628021 0.012556319124996662 7885
1784236628037 0.03420635685324669 7886
1784236628055 0.19431927800178528 7887
1784236628073 0.0573304146528244 7888
1784236628092 0.03789786994457245 7889
1784236628109 0.005804806016385555 7890
1784236628127 0.009338658303022385 7891
1784236628143 0.01484374888241291 7892
1784236628159 0.11671638488769531 7893
1784236628178 0.008304576389491558 7894
1784236628269 0.02747272700071335 7895
1784236628302 0.019930029287934303 7896
1784236628322 0.060699474066495895 7897
1784236628339 0.008655138313770294 7898
1784236628358 0.01306303683668375 7899
1784236628377 0.11848048120737076 7900
1784236628396 0.032273996621370316 7901
1784236628415 0.10982932895421982 7902
1784236628437 0.01882680505514145 7903
1784236628458 0.07652207463979721 7904
1784236628476 0.04362268000841141 7905
1784236628496 0.021091414615511894 7906
1784236628514 0.2610049545764923 7907
1784236628532 0.08542173355817795 7908
1784236628552 0.037811264395713806 7909
1784236628571 0.17869879305362701 7910
1784236628589 0.1627594381570816 7911
1784236628608 0.11221665889024734 7912
1784236628627 0.15092918276786804 7913
1784236628646 0.15303008258342743 7914
1784236628670 0.016235187649726868 7915
1784236628691 0.010365327820181847 7916
1784236628711 0.0650867149233818 7917
1784236628734 0.033618319779634476 7918
1784236628754 0.008739763870835304 7919
1784236628772 0.004291074350476265 7920
1784236628793 0.05777247995138168 7921
1784236628813 0.08686979115009308 7922
1784236628832 0.2299855798482895 7923
1784236628855 0.007601132616400719 7924
1784236628873 0.0519532710313797 7925
1784236628893 0.08428461849689484 7926
1784236628912 0.007507041096687317 7927
1784236628930 0.011188487522304058 7928
1784236628946 0.2732681632041931 7929
1784236628963 0.04008319973945618 7930
1784236628981 0.11735029518604279 7931
1784236628999 0.03034546785056591 7932
1784236629018 0.030300423502922058 7933
1784236629036 0.03205833584070206 7934
1784236629055 0.10319237411022186 7935
1784236629071 0.13179731369018555 7936
1784236629095 0.07307613641023636 7937
1784236629112 0.07396078109741211 7938
1784236629130 0.027077022939920425 7939
1784236629148 0.17088682949543 7940
1784236629167 0.11363128572702408 7941
1784236629184 0.042547810822725296 7942
1784236629203 0.05724729597568512 7943
1784236629219 0.006262273993343115 7944
1784236629239 0.060984835028648376 7945
1784236629257 0.019901465624570847 7946
1784236629274 0.049987826496362686 7947
1784236629291 0.018618112429976463 7948
1784236629308 0.03358231112360954 7949
1784236629326 0.02149353362619877 7950
1784236629344 0.21856793761253357 7951
1784236629361 0.02661535143852234 7952
1784236629378 0.15381713211536407 7953
1784236629395 0.11225266009569168 7954
1784236629414 0.025424199178814888 7955
1784236629432 0.12006167322397232 7956
1784236629450 0.05916417017579079 7957
1784236629467 0.0660063698887825 7958
1784236629485 0.00995783694088459 7959
1784236629504 0.04328066483139992 7960
1784236629594 0.026984337717294693 7961
1784236629630 0.044185321778059006 7962
1784236629653 0.04288941249251366 7963
1784236629677 0.02517560124397278 7964
1784236629705 0.05868610367178917 7965
1784236629724 0.011087648570537567 7966
1784236629744 0.0856911689043045 7967
1784236629763 0.0016451546689495444 7968
1784236629784 0.18062040209770203 7969
1784236629802 0.07856391370296478 7970
1784236629822 0.007242185063660145 7971
1784236629840 0.007908989675343037 7972
1784236629857 0.016324423253536224 7973
1784236629873 0.004899089224636555 7974
1784236629894 0.1717088371515274 7975
1784236629914 0.010693074204027653 7976
1784236629933 0.032773446291685104 7977
1784236629952 0.2506967782974243 7978
1784236629972 0.1817825883626938 7979
1784236629988 0.1039622500538826 7980
1784236630007 0.02009875886142254 7981
1784236630023 0.0026228241622447968 7982
1784236630041 0.06885697692632675 7983
1784236630057 0.021060079336166382 7984
1784236630075 0.0617041140794754 7985
1784236630092 0.13594534993171692 7986
1784236630110 0.09004717320203781 7987
1784236630126 0.03684532269835472 7988
1784236630143 0.021256260573863983 7989
1784236630162 0.0041319839656353 7990
1784236630180 0.03643389046192169 7991
1784236630197 0.0474478080868721 7992
1784236630214 0.006936178542673588 7993
1784236630231 0.14643371105194092 7994
1784236630249 0.021487079560756683 7995
1784236630268 0.007688418962061405 7996
1784236630287 0.04406062513589859 7997
1784236630305 0.0987967848777771 7998
1784236630322 0.004722844809293747 7999
1784236630340 0.2616980969905853 8000
1784236630359 0.023216061294078827 8001
1784236630376 0.04947234317660332 8002
1784236630394 0.030175495892763138 8003
1784236630410 0.018344707787036896 8004
1784236630430 0.022656582295894623 8005
1784236630449 0.011067299172282219 8006
1784236630467 0.024961166083812714 8007
1784236630486 0.04215700924396515 8008
1784236630503 0.003621898125857115 8009
1784236630523 0.06644214689731598 8010
1784236630541 0.017786763608455658 8011
1784236630559 0.027750929817557335 8012
1784236630578 0.012927725911140442 8013
1784236630598 0.033572353422641754 8014
1784236630618 0.0012851025676354766 8015
1784236630638 0.02572535164654255 8016
1784236630656 0.0019026033114641905 8017
1784236630675 0.1253136247396469 8018
1784236630693 0.0032341426704078913 8019
1784236630711 0.06503783911466599 8020
1784236630730 0.007993916049599648 8021
1784236630747 0.004193505272269249 8022
1784236630766 0.051879461854696274 8023
1784236630785 0.006914954632520676 8024
1784236630806 0.004334847442805767 8025
1784236630825 0.02072603814303875 8026
1784236630913 0.03175780549645424 8027
1784236630948 0.009000365622341633 8028
1784236630967 0.030737994238734245 8029
1784236630985 0.028989091515541077 8030
1784236631004 0.06745229661464691 8031
1784236631021 0.004475944675505161 8032
1784236631039 0.10219019651412964 8033
1784236631054 0.15805433690547943 8034
1784236631070 0.09641887992620468 8035
1784236631087 0.01139671728014946 8036
1784236631106 0.09205231815576553 8037
1784236631122 0.1634647399187088 8038
1784236631139 0.041189003735780716 8039
1784236631156 0.11779283732175827 8040
1784236631173 0.06931312382221222 8041
1784236631189 0.019686557352542877 8042
1784236631206 0.024511106312274933 8043
1784236631222 0.4013746976852417 8044
1784236631239 0.02047753892838955 8045
1784236631256 0.056618813425302505 8046
1784236631272 0.07564681768417358 8047
1784236631287 0.02428383380174637 8048
1784236631304 0.12033015489578247 8049
1784236631321 0.004975019488483667 8050
1784236631338 0.018670624122023582 8051
1784236631354 0.09608220309019089 8052
1784236631371 0.01794893480837345 8053
1784236631388 0.2461088001728058 8054
1784236631406 0.0012912699021399021 8055
1784236631424 0.1323222666978836 8056
1784236631443 0.0020266915671527386 8057
1784236631459 0.1055281013250351 8058
1784236631475 0.09497442841529846 8059
1784236631491 0.08046841621398926 8060
1784236631509 0.024310242384672165 8061
1784236631526 0.04343373328447342 8062
1784236631542 0.04385433346033096 8063
1784236631557 0.02145388536155224 8064
1784236631574 0.07047159224748611 8065
1784236631589 0.013639243319630623 8066
1784236631605 0.07511189579963684 8067
1784236631622 0.018997235223650932 8068
1784236631638 0.3474942743778229 8069
1784236631654 0.12257363647222519 8070
1784236631671 0.007358668837696314 8071
1784236631689 0.04450521245598793 8072
1784236631706 0.2688339650630951 8073
1784236631723 0.04837610572576523 8074
1784236631740 0.035397473722696304 8075
1784236631757 0.0019911020062863827 8076
1784236631775 0.06756240874528885 8077
1784236631794 0.12854814529418945 8078
1784236631812 0.02684718742966652 8079
1784236631830 0.9197213649749756 8080
1784236631847 0.01846681721508503 8081
1784236631866 0.07421205937862396 8082
1784236631884 0.13262200355529785 8083
1784236631901 0.3832809329032898 8084
1784236631919 0.11877008527517319 8085
1784236631939 0.00479441974312067 8086
1784236631959 0.09864014387130737 8087
1784236631976 0.10429162532091141 8088
1784236631995 0.21574023365974426 8089
1784236632019 0.16513746976852417 8090
1784236632040 0.12104252725839615 8091
1784236632056 0.21432149410247803 8092
1784236632074 0.005238077137619257 8093
1784236632092 0.008025013841688633 8094
1784236632114 0.031171239912509918 8095
1784236632134 0.006693284027278423 8096
1784236632155 0.07147596776485443 8097
1784236632173 0.1332261860370636 8098
1784236632192 0.11325464397668839 8099
1784236632214 0.05872752144932747 8100
1784236632235 0.08299331367015839 8101
1784236632254 0.1493755429983139 8102
1784236632273 0.05054700747132301 8103
1784236632290 0.15709270536899567 8104
1784236632312 0.15751215815544128 8105
1784236632329 0.159423828125 8106
1784236632351 0.005537413060665131 8107
1784236632448 0.07773811370134354 8108
1784236632481 0.09624148160219193 8109
1784236632500 0.009104352444410324 8110
1784236632518 0.022311164066195488 8111
1784236632537 0.06605926156044006 8112
1784236632554 0.038579799234867096 8113
1784236632572 0.009344305843114853 8114
1784236632588 0.043250299990177155 8115
1784236632606 0.016565319150686264 8116
1784236632624 0.043728433549404144 8117
1784236632642 0.16943061351776123 8118
1784236632657 0.07440582662820816 8119
1784236632674 0.02192477136850357 8120
1784236632691 0.12537336349487305 8121
1784236632706 0.3348369002342224 8122
1784236632725 0.12183579802513123 8123
1784236632743 0.026678550988435745 8124
1784236632759 0.09148614853620529 8125
1784236632775 0.043730754405260086 8126
1784236632794 0.0072114188224077225 8127
1784236632813 0.0023585453163832426 8128
1784236632832 0.0412454791367054 8129
1784236632853 0.16046814620494843 8130
1784236632885 0.06712242215871811 8131
1784236632903 0.04994760453701019 8132
1784236632920 0.05186866596341133 8133
1784236632935 0.03235142305493355 8134
1784236632952 0.06948379427194595 8135
1784236632968 0.008409405127167702 8136
1784236632988 0.07472483068704605 8137
1784236633004 0.030903704464435577 8138
1784236633023 0.01912403665482998 8139
1784236633045 0.11176568269729614 8140
1784236633063 0.0397246778011322 8141
1784236633082 0.02160712145268917 8142
1784236633103 0.009612064808607101 8143
1784236633124 0.03069833293557167 8144
1784236633144 0.03643907979130745 8145
1784236633167 0.08792275190353394 8146
1784236633191 0.3103138506412506 8147
1784236633220 0.021957814693450928 8148
1784236633242 0.024515563622117043 8149
1784236633266 0.05187418684363365 8150
1784236633290 0.09803080558776855 8151
1784236633312 0.0965036004781723 8152
1784236633331 0.021109875291585922 8153
1784236633352 0.04649762809276581 8154
1784236633383 0.002773408079519868 8155
1784236633403 0.10365335643291473 8156
1784236633423 0.42524006962776184 8157
1784236633446 0.0089774951338768 8158
1784236633472 0.16794544458389282 8159
1784236633492 0.014167123474180698 8160
1784236633509 0.05728166177868843 8161
1784236633528 0.05018031969666481 8162
1784236633546 0.08668439835309982 8163
1784236633564 0.040634822100400925 8164
1784236633584 0.01849035918712616 8165
1784236633607 0.06033540517091751 8166
1784236633630 0.05150261148810387 8167
1784236633651 0.11186879128217697 8168
1784236633670 0.05276837944984436 8169
1784236633691 0.046694040298461914 8170
1784236633715 0.02088336832821369 8171
1784236633743 0.1299704611301422 8172
1784236633764 0.008968005888164043 8173
1784236633783 0.047064926475286484 8174
1784236633891 0.022202981635928154 8175
1784236633938 0.0017836218466982245 8176
1784236633971 0.005300941877067089 8177
1784236633992 0.04403655230998993 8178
1784236634013 0.0807972326874733 8179
1784236634030 0.013693751767277718 8180
1784236634047 0.23324573040008545 8181
1784236634065 0.028584986925125122 8182
1784236634083 0.012699401006102562 8183
1784236634102 0.03363759443163872 8184
1784236634125 0.05817398801445961 8185
1784236634145 0.07962869852781296 8186
1784236634168 0.1259288638830185 8187
1784236634190 0.013846402987837791 8188
1784236634213 0.7185184955596924 8189
1784236634235 0.07573682814836502 8190
1784236634253 0.14136193692684174 8191
1784236634275 0.008964541368186474 8192
1784236634294 0.004837240558117628 8193
1784236634311 0.11243551969528198 8194
1784236634329 0.037725917994976044 8195
1784236634354 0.003986005671322346 8196
1784236634372 0.007699846290051937 8197
1784236634391 0.06027958169579506 8198
1784236634411 0.03311413154006004 8199
1784236634428 0.07134336233139038 8200
1784236634447 0.06873489916324615 8201
1784236634466 0.19546101987361908 8202
1784236634483 0.08941149711608887 8203
1784236634502 0.033494219183921814 8204
1784236634521 0.014551718719303608 8205
1784236634540 0.13858629763126373 8206
1784236634558 0.03578508272767067 8207
1784236634577 0.016678081825375557 8208
1784236634596 0.039459940046072006 8209
1784236634616 0.040444500744342804 8210
1784236634634 0.061909131705760956 8211
1784236634654 0.1212770864367485 8212
1784236634670 0.07350020110607147 8213
1784236634689 0.6407188773155212 8214
1784236634706 0.008649826981127262 8215
1784236634725 0.1452496498823166 8216
1784236634743 0.03609878942370415 8217
1784236634759 0.0249771848320961 8218
1784236634775 0.007100525312125683 8219
1784236634793 0.0108755212277174 8220
1784236634811 0.03502865880727768 8221
1784236634831 0.021703241392970085 8222
1784236634850 0.12544864416122437 8223
1784236634868 0.05841389298439026 8224
1784236634886 0.020722929388284683 8225
1784236634904 0.026681313291192055 8226
1784236634920 0.09040351212024689 8227
1784236634938 0.023236695677042007 8228
1784236634955 0.1516568809747696 8229
1784236634976 0.06417644768953323 8230
1784236634992 0.18785050511360168 8231
1784236635008 0.17533501982688904 8232
1784236635026 0.02103254571557045 8233
1784236635042 0.03288508579134941 8234
1784236635058 0.0034057823941111565 8235
1784236635073 0.04559718817472458 8236
1784236635089 0.05709441378712654 8237
1784236635106 0.15054915845394135 8238
1784236635121 0.06284105777740479 8239
1784236635140 0.03303597867488861 8240
1784236635158 0.3146046996116638 8241
1784236635173 0.002179965376853943 8242
1784236635189 0.12802934646606445 8243
1784236635207 0.1301923245191574 8244
1784236635225 0.007026190869510174 8245
1784236635242 0.16217546164989471 8246
1784236635259 0.015144878067076206 8247
1784236635275 0.17581598460674286 8248
1784236635292 0.1808256059885025 8249
1784236635309 0.0727294459939003 8250
1784236635325 0.07854960858821869 8251
1784236635340 0.017810393124818802 8252
1784236635357 0.12904873490333557 8253
1784236635375 0.025554532185196877 8254
1784236635392 0.21313108503818512 8255
1784236635409 0.05347416177392006 8256
1784236635426 0.07825132459402084 8257
1784236635444 0.37601974606513977 8258
1784236635461 0.01663229800760746 8259
1784236635481 0.3501371145248413 8260
1784236635500 0.012018326669931412 8261
1784236635517 0.06307311356067657 8262
1784236635535 0.4629034101963043 8263
1784236635554 0.014030533842742443 8264
1784236635572 0.0465104915201664 8265
1784236635589 0.14979875087738037 8266
1784236635606 0.028047360479831696 8267
1784236635689 0.07323986291885376 8268
1784236635725 0.14732323586940765 8269
1784236635743 0.17899900674819946 8270
1784236635761 0.0874146893620491 8271
1784236635780 0.03282102197408676 8272
1784236635799 0.01895037107169628 8273
1784236635818 0.2268645167350769 8274
1784236635837 0.03250681236386299 8275
1784236635857 0.006066917907446623 8276
1784236635875 0.007662232033908367 8277
1784236635894 0.019727526232600212 8278
1784236635916 0.025754880160093307 8279
1784236635934 0.04639628529548645 8280
1784236635953 0.17258627712726593 8281
1784236635972 0.06060369685292244 8282
1784236635989 0.09697034955024719 8283
1784236636006 0.10213986039161682 8284
1784236636023 0.004849932622164488 8285
1784236636039 0.08622852712869644 8286
1784236636056 0.3828600347042084 8287
1784236636073 0.15070588886737823 8288
1784236636089 0.01894402503967285 8289
1784236636105 0.012708716094493866 8290
1784236636120 0.2941551208496094 8291
1784236636137 0.040108468383550644 8292
1784236636152 0.007097565568983555 8293
1784236636170 0.10480204969644547 8294
1784236636186 0.023093894124031067 8295
1784236636203 0.2776007354259491 8296
1784236636222 0.08227330446243286 8297
1784236636238 0.013221092522144318 8298
1784236636253 0.0021984619088470936 8299
1784236636270 0.03821926191449165 8300
1784236636286 0.1156865656375885 8301
1784236636303 0.045704010874032974 8302
1784236636321 0.02923179417848587 8303
1784236636338 0.2075071930885315 8304
1784236636355 0.05310613662004471 8305
1784236636372 0.0625038892030716 8306
1784236636390 0.18014930188655853 8307
1784236636407 0.02933170646429062 8308
1784236636426 0.029375020414590836 8309
1784236636445 0.007187230978161097 8310
1784236636468 0.06943803280591965 8311
1784236636487 0.02605303004384041 8312
1784236636506 0.366435706615448 8313
1784236636525 0.07915245741605759 8314
1784236636545 0.24498209357261658 8315
1784236636565 0.02617739327251911 8316
1784236636583 0.02238740585744381 8317
1784236636601 0.028967661783099174 8318
1784236636619 0.39978063106536865 8319
1784236636636 0.0516137070953846 8320
1784236636655 0.0018679059576243162 8321
1784236636672 0.05000719055533409 8322
1784236636690 0.04183192923665047 8323
1784236636705 0.16728268563747406 8324
1784236636723 0.0433875247836113 8325
1784236636740 0.1632678061723709 8326
1784236636758 0.05405135080218315 8327
1784236636777 0.059115685522556305 8328
1784236636797 0.08767753094434738 8329
1784236636815 0.08088549971580505 8330
1784236636833 0.29082077741622925 8331
1784236636849 0.08681295067071915 8332
1784236636868 0.029656855389475822 8333
1784236636885 0.01750030927360058 8334
1784236636980 0.020635860040783882 8335
1784236637011 0.06064210087060928 8336
1784236637030 0.07022923231124878 8337
1784236637048 0.0043958318419754505 8338
1784236637065 0.09611480683088303 8339
1784236637083 0.10814239084720612 8340
1784236637100 0.008517971262335777 8341
1784236637116 0.006562104448676109 8342
1784236637131 0.08525291085243225 8343
1784236637149 0.3513035178184509 8344
1784236637165 0.06351454555988312 8345
1784236637182 0.03466074913740158 8346
1784236637201 0.12110602855682373 8347
1784236637220 0.1278386116027832 8348
1784236637238 0.020262062549591064 8349
1784236637256 0.0629708394408226 8350
1784236637274 0.04481957480311394 8351
1784236637293 0.013758223503828049 8352
1784236637312 0.16671323776245117 8353
1784236637331 0.11293274164199829 8354
1784236637351 0.07826340198516846 8355
1784236637369 0.00841746386140585 8356
1784236637386 0.10535042732954025 8357
1784236637405 0.007443171925842762 8358
1784236637424 0.16530929505825043 8359
1784236637443 0.053848233073949814 8360
1784236637462 0.01584624871611595 8361
1784236637480 0.018115170300006866 8362
1784236637499 0.02970971167087555 8363
1784236637520 0.04260723292827606 8364
1784236637538 0.10701773315668106 8365
1784236637557 0.06189796328544617 8366
1784236637576 0.02675754763185978 8367
1784236637593 0.011546503752470016 8368
1784236637611 0.03591245040297508 8369
1784236637631 0.13439223170280457 8370
1784236637649 0.006703444756567478 8371
1784236637668 0.22983665764331818 8372
1784236637686 0.20556825399398804 8373
1784236637704 0.004273755010217428 8374
1784236637721 0.028510786592960358 8375
1784236637739 0.22670790553092957 8376
1784236637757 0.12200647592544556 8377
1784236637775 0.01641826331615448 8378
1784236637794 0.10412135720252991 8379
1784236637813 0.001166517031379044 8380
1784236637832 0.09122131764888763 8381
1784236637851 0.26105326414108276 8382
1784236637869 0.009534351527690887 8383
1784236637886 0.2664050757884979 8384
1784236637903 0.011034888215363026 8385
1784236637919 0.101059190928936 8386
1784236637936 0.04116721823811531 8387
1784236637953 0.1138494610786438 8388
1784236637970 0.09628080576658249 8389
1784236637987 0.017272373661398888 8390
1784236638004 0.13294397294521332 8391
1784236638023 0.007054110988974571 8392
1784236638041 0.22610318660736084 8393
1784236638059 0.04477987438440323 8394
1784236638076 0.11375211179256439 8395
1784236638093 0.024213731288909912 8396
1784236638110 0.3219596743583679 8397
1784236638128 0.030141009017825127 8398
1784236638157 0.03211704641580582 8399
1784236638178 0.009641737677156925 8400
1784236638196 0.12535835802555084 8401
1784236638291 0.007169914897531271 8402
1784236638327 0.00405999505892396 8403
1784236638347 0.09568139165639877 8404
1784236638365 0.0061399382539093494 8405
1784236638384 0.16342374682426453 8406
1784236638401 0.24716860055923462 8407
1784236638419 0.18348848819732666 8408
1784236638436 0.039717577397823334 8409
1784236638453 0.0657915472984314 8410
1784236638472 0.06798964738845825 8411
1784236638487 0.05815625935792923 8412
1784236638505 0.017459744587540627 8413
1784236638522 0.051918014883995056 8414
1784236638539 0.030006257817149162 8415
1784236638556 0.09050918370485306 8416
1784236638573 0.12338851392269135 8417
1784236638591 0.02771252952516079 8418
1784236638607 0.1380264312028885 8419
1784236638624 0.03212563693523407 8420
1784236638642 0.08928737044334412 8421
1784236638660 0.03783144801855087 8422
1784236638678 0.005262832157313824 8423
1784236638699 0.12210795283317566 8424
1784236638718 0.01728994771838188 8425
1784236638739 0.003161601023748517 8426
1784236638760 0.05400051549077034 8427
1784236638779 0.06337446719408035 8428
1784236638798 0.12330584228038788 8429
1784236638817 0.03847025707364082 8430
1784236638836 0.029202114790678024 8431
1784236638854 0.008259061723947525 8432
1784236638870 0.13476648926734924 8433
1784236638888 0.007983820512890816 8434
1784236638904 0.007377845700830221 8435
1784236638922 0.027033956721425056 8436
1784236638939 0.4067556858062744 8437
1784236638956 0.004965787287801504 8438
1784236638974 0.01924782060086727 8439
1784236638991 0.025447409600019455 8440
1784236639018 0.07470168173313141 8441
1784236639036 0.0033559997100383043 8442
1784236639050 0.23598705232143402 8443
1784236639067 0.026283003389835358 8444
1784236639084 0.16676189005374908 8445
1784236639102 0.22369550168514252 8446
1784236639118 0.052100133150815964 8447
1784236639134 0.07631762325763702 8448
1784236639153 0.13820232450962067 8449
1784236639169 0.3906294107437134 8450
1784236639187 0.012441805563867092 8451
1784236639205 0.04003886878490448 8452
1784236639223 0.16059505939483643 8453
1784236639240 0.01262914389371872 8454
1784236639256 0.029477175325155258 8455
1784236639272 0.06931237876415253 8456
1784236639287 0.08148413151502609 8457
1784236639303 0.09188500046730042 8458
1784236639321 0.006152586080133915 8459
1784236639339 0.14907978475093842 8460
1784236639358 0.007958807982504368 8461
1784236639376 0.005693095736205578 8462
1784236639393 0.09604799747467041 8463
1784236639409 0.003547423053532839 8464
1784236639426 0.015608906745910645 8465
1784236639445 0.06412018090486526 8466
1784236639462 0.1472754031419754 8467
1784236639483 0.11541743576526642 8468
1784236639502 0.038941651582717896 8469
1784236639519 0.01837681420147419 8470
1784236639536 0.01793644391000271 8471
1784236639552 0.07075134664773941 8472
1784236639570 0.0059324223548173904 8473
1784236639586 0.016631033271551132 8474
1784236639604 0.01231891568750143 8475
1784236639619 0.09352416545152664 8476
1784236639637 0.03422841802239418 8477
1784236639654 0.009923572652041912 8478
1784236639673 0.0143589423969388 8479
1784236639690 0.00772838806733489 8480
1784236639707 0.4727363884449005 8481
1784236639725 0.005365429911762476 8482
1784236639742 0.035123810172080994 8483
1784236639759 0.09337521344423294 8484
1784236639779 0.10075156390666962 8485
1784236639797 0.029169496148824692 8486
1784236639815 0.12539657950401306 8487
1784236639832 0.13150398433208466 8488
1784236639849 0.021064400672912598 8489
1784236639867 0.07580078393220901 8490
1784236639884 0.05917225033044815 8491
1784236639900 0.039730269461870193 8492
1784236639919 0.26307934522628784 8493
1784236639937 0.13311338424682617 8494
1784236639961 0.020317990332841873 8495
1784236639977 0.0034507547970861197 8496
1784236639995 0.07520020008087158 8497
1784236640014 0.06897193193435669 8498
1784236640030 0.28996577858924866 8499
1784236640046 0.04210611805319786 8500
1784236640064 0.058244332671165466 8501
1784236640081 0.07735180109739304 8502
1784236640099 0.03647278994321823 8503
1784236640118 0.004427843261510134 8504
1784236640134 0.21268004179000854 8505
1784236640152 0.06079554930329323 8506
1784236640166 0.17005522549152374 8507
1784236640184 0.06392184644937515 8508
1784236640200 0.14149537682533264 8509
1784236640217 0.14788734912872314 8510
1784236640235 0.12694385647773743 8511
1784236640254 0.14514170587062836 8512
1784236640271 0.0304105207324028 8513
1784236640289 0.13145214319229126 8514
1784236640306 0.01897469162940979 8515
1784236640322 0.08129578083753586 8516
1784236640339 0.04547424241900444 8517
1784236640356 0.14439870417118073 8518
1784236640373 0.033930134028196335 8519
1784236640390 0.05996092036366463 8520
1784236640408 0.20051966607570648 8521
1784236640426 0.022906774654984474 8522
1784236640445 0.15319907665252686 8523
1784236640463 0.005326197948306799 8524
1784236640481 0.002879439853131771 8525
1784236640497 0.024897500872612 8526
1784236640520 0.03724025562405586 8527
1784236640539 0.16467717289924622 8528
1784236640558 0.008819003589451313 8529
1784236640580 0.0023464288096874952 8530
1784236640605 0.005912451073527336 8531
1784236640626 0.012715181335806847 8532
1784236640652 0.019915854558348656 8533
1784236640673 0.23918992280960083 8534
1784236640694 0.022917773574590683 8535
1784236640716 0.005211924202740192 8536
1784236640739 0.07286902517080307 8537
1784236640760 0.31734904646873474 8538
1784236640783 0.0054818750359117985 8539
1784236640805 0.01161671057343483 8540
1784236640823 0.19034205377101898 8541
1784236640842 0.10627812892198563 8542
1784236640860 0.012368259951472282 8543
1784236640880 0.06849683821201324 8544
1784236640899 0.15335004031658173 8545
1784236640920 0.2877172827720642 8546
1784236640945 0.006850015837699175 8547
1784236640964 0.004918469116091728 8548
1784236640985 0.11919539421796799 8549
1784236641005 0.03831598907709122 8550
1784236641024 0.219671368598938 8551
1784236641041 0.011349023319780827 8552
1784236641058 0.004945555701851845 8553
1784236641076 0.02868400514125824 8554
1784236641095 0.051187340170145035 8555
1784236641116 0.21620377898216248 8556
1784236641132 0.14493544399738312 8557
1784236641152 0.15162359178066254 8558
1784236641170 0.10025617480278015 8559
1784236641189 0.02620626427233219 8560
1784236641207 0.05198507010936737 8561
1784236641308 0.2753012776374817 8562
1784236641342 0.017686914652585983 8563
1784236641361 0.06472661346197128 8564
1784236641381 0.011240502819418907 8565
1784236641403 0.13186576962471008 8566
1784236641421 0.004126405343413353 8567
1784236641438 0.04573533311486244 8568
1784236641455 0.03643293306231499 8569
1784236641471 0.02444378100335598 8570
1784236641487 0.03800780698657036 8571
1784236641505 0.16383251547813416 8572
1784236641523 0.009332600049674511 8573
1784236641542 0.017184371128678322 8574
1784236641562 0.35629335045814514 8575
1784236641579 0.07858168333768845 8576
1784236641598 0.20542150735855103 8577
1784236641617 0.026242533698678017 8578
1784236641636 0.02838948927819729 8579
1784236641654 0.0106402188539505 8580
1784236641673 0.011763273738324642 8581
1784236641690 0.20927949249744415 8582
1784236641708 0.0028145075775682926 8583
1784236641729 0.06102510169148445 8584
1784236641747 0.25313565135002136 8585
1784236641766 0.0027467827312648296 8586
1784236641785 0.018803680315613747 8587
1784236641802 0.022638948634266853 8588
1784236641820 0.10197043418884277 8589
1784236641838 0.04470553249120712 8590
1784236641856 0.011959487572312355 8591
1784236641875 0.019803283736109734 8592
1784236641894 0.006270185112953186 8593
1784236641915 0.030137643218040466 8594
1784236641933 0.06322725117206573 8595
1784236641952 0.04645875096321106 8596
1784236641971 0.1355791687965393 8597
1784236641986 0.0256405808031559 8598
1784236642004 0.0038317956496030092 8599
1784236642021 0.033003069460392 8600
1784236642039 0.10769011825323105 8601
1784236642054 0.13021335005760193 8602
1784236642072 0.007754147052764893 8603
1784236642087 0.027513686567544937 8604
1784236642102 0.05217251554131508 8605
1784236642120 0.01902434416115284 8606
1784236642137 0.01629699021577835 8607
1784236642155 0.005212342366576195 8608
1784236642174 0.09431640803813934 8609
1784236642190 0.008731414563953876 8610
1784236642206 0.004952728748321533 8611
1784236642224 0.01647632196545601 8612
1784236642242 0.16491994261741638 8613
1784236642260 0.16487476229667664 8614
1784236642278 0.12027211487293243 8615
1784236642296 0.29616644978523254 8616
1784236642315 0.05015844851732254 8617
1784236642333 0.004124971106648445 8618
1784236642351 0.1556205451488495 8619
1784236642368 0.012809934094548225 8620
1784236642387 0.004054181277751923 8621
1784236642402 0.13289619982242584 8622
1784236642419 0.017556574195623398 8623
1784236642438 0.057676974684000015 8624
1784236642456 0.05762222409248352 8625
1784236642473 0.3307461142539978 8626
1784236642492 0.26933538913726807 8627
1784236642584 0.036869797855615616 8628
1784236642625 0.032587289810180664 8629
1784236642643 0.1173105537891388 8630
1784236642661 0.09978735446929932 8631
1784236642678 0.022584009915590286 8632
1784236642695 0.05716509744524956 8633
1784236642712 0.00986282154917717 8634
1784236642730 0.03197065740823746 8635
1784236642747 0.17969995737075806 8636
1784236642763 0.03356334567070007 8637
1784236642783 0.06299030035734177 8638
1784236642803 0.008026255294680595 8639
1784236642821 0.03394387662410736 8640
1784236642838 0.02311781793832779 8641
1784236642856 0.006577556952834129 8642
1784236642872 0.03512287512421608 8643
1784236642889 0.011334995739161968 8644
1784236642906 0.03980245813727379 8645
1784236642924 0.07742906361818314 8646
1784236642940 0.022729847580194473 8647
1784236642955 0.18102756142616272 8648
1784236642972 0.021134549751877785 8649
1784236642989 0.06897679716348648 8650
1784236643006 0.050292450934648514 8651
1784236643021 0.022008441388607025 8652
1784236643038 0.00963485799729824 8653
1784236643056 0.12269620597362518 8654
1784236643072 0.030170848593115807 8655
1784236643108 0.027793360874056816 8656
1784236643126 0.20843374729156494 8657
1784236643142 0.05733229219913483 8658
1784236643161 0.05601950362324715 8659
1784236643181 0.007326354272663593 8660
1784236643204 0.08226513117551804 8661
1784236643223 0.06761826574802399 8662
1784236643243 0.036718834191560745 8663
1784236643265 0.22069211304187775 8664
1784236643285 0.13186953961849213 8665
1784236643301 0.030588587746024132 8666
1784236643319 0.03000619076192379 8667
1784236643338 0.0143069326877594 8668
1784236643354 0.09715796262025833 8669
1784236643371 0.021448133513331413 8670
1784236643390 0.010148486122488976 8671
1784236643408 0.2839481830596924 8672
1784236643426 0.011996383778750896 8673
1784236643444 0.20452618598937988 8674
1784236643463 0.010604094713926315 8675
1784236643483 0.08066059648990631 8676
1784236643501 0.014438137412071228 8677
1784236643520 0.015920616686344147 8678
1784236643539 0.05507197603583336 8679
1784236643557 0.16719204187393188 8680
1784236643574 0.05154254660010338 8681
1784236643591 0.0494379848241806 8682
1784236643610 0.15173844993114471 8683
1784236643627 0.15511098504066467 8684
1784236643645 0.03466424345970154 8685
1784236643664 0.09984142333269119 8686
1784236643682 0.06824294477701187 8687
1784236643701 0.07663372904062271 8688
1784236643719 0.004397252574563026 8689
1784236643738 0.18405656516551971 8690
1784236643756 0.03422984853386879 8691
1784236643777 0.06414985656738281 8692
1784236643797 0.07124264538288116 8693
1784236643818 0.11787524819374084 8694
1784236643836 0.27834436297416687 8695
1784236643855 0.00721962982788682 8696
1784236643873 0.008758984506130219 8697
1784236643891 0.06818368285894394 8698
1784236643912 0.047215308994054794 8699
1784236643930 0.011342848651111126 8700
1784236643950 0.07781641185283661 8701
1784236643968 0.03127659484744072 8702
1784236643986 0.05583905056118965 8703
1784236644002 0.02597818896174431 8704
1784236644049 0.03685859963297844 8705
1784236644116 0.02448183111846447 8706
1784236644150 0.1957770735025406 8707
1784236644170 0.012558289803564548 8708
1784236644187 0.11624439805746078 8709
1784236644205 0.019358700141310692 8710
1784236644222 0.07098286598920822 8711
1784236644238 0.009034250862896442 8712
1784236644255 0.05473185330629349 8713
1784236644273 0.006166793871670961 8714
1784236644290 0.007693874649703503 8715
1784236644308 0.05832485482096672 8716
1784236644324 0.052180688828229904 8717
1784236644341 0.015496650710701942 8718
1784236644357 0.12233561277389526 8719
1784236644373 0.034241966903209686 8720
1784236644389 0.03368203341960907 8721
1784236644404 0.07707018405199051 8722
1784236644421 0.11244344711303711 8723
1784236644438 0.054333459585905075 8724
1784236644455 0.04115660488605499 8725
1784236644471 0.07962603867053986 8726
1784236644489 0.019565628841519356 8727
1784236644506 0.042264580726623535 8728
1784236644525 0.0745960995554924 8729
1784236644542 0.0068754940293729305 8730
1784236644560 0.008339420892298222 8731
1784236644579 0.07673193514347076 8732
1784236644597 0.08120553195476532 8733
1784236644615 0.26721081137657166 8734
1784236644632 0.10306297242641449 8735
1784236644651 0.10814851522445679 8736
1784236644668 0.18172842264175415 8737
1784236644683 0.00793698150664568 8738
1784236644698 0.07158385962247849 8739
1784236644717 0.2862674295902252 8740
1784236644734 0.023644164204597473 8741
1784236644752 0.016563670709729195 8742
1784236644770 0.049879059195518494 8743
1784236644788 0.01174378115683794 8744
1784236644806 0.008727701380848885 8745
1784236644826 0.12345056980848312 8746
1784236644845 0.20741604268550873 8747
1784236644865 0.011816849932074547 8748
1784236644881 0.05797848105430603 8749
1784236644899 0.044010620564222336 8750
1784236644915 0.09373864531517029 8751
1784236644933 0.023447655141353607 8752
1784236644949 0.05311525985598564 8753
1784236644966 0.16535384953022003 8754
1784236644983 0.010020275600254536 8755
1784236645001 0.06363428384065628 8756
1784236645020 0.06954224407672882 8757
1784236645037 0.02789456769824028 8758
1784236645053 0.031687479466199875 8759
1784236645069 0.02529837191104889 8760
1784236645086 0.4038306772708893 8761
1784236645101 0.10901855677366257 8762
1784236645119 0.009378890506923199 8763
1784236645137 0.047924451529979706 8764
1784236645155 0.019978348165750504 8765
1784236645174 0.08966362476348877 8766
1784236645191 0.020192954689264297 8767
1784236645208 0.03021080233156681 8768
1784236645225 0.00403095968067646 8769
1784236645241 0.06737862527370453 8770
1784236645259 0.23453299701213837 8771
1784236645277 0.06321267783641815 8772
1784236645365 0.12533867359161377 8773
1784236645399 0.11424687504768372 8774
1784236645420 0.024698782712221146 8775
1784236645441 0.08790231496095657 8776
1784236645462 0.04182150214910507 8777
1784236645482 0.12650182843208313 8778
1784236645502 0.06893250346183777 8779
1784236645519 0.02617873065173626 8780
1784236645539 0.04338572546839714 8781
1784236645557 0.14769932627677917 8782
1784236645575 0.006666617933660746 8783
1784236645593 0.04302888736128807 8784
1784236645612 0.05285223200917244 8785
1784236645628 0.09507393091917038 8786
1784236645646 0.2128111869096756 8787
1784236645662 0.013648711144924164 8788
1784236645680 0.13609471917152405 8789
1784236645698 0.14280706644058228 8790
1784236645716 0.036058083176612854 8791
1784236645734 0.1503898799419403 8792
1784236645750 0.14465495944023132 8793
1784236645765 0.10721293091773987 8794
1784236645785 0.09436962753534317 8795
1784236645804 0.002404221100732684 8796
1784236645824 0.036739762872457504 8797
1784236645844 0.023002369329333305 8798
1784236645862 0.010551540181040764 8799
1784236645880 0.2520160973072052 8800
1784236645900 0.07762984186410904 8801
1784236645916 0.007404664531350136 8802
1784236645934 0.11328773945569992 8803
1784236645954 0.00363653851673007 8804
1784236645971 0.06570430099964142 8805
1784236645988 0.03707112371921539 8806
1784236646006 0.09700755029916763 8807
1784236646022 0.0064152381382882595 8808
1784236646040 0.24472057819366455 8809
1784236646057 0.031072206795215607 8810
1784236646073 0.09524960070848465 8811
1784236646089 0.05902412161231041 8812
1784236646108 0.12710651755332947 8813
1784236646126 0.007863047532737255 8814
1784236646145 0.044955916702747345 8815
1784236646163 0.13218259811401367 8816
1784236646180 0.017425602301955223 8817
1784236646196 0.035180866718292236 8818
1784236646215 0.32502856850624084 8819
1784236646239 0.06077810376882553 8820
1784236646255 0.018899738788604736 8821
1784236646272 0.019136419519782066 8822
1784236646288 0.022731836885213852 8823
1784236646305 0.06051725521683693 8824
1784236646323 0.06683234125375748 8825
1784236646341 0.12949296832084656 8826
1784236646358 0.007670266088098288 8827
1784236646373 0.09895545244216919 8828
1784236646390 0.01156407780945301 8829
1784236646407 0.0605635903775692 8830
1784236646425 0.20849964022636414 8831
1784236646443 0.030957002192735672 8832
1784236646460 0.013940602540969849 8833
1784236646478 0.05084148794412613 8834
1784236646496 0.13249370455741882 8835
1784236646516 0.1116543710231781 8836
1784236646534 0.23609724640846252 8837
1784236646550 0.02803906239569187 8838
1784236646646 0.02617493085563183 8839
1784236646681 0.12150537222623825 8840
1784236646701 0.14190685749053955 8841
1784236646720 0.07861148566007614 8842
1784236646737 0.14746880531311035 8843
1784236646755 0.11380014568567276 8844
1784236646773 0.02923218347132206 8845
1784236646794 0.14668749272823334 8846
1784236646815 0.04012754559516907 8847
1784236646836 0.047270286828279495 8848
1784236646856 0.22170643508434296 8849
1784236646885 0.11707008630037308 8850
1784236646907 0.23742906749248505 8851
1784236646924 0.03421489894390106 8852
1784236646941 0.23730506002902985 8853
1784236646961 0.05382154881954193 8854
1784236646978 0.12007768452167511 8855
1784236646996 0.14729472994804382 8856
1784236647013 0.0576835460960865 8857
1784236647032 0.1862642616033554 8858
1784236647049 0.03763774037361145 8859
1784236647066 0.010275503620505333 8860
1784236647083 0.4134751558303833 8861
1784236647098 0.013029811903834343 8862
1784236647116 0.20350420475006104 8863
1784236647133 0.20843994617462158 8864
1784236647151 0.3755357265472412 8865
1784236647169 0.20803725719451904 8866
1784236647187 0.09358233958482742 8867
1784236647203 0.10006096959114075 8868
1784236647221 0.05026696249842644 8869
1784236647237 0.15755902230739594 8870
1784236647252 0.03410236909985542 8871
1784236647268 0.18542544543743134 8872
1784236647287 0.027057211846113205 8873
1784236647304 0.2145695835351944 8874
1784236647319 0.05516502261161804 8875
1784236647335 0.08246608823537827 8876
1784236647350 0.06657187640666962 8877
1784236647367 0.03175891563296318 8878
1784236647387 0.1591538041830063 8879
1784236647405 0.004028686322271824 8880
1784236647422 0.20562638342380524 8881
1784236647438 0.17329485714435577 8882
1784236647455 0.12225502729415894 8883
1784236647473 0.06731171160936356 8884
1784236647493 0.015708904713392258 8885
1784236647511 0.172993004322052 8886
1784236647529 0.18189142644405365 8887
1784236647547 0.04035406932234764 8888
1784236647566 0.4635445475578308 8889
1784236647584 0.24764439463615417 8890
1784236647602 0.015956290066242218 8891
1784236647619 0.14010672271251678 8892
1784236647635 0.15641555190086365 8893
1784236647655 0.005485753063112497 8894
1784236647674 0.12921017408370972 8895
1784236647695 0.030187029391527176 8896
1784236647716 0.12680912017822266 8897
1784236647737 0.3916419446468353 8898
1784236647756 0.031878601759672165 8899
1784236647776 0.21773496270179749 8900
1784236647795 0.019426720216870308 8901
1784236647814 0.025339515879750252 8902
1784236647833 0.06753329187631607 8903
1784236647851 0.043544165790081024 8904
1784236647868 0.040006235241889954 8905
1784236647885 0.026057569310069084 8906
1784236647903 0.10880649834871292 8907
1784236647919 0.07657701522111893 8908
1784236647936 0.02203933522105217 8909
1784236647952 0.3284512758255005 8910
1784236647968 0.035746630281209946 8911
1784236647986 0.05757693573832512 8912
1784236648002 0.10715128481388092 8913
1784236648019 0.09347641468048096 8914
1784236648038 0.05355440825223923 8915
1784236648056 0.16029250621795654 8916
1784236648071 0.15899312496185303 8917
1784236648087 0.026783524081110954 8918
1784236648105 0.16989979147911072 8919
1784236648120 0.05286753177642822 8920
1784236648137 0.01234767772257328 8921
1784236648155 0.03940913453698158 8922
1784236648171 0.10532458126544952 8923
1784236648188 0.03872593864798546 8924
1784236648203 0.11439027637243271 8925
1784236648220 0.01819332130253315 8926
1784236648237 0.010708056390285492 8927
1784236648253 0.027202412486076355 8928
1784236648270 0.07750003784894943 8929
1784236648289 0.054638784378767014 8930
1784236648306 0.023814944550395012 8931
1784236648322 0.058400169014930725 8932
1784236648339 0.08525194227695465 8933
1784236648356 0.18570394814014435 8934
1784236648448 0.013602259568870068 8935
1784236648482 0.014090138487517834 8936
1784236648497 0.048027992248535156 8937
1784236648516 0.07776893675327301 8938
1784236648536 0.09806570410728455 8939
1784236648553 0.0038133906200528145 8940
1784236648569 0.018902644515037537 8941
1784236648586 0.060970697551965714 8942
1784236648602 0.15489943325519562 8943
1784236648620 0.022537561133503914 8944
1784236648637 0.10977932810783386 8945
1784236648653 0.030807171016931534 8946
1784236648670 0.028852859511971474 8947
1784236648687 0.012348352931439877 8948
1784236648705 0.05541430413722992 8949
1784236648721 0.16888591647148132 8950
1784236648735 0.002887700917199254 8951
1784236648751 0.3530753552913666 8952
1784236648768 0.24459372460842133 8953
1784236648788 0.03458594158291817 8954
1784236648807 0.2110365331172943 8955
1784236648826 0.0035313451662659645 8956
1784236648843 0.043722543865442276 8957
1784236648863 0.09701871126890182 8958
1784236648881 0.006048557348549366 8959
1784236648899 0.3298709988594055 8960
1784236648918 0.18963228166103363 8961
1784236648933 0.10530824959278107 8962
1784236648952 0.29774436354637146 8963
1784236648969 0.035553354769945145 8964
1784236648987 0.0532357320189476 8965
1784236649003 0.08561237901449203 8966
1784236649020 0.062421347945928574 8967
1784236649038 0.008942488580942154 8968
1784236649054 0.031377363950014114 8969
1784236649069 0.051266998052597046 8970
1784236649085 0.09947533160448074 8971
1784236649102 0.21208469569683075 8972
1784236649117 0.24242429435253143 8973
1784236649134 0.0926925539970398 8974
1784236649152 0.006715709809213877 8975
1784236649169 0.04797311872243881 8976
1784236649186 0.06555545330047607 8977
1784236649203 0.015456171706318855 8978
1784236649219 0.06725148856639862 8979
1784236649237 0.29762202501296997 8980
1784236649254 0.23178094625473022 8981
1784236649270 0.09617800265550613 8982
1784236649288 0.1479261964559555 8983
1784236649312 0.0842464417219162 8984
1784236649333 0.01981523260474205 8985
1784236649348 0.05450895428657532 8986
1784236649367 0.10754933208227158 8987
1784236649385 0.060851797461509705 8988
1784236649403 0.09661249816417694 8989
1784236649421 0.020754240453243256 8990
1784236649438 0.0652700662612915 8991
1784236649456 0.03917565569281578 8992
1784236649474 0.1318332701921463 8993
1784236649493 0.08780743926763535 8994
1784236649510 0.0041582947596907616 8995
1784236649530 0.01970641128718853 8996
1784236649549 0.07021687179803848 8997
1784236649567 0.09224936366081238 8998
1784236649584 0.03170695900917053 8999
1784236649600 0.14195820689201355 9000
1784236649700 0.07778540998697281 9001
1784236649735 0.039533235132694244 9002
1784236649754 0.15359030663967133 9003
1784236649774 0.008441220968961716 9004
1784236649792 0.01801551692187786 9005
1784236649811 0.15681959688663483 9006
1784236649830 0.08821748197078705 9007
1784236649850 0.0058974032290279865 9008
1784236649870 0.09248682111501694 9009
1784236649889 0.04939257353544235 9010
1784236649908 0.04068471118807793 9011
1784236649929 0.0026826169341802597 9012
1784236649955 0.01885281316936016 9013
1784236649974 0.012606839649379253 9014
1784236649994 0.018963506445288658 9015
1784236650018 0.007022072561085224 9016
1784236650036 0.01281003188341856 9017
1784236650054 0.09702016413211823 9018
1784236650072 0.08712653815746307 9019
1784236650090 0.01812519133090973 9020
1784236650107 0.042402613908052444 9021
1784236650127 0.005311606917530298 9022
1784236650148 0.029603319242596626 9023
1784236650168 0.024970078840851784 9024
1784236650185 0.012075593695044518 9025
1784236650202 0.04100368544459343 9026
1784236650221 0.07350132614374161 9027
1784236650239 0.035636596381664276 9028
1784236650258 0.0053837657906115055 9029
1784236650274 0.11628016829490662 9030
1784236650291 0.02933661825954914 9031
1784236650308 0.0154323885217309 9032
1784236650327 0.006169462110847235 9033
1784236650343 0.0061882659792900085 9034
1784236650360 0.023348834365606308 9035
1784236650377 0.00754670100286603 9036
1784236650394 0.043417252600193024 9037
1784236650411 0.004528125748038292 9038
1784236650428 0.08372528851032257 9039
1784236650446 0.031310074031353 9040
1784236650464 0.050219133496284485 9041
1784236650480 0.056317463517189026 9042
1784236650498 0.02062622830271721 9043
1784236650516 0.018081657588481903 9044
1784236650533 0.04622400552034378 9045
1784236650552 0.028463922441005707 9046
1784236650573 0.02920788899064064 9047
1784236650591 0.0252077654004097 9048
1784236650607 0.039294544607400894 9049
1784236650625 0.10624871402978897 9050
1784236650644 0.005158810410648584 9051
1784236650661 0.014705991372466087 9052
1784236650679 0.0007879399345256388 9053
1784236650697 0.18584617972373962 9054
1784236650716 0.03718041256070137 9055
1784236650734 0.020642301067709923 9056
1784236650751 0.0510016530752182 9057
1784236650771 0.08863998204469681 9058
1784236650792 0.10065066069364548 9059
1784236650811 0.024823561310768127 9060
1784236650832 0.025612564757466316 9061
1784236650851 0.08090000599622726 9062
1784236650869 0.16996453702449799 9063
1784236650888 0.012837679125368595 9064
1784236650908 0.07819491624832153 9065
1784236650927 0.012781224213540554 9066
1784236650945 0.020050253719091415 9067
1784236650964 0.28794652223587036 9068
1784236650983 0.043451011180877686 9069
1784236651001 0.0238676555454731 9070
1784236651019 0.0016742389416322112 9071
1784236651036 0.08987017720937729 9072
1784236651053 0.06071620061993599 9073
1784236651070 0.0190830510109663 9074
1784236651086 0.037160295993089676 9075
1784236651101 0.012379119172692299 9076
1784236651118 0.039520423859357834 9077
1784236651134 0.017563285306096077 9078
1784236651152 0.10684904456138611 9079
1784236651169 0.012995662167668343 9080
1784236651187 0.2233133465051651 9081
1784236651204 0.008158956654369831 9082
1784236651220 0.002954973839223385 9083
1784236651239 0.16370125114917755 9084
1784236651258 0.0507517084479332 9085
1784236651279 0.0067770336754620075 9086
1784236651299 0.12838804721832275 9087
1784236651315 0.0071562654338777065 9088
1784236651334 0.4989969730377197 9089
1784236651350 0.03418729454278946 9090
1784236651367 0.12820793688297272 9091
1784236651385 0.19081614911556244 9092
1784236651404 0.01192865613847971 9093
1784236651421 0.028976963832974434 9094
1784236651438 0.14852175116539001 9095
1784236651455 0.021680427715182304 9096
1784236651471 0.009338300675153732 9097
1784236651488 0.0010392846306785941 9098
1784236651505 0.13943955302238464 9099
1784236651523 0.16625340282917023 9100
1784236651540 0.05903634428977966 9101
1784236651558 0.2863464057445526 9102
1784236651576 0.2686760723590851 9103
1784236651592 0.006865657866001129 9104
1784236651611 0.1777893602848053 9105
1784236651697 0.0026784613728523254 9106
1784236651738 0.02142433635890484 9107
1784236651758 0.009378061629831791 9108
1784236651777 0.08312935382127762 9109
1784236651796 0.1679876148700714 9110
1784236651815 0.5069707036018372 9111
1784236651834 0.2272646278142929 9112
1784236651852 0.041301291435956955 9113
1784236651871 0.009753224439918995 9114
1784236651888 0.09844232350587845 9115
1784236651903 0.0535702109336853 9116
1784236651918 0.22690202295780182 9117
1784236651933 0.024805817753076553 9118
1784236651950 0.1128997728228569 9119
1784236651965 0.15549342334270477 9120
1784236651984 0.07847736030817032 9121
1784236652002 0.22686715424060822 9122
1784236652019 0.03267515078186989 9123
1784236652035 0.10650353133678436 9124
1784236652051 0.03645898774266243 9125
1784236652067 0.1772512048482895 9126
1784236652085 0.006323592737317085 9127
1784236652102 0.12598484754562378 9128
1784236652119 0.046558454632759094 9129
1784236652137 0.04099489748477936 9130
1784236652154 0.018384510651230812 9131
1784236652173 0.15947756171226501 9132
1784236652192 0.008900005370378494 9133
1784236652214 0.0060143014416098595 9134
1784236652233 0.37244877219200134 9135
1784236652253 0.09997240453958511 9136
1784236652272 0.034400440752506256 9137
1784236652290 0.08835519850254059 9138
1784236652307 0.14773620665073395 9139
1784236652324 0.2120334953069687 9140
1784236652343 0.09473075717687607 9141
1784236652360 0.006915278732776642 9142
1784236652376 0.12967540323734283 9143
1784236652395 0.03043110854923725 9144
1784236652414 0.015047609806060791 9145
1784236652431 0.29065394401550293 9146
1784236652448 0.05784260109066963 9147
1784236652465 0.13614587485790253 9148
1784236652482 0.07501892000436783 9149
1784236652501 0.05106122046709061 9150
1784236652518 0.037381451576948166 9151
1784236652534 0.060832131654024124 9152
1784236652553 0.034588463604450226 9153
1784236652573 0.06017448008060455 9154
1784236652593 0.04260997101664543 9155
1784236652611 0.0765078216791153 9156
1784236652629 0.05287528038024902 9157
1784236652647 0.08675996959209442 9158
1784236652663 0.0025318015832453966 9159
1784236652681 0.0029788401443511248 9160
1784236652698 0.04519393667578697 9161
1784236652717 0.06592258810997009 9162
1784236652735 0.06782476603984833 9163
1784236652752 0.11139342188835144 9164
1784236652770 0.06782656908035278 9165
1784236652786 0.0178667102009058 9166
1784236652806 0.00222756527364254 9167
1784236652824 0.07687877118587494 9168
1784236652844 0.1370154321193695 9169
1784236652862 0.04397040978074074 9170
1784236652877 0.11926160752773285 9171
1784236652893 0.004581996705383062 9172
1784236652915 0.11217539012432098 9173
1784236652996 0.1371421068906784 9174
1784236653032 0.17880402505397797 9175
1784236653053 0.006126226857304573 9176
1784236653070 0.0054313079454004765 9177
1784236653087 0.04113483801484108 9178
1784236653106 0.055416252464056015 9179
1784236653122 0.032457638531923294 9180
1784236653138 0.2367471605539322 9181
1784236653156 0.018945423886179924 9182
1784236653173 0.012000223621726036 9183
1784236653191 0.03547464683651924 9184
1784236653208 0.04496961086988449 9185
1784236653224 0.014811502769589424 9186
1784236653242 0.023082014173269272 9187
1784236653259 0.09635572880506516 9188
1784236653276 0.016205012798309326 9189
1784236653293 0.006624093744903803 9190
1784236653309 0.09797492623329163 9191
1784236653326 0.044242486357688904 9192
1784236653345 0.0029366330709308386 9193
1784236653364 0.02722369134426117 9194
1784236653382 0.030415378510951996 9195
1784236653401 0.0003264526021666825 9196
1784236653418 0.1298237442970276 9197
1784236653435 0.15975479781627655 9198
1784236653452 0.13834050297737122 9199
1784236653469 0.010661198757588863 9200
1784236653487 0.02328115701675415 9201
1784236653504 0.002072734758257866 9202
1784236653521 0.014721873216331005 9203
1784236653539 0.0030033213552087545 9204
1784236653556 0.19443456828594208 9205
1784236653573 0.009705539792776108 9206
1784236653591 0.7062644362449646 9207
1784236653609 0.13640446960926056 9208
1784236653626 0.19922377169132233 9209
1784236653644 0.16759008169174194 9210
1784236653662 0.006805929355323315 9211
1784236653678 0.19526511430740356 9212
1784236653695 0.009127026423811913 9213
1784236653712 0.07479871064424515 9214
1784236653730 0.006613056641072035 9215
1784236653749 0.006625018548220396 9216
1784236653765 0.03681650012731552 9217
1784236653784 0.37427639961242676 9218
1784236653801 0.036709677428007126 9219
1784236653817 0.02813028171658516 9220
1784236653835 0.0961075946688652 9221
1784236653853 0.04339655488729477 9222
1784236653870 0.037065982818603516 9223
1784236653886 0.070529043674469 9224
1784236653903 0.014173339121043682 9225
1784236653919 0.0586283802986145 9226
1784236653937 0.1802751123905182 9227
1784236653953 0.005930926185101271 9228
1784236653970 0.06425893306732178 9229
1784236653987 0.030239399522542953 9230
1784236654003 0.0011263414053246379 9231
1784236654020 0.014147000387310982 9232
1784236654040 0.04289650171995163 9233
1784236654057 0.18742941319942474 9234
1784236654076 0.05579555407166481 9235
1784236654094 0.003806495573371649 9236
1784236654113 0.01695987582206726 9237
1784236654133 0.0032838028855621815 9238
1784236654148 0.010322261601686478 9239
1784236654168 0.019664958119392395 9240
1784236654187 0.5465919375419617 9241
1784236654204 0.0023583807051181793 9242
1784236654222 0.03177057206630707 9243
1784236654242 0.14820513129234314 9244
1784236654261 0.15954124927520752 9245
1784236654277 0.01526678167283535 9246
1784236654297 0.19983987510204315 9247
1784236654314 0.04444068670272827 9248
1784236654334 0.17897656559944153 9249
1784236654351 0.042096395045518875 9250
1784236654370 0.15302789211273193 9251
1784236654387 0.012192935682833195 9252
1784236654406 0.05553736165165901 9253
1784236654427 0.08469296246767044 9254
1784236654448 0.009132345207035542 9255
1784236654471 0.07820333540439606 9256
1784236654490 0.08920279145240784 9257
1784236654512 0.03645792230963707 9258
1784236654535 0.0037860041484236717 9259
1784236654625 0.1806432157754898 9260
1784236654655 0.15063172578811646 9261
1784236654674 0.004254456143826246 9262
1784236654694 0.16503991186618805 9263
1784236654712 0.021355124190449715 9264
1784236654732 0.1284232884645462 9265
1784236654750 0.06919185072183609 9266
1784236654768 0.04496440663933754 9267
1784236654785 0.14203527569770813 9268
1784236654803 0.1026884987950325 9269
1784236654822 0.08604134619235992 9270
1784236654843 0.07415773719549179 9271
1784236654862 0.06016296520829201 9272
1784236654879 0.2057667225599289 9273
1784236654899 0.01912422478199005 9274
1784236654917 0.004108475521206856 9275
1784236654935 0.019641628488898277 9276
1784236654951 0.023385267704725266 9277
1784236654968 0.15038038790225983 9278
1784236654984 0.201027974486351 9279
1784236655001 0.033724430948495865 9280
1784236655017 0.06582990288734436 9281
1784236655034 0.02374873496592045 9282
1784236655050 0.022416213527321815 9283
1784236655067 0.019933074712753296 9284
1784236655085 0.026002900674939156 9285
1784236655102 0.0030849187169224024 9286
1784236655120 0.10601925849914551 9287
1784236655137 0.04302985221147537 9288
1784236655155 0.16263534128665924 9289
1784236655173 0.14389725029468536 9290
1784236655192 0.03649802505970001 9291
1784236655208 0.09486901015043259 9292
1784236655225 0.1332857757806778 9293
1784236655243 0.04894028976559639 9294
1784236655260 0.06680697947740555 9295
1784236655278 0.09563179314136505 9296
1784236655295 0.06900196522474289 9297
1784236655314 0.0296879131346941 9298
1784236655331 0.02860255539417267 9299
1784236655349 0.090414859354496 9300
1784236655367 0.15612754225730896 9301
1784236655384 0.014989148825407028 9302
1784236655401 0.4280141294002533 9303
1784236655420 0.0033894588705152273 9304
1784236655437 0.013759931549429893 9305
1784236655456 0.15434147417545319 9306
1784236655471 0.04519178345799446 9307
1784236655488 0.05312185361981392 9308
1784236655517 0.05160488933324814 9309
1784236655539 0.05596422776579857 9310
1784236655556 0.017009440809488297 9311
1784236655573 0.0040879319421947 9312
1784236655589 0.08376749604940414 9313
1784236655607 0.16618798673152924 9314
1784236655625 0.022607669234275818 9315
1784236655644 0.08346205204725266 9316
1784236655662 0.006216964218765497 9317
1784236655681 0.00864097848534584 9318
1784236655699 0.03297865763306618 9319
1784236655715 0.21931956708431244 9320
1784236655733 0.358862966299057 9321
1784236655752 0.05738529562950134 9322
1784236655769 0.015063038095831871 9323
1784236655788 0.21871478855609894 9324
1784236655807 0.182965487241745 9325
1784236655825 0.10792403668165207 9326
1784236655917 0.1186087355017662 9327
1784236655953 0.014355439692735672 9328
1784236655973 0.06511811912059784 9329
1784236655991 0.05993034690618515 9330
1784236656008 0.13698266446590424 9331
1784236656027 0.06001938506960869 9332
1784236656044 0.01637214608490467 9333
1784236656061 0.2155556082725525 9334
1784236656077 0.08712907135486603 9335
1784236656096 0.00659233657643199 9336
1784236656113 0.2060852348804474 9337
1784236656132 0.08151088654994965 9338
1784236656146 0.022260621190071106 9339
1784236656165 0.011218626983463764 9340
1784236656182 0.08053825050592422 9341
1784236656200 0.024998072534799576 9342
1784236656218 0.04030528664588928 9343
1784236656236 0.08579500764608383 9344
1784236656253 0.03650299087166786 9345
1784236656271 0.1559888869524002 9346
1784236656289 0.10170108079910278 9347
1784236656306 0.08182147145271301 9348
1784236656322 0.0028376649133861065 9349
1784236656340 0.15195907652378082 9350
1784236656357 0.09603118896484375 9351
1784236656376 0.012763744220137596 9352
1784236656393 0.20533181726932526 9353
1784236656411 0.09255656599998474 9354
1784236656428 0.11416368931531906 9355
1784236656446 0.1139470636844635 9356
1784236656463 0.20648615062236786 9357
1784236656479 0.26177799701690674 9358
1784236656497 0.058422431349754333 9359
1784236656513 0.29057011008262634 9360
1784236656531 0.007546194363385439 9361
1784236656549 0.08403544872999191 9362
1784236656565 0.06571033596992493 9363
1784236656582 0.05115705728530884 9364
1784236656599 0.18710942566394806 9365
1784236656614 0.07887519150972366 9366
1784236656632 0.18049554526805878 9367
1784236656649 0.15544487535953522 9368
1784236656667 0.01448536291718483 9369
1784236656684 0.0700731948018074 9370
1784236656699 0.027624161913990974 9371
1784236656719 0.02835250087082386 9372
1784236656737 0.03714592754840851 9373
1784236656758 0.010978725738823414 9374
