1784289236974 2.7351341247558594 0
1784289237030 3.2576541900634766 1
1784289237089 3.706244945526123 2
1784289237141 4.291630268096924 3
1784289237194 5.506547927856445 4
1784289237256 5.674114227294922 5
1784289237310 7.424051761627197 6
1784289237363 8.450166702270508 7
1784289237423 8.246734619140625 8
1784289237471 10.440899848937988 9
1784289237524 11.604423522949219 10
1784289237596 12.100668907165527 11
1784289237659 13.081185340881348 12
1784289237717 14.398244857788086 13
1784289237774 14.710684776306152 14
1784289237845 13.63757038116455 15
1784289237908 20.299020767211914 16
1784289237969 19.775535583496094 17
1784289238011 23.192981719970703 18
1784289238049 23.864307403564453 19
1784289238103 27.604337692260742 20
1784289238166 24.873445510864258 21
1784289238205 30.469398498535156 22
1784289238243 32.43791961669922 23
1784289238284 31.957683563232422 24
1784289238322 40.00608825683594 25
1784289238361 37.09288787841797 26
1784289238408 43.5776481628418 27
1784289238447 48.18220901489258 28
1784289238490 49.72843551635742 29
1784289238527 51.39922332763672 30
1784289238571 58.497859954833984 31
1784289238616 58.467124938964844 32
1784289238913 61.5107307434082 33
1784289239011 68.57112121582031 34
1784289239103 66.05591583251953 35
1784289239161 88.64794158935547 36
1784289239209 80.72311401367188 37
1784289239259 82.03326416015625 38
1784289239343 74.0489273071289 39
1784289239460 99.9024658203125 40
1784289239512 87.61048889160156 41
1784289239558 94.1486587524414 42
1784289239616 94.8455581665039 43
1784289239668 95.32270812988281 44
1784289239719 103.76995849609375 45
1784289239761 113.55458068847656 46
1784289239805 115.13599395751953 47
1784289239852 116.44055938720703 48
1784289239895 135.97109985351562 49
1784289239940 110.28941345214844 50
1784289239985 142.48056030273438 51
1784289240031 135.98770141601562 52
1784289240089 141.99295043945312 53
1784289240140 138.7214813232422 54
1784289240206 142.61721801757812 55
1784289240258 139.61807250976562 56
1784289240312 141.04953002929688 57
1784289240354 163.26702880859375 58
1784289240400 138.8641815185547 59
1784289240438 155.97152709960938 60
1784289240487 140.18643188476562 61
1784289240526 135.79074096679688 62
1784289240663 165.04226684570312 63
1784289240729 162.53575134277344 64
1784289240788 146.5071563720703 65
1784289240832 154.06210327148438 66
1784289240878 157.7516632080078 67
1784289240926 147.3649139404297 68
1784289240975 162.8191680908203 69
1784289241027 152.88836669921875 70
1784289241078 142.2645263671875 71
1784289241124 155.58761596679688 72
1784289241168 150.28656005859375 73
1784289241211 164.08132934570312 74
1784289241263 151.8850860595703 75
1784289241313 154.3212127685547 76
1784289241359 152.7344512939453 77
1784289241406 144.7421417236328 78
1784289241453 148.4801025390625 79
1784289241581 158.48486328125 80
1784289241644 142.5950927734375 81
1784289241696 136.98196411132812 82
1784289241740 138.4513702392578 83
1784289241784 129.64993286132812 84
1784289241823 139.77423095703125 85
1784289241863 128.22134399414062 86
1784289241907 137.89169311523438 87
1784289241955 137.9055633544922 88
1784289241997 127.46952056884766 89
1784289242041 128.3806610107422 90
1784289242089 127.02367401123047 91
1784289242139 122.09530639648438 92
1784289242183 130.96629333496094 93
1784289242223 122.3504638671875 94
1784289242266 126.4630355834961 95
1784289242310 125.39933776855469 96
1784289242354 128.58401489257812 97
1784289242403 126.45257568359375 98
1784289242473 109.47871398925781 99
1784289242526 126.31063842773438 100
1784289242672 114.42726135253906 101
1784289242740 112.01709747314453 102
1784289242792 117.26475524902344 103
1784289242846 113.33839416503906 104
1784289242901 104.06665802001953 105
1784289242945 111.93807220458984 106
1784289242994 111.87317657470703 107
1784289243042 103.10700225830078 108
1784289243086 104.21821594238281 109
1784289243132 102.34355163574219 110
1784289243179 99.66349792480469 111
1784289243221 103.80548858642578 112
1784289243262 93.87080383300781 113
1784289243308 107.1673583984375 114
1784289243349 95.45922088623047 115
1784289243400 93.36650848388672 116
1784289243444 100.79996490478516 117
1784289243492 91.0600814819336 118
1784289243537 87.27256774902344 119
1784289243584 92.60926055908203 120
1784289243629 90.69461059570312 121
1784289243767 91.17710876464844 122
1784289243810 80.86434173583984 123
1784289243856 90.19947814941406 124
1784289243896 90.34490203857422 125
1784289243939 81.44657897949219 126
1784289243984 76.99066925048828 127
1784289244024 81.85955810546875 128
1784289244069 83.54114532470703 129
1784289244116 82.528564453125 130
1784289244160 79.86627197265625 131
1784289244206 79.0649185180664 132
1784289244244 78.90734100341797 133
1784289244284 76.08025360107422 134
1784289244328 76.24496459960938 135
1784289244374 70.81509399414062 136
1784289244425 67.85089874267578 137
1784289244473 74.52101135253906 138
1784289244517 67.87201690673828 139
1784289244567 70.14259338378906 140
1784289244608 69.52265167236328 141
1784289244651 65.68748474121094 142
1784289244696 65.88130187988281 143
1784289244739 69.51545715332031 144
1784289244867 65.27759552001953 145
1784289244927 64.10301208496094 146
1784289244981 65.73005676269531 147
1784289245027 62.36967468261719 148
1784289245073 55.5731315612793 149
1784289245118 62.60279846191406 150
1784289245161 59.317562103271484 151
1784289245221 55.85922622680664 152
1784289245264 58.22693634033203 153
1784289245307 57.830570220947266 154
1784289245349 54.79167938232422 155
1784289245391 54.17182540893555 156
1784289245432 50.089839935302734 157
1784289245476 52.461551666259766 158
1784289245522 53.34535598754883 159
1784289245568 48.58449172973633 160
1784289245619 52.09184265136719 161
1784289245668 46.96554183959961 162
1784289245712 47.75233840942383 163
1784289245838 47.20799255371094 164
1784289245899 39.44805145263672 165
1784289245951 44.6912727355957 166
1784289245997 42.589378356933594 167
1784289246038 43.97098159790039 168
1784289246079 42.754302978515625 169
1784289246125 40.96644592285156 170
1784289246168 41.927040100097656 171
1784289246209 40.06306076049805 172
1784289246258 37.85832977294922 173
1784289246315 40.309295654296875 174
1784289246362 35.85282516479492 175
1784289246410 36.86272048950195 176
1784289246452 35.12223815917969 177
1784289246491 30.568326950073242 178
1784289246537 34.020816802978516 179
1784289246586 32.33081817626953 180
1784289246631 30.856782913208008 181
1784289246676 31.812541961669922 182
1784289246721 29.2546329498291 183
1784289246763 28.165191650390625 184
1784289246801 28.591705322265625 185
1784289246844 28.647258758544922 186
1784289246888 26.81744384765625 187
1784289246932 28.331514358520508 188
1784289246974 26.044103622436523 189
1784289247023 25.078657150268555 190
1784289247070 24.78265380859375 191
1784289247195 23.0853271484375 192
1784289247255 21.562110900878906 193
1784289247306 19.66142463684082 194
1784289247349 18.000532150268555 195
1784289247394 20.001741409301758 196
1784289247439 17.582164764404297 197
1784289247481 15.71762466430664 198
1784289247520 14.746479034423828 199
1784289247565 17.61746597290039 200
1784289247616 14.694865226745605 201
1784289247662 13.943818092346191 202
1784289247704 13.429240226745605 203
1784289247746 11.216402053833008 204
1784289247789 11.842531204223633 205
1784289247830 8.697587013244629 206
1784289247872 8.990435600280762 207
1784289247917 8.101366996765137 208
1784289247958 8.475790977478027 209
1784289248005 8.112517356872559 210
1784289248053 5.628387928009033 211
1784289248102 5.7946577072143555 212
1784289248141 5.155089855194092 213
1784289248185 4.300896167755127 214
1784289248228 2.6695945262908936 215
1784289248272 3.340660810470581 216
1784289248317 1.8668646812438965 217
1784289248357 2.3396570682525635 218
1784289248398 3.1169283390045166 219
1784289248437 3.0217435359954834 220
1784289248477 2.1062607765197754 221
1784289248522 1.9150561094284058 222
1784289248571 2.3020081520080566 223
1784289248615 2.0753023624420166 224
1784289248659 1.6761497259140015 225
1784289248703 1.8936927318572998 226
1784289248755 1.6374218463897705 227
1784289248804 1.2772252559661865 228
1784289248845 3.188464403152466 229
1784289248887 2.0633325576782227 230
1784289248929 1.1917141675949097 231
1784289248971 1.0216493606567383 232
1784289249012 1.464401364326477 233
1784289249057 1.1734707355499268 234
1784289249100 1.8724030256271362 235
1784289249143 1.6415657997131348 236
1784289249258 1.653388261795044 237
1784289249309 1.6665916442871094 238
1784289249359 1.263814926147461 239
1784289249423 1.770669937133789 240
1784289249477 1.0208605527877808 241
1784289249527 0.6848750114440918 242
1784289249575 0.6844519376754761 243
1784289249624 1.8541237115859985 244
1784289249669 1.403754472732544 245
1784289249711 1.2025219202041626 246
1784289249753 1.4885038137435913 247
1784289249794 0.5450772047042847 248
1784289249837 1.3079652786254883 249
1784289249878 1.6240414381027222 250
1784289249922 0.7403854727745056 251
1784289249960 1.2942864894866943 252
1784289250006 0.9616600275039673 253
1784289250049 1.682487964630127 254
1784289250114 1.8862488269805908 255
1784289250229 1.1615864038467407 256
1784289250273 0.678627610206604 257
1784289250324 1.2633931636810303 258
1784289250367 0.913756251335144 259
1784289250421 1.032381534576416 260
1784289250463 0.739303469657898 261
1784289250506 0.950215220451355 262
1784289250554 0.36119186878204346 263
1784289250608 1.7322379350662231 264
1784289250658 0.7380536198616028 265
1784289250707 0.8566024899482727 266
1784289250755 0.7768835425376892 267
1784289250807 0.8209044337272644 268
1784289250853 1.4064581394195557 269
1784289250894 1.0675292015075684 270
1784289250941 0.9425526857376099 271
1784289250989 0.900951623916626 272
1784289251044 0.6005910038948059 273
1784289251091 0.5840074419975281 274
1784289251137 2.5419037342071533 275
1784289251179 0.48364707827568054 276
1784289251226 1.0162984132766724 277
1784289251268 0.9824235439300537 278
1784289251383 0.29937300086021423 279
1784289251432 1.5245565176010132 280
1784289251479 0.9630740284919739 281
1784289251523 0.6894809603691101 282
1784289251569 1.160934567451477 283
1784289251615 1.1199945211410522 284
1784289251656 1.454072117805481 285
1784289251711 0.8166682720184326 286
1784289251764 0.22308586537837982 287
1784289251813 0.5087541937828064 288
1784289251860 0.9274584054946899 289
1784289251907 0.9459696412086487 290
1784289251952 0.9440410733222961 291
1784289251996 0.958954930305481 292
1784289252038 1.084654450416565 293
1784289252077 0.5895774364471436 294
1784289252121 0.7646545171737671 295
1784289252169 0.5092422366142273 296
1784289252290 1.0417327880859375 297
1784289252345 1.5104293823242188 298
1784289252389 0.6899965405464172 299
1784289252433 0.6488087773323059 300
1784289252474 0.5349031686782837 301
1784289252519 1.5422370433807373 302
1784289252560 0.9770124554634094 303
1784289252609 1.2131339311599731 304
1784289252661 1.1748126745224 305
1784289252702 0.9080511331558228 306
1784289252744 0.5981278419494629 307
1784289252786 0.73563152551651 308
1784289252827 0.5836986899375916 309
1784289252865 0.33217161893844604 310
1784289252910 0.745141327381134 311
1784289252957 0.29687774181365967 312
1784289253004 0.3926858901977539 313
1784289253057 0.5522907972335815 314
1784289253095 0.2608398199081421 315
1784289253138 0.5554615259170532 316
1784289253183 0.626830518245697 317
1784289253231 0.6305833458900452 318
1784289253274 0.7082366347312927 319
1784289253318 0.7797221541404724 320
1784289253361 0.8694990277290344 321
1784289253405 0.5100266337394714 322
1784289253556 0.883939802646637 323
1784289253607 0.6739509105682373 324
1784289253674 0.6019705533981323 325
1784289253720 0.7359187006950378 326
1784289253770 0.29185470938682556 327
1784289253810 0.496368944644928 328
1784289253856 0.5735316872596741 329
1784289253904 0.4274468421936035 330
1784289253944 0.5272964835166931 331
1784289253996 0.7789715528488159 332
1784289254052 0.3020091950893402 333
1784289254104 0.3177416920661926 334
1784289254147 0.4267992377281189 335
1784289254190 0.6507691144943237 336
1784289254236 0.5231000185012817 337
1784289254280 0.27980589866638184 338
1784289254323 0.3301140069961548 339
1784289254442 0.6517995595932007 340
1784289254497 0.35523441433906555 341
1784289254539 0.20889559388160706 342
1784289254591 0.3090713620185852 343
1784289254638 0.6890915632247925 344
1784289254678 0.2900039851665497 345
1784289254721 0.48733797669410706 346
1784289254763 0.5760470032691956 347
1784289254804 0.425849974155426 348
1784289254849 0.4776242971420288 349
1784289254887 0.38611358404159546 350
1784289254929 0.5556959509849548 351
1784289254973 0.39202219247817993 352
1784289255021 0.5672215819358826 353
1784289255067 0.6649153232574463 354
1784289255106 0.6031660437583923 355
1784289255151 0.4184854030609131 356
1784289255199 0.3248101770877838 357
1784289255240 0.6153081059455872 358
1784289255285 0.3920297622680664 359
1784289255329 0.49699562788009644 360
1784289255371 0.5178829431533813 361
1784289255417 0.6685512065887451 362
1784289255460 0.3141285181045532 363
1784289255502 0.5400100946426392 364
1784289255542 0.33225131034851074 365
1784289255667 0.5019172430038452 366
1784289255723 0.49393898248672485 367
1784289255780 0.38184183835983276 368
1784289255822 0.5758324861526489 369
1784289255875 0.32460224628448486 370
1784289255922 0.4029076099395752 371
1784289255965 0.35081425309181213 372
1784289256013 0.40536928176879883 373
1784289256055 0.19081458449363708 374
1784289256101 0.6675023436546326 375
1784289256146 0.4460015296936035 376
1784289256192 0.5934871435165405 377
1784289256234 0.27326685190200806 378
1784289256286 0.22029703855514526 379
1784289256339 0.325542151927948 380
1784289256402 0.5056146383285522 381
1784289256446 0.42792433500289917 382
1784289256493 0.3620750308036804 383
1784289256645 0.48286551237106323 384
1784289256692 0.24601200222969055 385
1784289256739 0.2594442069530487 386
1784289256787 0.4038674831390381 387
1784289256832 0.5421690940856934 388
1784289256878 0.365942120552063 389
1784289256923 0.20458507537841797 390
1784289256976 0.6473629474639893 391
1784289257026 0.5185003876686096 392
1784289257078 0.4892818331718445 393
1784289257124 0.3644806146621704 394
1784289257171 0.3469030261039734 395
1784289257225 0.2761724591255188 396
1784289257271 0.5014199614524841 397
1784289257316 0.2861901521682739 398
1784289257362 0.40618419647216797 399
1784289257404 0.3115939795970917 400
1784289257449 0.43558308482170105 401
1784289257488 0.40029260516166687 402
1784289257540 0.3259305953979492 403
1784289257671 0.13502328097820282 404
1784289257720 0.24091672897338867 405
1784289257771 0.26557374000549316 406
1784289257825 0.3023894131183624 407
1784289257874 0.3189968466758728 408
1784289257919 0.5668593049049377 409
1784289257965 0.4804311990737915 410
1784289258007 0.27931857109069824 411
1784289258053 0.3165351152420044 412
1784289258105 0.2656445801258087 413
1784289258156 0.296322762966156 414
1784289258205 0.36383429169654846 415
1784289258254 0.20423826575279236 416
1784289258303 0.2562985122203827 417
1784289258349 0.22155675292015076 418
1784289258399 0.2988491356372833 419
1784289258444 0.3400542140007019 420
1784289258573 0.14253142476081848 421
1784289258641 0.15669560432434082 422
1784289258690 0.4017801582813263 423
1784289258740 0.2494441419839859 424
1784289258790 0.34843116998672485 425
1784289258840 0.25445446372032166 426
1784289258888 0.3374987244606018 427
1784289258932 0.13483458757400513 428
1784289258975 0.23274722695350647 429
1784289259020 0.39002594351768494 430
1784289259067 0.3780299425125122 431
1784289259116 0.28477925062179565 432
1784289259160 0.1652742624282837 433
1784289259205 0.2530953586101532 434
1784289259246 0.18699228763580322 435
1784289259301 0.24053002893924713 436
1784289259348 0.3183615207672119 437
1784289259391 0.3253052830696106 438
1784289259437 0.27516764402389526 439
1784289259483 0.3253410756587982 440
1784289259525 0.12336528301239014 441
1784289259672 0.15608246624469757 442
1784289259722 0.23586447536945343 443
1784289259767 0.21892708539962769 444
1784289259812 0.2043817937374115 445
1784289259857 0.2742250859737396 446
1784289259901 0.2720424234867096 447
1784289259942 0.19721339643001556 448
1784289259985 0.38778606057167053 449
1784289260027 0.23005442321300507 450
1784289260069 0.2290286421775818 451
1784289260112 0.2458733320236206 452
1784289260156 0.3235776126384735 453
1784289260202 0.18991172313690186 454
1784289260249 0.14658010005950928 455
1784289260304 0.15525996685028076 456
1784289260348 0.22790409624576569 457
1784289260400 0.19581785798072815 458
1784289260522 0.2325722873210907 459
1784289260575 0.23676082491874695 460
1784289260630 0.159864604473114 461
1784289260676 0.2778886556625366 462
1784289260724 0.14235535264015198 463
1784289260774 0.1534254252910614 464
1784289260819 0.2898186445236206 465
1784289260874 0.23183995485305786 466
1784289260930 0.23119419813156128 467
1784289260977 0.19306913018226624 468
1784289261025 0.17954310774803162 469
1784289261071 0.17445257306098938 470
1784289261123 0.20570319890975952 471
1784289261169 0.20335668325424194 472
1784289261213 0.18689996004104614 473
1784289261257 0.14586570858955383 474
1784289261302 0.23054514825344086 475
1784289261350 0.13047051429748535 476
1784289261395 0.16044145822525024 477
1784289261440 0.20447158813476562 478
1784289261574 0.23879757523536682 479
1784289261634 0.17287318408489227 480
1784289261687 0.1833394169807434 481
1784289261735 0.19621093571186066 482
1784289261780 0.1672775000333786 483
1784289261823 0.13811925053596497 484
1784289261869 0.12149226665496826 485
1784289261922 0.17323611676692963 486
1784289261969 0.2463276982307434 487
1784289262014 0.16968955099582672 488
1784289262054 0.177458256483078 489
1784289262103 0.20837756991386414 490
1784289262162 0.13353437185287476 491
1784289262209 0.17956587672233582 492
1784289262252 0.16400332748889923 493
1784289262293 0.1675543487071991 494
1784289262337 0.1584455817937851 495
1784289262471 0.1775355488061905 496
1784289262531 0.19491907954216003 497
1784289262578 0.1524689793586731 498
1784289262624 0.1711576282978058 499
1784289262669 0.1706947684288025 500
1784289262713 0.18973366916179657 501
1784289262756 0.20047792792320251 502
1784289262802 0.13574068248271942 503
1784289262844 0.18439893424510956 504
1784289262886 0.17957043647766113 505
1784289262931 0.12933385372161865 506
1784289262978 0.14855438470840454 507
1784289263018 0.15396270155906677 508
1784289263062 0.18717393279075623 509
1784289263108 0.13475105166435242 510
1784289263155 0.20898553729057312 511
1784289263211 0.16063666343688965 512
1784289263260 0.17000727355480194 513
1784289263308 0.17059168219566345 514
1784289263368 0.1795179545879364 515
1784289263458 0.1631195843219757 516
1784289263510 0.15482600033283234 517
1784289263569 0.1554950475692749 518
1784289263623 0.13099656999111176 519
1784289263673 0.10851666331291199 520
1784289263723 0.16825538873672485 521
1784289263768 0.1740501970052719 522
1784289263815 0.11256668716669083 523
1784289263858 0.16126522421836853 524
1784289263904 0.1071159616112709 525
1784289263951 0.12275929749011993 526
1784289264003 0.15902015566825867 527
1784289264053 0.18895818293094635 528
1784289264101 0.12485018372535706 529
1784289264150 0.10101735591888428 530
1784289264202 0.14646178483963013 531
1784289264247 0.16267570853233337 532
1784289264369 0.14128141105175018 533
1784289264419 0.10869871079921722 534
1784289264472 0.12451104819774628 535
1784289264519 0.08917941153049469 536
1784289264564 0.18015727400779724 537
1784289264606 0.14236783981323242 538
1784289264656 0.11183090507984161 539
1784289264704 0.11524906754493713 540
1784289264752 0.13164418935775757 541
1784289264796 0.10946044325828552 542
1784289264840 0.10164918005466461 543
1784289264884 0.13418671488761902 544
1784289264929 0.10455301403999329 545
1784289264975 0.1519312560558319 546
1784289265019 0.11635424196720123 547
1784289265064 0.14427873492240906 548
1784289265112 0.15373633801937103 549
1784289265234 0.08811383694410324 550
1784289265287 0.16701927781105042 551
1784289265337 0.1293231099843979 552
1784289265385 0.09146004915237427 553
1784289265442 0.1306094229221344 554
1784289265495 0.10221800208091736 555
1784289265541 0.17559844255447388 556
1784289265596 0.13124124705791473 557
1784289265642 0.18319006264209747 558
1784289265686 0.11478978395462036 559
1784289265737 0.10618376731872559 560
1784289265783 0.11282052099704742 561
1784289265823 0.1109534427523613 562
1784289265867 0.1433284878730774 563
1784289265912 0.13216373324394226 564
1784289265956 0.183153435587883 565
1784289266004 0.07921566069126129 566
1784289266055 0.13265590369701385 567
1784289266103 0.07837780565023422 568
1784289266153 0.1331731230020523 569
1784289266204 0.11839576065540314 570
1784289266253 0.10847744345664978 571
1784289266299 0.12987861037254333 572
1784289266340 0.1540279984474182 573
1784289266385 0.14767754077911377 574
1784289266429 0.17067742347717285 575
1784289266476 0.09985166788101196 576
1784289266619 0.09244516491889954 577
1784289266671 0.13201487064361572 578
1784289266722 0.13569314777851105 579
1784289266774 0.12498558312654495 580
1784289266825 0.11160855740308762 581
1784289266876 0.11272469907999039 582
1784289266922 0.12210448086261749 583
1784289266972 0.10351966321468353 584
1784289267024 0.12835124135017395 585
1784289267074 0.1352187544107437 586
1784289267143 0.14948856830596924 587
1784289267188 0.16348984837532043 588
1784289267237 0.12810400128364563 589
1784289267286 0.09149971604347229 590
1784289267336 0.0946970283985138 591
1784289267387 0.09753464162349701 592
1784289267436 0.10840894281864166 593
1784289267570 0.14053574204444885 594
1784289267631 0.1134243756532669 595
1784289267673 0.09430239349603653 596
1784289267716 0.14724138379096985 597
1784289267764 0.1055486872792244 598
1784289267818 0.16764503717422485 599
1784289267865 0.12522605061531067 600
1784289267908 0.13363923132419586 601
1784289267954 0.10314500331878662 602
1784289268006 0.11216507852077484 603
1784289268053 0.11382758617401123 604
1784289268104 0.15211744606494904 605
1784289268153 0.10131451487541199 606
1784289268195 0.13978728652000427 607
1784289268241 0.07996030896902084 608
1784289268289 0.136074960231781 609
1784289268335 0.1814139485359192 610
1784289268382 0.1999540776014328 611
1784289268425 0.13624849915504456 612
1784289268468 0.14627166092395782 613
1784289268522 0.10357137024402618 614
1784289268574 0.115102618932724 615
1784289268622 0.13642148673534393 616
1784289268675 0.1251649260520935 617
1784289268721 0.15732009708881378 618
1784289268768 0.11438503861427307 619
1784289268817 0.10604405403137207 620
1784289268867 0.09634365886449814 621
1784289268988 0.0739424005150795 622
1784289269042 0.11079712212085724 623
1784289269100 0.13083603978157043 624
1784289269150 0.09758342802524567 625
1784289269195 0.12193871289491653 626
1784289269240 0.09874860942363739 627
1784289269282 0.07892586290836334 628
1784289269324 0.1115700900554657 629
1784289269367 0.0504111722111702 630
1784289269412 0.11050552129745483 631
1784289269456 0.1268569827079773 632
1784289269507 0.13556183874607086 633
1784289269553 0.12234533578157425 634
1784289269603 0.14308494329452515 635
1784289269653 0.08540771901607513 636
1784289269703 0.11875014752149582 637
1784289269747 0.09414131939411163 638
1784289269823 0.09268075972795486 639
1784289269917 0.15949220955371857 640
1784289269967 0.10909215360879898 641
1784289270019 0.1375044584274292 642
1784289270072 0.13229358196258545 643
1784289270125 0.09973190724849701 644
1784289270165 0.07006565481424332 645
1784289270209 0.12548929452896118 646
1784289270255 0.13215459883213043 647
1784289270298 0.15606814622879028 648
1784289270344 0.10039705038070679 649
1784289270387 0.08260579407215118 650
1784289270432 0.06039903312921524 651
1784289270481 0.09696701169013977 652
1784289270531 0.08642134070396423 653
1784289270583 0.10174672305583954 654
1784289270627 0.07056546211242676 655
1784289270670 0.12287494540214539 656
1784289270806 0.10637792944908142 657
1784289270871 0.14176003634929657 658
1784289270923 0.08160609006881714 659
1784289270970 0.09438854455947876 660
1784289271021 0.10104495286941528 661
1784289271073 0.11370708048343658 662
1784289271121 0.13138487935066223 663
1784289271167 0.17210924625396729 664
1784289271219 0.07684291899204254 665
1784289271262 0.09616079926490784 666
1784289271308 0.06641143560409546 667
1784289271353 0.09308959543704987 668
1784289271398 0.10803458094596863 669
1784289271441 0.08728360384702682 670
1784289271486 0.10608580708503723 671
1784289271531 0.09462407231330872 672
1784289271588 0.1062605157494545 673
1784289271640 0.10465509444475174 674
1784289271684 0.07302643358707428 675
1784289271734 0.11941389739513397 676
1784289271776 0.06591916084289551 677
1784289271818 0.06036672741174698 678
1784289271864 0.08549197018146515 679
1784289271907 0.09163595736026764 680
1784289271950 0.0700388178229332 681
1784289271991 0.0724179595708847 682
1784289272036 0.10239981859922409 683
1784289272078 0.044058844447135925 684
1784289272118 0.11165845394134521 685
1784289272171 0.10817020386457443 686
1784289272222 0.1261739432811737 687
1784289272268 0.10935600847005844 688
1784289272413 0.05609135329723358 689
1784289272475 0.10432220250368118 690
1784289272524 0.07011297345161438 691
1784289272571 0.10937987267971039 692
1784289272622 0.1293167918920517 693
1784289272668 0.07816457003355026 694
1784289272712 0.1418967843055725 695
1784289272752 0.08726496249437332 696
1784289272807 0.08593923598527908 697
1784289272855 0.06489887833595276 698
1784289272904 0.06383754312992096 699
1784289272950 0.053883958607912064 700
1784289272995 0.11349891126155853 701
1784289273035 0.15518341958522797 702
1784289273082 0.11127137392759323 703
1784289273134 0.06116149574518204 704
1784289273183 0.09794348478317261 705
1784289273302 0.08245383203029633 706
1784289273364 0.10948018729686737 707
1784289273412 0.1251928210258484 708
1784289273456 0.08674901723861694 709
1784289273502 0.05961265414953232 710
1784289273550 0.1342340111732483 711
1784289273604 0.1022614985704422 712
1784289273649 0.07577288150787354 713
1784289273692 0.08731751888990402 714
1784289273732 0.08866051584482193 715
1784289273774 0.08711021393537521 716
1784289273836 0.10511383414268494 717
1784289273883 0.09605318307876587 718
1784289273926 0.03472819924354553 719
1784289273973 0.12053628265857697 720
1784289274018 0.08704286068677902 721
1784289274065 0.1490267962217331 722
1784289274115 0.09346671402454376 723
1784289274166 0.14417211711406708 724
1784289274213 0.05395826697349548 725
1784289274256 0.07889382541179657 726
1784289274307 0.06692405045032501 727
1784289274350 0.10957125574350357 728
1784289274396 0.08033019304275513 729
1784289274519 0.09106280654668808 730
1784289274581 0.09722349047660828 731
1784289274635 0.10503353178501129 732
1784289274687 0.10330928862094879 733
1784289274736 0.07779545336961746 734
1784289274794 0.05567104369401932 735
1784289274843 0.09635401517152786 736
1784289274885 0.10376202315092087 737
1784289274931 0.1013689786195755 738
1784289274980 0.09156414121389389 739
1784289275023 0.070359967648983 740
1784289275067 0.08959431946277618 741
1784289275113 0.08609649538993835 742
1784289275162 0.06871600449085236 743
1784289275206 0.0832916796207428 744
1784289275253 0.10673382878303528 745
1784289275298 0.07092633843421936 746
1784289275352 0.05580034479498863 747
1784289275477 0.10905726999044418 748
1784289275546 0.08006764948368073 749
1784289275600 0.09319832921028137 750
1784289275653 0.09892794489860535 751
1784289275703 0.07734957337379456 752
1784289275753 0.04881228879094124 753
1784289275803 0.0826490968465805 754
1784289275859 0.0819268673658371 755
1784289275903 0.06552176177501678 756
1784289275950 0.049683429300785065 757
1784289275997 0.06785409152507782 758
1784289276039 0.1102018654346466 759
1784289276084 0.08469826728105545 760
1784289276133 0.05510321259498596 761
1784289276185 0.0838775485754013 762
1784289276232 0.12064238637685776 763
1784289276285 0.07308156788349152 764
1784289276331 0.11566311866044998 765
1784289276374 0.06609079241752625 766
1784289276499 0.07323195040225983 767
1784289276561 0.07498718053102493 768
1784289276607 0.05985850840806961 769
1784289276649 0.07831364870071411 770
1784289276697 0.05258238688111305 771
1784289276741 0.09884858131408691 772
1784289276785 0.05349978059530258 773
1784289276833 0.07952766865491867 774
1784289276880 0.059084657579660416 775
1784289276925 0.06834247708320618 776
1784289276977 0.07697921991348267 777
1784289277026 0.09648683667182922 778
1784289277073 0.07898051291704178 779
1784289277122 0.08085577189922333 780
1784289277168 0.1050182580947876 781
1784289277218 0.05678465962409973 782
1784289277269 0.11462445557117462 783
1784289277319 0.08156158030033112 784
1784289277450 0.057633597403764725 785
1784289277508 0.05182342231273651 786
1784289277561 0.057192232459783554 787
1784289277608 0.06950313597917557 788
1784289277655 0.09174853563308716 789
1784289277696 0.06600917130708694 790
1784289277744 0.06248818710446358 791
1784289277786 0.06431363523006439 792
1784289277832 0.09018231183290482 793
1784289277872 0.05674917995929718 794
1784289277919 0.06566888839006424 795
1784289277970 0.06967721879482269 796
1784289278018 0.08439981192350388 797
1784289278068 0.0946337953209877 798
1784289278114 0.04195950925350189 799
1784289278157 0.06109651178121567 800
1784289278199 0.0875733494758606 801
1784289278248 0.12985804677009583 802
1784289278302 0.08937880396842957 803
1784289278353 0.049713436514139175 804
1784289278495 0.11751663684844971 805
1784289278547 0.05792190134525299 806
1784289278599 0.11170060932636261 807
1784289278655 0.07658542692661285 808
1784289278701 0.08172755688428879 809
1784289278752 0.07814876735210419 810
1784289278803 0.07949439436197281 811
1784289278850 0.11247296631336212 812
1784289278902 0.06629765033721924 813
1784289278948 0.0774342268705368 814
1784289278993 0.10490654408931732 815
1784289279039 0.11854202300310135 816
1784289279086 0.054896481335163116 817
1784289279131 0.05597233772277832 818
1784289279188 0.049138057976961136 819
1784289279241 0.08068852871656418 820
1784289279289 0.04543699324131012 821
1784289279424 0.10066739469766617 822
1784289279480 0.08284057676792145 823
1784289279534 0.0944414883852005 824
1784289279584 0.11696315556764603 825
1784289279639 0.07754664123058319 826
1784289279684 0.07644893229007721 827
1784289279740 0.08671790361404419 828
1784289279788 0.13114894926548004 829
1784289279835 0.07605365663766861 830
1784289279884 0.10915593802928925 831
1784289279934 0.1400945484638214 832
1784289279982 0.13110113143920898 833
1784289280034 0.05357537418603897 834
1784289280075 0.05856296420097351 835
1784289280120 0.051949743181467056 836
1784289280165 0.1765698939561844 837
1784289280213 0.06357882916927338 838
1784289280264 0.1346457302570343 839
1784289280307 0.08653174340724945 840
1784289280352 0.15247824788093567 841
1784289280400 0.11199820786714554 842
1784289280448 0.05172119289636612 843
1784289280497 0.05422307550907135 844
1784289280543 0.09837116301059723 845
1784289280639 0.0910668894648552 846
1784289280713 0.0905839204788208 847
1784289280768 0.06813949346542358 848
1784289280826 0.06846333295106888 849
1784289280879 0.05831015855073929 850
1784289280930 0.05921518802642822 851
1784289280974 0.050281502306461334 852
1784289281021 0.10060770809650421 853
1784289281066 0.10455232858657837 854
1784289281111 0.047529853880405426 855
1784289281154 0.045316822826862335 856
1784289281205 0.11265148222446442 857
1784289281258 0.05307017266750336 858
1784289281301 0.08601786941289902 859
1784289281350 0.042936451733112335 860
1784289281395 0.0986662432551384 861
1784289281440 0.046784657984972 862
1784289281486 0.06775236129760742 863
1784289281670 0.12631645798683167 864
1784289281729 0.07144620269536972 865
1784289281780 0.05811022222042084 866
1784289281837 0.059850018471479416 867
1784289281886 0.11151783168315887 868
1784289281937 0.04420258477330208 869
1784289281987 0.03604789078235626 870
1784289282038 0.08191615343093872 871
1784289282088 0.11775345355272293 872
1784289282142 0.03725950047373772 873
1784289282194 0.026022065430879593 874
1784289282245 0.05831989273428917 875
1784289282298 0.0787755623459816 876
1784289282352 0.060935553163290024 877
1784289282402 0.043733663856983185 878
1784289282457 0.05052703619003296 879
1784289282508 0.06930799782276154 880
1784289282562 0.09145426750183105 881
1784289282611 0.037101179361343384 882
1784289282657 0.06467211246490479 883
1784289282710 0.09410028159618378 884
1784289282760 0.05501614511013031 885
1784289282814 0.05172617733478546 886
1784289282864 0.09391529113054276 887
1784289282911 0.08999820053577423 888
1784289282948 0.06464529782533646 889
1784289282990 0.029430894181132317 890
1784289283103 0.11988309025764465 891
1784289283170 0.06337051093578339 892
1784289283222 0.049237292259931564 893
1784289283269 0.0403333455324173 894
1784289283317 0.09021230041980743 895
1784289283360 0.05855291709303856 896
1784289283410 0.05970592796802521 897
1784289283460 0.07096873223781586 898
1784289283503 0.07912718504667282 899
1784289283553 0.0720004141330719 900
1784289283599 0.09039299190044403 901
1784289283645 0.042261648923158646 902
1784289283693 0.05172524228692055 903
1784289283736 0.14167647063732147 904
1784289283780 0.04448285698890686 905
1784289283826 0.06490424275398254 906
1784289283870 0.0298910029232502 907
1784289284029 0.06655097007751465 908
1784289284089 0.06888896971940994 909
1784289284145 0.075590118765831 910
1784289284188 0.08690884709358215 911
1784289284233 0.06337205320596695 912
1784289284280 0.08894117176532745 913
1784289284324 0.0999646931886673 914
1784289284366 0.06594368815422058 915
1784289284413 0.08258205652236938 916
1784289284465 0.09062498062849045 917
1784289284508 0.08837931603193283 918
1784289284548 0.05719245970249176 919
1784289284595 0.0360792838037014 920
1784289284637 0.029820069670677185 921
1784289284682 0.0858411192893982 922
1784289284738 0.05854992941021919 923
1784289284784 0.06403759121894836 924
1784289284913 0.03336852416396141 925
1784289284975 0.08524423837661743 926
1784289285019 0.10056547820568085 927
1784289285068 0.07466031610965729 928
1784289285116 0.033932723104953766 929
1784289285163 0.043842244893312454 930
1784289285210 0.05648130923509598 931
1784289285253 0.10144923627376556 932
1784289285301 0.04626207798719406 933
1784289285354 0.04306664317846298 934
1784289285401 0.06855896860361099 935
1784289285449 0.07973776757717133 936
1784289287778 0.06611210107803345 937
1784289287828 0.049614936113357544 938
1784289287877 0.06256280839443207 939
1784289287929 0.05558370053768158 940
1784289287972 0.06854454427957535 941
1784289288020 0.03912949189543724 942
1784289288066 0.07970090210437775 943
1784289288108 0.039725013077259064 944
1784289288166 0.051860932260751724 945
1784289288214 0.05944618582725525 946
1784289288267 0.0474531389772892 947
1784289288317 0.07448063790798187 948
1784289288371 0.06461299955844879 949
1784289288420 0.05456867814064026 950
1784289288464 0.019184503704309464 951
1784289288621 0.09754602611064911 952
1784289288673 0.14386707544326782 953
1784289288739 0.034359533339738846 954
1784289288792 0.07579246163368225 955
1784289288845 0.04192560538649559 956
1784289288888 0.06442467123270035 957
1784289288931 0.0577528141438961 958
1784289288981 0.08705733716487885 959
1784289289029 0.05283351242542267 960
1784289289076 0.044518083333969116 961
1784289289119 0.04336590692400932 962
1784289289164 0.057073842734098434 963
1784289289211 0.036859869956970215 964
1784289289253 0.04566434025764465 965
1784289289297 0.05887727439403534 966
1784289289344 0.11279553920030594 967
1784289289388 0.10877883434295654 968
1784289289517 0.05074451118707657 969
1784289289578 0.08526048064231873 970
1784289289630 0.03444599732756615 971
1784289289675 0.09094841778278351 972
1784289289718 0.1348288655281067 973
1784289289763 0.05911890044808388 974
1784289289808 0.034384384751319885 975
1784289289852 0.07508614659309387 976
1784289289899 0.11454064399003983 977
1784289289941 0.0423240065574646 978
1784289289983 0.08420033007860184 979
1784289290036 0.10492276400327682 980
1784289290081 0.0565493106842041 981
1784289290127 0.06154903396964073 982
1784289290174 0.05100061744451523 983
1784289290215 0.02965863049030304 984
1784289290265 0.05721057206392288 985
1784289290314 0.06540071964263916 986
1784289290360 0.030819592997431755 987
1784289290401 0.05428894981741905 988
1784289290447 0.0864272266626358 989
1784289290493 0.025946395471692085 990
1784289290535 0.12814515829086304 991
1784289290659 0.07467642426490784 992
1784289290717 0.16113969683647156 993
1784289290772 0.04316899925470352 994
1784289290815 0.08147480338811874 995
1784289290865 0.060665398836135864 996
1784289290923 0.05656513571739197 997
1784289290979 0.10889701545238495 998
1784289291026 0.0349111370742321 999
1784289291074 0.07363247126340866 1000
1784289291114 0.05965527147054672 1001
1784289291159 0.0674808919429779 1002
1784289291202 0.11705324053764343 1003
1784289291241 0.06888754665851593 1004
1784289291283 0.14058133959770203 1005
1784289291336 0.026041362434625626 1006
1784289291382 0.10620535165071487 1007
1784289291429 0.08009590953588486 1008
1784289291498 0.0459512397646904 1009
1784289291630 0.035092972218990326 1010
1784289291679 0.08203427493572235 1011
1784289291730 0.049368347972631454 1012
1784289291777 0.064603790640831 1013
1784289291823 0.030950602144002914 1014
1784289291865 0.051861681044101715 1015
1784289291914 0.05395558848977089 1016
1784289291964 0.02233411930501461 1017
1784289292010 0.06102050840854645 1018
1784289292051 0.059434764087200165 1019
1784289292096 0.08176662027835846 1020
1784289292143 0.06087968498468399 1021
1784289292186 0.11387553066015244 1022
1784289292233 0.05164099112153053 1023
1784289292281 0.03131641447544098 1024
1784289292324 0.06302512437105179 1025
1784289292366 0.053903691470623016 1026
1784289292417 0.04992372915148735 1027
1784289292465 0.06399233639240265 1028
1784289292518 0.04457362741231918 1029
1784289292565 0.07754280418157578 1030
1784289292700 0.08210526406764984 1031
1784289292760 0.05194445326924324 1032
1784289292810 0.04853490740060806 1033
1784289292852 0.05135008320212364 1034
1784289292901 0.06280078738927841 1035
1784289292952 0.02465193346142769 1036
1784289293002 0.03802609443664551 1037
1784289293051 0.06655228137969971 1038
1784289293094 0.08817146718502045 1039
1784289293137 0.08682295680046082 1040
1784289293187 0.051931172609329224 1041
1784289293240 0.10533852130174637 1042
1784289293293 0.04280281439423561 1043
1784289293335 0.07503890246152878 1044
1784289293383 0.05148296430706978 1045
1784289293431 0.08019598573446274 1046
1784289293483 0.06676795333623886 1047
1784289293612 0.07721275836229324 1048
1784289293674 0.031913936138153076 1049
1784289293724 0.060151852667331696 1050
1784289293766 0.12395928800106049 1051
1784289293832 0.08885925263166428 1052
1784289293883 0.04249871149659157 1053
1784289293930 0.04631480947136879 1054
1784289293980 0.06614295393228531 1055
1784289294026 0.048861611634492874 1056
1784289294068 0.06999669224023819 1057
1784289294110 0.01938491314649582 1058
1784289294162 0.08751460909843445 1059
1784289294203 0.07083402574062347 1060
1784289294244 0.05298149585723877 1061
1784289294288 0.04218047112226486 1062
1784289294332 0.047357648611068726 1063
1784289294377 0.06261862069368362 1064
1784289294500 0.06178625673055649 1065
1784289294559 0.04661530256271362 1066
1784289294609 0.07036107778549194 1067
1784289294663 0.06992778182029724 1068
1784289294712 0.0423663854598999 1069
1784289294758 0.0691661536693573 1070
1784289294800 0.06069009378552437 1071
1784289294843 0.07179438322782516 1072
1784289294889 0.04915587604045868 1073
1784289294930 0.023794593289494514 1074
1784289294977 0.11792231351137161 1075
1784289295020 0.06545445322990417 1076
1784289295067 0.05798960477113724 1077
1784289295113 0.03892548009753227 1078
1784289295156 0.075118787586689 1079
1784289295200 0.1102314293384552 1080
1784289295247 0.08819975703954697 1081
1784289295292 0.04142213612794876 1082
1784289295344 0.04523717239499092 1083
1784289295396 0.024509254842996597 1084
1784289295526 0.06725169718265533 1085
1784289295586 0.0437689945101738 1086
1784289295648 0.05253830924630165 1087
1784289295697 0.04331841319799423 1088
1784289295750 0.09271865338087082 1089
1784289295799 0.057539720088243484 1090
1784289295854 0.05676040053367615 1091
1784289295901 0.04717443510890007 1092
1784289295950 0.035047829151153564 1093
1784289296009 0.06616932153701782 1094
1784289296064 0.03330392390489578 1095
1784289296112 0.08260715752840042 1096
1784289296160 0.04320196062326431 1097
1784289296204 0.031494200229644775 1098
1784289296248 0.06595125794410706 1099
1784289296410 0.0840594619512558 1100
1784289296483 0.05865173041820526 1101
1784289296576 0.08240002393722534 1102
1784289296733 0.11706520617008209 1103
1784289296797 0.06541077792644501 1104
1784289296846 0.08432750403881073 1105
1784289296896 0.04636972025036812 1106
1784289296945 0.030339805409312248 1107
1784289296993 0.07644177973270416 1108
1784289297043 0.0510876290500164 1109
1784289297100 0.028750769793987274 1110
1784289297165 0.03707655891776085 1111
1784289297222 0.04262477159500122 1112
1784289297272 0.035653889179229736 1113
1784289297327 0.046378158032894135 1114
1784289297386 0.051057204604148865 1115
1784289297440 0.025090383365750313 1116
1784289297497 0.04454527795314789 1117
1784289297546 0.10466033220291138 1118
1784289297597 0.027975670993328094 1119
1784289297646 0.05866597220301628 1120
1784289297688 0.12469121068716049 1121
1784289297735 0.07751589268445969 1122
1784289297779 0.06620344519615173 1123
1784289297840 0.04441135376691818 1124
1784289297895 0.04618043452501297 1125
1784289297947 0.06758589297533035 1126
1784289297991 0.0382293201982975 1127
1784289298036 0.09000719338655472 1128
1784289298079 0.029734404757618904 1129
1784289298132 0.0349622406065464 1130
1784289298179 0.11227933317422867 1131
1784289298221 0.03741547465324402 1132
1784289298264 0.04068679362535477 1133
1784289298318 0.10373096168041229 1134
1784289298370 0.04656429588794708 1135
1784289298419 0.024429619312286377 1136
1784289298471 0.03472446650266647 1137
1784289298514 0.07141382992267609 1138
1784289298575 0.09390823543071747 1139
1784289298619 0.059712622314691544 1140
1784289298663 0.056278523057699203 1141
1784289298703 0.1039944440126419 1142
1784289298849 0.03826857730746269 1143
1784289298905 0.0694240927696228 1144
1784289298958 0.0632263645529747 1145
1784289299014 0.06566590070724487 1146
1784289299062 0.08638443052768707 1147
1784289299116 0.05383588373661041 1148
1784289299164 0.10411461442708969 1149
1784289299210 0.05138746649026871 1150
1784289299259 0.1208655834197998 1151
1784289299307 0.04445172846317291 1152
1784289299356 0.05869413912296295 1153
1784289299404 0.06854041665792465 1154
1784289299445 0.055159345269203186 1155
1784289299488 0.06607705354690552 1156
1784289299531 0.09688512980937958 1157
1784289299582 0.03159966319799423 1158
1784289299634 0.05155710130929947 1159
1784289299681 0.03261280059814453 1160
1784289299823 0.06139374524354935 1161
1784289299877 0.09678805619478226 1162
1784289299922 0.04732280969619751 1163
1784289299960 0.06128380075097084 1164
1784289300006 0.0806381106376648 1165
1784289300058 0.053693998605012894 1166
1784289300114 0.03796236217021942 1167
1784289300169 0.055751435458660126 1168
1784289300223 0.051746103912591934 1169
1784289300264 0.08624479174613953 1170
1784289300313 0.03810356557369232 1171
1784289300362 0.06882374733686447 1172
1784289300408 0.03296825289726257 1173
1784289300451 0.07694503664970398 1174
1784289300496 0.03414888307452202 1175
1784289300549 0.053783856332302094 1176
1784289300595 0.06318104267120361 1177
1784289300653 0.05999446287751198 1178
1784289300707 0.08066116273403168 1179
1784289300752 0.052917614579200745 1180
1784289300797 0.07380230724811554 1181
1784289300851 0.027037618681788445 1182
1784289300898 0.06816400587558746 1183
1784289300948 0.041489146649837494 1184
1784289301000 0.06516572833061218 1185
1784289301050 0.05478864908218384 1186
1784289301095 0.03156135603785515 1187
1784289301142 0.06626597046852112 1188
1784289301188 0.06119486317038536 1189
1784289301240 0.09017869085073471 1190
1784289301290 0.048154279589653015 1191
1784289301338 0.042254284024238586 1192
1784289301389 0.1070590540766716 1193
1784289301428 0.06596696376800537 1194
1784289301483 0.01963060162961483 1195
1784289301528 0.08612343668937683 1196
1784289301575 0.07281601428985596 1197
1784289301626 0.02350272610783577 1198
1784289301669 0.017317522317171097 1199
1784289301726 0.03490861505270004 1200
1784289301773 0.030259273946285248 1201
1784289301812 0.03321866691112518 1202
1784289301856 0.0901738703250885 1203
1784289301907 0.02779395692050457 1204
1784289302047 0.04500617831945419 1205
1784289302100 0.04636671021580696 1206
1784289302154 0.04938025772571564 1207
1784289302203 0.07582935690879822 1208
1784289302248 0.032251469790935516 1209
1784289302302 0.044843580573797226 1210
1784289302347 0.04921986907720566 1211
1784289302398 0.04786677658557892 1212
1784289302451 0.05909983068704605 1213
1784289302497 0.031705986708402634 1214
1784289302549 0.05901002511382103 1215
1784289302604 0.06723813712596893 1216
1784289302649 0.04601731896400452 1217
1784289302697 0.01652521640062332 1218
1784289302748 0.061622537672519684 1219
1784289302797 0.09331975877285004 1220
1784289302848 0.09526856243610382 1221
1784289302982 0.03698810935020447 1222
1784289303053 0.07783158123493195 1223
1784289303100 0.028994055464863777 1224
1784289303146 0.0464492030441761 1225
1784289303200 0.02032742276787758 1226
1784289303251 0.12331947684288025 1227
1784289303301 0.09482887387275696 1228
1784289303349 0.026336051523685455 1229
1784289303393 0.057760659605264664 1230
1784289303440 0.05597054213285446 1231
1784289303487 0.03335241228342056 1232
1784289303529 0.03751278296113014 1233
1784289303581 0.03767704963684082 1234
1784289303631 0.08121293783187866 1235
1784289303678 0.08550034463405609 1236
1784289303723 0.05720379948616028 1237
1784289303763 0.12075034528970718 1238
1784289303896 0.050193559378385544 1239
1784289303961 0.031181294471025467 1240
1784289304011 0.10183282196521759 1241
1784289304059 0.04111300781369209 1242
1784289304103 0.05486726760864258 1243
1784289304146 0.057635895907878876 1244
1784289304195 0.025884095579385757 1245
1784289304244 0.0908476859331131 1246
1784289304289 0.04721057415008545 1247
1784289304333 0.05369946360588074 1248
1784289304377 0.039939217269420624 1249
1784289304422 0.03322635218501091 1250
1784289304468 0.10795295983552933 1251
1784289304511 0.06699547916650772 1252
1784289304563 0.023079801350831985 1253
1784289304614 0.08103358745574951 1254
1784289304669 0.026638884097337723 1255
1784289304724 0.0649733617901802 1256
1784289304770 0.024843309074640274 1257
1784289304817 0.023869020864367485 1258
1784289304861 0.017406877130270004 1259
1784289304906 0.06195967271924019 1260
1784289304952 0.03880131244659424 1261
1784289304993 0.07046674191951752 1262
1784289305042 0.0186761524528265 1263
1784289305084 0.06050274521112442 1264
1784289305130 0.07380393892526627 1265
1784289305183 0.0658034086227417 1266
1784289305231 0.10128821432590485 1267
1784289305279 0.04477850720286369 1268
1784289305328 0.05280790850520134 1269
1784289305381 0.036577656865119934 1270
1784289305429 0.03436931222677231 1271
1784289305480 0.06378711760044098 1272
1784289305531 0.07445947825908661 1273
1784289305581 0.02905888482928276 1274
1784289305636 0.04936276376247406 1275
1784289305679 0.0735139474272728 1276
1784289305735 0.0846443921327591 1277
1784289305787 0.052621059119701385 1278
1784289305829 0.037231557071208954 1279
1784289305879 0.048488203436136246 1280
1784289305931 0.045675743371248245 1281
1784289305983 0.0585506334900856 1282
1784289306112 0.04410222917795181 1283
1784289306175 0.049979228526353836 1284
1784289306221 0.0383940190076828 1285
1784289306275 0.14447884261608124 1286
1784289306338 0.024709045886993408 1287
1784289306388 0.04429272189736366 1288
1784289306435 0.0989425927400589 1289
1784289306489 0.034793902188539505 1290
1784289306544 0.020154401659965515 1291
1784289306595 0.04669393599033356 1292
1784289306647 0.06507068872451782 1293
1784289306699 0.02774934098124504 1294
1784289306749 0.07484123110771179 1295
1784289306797 0.05196532607078552 1296
1784289306854 0.06479743868112564 1297
1784289306921 0.05506160482764244 1298
1784289306978 0.04707084223628044 1299
1784289307034 0.0788644552230835 1300
1784289307100 0.03881329298019409 1301
1784289307224 0.01865144819021225 1302
1784289307274 0.041470304131507874 1303
1784289307317 0.01654750481247902 1304
1784289307364 0.04488740116357803 1305
1784289307414 0.03794531524181366 1306
1784289307464 0.03157344460487366 1307
1784289307518 0.03653693571686745 1308
1784289307565 0.0563059076666832 1309
1784289307612 0.03635396435856819 1310
1784289307663 0.05454900488257408 1311
1784289307714 0.09900282323360443 1312
1784289307765 0.030624227598309517 1313
1784289307812 0.03751407191157341 1314
1784289307865 0.07302510738372803 1315
1784289307918 0.081675685942173 1316
1784289307971 0.08376031368970871 1317
1784289308023 0.0321265310049057 1318
1784289308073 0.05825413018465042 1319
1784289308121 0.08539758622646332 1320
1784289308165 0.012512641958892345 1321
1784289308211 0.0774347111582756 1322
1784289308356 0.03583633527159691 1323
1784289308405 0.09535375237464905 1324
1784289308449 0.04032593220472336 1325
1784289308502 0.040673185139894485 1326
1784289308553 0.08057952672243118 1327
1784289308610 0.03971634805202484 1328
1784289308659 0.04717770218849182 1329
1784289308710 0.11118173599243164 1330
1784289308756 0.07818213850259781 1331
1784289308804 0.037567637860774994 1332
1784289308853 0.029436569660902023 1333
1784289308903 0.08209746330976486 1334
1784289308950 0.0350164920091629 1335
1784289309000 0.0504397377371788 1336
1784289309057 0.023073872551321983 1337
1784289309105 0.025319846346974373 1338
1784289309155 0.05969329923391342 1339
1784289309295 0.09230105578899384 1340
1784289309361 0.030687928199768066 1341
1784289309418 0.062111303210258484 1342
1784289309464 0.052646078169345856 1343
1784289309510 0.07153782993555069 1344
1784289309566 0.09440355747938156 1345
1784289309616 0.0658402368426323 1346
1784289309663 0.0474904365837574 1347
1784289309718 0.055814873427152634 1348
1784289309772 0.05395294353365898 1349
1784289309825 0.13431772589683533 1350
1784289309879 0.046504274010658264 1351
1784289309929 0.07361961901187897 1352
1784289309983 0.05979490280151367 1353
1784289310037 0.02272661402821541 1354
1784289310086 0.0715051144361496 1355
1784289310130 0.04741392657160759 1356
1784289310184 0.05322188511490822 1357
1784289310238 0.045083411037921906 1358
1784289310291 0.0488918200135231 1359
1784289310334 0.0528862327337265 1360
1784289310380 0.05447011440992355 1361
1784289310524 0.07599815726280212 1362
1784289310575 0.022974904626607895 1363
1784289310626 0.022729743272066116 1364
1784289310679 0.019543681293725967 1365
1784289310730 0.025079524144530296 1366
1784289310782 0.0996762216091156 1367
1784289310828 0.04631129652261734 1368
1784289310880 0.029341094195842743 1369
1784289310930 0.04128539189696312 1370
1784289310981 0.05743449553847313 1371
1784289311028 0.0559326708316803 1372
1784289311078 0.03939039260149002 1373
1784289311128 0.04240654408931732 1374
1784289311179 0.04701542109251022 1375
1784289311222 0.03241018205881119 1376
1784289311277 0.04024641960859299 1377
1784289311322 0.052046045660972595 1378
1784289311448 0.1312766671180725 1379
1784289311500 0.02029591239988804 1380
1784289311551 0.11859540641307831 1381
1784289311603 0.05350805073976517 1382
1784289311658 0.05308248847723007 1383
1784289311711 0.06774445623159409 1384
1784289311753 0.06166260689496994 1385
1784289311800 0.03363608196377754 1386
1784289311849 0.04964742809534073 1387
1784289311890 0.07315201312303543 1388
1784289311934 0.06163385882973671 1389
1784289311975 0.04667507857084274 1390
1784289312015 0.0655524954199791 1391
1784289312062 0.03845208138227463 1392
1784289312107 0.04212111234664917 1393
1784289312155 0.048750847578048706 1394
1784289312197 0.022096702829003334 1395
1784289312320 0.042615294456481934 1396
1784289312382 0.08769116550683975 1397
1784289312427 0.06557921320199966 1398
1784289312471 0.04147869721055031 1399
1784289312510 0.07075139880180359 1400
1784289312564 0.08220282196998596 1401
1784289312616 0.07614471018314362 1402
1784289312662 0.03165699541568756 1403
1784289312714 0.09633848071098328 1404
1784289312761 0.038973141461610794 1405
1784289312813 0.04469447210431099 1406
1784289312864 0.11306363344192505 1407
1784289312911 0.02921394258737564 1408
1784289312961 0.02978496626019478 1409
1784289313011 0.08944223821163177 1410
1784289313064 0.08929415792226791 1411
1784289313107 0.021186688914895058 1412
1784289313155 0.047626618295907974 1413
1784289313203 0.06601125001907349 1414
1784289313246 0.09655419737100601 1415
1784289313292 0.10779130458831787 1416
1784289313336 0.05770383030176163 1417
1784289313377 0.11156915873289108 1418
1784289313426 0.08510535210371017 1419
1784289313474 0.14007236063480377 1420
1784289313515 0.02851952239871025 1421
1784289313570 0.07246029376983643 1422
1784289313613 0.049102865159511566 1423
1784289313741 0.0429745614528656 1424
1784289313791 0.019433433189988136 1425
1784289313851 0.04182741045951843 1426
1784289313913 0.03733549267053604 1427
1784289313963 0.05711168050765991 1428
1784289314013 0.03277113661170006 1429
1784289314060 0.03939183056354523 1430
1784289314111 0.09086205065250397 1431
1784289314164 0.10407230257987976 1432
1784289314208 0.11372723430395126 1433
1784289314257 0.022424189373850822 1434
1784289314301 0.060960762202739716 1435
1784289314345 0.03539504483342171 1436
1784289314393 0.029161669313907623 1437
1784289314444 0.023491472005844116 1438
1784289314491 0.09586666524410248 1439
1784289314539 0.03885265067219734 1440
1784289314663 0.02279987558722496 1441
1784289314726 0.07670663297176361 1442
1784289314777 0.05683854967355728 1443
1784289314827 0.02108190767467022 1444
1784289314875 0.061031244695186615 1445
1784289314923 0.05495937168598175 1446
1784289314964 0.061379969120025635 1447
1784289315010 0.051039159297943115 1448
1784289315058 0.026600640267133713 1449
1784289315101 0.044565897434949875 1450
1784289315142 0.06351491063833237 1451
1784289315191 0.05488422140479088 1452
1784289315237 0.03916851431131363 1453
1784289315281 0.060287561267614365 1454
1784289315323 0.11800825595855713 1455
1784289315364 0.06340055167675018 1456
1784289315410 0.02949552610516548 1457
1784289315463 0.052546609193086624 1458
1784289315506 0.05025801062583923 1459
1784289315555 0.08960926532745361 1460
1784289315598 0.05971488356590271 1461
1784289315640 0.10942075401544571 1462
1784289315684 0.03346334397792816 1463
1784289315727 0.05903729796409607 1464
1784289315777 0.06094620004296303 1465
1784289315923 0.09804298728704453 1466
1784289315980 0.04506007954478264 1467
1784289316031 0.05680488795042038 1468
1784289316076 0.04114063084125519 1469
1784289316124 0.05684365704655647 1470
1784289316173 0.05742976814508438 1471
1784289316229 0.08271540701389313 1472
1784289316278 0.06446048617362976 1473
1784289316327 0.06654044985771179 1474
1784289316380 0.08582489937543869 1475
1784289316428 0.06844088435173035 1476
1784289316477 0.08655897527933121 1477
1784289316526 0.04278140515089035 1478
1784289316571 0.0858985036611557 1479
1784289316620 0.04011228680610657 1480
1784289316668 0.052233800292015076 1481
1784289316709 0.07883893698453903 1482
1784289316848 0.03401611000299454 1483
1784289316912 0.1054675281047821 1484
1784289316979 0.021469831466674805 1485
1784289317030 0.09523792564868927 1486
1784289317076 0.12568354606628418 1487
1784289317125 0.028230266645550728 1488
1784289317177 0.04346669465303421 1489
1784289317228 0.024057868868112564 1490
1784289317279 0.09509503841400146 1491
1784289317326 0.07547353953123093 1492
1784289317370 0.039791930466890335 1493
1784289317422 0.04290345683693886 1494
1784289317473 0.04852665588259697 1495
1784289317524 0.06218559294939041 1496
1784289317569 0.12765911221504211 1497
1784289317617 0.049557071179151535 1498
1784289317658 0.03411939740180969 1499
1784289317708 0.05326792597770691 1500
1784289317753 0.07219197601079941 1501
1784289317803 0.0870736688375473 1502
1784289317846 0.07778260856866837 1503
1784289317894 0.06609748303890228 1504
1784289317941 0.0857468843460083 1505
1784289317993 0.0730513334274292 1506
1784289318048 0.02904205024242401 1507
1784289318099 0.09519706666469574 1508
1784289318147 0.10130688548088074 1509
1784289318195 0.04159996658563614 1510
1784289318243 0.025007780641317368 1511
1784289318290 0.04049425199627876 1512
1784289318338 0.04288364201784134 1513
1784289318389 0.11469009518623352 1514
1784289318440 0.058297354727983475 1515
1784289318493 0.101406529545784 1516
1784289318542 0.032661836594343185 1517
1784289318591 0.08818632364273071 1518
1784289318639 0.04175584018230438 1519
1784289318681 0.08619335293769836 1520
1784289318724 0.08279581367969513 1521
1784289318769 0.07323875278234482 1522
1784289318815 0.0999390035867691 1523
1784289318858 0.06546885520219803 1524
1784289318905 0.06688740104436874 1525
1784289318947 0.038580525666475296 1526
1784289319078 0.059872012585401535 1527
1784289319129 0.04086049273610115 1528
1784289319177 0.059376832097768784 1529
1784289319231 0.03478824719786644 1530
1784289319278 0.09591355919837952 1531
1784289319325 0.024883989244699478 1532
1784289319368 0.030713863670825958 1533
1784289319415 0.0602300688624382 1534
1784289319470 0.07384872436523438 1535
1784289319515 0.0761730968952179 1536
1784289319564 0.06889697909355164 1537
1784289319612 0.041117340326309204 1538
1784289319676 0.09160742908716202 1539
1784289319732 0.03032251074910164 1540
1784289319779 0.07421242445707321 1541
1784289319834 0.08604803681373596 1542
1784289319880 0.03275158256292343 1543
1784289320013 0.04165472835302353 1544
1784289320069 0.07492344826459885 1545
1784289320123 0.1354943960905075 1546
1784289320166 0.04868604242801666 1547
1784289320214 0.10044398158788681 1548
1784289320259 0.04512760043144226 1549
1784289320305 0.1307096630334854 1550
1784289320355 0.036404989659786224 1551
1784289320403 0.10747209191322327 1552
1784289320444 0.09713315963745117 1553
1784289320488 0.08561483025550842 1554
1784289320536 0.09162618219852448 1555
1784289320583 0.09016957879066467 1556
1784289320635 0.1590682566165924 1557
1784289320680 0.05179077759385109 1558
1784289320729 0.07771851122379303 1559
1784289320777 0.06375695765018463 1560
1784289320830 0.0625041201710701 1561
1784289320877 0.05783089995384216 1562
1784289320921 0.04824481159448624 1563
1784289320968 0.04414552450180054 1564
1784289321011 0.043672606348991394 1565
1784289321055 0.0825870931148529 1566
1784289321104 0.022318555042147636 1567
1784289321145 0.045947056263685226 1568
1784289321186 0.09338709712028503 1569
1784289321237 0.046370916068553925 1570
1784289321275 0.04399363324046135 1571
1784289321327 0.0921444296836853 1572
1784289321376 0.1154644638299942 1573
1784289321424 0.10663370043039322 1574
1784289321483 0.09893697500228882 1575
1784289321526 0.08628080040216446 1576
1784289321688 0.06134083494544029 1577
1784289321739 0.06436772644519806 1578
1784289321795 0.08239153027534485 1579
1784289321841 0.035185959190130234 1580
1784289321891 0.06075523793697357 1581
1784289321941 0.04542981833219528 1582
1784289321986 0.04935022443532944 1583
1784289322027 0.019177069887518883 1584
1784289322078 0.05811058729887009 1585
1784289322129 0.035967376083135605 1586
1784289322174 0.090816430747509 1587
1784289322222 0.055062152445316315 1588
1784289322272 0.0506732240319252 1589
1784289322316 0.040219515562057495 1590
1784289322357 0.05255168676376343 1591
1784289322399 0.08648207038640976 1592
1784289322440 0.0924193486571312 1593
1784289322488 0.07823795080184937 1594
1784289322530 0.08923213183879852 1595
1784289322574 0.0331292524933815 1596
1784289322617 0.09194795042276382 1597
1784289322662 0.07384388148784637 1598
1784289322708 0.03137604892253876 1599
1784289322755 0.05303546041250229 1600
1784289322798 0.052909962832927704 1601
1784289322840 0.08866690844297409 1602
1784289322890 0.06460530310869217 1603
1784289322935 0.06670424342155457 1604
1784289322977 0.057266995310783386 1605
1784289323036 0.05666390433907509 1606
1784289323099 0.018427615985274315 1607
1784289323146 0.06557221710681915 1608
1784289323193 0.06280714273452759 1609
1784289323330 0.037588104605674744 1610
1784289323384 0.06668343394994736 1611
1784289323434 0.05712568014860153 1612
1784289323486 0.05986696854233742 1613
1784289323533 0.07297788560390472 1614
1784289323590 0.03397767245769501 1615
1784289323642 0.10161891579627991 1616
1784289323690 0.04141925275325775 1617
1784289323740 0.1509857028722763 1618
1784289323785 0.020442750304937363 1619
1784289323827 0.040288109332323074 1620
1784289323872 0.07522998750209808 1621
1784289323916 0.07833559811115265 1622
1784289323962 0.07566817849874496 1623
1784289324006 0.05657649412751198 1624
1784289324050 0.08047745376825333 1625
1784289324094 0.03219586983323097 1626
1784289324142 0.08708389103412628 1627
1784289324190 0.08773420006036758 1628
1784289324233 0.1090257465839386 1629
1784289324275 0.06390523165464401 1630
1784289324326 0.05869761109352112 1631
1784289324374 0.02685084566473961 1632
1784289324418 0.045202918350696564 1633
1784289324459 0.13015353679656982 1634
1784289324503 0.07787544280290604 1635
1784289324560 0.05995052307844162 1636
1784289324611 0.0852963775396347 1637
1784289324659 0.0665448009967804 1638
1784289324708 0.08109086751937866 1639
1784289324755 0.09768790751695633 1640
1784289324800 0.13407555222511292 1641
1784289324844 0.028595490381121635 1642
1784289324891 0.023608466610312462 1643
1784289324931 0.12668824195861816 1644
1784289324976 0.11655272543430328 1645
1784289325028 0.07012496888637543 1646
1784289325074 0.06431586295366287 1647
1784289325125 0.0675601065158844 1648
1784289325174 0.11929663270711899 1649
1784289325222 0.05302472040057182 1650
1784289325266 0.05109980329871178 1651
1784289325306 0.051883190870285034 1652
1784289325354 0.06561324000358582 1653
1784289325415 0.0359133817255497 1654
1784289325555 0.01961931213736534 1655
1784289325617 0.06550705432891846 1656
1784289325673 0.06681299954652786 1657
1784289325718 0.12179943919181824 1658
1784289325764 0.0582742802798748 1659
1784289325809 0.054025255143642426 1660
1784289325855 0.03327193856239319 1661
1784289325905 0.06707040965557098 1662
1784289325955 0.07927356660366058 1663
1784289326010 0.029215451329946518 1664
1784289326063 0.07249242812395096 1665
1784289326108 0.11913168430328369 1666
1784289326154 0.040201492607593536 1667
1784289326197 0.0935516208410263 1668
1784289326240 0.07355797290802002 1669
1784289326291 0.06991337984800339 1670
1784289326338 0.1544680893421173 1671
1784289326393 0.06843618303537369 1672
1784289326532 0.13445423543453217 1673
1784289326580 0.07142041623592377 1674
1784289326625 0.11809514462947845 1675
1784289326678 0.11128698289394379 1676
1784289326728 0.13409298658370972 1677
1784289326773 0.1298423409461975 1678
1784289326819 0.10281801223754883 1679
1784289326877 0.08014675974845886 1680
1784289326927 0.041928283870220184 1681
1784289326976 0.09258156269788742 1682
1784289327025 0.05708916857838631 1683
1784289327075 0.09642884135246277 1684
1784289327125 0.06716637313365936 1685
1784289327175 0.04849153012037277 1686
1784289327226 0.1327817440032959 1687
1784289327277 0.09462133049964905 1688
1784289327334 0.07222378998994827 1689
1784289327377 0.09373745322227478 1690
1784289327423 0.047708701342344284 1691
1784289327479 0.06304831802845001 1692
1784289327529 0.09598951041698456 1693
1784289327573 0.05493263900279999 1694
1784289327741 0.04136519879102707 1695
1784289327796 0.041695091873407364 1696
1784289327845 0.06254369765520096 1697
1784289327888 0.0839429646730423 1698
1784289327935 0.023330923169851303 1699
1784289327979 0.10544640570878983 1700
1784289328024 0.06251789629459381 1701
1784289328070 0.038329385221004486 1702
1784289328110 0.10533301532268524 1703
1784289328157 0.07029131799936295 1704
1784289328199 0.04315079003572464 1705
1784289328245 0.08232874423265457 1706
1784289328290 0.05487842485308647 1707
1784289328336 0.03672010451555252 1708
1784289328376 0.022876130416989326 1709
1784289328426 0.07376791536808014 1710
1784289328474 0.05771896615624428 1711
1784289328547 0.10478422045707703 1712
1784289328636 0.08169682323932648 1713
1784289328700 0.019382033497095108 1714
1784289328747 0.03611297160387039 1715
1784289328794 0.13423213362693787 1716
1784289328843 0.022168992087244987 1717
1784289328887 0.02829170972108841 1718
1784289328932 0.031378988176584244 1719
1784289328976 0.12702365219593048 1720
1784289329023 0.09562724828720093 1721
1784289329067 0.047370076179504395 1722
1784289329111 0.06857161968946457 1723
1784289329153 0.09503157436847687 1724
1784289329202 0.08438621461391449 1725
1784289329247 0.10264236479997635 1726
1784289329289 0.09187163412570953 1727
1784289329341 0.07214152067899704 1728
1784289329393 0.13538675010204315 1729
1784289329439 0.0764441192150116 1730
1784289329484 0.08191435784101486 1731
1784289329524 0.07720011472702026 1732
1784289329576 0.0484936386346817 1733
1784289329624 0.05728476867079735 1734
1784289329672 0.11815615743398666 1735
1784289329716 0.07405079901218414 1736
1784289329759 0.1371675431728363 1737
1784289329804 0.04660405218601227 1738
1784289329852 0.027765600010752678 1739
1784289329891 0.0793859213590622 1740
1784289329945 0.10372845083475113 1741
1784289330004 0.04536418616771698 1742
1784289330062 0.05015154182910919 1743
1784289330113 0.07420969009399414 1744
1784289330159 0.08604913204908371 1745
1784289330208 0.059180136770009995 1746
1784289330257 0.05679966136813164 1747
1784289330308 0.0384480319917202 1748
1784289330358 0.06475252658128738 1749
1784289330408 0.05856751650571823 1750
1784289330463 0.06949716806411743 1751
1784289330515 0.1534520834684372 1752
1784289330563 0.14247621595859528 1753
1784289330610 0.14833368360996246 1754
1784289330651 0.05222206935286522 1755
1784289330693 0.08743924647569656 1756
1784289330839 0.0753989890217781 1757
1784289330883 0.07911692559719086 1758
1784289330934 0.08135116845369339 1759
1784289330981 0.07566451281309128 1760
1784289331027 0.06726881861686707 1761
1784289331069 0.07495421171188354 1762
1784289331118 0.03110230714082718 1763
1784289331164 0.03680981323122978 1764
1784289331205 0.07039007544517517 1765
1784289331248 0.09608805179595947 1766
1784289331293 0.09449709951877594 1767
1784289331334 0.04475720599293709 1768
1784289331375 0.06478498876094818 1769
1784289331423 0.0655396357178688 1770
1784289331473 0.07460150122642517 1771
1784289331521 0.04443914070725441 1772
1784289331572 0.049031227827072144 1773
1784289331626 0.08337737619876862 1774
1784289331750 0.035972509533166885 1775
1784289331808 0.08242341130971909 1776
1784289331859 0.09886574745178223 1777
1784289331903 0.06767629832029343 1778
1784289331950 0.08688180148601532 1779
1784289331992 0.04754302650690079 1780
1784289332039 0.17826420068740845 1781
1784289332093 0.20338591933250427 1782
1784289332142 0.08981917053461075 1783
1784289332187 0.07511252164840698 1784
1784289332236 0.08835358917713165 1785
1784289332286 0.13177697360515594 1786
1784289332342 0.10081503540277481 1787
1784289332394 0.09048230946063995 1788
1784289332441 0.018787208944559097 1789
1784289332490 0.16692820191383362 1790
1784289332541 0.04440201073884964 1791
1784289332680 0.07704853266477585 1792
1784289332751 0.05015532672405243 1793
1784289332803 0.06914307177066803 1794
1784289332857 0.0394919291138649 1795
1784289332905 0.12250643968582153 1796
1784289332955 0.15634411573410034 1797
1784289333009 0.020737767219543457 1798
1784289333059 0.01733931340277195 1799
1784289333107 0.08383674919605255 1800
1784289333163 0.024642135947942734 1801
1784289333223 0.07835309952497482 1802
1784289333278 0.10241788625717163 1803
1784289333326 0.08422163873910904 1804
1784289333377 0.046442072838544846 1805
1784289333425 0.07952285557985306 1806
1784289333475 0.1090325191617012 1807
1784289333524 0.11067399382591248 1808
1784289333585 0.08071442693471909 1809
1784289333636 0.058732688426971436 1810
1784289333676 0.11652126163244247 1811
1784289333717 0.07493408024311066 1812
1784289333761 0.04056624695658684 1813
1784289333807 0.15545322000980377 1814
1784289333857 0.06036964803934097 1815
1784289333907 0.03924024850130081 1816
1784289333957 0.036677099764347076 1817
1784289334007 0.17438313364982605 1818
1784289334058 0.07244390994310379 1819
1784289334109 0.11754068732261658 1820
1784289334155 0.11710019409656525 1821
1784289334203 0.017230259254574776 1822
1784289334251 0.09346254169940948 1823
1784289334292 0.06136627495288849 1824
1784289334339 0.06574294716119766 1825
1784289334384 0.10296229273080826 1826
1784289334434 0.06663207709789276 1827
1784289334481 0.09562250226736069 1828
1784289334528 0.09822408854961395 1829
1784289334585 0.06389937549829483 1830
1784289334638 0.15999692678451538 1831
1784289334693 0.08262623101472855 1832
1784289334743 0.09033752977848053 1833
1784289334789 0.047955356538295746 1834
1784289334905 0.07895258814096451 1835
1784289334962 0.07409943640232086 1836
1784289335011 0.06395290046930313 1837
1784289335058 0.1160360798239708 1838
1784289335103 0.13407453894615173 1839
1784289335150 0.12828969955444336 1840
1784289335192 0.07207503914833069 1841
1784289335240 0.08086702972650528 1842
1784289335290 0.05460832267999649 1843
1784289335344 0.06618107855319977 1844
1784289335389 0.1163543164730072 1845
1784289335435 0.09601609408855438 1846
1784289335478 0.11100156605243683 1847
1784289335530 0.06620121747255325 1848
1784289335576 0.043025147169828415 1849
1784289335621 0.1315106600522995 1850
1784289335674 0.046588700264692307 1851
1784289335804 0.06070121377706528 1852
1784289335868 0.09275148063898087 1853
1784289335919 0.11518894881010056 1854
1784289335968 0.17660227417945862 1855
1784289336015 0.07432631403207779 1856
1784289336055 0.09708195924758911 1857
1784289336106 0.08790323138237 1858
1784289336160 0.0924856886267662 1859
1784289336218 0.09299935400485992 1860
1784289336265 0.06366722285747528 1861
1784289336310 0.05235195904970169 1862
1784289336366 0.10246690362691879 1863
1784289336413 0.08935244381427765 1864
1784289336456 0.12136147916316986 1865
1784289336506 0.11421661078929901 1866
1784289336557 0.08371269702911377 1867
1784289336606 0.07095009088516235 1868
1784289336658 0.11601021885871887 1869
1784289336706 0.03952021896839142 1870
1784289336753 0.08431782573461533 1871
1784289336904 0.10954450070858002 1872
1784289336959 0.11676730215549469 1873
1784289339230 0.06669427454471588 1874
1784289339286 0.10105149447917938 1875
1784289339336 0.04670201241970062 1876
1784289339388 0.0858946219086647 1877
1784289339439 0.030884914100170135 1878
1784289339494 0.028459204360842705 1879
1784289339540 0.10965057462453842 1880
1784289339584 0.12213940173387527 1881
1784289339634 0.06819417327642441 1882
1784289339675 0.06833851337432861 1883
1784289339717 0.09961290657520294 1884
1784289339843 0.12488825619220734 1885
1784289339902 0.08615577220916748 1886
1784289339948 0.07458581030368805 1887
1784289339994 0.0792677253484726 1888
1784289340038 0.10227014124393463 1889
1784289340084 0.0344931036233902 1890
1784289340135 0.06855734437704086 1891
1784289340184 0.08090327680110931 1892
1784289340229 0.05182141810655594 1893
1784289340280 0.17736563086509705 1894
1784289340334 0.20382031798362732 1895
1784289340379 0.0996096134185791 1896
1784289340422 0.04969486594200134 1897
1784289340478 0.1101451888680458 1898
1784289340525 0.03043455444276333 1899
1784289340575 0.02623109333217144 1900
1784289340625 0.08636216819286346 1901
1784289340755 0.12755410373210907 1902
1784289340818 0.15924173593521118 1903
1784289340864 0.14383086562156677 1904
1784289340907 0.09409630298614502 1905
1784289340951 0.041828423738479614 1906
1784289341016 0.13659963011741638 1907
1784289341063 0.08686424791812897 1908
1784289341109 0.1455569714307785 1909
1784289341151 0.1573657989501953 1910
1784289341197 0.05405544862151146 1911
1784289341241 0.1386127769947052 1912
1784289341285 0.06941436231136322 1913
1784289341331 0.1656084805727005 1914
1784289341378 0.043296366930007935 1915
1784289341434 0.15038685500621796 1916
1784289341492 0.06250922381877899 1917
1784289341545 0.17483863234519958 1918
1784289341596 0.07658704370260239 1919
1784289341642 0.050404131412506104 1920
1784289341688 0.03696047142148018 1921
1784289341728 0.13571766018867493 1922
1784289341772 0.08011505007743835 1923
1784289341815 0.05945715308189392 1924
1784289341864 0.19467635452747345 1925
1784289341913 0.06391012668609619 1926
1784289342051 0.08312637358903885 1927
1784289342100 0.06098854914307594 1928
1784289342151 0.14687642455101013 1929
1784289342201 0.16042789816856384 1930
1784289342253 0.08047415316104889 1931
1784289342302 0.07878760993480682 1932
1784289342343 0.19212348759174347 1933
1784289342388 0.059934213757514954 1934
1784289342437 0.14762578904628754 1935
1784289342486 0.06473217159509659 1936
1784289342529 0.07134690135717392 1937
1784289342582 0.08868806064128876 1938
1784289342628 0.18727578222751617 1939
1784289342675 0.11095068603754044 1940
1784289342723 0.10630102455615997 1941
1784289342772 0.06811581552028656 1942
1784289342824 0.08961240947246552 1943
1784289342962 0.2418861985206604 1944
1784289343027 0.06966622173786163 1945
1784289343076 0.040394190698862076 1946
1784289343122 0.11338554322719574 1947
1784289343168 0.09574614465236664 1948
1784289343216 0.15234138071537018 1949
1784289343262 0.10904897749423981 1950
1784289343307 0.09117314219474792 1951
1784289343351 0.0902024433016777 1952
1784289343395 0.113151416182518 1953
1784289343438 0.15512298047542572 1954
1784289343488 0.11557912826538086 1955
1784289343551 0.11021099984645844 1956
1784289343627 0.08867811411619186 1957
1784289343689 0.05383855476975441 1958
1784289343755 0.07204096019268036 1959
1784289343814 0.06769350916147232 1960
1784289343861 0.030892055481672287 1961
1784289343905 0.09973302483558655 1962
1784289343958 0.17409008741378784 1963
1784289344009 0.08057305216789246 1964
1784289344064 0.12766508758068085 1965
1784289344109 0.13059718906879425 1966
1784289344242 0.13937059044837952 1967
1784289344291 0.14035984873771667 1968
1784289344338 0.19737747311592102 1969
1784289344389 0.1798231601715088 1970
1784289344434 0.21091896295547485 1971
1784289344478 0.20322024822235107 1972
1784289344524 0.12828736007213593 1973
1784289344571 0.13787348568439484 1974
1784289344622 0.05118703842163086 1975
1784289344671 0.13575711846351624 1976
1784289344720 0.23359112441539764 1977
1784289344769 0.08674320578575134 1978
1784289344811 0.07969166338443756 1979
1784289344855 0.11029284447431564 1980
1784289344907 0.11674949526786804 1981
1784289344962 0.1322166621685028 1982
1784289345013 0.15158823132514954 1983
1784289345062 0.06783824414014816 1984
1784289345106 0.13632075488567352 1985
1784289345149 0.09043265879154205 1986
1784289345195 0.06201353296637535 1987
1784289345238 0.05779332295060158 1988
1784289345286 0.17326050996780396 1989
1784289345336 0.24968260526657104 1990
1784289345423 0.10841375589370728 1991
1784289345514 0.07543212175369263 1992
1784289345575 0.13284985721111298 1993
1784289345632 0.12724199891090393 1994
1784289345684 0.07430219650268555 1995
1784289345734 0.2311265915632248 1996
1784289345776 0.10414297878742218 1997
1784289345822 0.11181047558784485 1998
1784289345868 0.16340649127960205 1999
1784289345919 0.09868926554918289 2000
1784289345978 0.24548302590847015 2001
1784289346039 0.13720792531967163 2002
1784289346090 0.10681504011154175 2003
1784289346140 0.10359890758991241 2004
1784289346186 0.160539910197258 2005
1784289346235 0.09762980788946152 2006
1784289346279 0.07428561896085739 2007
1784289346323 0.2391648292541504 2008
1784289346370 0.09930286556482315 2009
1784289346423 0.16234955191612244 2010
1784289346471 0.16334713995456696 2011
1784289346520 0.08360081911087036 2012
1784289346572 0.05778825655579567 2013
1784289346630 0.23525336384773254 2014
1784289346816 0.10865692049264908 2015
1784289346875 0.12632562220096588 2016
1784289346922 0.16523799300193787 2017
1784289346973 0.11513355374336243 2018
1784289347024 0.14164476096630096 2019
1784289347072 0.12492504715919495 2020
1784289347118 0.2057649940252304 2021
1784289347169 0.1392994225025177 2022
1784289347222 0.09834559261798859 2023
1784289347267 0.16675081849098206 2024
1784289347313 0.12829554080963135 2025
1784289347351 0.0759141743183136 2026
1784289347394 0.12778177857398987 2027
1784289347435 0.12592265009880066 2028
1784289347485 0.09172333776950836 2029
1784289347538 0.19878816604614258 2030
1784289347588 0.1654614359140396 2031
1784289347647 0.1670575737953186 2032
1784289347772 0.28126823902130127 2033
1784289347834 0.16047583520412445 2034
1784289347885 0.23992493748664856 2035
1784289347935 0.17156551778316498 2036
1784289347984 0.1986800730228424 2037
1784289348040 0.2053171843290329 2038
1784289348086 0.08582677692174911 2039
1784289348139 0.1186545193195343 2040
1784289348193 0.10606826841831207 2041
1784289348243 0.11830440163612366 2042
1784289348303 0.16391658782958984 2043
1784289348359 0.2723388671875 2044
1784289348414 0.19569149613380432 2045
1784289348465 0.10936953872442245 2046
1784289348515 0.09507563710212708 2047
1784289348560 0.12577953934669495 2048
1784289348695 0.23292450606822968 2049
1784289348753 0.1539510041475296 2050
1784289348802 0.17381784319877625 2051
1784289348848 0.33837899565696716 2052
1784289348890 0.208493173122406 2053
1784289348934 0.2490226924419403 2054
1784289348984 0.2505582571029663 2055
1784289349028 0.2137771099805832 2056
1784289349072 0.3286679983139038 2057
1784289349117 0.21443621814250946 2058
1784289349160 0.08608034998178482 2059
1784289349204 0.17317789793014526 2060
1784289349274 0.23445992171764374 2061
1784289349327 0.06938374042510986 2062
1784289349369 0.24157649278640747 2063
1784289349413 0.2109883576631546 2064
1784289349455 0.17316114902496338 2065
1784289349500 0.10455360263586044 2066
1784289349548 0.25598010420799255 2067
1784289349592 0.18605376780033112 2068
1784289349641 0.2937186062335968 2069
1784289349688 0.2954956889152527 2070
1784289349736 0.20212188363075256 2071
1784289349789 0.21302208304405212 2072
1784289349842 0.12026992440223694 2073
1784289349886 0.21619530022144318 2074
1784289349940 0.26239511370658875 2075
1784289349989 0.18404750525951385 2076
1784289350039 0.17952287197113037 2077
1784289350088 0.14498840272426605 2078
1784289350135 0.11882141977548599 2079
1784289350183 0.0973760336637497 2080
1784289350229 0.27478456497192383 2081
1784289350272 0.19958482682704926 2082
1784289350316 0.10191475600004196 2083
1784289350364 0.11784093827009201 2084
1784289350488 0.19405443966388702 2085
1784289350556 0.26261067390441895 2086
1784289350621 0.33215445280075073 2087
1784289350671 0.1143893152475357 2088
1784289350714 0.19149082899093628 2089
1784289350762 0.4083440601825714 2090
1784289350804 0.32402169704437256 2091
1784289350848 0.057027097791433334 2092
1784289350896 0.1521025002002716 2093
1784289350941 0.2405957579612732 2094
1784289350987 0.23557543754577637 2095
1784289351033 0.19625969231128693 2096
1784289351076 0.21627207100391388 2097
1784289351127 0.27442044019699097 2098
1784289351168 0.2837357819080353 2099
1784289351218 0.19177782535552979 2100
1784289351266 0.22539860010147095 2101
1784289351388 0.22018659114837646 2102
1784289351452 0.41029122471809387 2103
1784289351498 0.12631501257419586 2104
1784289351546 0.21614262461662292 2105
1784289351593 0.18051517009735107 2106
1784289351640 0.19029271602630615 2107
1784289351696 0.1677650660276413 2108
1784289351735 0.24514056742191315 2109
1784289351778 0.1745915710926056 2110
1784289351821 0.3043871521949768 2111
1784289351865 0.2686181366443634 2112
1784289351907 0.16724736988544464 2113
1784289351949 0.26402145624160767 2114
1784289351992 0.39402782917022705 2115
1784289352035 0.14113733172416687 2116
1784289352080 0.25776320695877075 2117
1784289352122 0.2285686582326889 2118
1784289352168 0.3650553226470947 2119
1784289352212 0.23529008030891418 2120
1784289352252 0.3261849284172058 2121
1784289352309 0.337371826171875 2122
1784289352367 0.12022043019533157 2123
1784289352452 0.3357241451740265 2124
1784289352573 0.2978922724723816 2125
1784289352623 0.3363397717475891 2126
1784289352670 0.2967335283756256 2127
1784289352722 0.4300302267074585 2128
1784289352774 0.3223048448562622 2129
1784289352825 0.130856454372406 2130
1784289352874 0.3843335509300232 2131
1784289352927 0.2600835859775543 2132
1784289352975 0.2846427261829376 2133
1784289353017 0.3961161673069 2134
1784289353069 0.3139790892601013 2135
1784289353120 0.2321341186761856 2136
1784289353170 0.32880324125289917 2137
1784289353220 0.25337064266204834 2138
1784289353269 0.2761003077030182 2139
1784289353319 0.44213488698005676 2140
1784289353368 0.3588503897190094 2141
1784289353416 0.2805256247520447 2142
1784289353460 0.2627992331981659 2143
1784289353502 0.30049580335617065 2144
1784289353551 0.2865038216114044 2145
1784289353606 0.28207147121429443 2146
1784289353650 0.33447882533073425 2147
1784289353698 0.1462370753288269 2148
1784289353741 0.22554631531238556 2149
1784289353781 0.29161500930786133 2150
1784289353827 0.21183371543884277 2151
1784289353868 0.45859259366989136 2152
1784289353912 0.403876394033432 2153
1784289353954 0.20835065841674805 2154
1784289353998 0.3267822265625 2155
1784289354041 0.2891227602958679 2156
1784289354084 0.25715339183807373 2157
1784289354132 0.34293991327285767 2158
1784289354173 0.4102993607521057 2159
1784289354218 0.2610589861869812 2160
1784289354267 0.31908175349235535 2161
1784289354309 0.30349454283714294 2162
1784289354355 0.34313973784446716 2163
1784289354400 0.24947679042816162 2164
1784289354447 0.33474811911582947 2165
1784289354489 0.31680595874786377 2166
1784289354534 0.34522393345832825 2167
1784289354629 0.30538463592529297 2168
1784289354706 0.40247583389282227 2169
1784289354751 0.46655866503715515 2170
1784289354804 0.31064581871032715 2171
1784289354851 0.28282058238983154 2172
1784289354899 0.2498442828655243 2173
1784289354943 0.40511995553970337 2174
1784289354988 0.33456820249557495 2175
1784289355037 0.37738558650016785 2176
1784289355099 0.306570827960968 2177
1784289355158 0.39578625559806824 2178
1784289355220 0.5053400993347168 2179
1784289355272 0.42131561040878296 2180
1784289355315 0.25117141008377075 2181
1784289355359 0.2588198184967041 2182
1784289355401 0.29911869764328003 2183
1784289355448 0.3609045147895813 2184
1784289355503 0.3870677947998047 2185
1784289355593 0.3276805281639099 2186
1784289355667 0.38510769605636597 2187
1784289355732 0.32635918259620667 2188
1784289355788 0.33646729588508606 2189
1784289355840 0.17514929175376892 2190
1784289355891 0.42136016488075256 2191
1784289355934 0.5725608468055725 2192
1784289355985 0.5222291946411133 2193
1784289356036 0.4527701437473297 2194
1784289356081 0.5562542676925659 2195
1784289356132 0.41263526678085327 2196
1784289356178 0.4233608543872833 2197
1784289356219 0.3808121681213379 2198
1784289356265 0.7595568895339966 2199
1784289356314 0.3498503565788269 2200
1784289356358 0.4534790515899658 2201
1784289356404 0.47673994302749634 2202
1784289356458 0.45672088861465454 2203
1784289356500 0.40882331132888794 2204
1784289356543 0.5685102343559265 2205
1784289356590 0.2898482084274292 2206
1784289356637 0.3310202658176422 2207
1784289356681 0.5159898996353149 2208
1784289356729 0.5633550882339478 2209
1784289356772 0.3673705458641052 2210
1784289356818 0.43079179525375366 2211
1784289356865 0.7030317783355713 2212
1784289356916 0.5201972723007202 2213
1784289356964 0.7260015606880188 2214
1784289357016 0.5197393298149109 2215
1784289357063 0.5458423495292664 2216
1784289357113 0.46635234355926514 2217
1784289357155 0.5924216508865356 2218
1784289357197 0.5329926609992981 2219
1784289357247 0.6913174390792847 2220
1784289357295 0.6898247003555298 2221
1784289357343 0.7621915340423584 2222
1784289357394 0.3491467833518982 2223
1784289357446 0.6512398719787598 2224
1784289357492 0.5532265901565552 2225
1784289357555 0.5819347500801086 2226
1784289357602 0.3768616318702698 2227
1784289357651 0.4916316270828247 2228
1784289357703 0.44108128547668457 2229
1784289357753 0.4876360297203064 2230
1784289357804 0.4159367084503174 2231
1784289357937 0.39832210540771484 2232
1784289357988 0.4741889536380768 2233
1784289358048 0.5409845113754272 2234
1784289358098 0.4310380816459656 2235
1784289358147 0.6810582280158997 2236
1784289358199 0.5267965197563171 2237
1784289358241 0.5322192907333374 2238
1784289358289 0.7097653150558472 2239
1784289358333 0.512294590473175 2240
1784289358382 0.6897021532058716 2241
1784289358426 0.7622020244598389 2242
1784289358467 0.6191362738609314 2243
1784289358509 0.7431382536888123 2244
1784289358553 0.5642678141593933 2245
1784289358600 0.6966791152954102 2246
1784289358647 0.5651830434799194 2247
1784289358692 0.6305567026138306 2248
1784289358824 0.764518141746521 2249
1784289358884 0.5536774396896362 2250
1784289358926 0.6677336692810059 2251
1784289358974 0.5549389719963074 2252
1784289359019 0.7276390790939331 2253
1784289359067 0.38330167531967163 2254
1784289359115 0.7250021696090698 2255
1784289359166 0.4637685716152191 2256
1784289359208 0.6096973419189453 2257
1784289359254 0.5709000825881958 2258
1784289359300 0.7017744779586792 2259
1784289359344 0.5014105439186096 2260
1784289359385 0.577509880065918 2261
1784289359435 0.39655399322509766 2262
1784289359487 0.5808931589126587 2263
1784289359533 0.7376583814620972 2264
1784289359580 0.6391879320144653 2265
1784289359629 0.8715096116065979 2266
1784289359682 0.5678682923316956 2267
1784289359731 0.9129343628883362 2268
1784289359777 0.5698868036270142 2269
1784289359816 0.5986712574958801 2270
1784289359865 0.6717514991760254 2271
1784289359915 0.6991955637931824 2272
1784289359974 0.6485459804534912 2273
1784289360026 0.6916841864585876 2274
1784289360071 0.49717390537261963 2275
1784289360118 0.9091800451278687 2276
1784289360171 0.6684699058532715 2277
1784289360225 0.6813758611679077 2278
1784289360268 0.5878358483314514 2279
1784289360321 0.8698673844337463 2280
1784289360373 0.6338063478469849 2281
1784289360423 0.7590963840484619 2282
1784289360470 0.5500243306159973 2283
1784289360510 0.8255195617675781 2284
1784289360582 0.5427036285400391 2285
1784289360698 0.6894997358322144 2286
1784289360749 0.7171138525009155 2287
1784289360804 0.48877811431884766 2288
1784289360859 0.6697695851325989 2289
1784289360904 0.7802950739860535 2290
1784289360953 0.7068867683410645 2291
1784289361003 0.5643042922019958 2292
1784289361055 0.7721266746520996 2293
1784289361102 0.8358182311058044 2294
1784289361156 0.49420738220214844 2295
1784289361206 0.5071019530296326 2296
1784289361249 0.6517629027366638 2297
1784289361304 0.8381542563438416 2298
1784289361350 0.4438708424568176 2299
1784289361397 0.47623559832572937 2300
1784289361446 0.7019140720367432 2301
1784289361491 0.6231683492660522 2302
1784289361544 0.7819836139678955 2303
1784289361594 0.6791131496429443 2304
1784289361636 0.7197455167770386 2305
1784289361682 0.6034926772117615 2306
1784289361726 0.6044185161590576 2307
1784289361771 0.5317569971084595 2308
1784289361821 0.6301921606063843 2309
1784289361869 0.5703635811805725 2310
1784289361921 0.6556195020675659 2311
1784289361988 0.642204761505127 2312
1784289362041 0.7360780835151672 2313
1784289362084 0.6305781602859497 2314
1784289362139 0.5411616563796997 2315
1784289362204 0.6000065803527832 2316
1784289362253 0.6576189994812012 2317
1784289362304 0.5293706059455872 2318
1784289362358 0.7732465267181396 2319
1784289362407 0.6333011984825134 2320
1784289362456 0.4879103899002075 2321
1784289362502 0.5956504344940186 2322
1784289362552 0.8387438654899597 2323
1784289362602 0.8028683662414551 2324
1784289362656 0.5981615781784058 2325
1784289362706 0.4022327661514282 2326
1784289362751 0.49499720335006714 2327
1784289362802 0.5389003157615662 2328
1784289362847 0.37632066011428833 2329
1784289362893 0.7742822170257568 2330
1784289363035 0.7574796676635742 2331
1784289363082 0.6695875525474548 2332
1784289363133 0.5710625648498535 2333
1784289363181 0.5843707323074341 2334
1784289363225 0.6015186309814453 2335
1784289363267 0.6484484672546387 2336
1784289363316 0.5196002721786499 2337
1784289363367 0.5125491619110107 2338
1784289363409 0.6211336851119995 2339
1784289363454 0.5699121356010437 2340
1784289363503 0.5159673690795898 2341
1784289363549 0.5878738164901733 2342
1784289363606 0.5877535343170166 2343
1784289363658 0.5292665362358093 2344
1784289363709 0.6479029655456543 2345
1784289363759 0.4050312340259552 2346
1784289363802 0.6994765996932983 2347
1784289363853 0.5225800275802612 2348
1784289363899 0.5392956733703613 2349
1784289363943 0.5777126550674438 2350
1784289363999 0.6136672496795654 2351
1784289364148 0.5458248257637024 2352
1784289364199 0.4485962986946106 2353
1784289364251 0.2841865122318268 2354
1784289364302 0.746917188167572 2355
1784289364349 0.7876350283622742 2356
1784289364396 0.5655055046081543 2357
1784289364450 0.7236340045928955 2358
1784289364495 0.5417199730873108 2359
1784289364548 0.6147936582565308 2360
1784289364597 0.5324319005012512 2361
1784289364647 0.6534613966941833 2362
1784289364693 0.5694777965545654 2363
1784289364735 0.5808987617492676 2364
1784289364784 0.6960837244987488 2365
1784289364833 0.6860634684562683 2366
1784289364887 0.591920018196106 2367
1784289364950 0.5943429470062256 2368
1784289365003 0.5894283056259155 2369
1784289365126 0.6157951354980469 2370
1784289365182 0.6932258605957031 2371
1784289365228 0.5807660818099976 2372
1784289365277 0.6536934971809387 2373
1784289365321 0.5484059453010559 2374
1784289365370 0.6459047794342041 2375
1784289365419 0.5885149240493774 2376
1784289365465 0.5862531661987305 2377
1784289365521 0.6338492035865784 2378
1784289365569 0.7679517269134521 2379
1784289365617 0.7323415279388428 2380
1784289365671 0.6373683214187622 2381
1784289365723 0.7098196744918823 2382
1784289365770 0.7358361482620239 2383
1784289365816 0.7156233787536621 2384
1784289365871 0.6610664129257202 2385
1784289365918 0.6082651615142822 2386
1784289365970 0.8912382125854492 2387
1784289366029 0.808700442314148 2388
1784289366075 0.6642587780952454 2389
1784289366124 0.5677993893623352 2390
1784289366173 0.5477826595306396 2391
1784289366235 0.5431762933731079 2392
1784289366294 0.8797603845596313 2393
1784289366351 0.703039288520813 2394
1784289366414 0.8572353720664978 2395
1784289366468 0.6199817061424255 2396
1784289366649 0.7374932765960693 2397
1784289366701 0.7289319038391113 2398
1784289366746 0.8582128286361694 2399
1784289366794 0.7239986658096313 2400
1784289366843 0.9082009792327881 2401
1784289366886 0.6530622839927673 2402
1784289366931 0.7709171175956726 2403
1784289366980 0.6038327217102051 2404
1784289367033 0.6635010838508606 2405
1784289367084 0.9329315423965454 2406
1784289367138 0.6371228694915771 2407
1784289367180 0.9092788100242615 2408
1784289367219 1.1720550060272217 2409
1784289367264 0.7337815761566162 2410
1784289367317 0.8569821715354919 2411
1784289367366 0.7967584133148193 2412
1784289367420 0.8343139886856079 2413
1784289367557 0.8824068307876587 2414
1784289367634 0.817010760307312 2415
1784289367685 0.6897421479225159 2416
1784289367731 0.740683913230896 2417
1784289367779 0.9514894485473633 2418
1784289367819 0.6940040588378906 2419
1784289367869 0.9056477546691895 2420
1784289367913 0.8138555288314819 2421
1784289367957 0.9941451549530029 2422
1784289368001 0.7732837200164795 2423
1784289368052 0.8928072452545166 2424
1784289368098 0.8681721091270447 2425
1784289368147 0.7695826292037964 2426
1784289368192 0.7466168999671936 2427
1784289368230 0.893536388874054 2428
1784289368277 0.8991753458976746 2429
1784289368321 0.8452469706535339 2430
1784289368367 0.9420499801635742 2431
1784289368418 0.8857671618461609 2432
1784289368468 0.8117121458053589 2433
1784289368514 0.891419529914856 2434
1784289368564 0.8681896924972534 2435
1784289368617 0.6787705421447754 2436
1784289368668 0.8826594352722168 2437
1784289368731 0.9054955840110779 2438
1784289368875 0.964558482170105 2439
1784289368937 0.8206278085708618 2440
1784289368989 0.9454789161682129 2441
1784289369033 0.963575005531311 2442
1784289369086 0.5991947650909424 2443
1784289369136 0.8682167530059814 2444
1784289369183 0.8902751207351685 2445
1784289369229 0.9061570167541504 2446
1784289369277 0.8740051984786987 2447
1784289369321 0.7595205903053284 2448
1784289369364 0.861702024936676 2449
1784289369409 0.8149152994155884 2450
1784289369455 0.713405430316925 2451
1784289369503 0.698902428150177 2452
1784289369553 0.7575744390487671 2453
1784289369599 0.6576451063156128 2454
1784289369648 0.8887803554534912 2455
1784289369702 0.9448665380477905 2456
1784289369747 0.7429825067520142 2457
1784289369791 0.764268159866333 2458
1784289369832 0.7484270334243774 2459
1784289369883 0.7073521614074707 2460
1784289369933 0.8638715147972107 2461
1784289369983 0.764109194278717 2462
1784289370038 0.7203834652900696 2463
1784289370093 0.7352279424667358 2464
1784289370140 0.81512451171875 2465
1784289370184 0.6823208332061768 2466
1784289370230 0.7997329831123352 2467
1784289370275 0.7953678369522095 2468
1784289370317 0.7832469940185547 2469
1784289370362 0.7530950307846069 2470
1784289370403 0.8060430288314819 2471
1784289370528 0.7650942206382751 2472
1784289370583 0.80302894115448 2473
1784289370637 0.8752181529998779 2474
1784289370687 0.8067779541015625 2475
1784289370733 0.6056002378463745 2476
1784289370785 0.6856129765510559 2477
1784289370842 0.7188808917999268 2478
1784289370893 0.7151944041252136 2479
1784289370936 0.8168551921844482 2480
1784289370984 0.7648721933364868 2481
1784289371033 0.8664901256561279 2482
1784289371080 0.8327810764312744 2483
1784289371130 0.8067553639411926 2484
1784289371181 0.7961567044258118 2485
1784289371233 0.9185999631881714 2486
1784289371286 0.6662980914115906 2487
1784289371337 0.6730555295944214 2488
1784289371384 0.6664209365844727 2489
1784289371437 0.8314837217330933 2490
1784289371483 0.7870343923568726 2491
1784289371535 0.8974324464797974 2492
1784289371598 0.8489108085632324 2493
1784289371647 0.777985155582428 2494
1784289371690 0.7565928101539612 2495
1784289371731 0.8185076713562012 2496
1784289371780 0.9397406578063965 2497
1784289371918 0.5801198482513428 2498
1784289371983 0.925983190536499 2499
1784289372032 0.7401532530784607 2500
1784289372076 0.850322961807251 2501
1784289372127 0.8059306144714355 2502
1784289372176 0.7580890655517578 2503
1784289372217 0.7849040031433105 2504
1784289372263 0.9011235237121582 2505
1784289372309 0.7383080720901489 2506
1784289372358 0.8376486897468567 2507
1784289372404 0.8832346200942993 2508
1784289372449 0.7974769473075867 2509
1784289372498 0.8288938403129578 2510
1784289372552 0.6211780905723572 2511
1784289372598 0.8809548616409302 2512
1784289372647 0.8234066367149353 2513
1784289372699 0.7297466993331909 2514
1784289372842 0.7457648515701294 2515
1784289372900 0.7769219875335693 2516
1784289372947 0.828971266746521 2517
1784289372993 0.5931545495986938 2518
1784289373036 0.696114718914032 2519
1784289373081 0.7667632699012756 2520
1784289373128 0.6659740209579468 2521
1784289373176 0.6979237198829651 2522
1784289373226 0.5613306164741516 2523
1784289373265 0.7264758348464966 2524
1784289373314 0.625874400138855 2525
1784289373364 0.6253269910812378 2526
1784289373417 0.7850329279899597 2527
1784289373476 0.6164412498474121 2528
1784289373528 0.6443204283714294 2529
1784289373572 0.8151568174362183 2530
1784289373616 0.5597684383392334 2531
1784289373668 0.7057141065597534 2532
1784289373719 0.6835333704948425 2533
1784289373763 0.7934198379516602 2534
1784289373807 0.6451143026351929 2535
1784289373848 0.7639936804771423 2536
1784289373895 0.640532910823822 2537
1784289373936 0.5956049561500549 2538
1784289373985 0.6710548400878906 2539
1784289374031 0.5881410837173462 2540
1784289374078 0.5687609910964966 2541
1784289374127 0.7165094614028931 2542
1784289374170 0.6098917722702026 2543
1784289374213 0.5261459946632385 2544
1784289374258 0.6393598318099976 2545
1784289374300 0.6110416650772095 2546
1784289374341 0.5677312612533569 2547
1784289374389 0.6713317632675171 2548
1784289374435 0.6426847577095032 2549
1784289374481 0.5360653400421143 2550
1784289374529 0.7010202407836914 2551
1784289374578 0.6903150081634521 2552
1784289374630 0.6941764950752258 2553
1784289374679 0.7832343578338623 2554
1784289374730 0.6799982190132141 2555
1784289374774 0.7771018743515015 2556
1784289374821 0.5987812876701355 2557
1784289374870 0.65410315990448 2558
1784289375020 0.7545369863510132 2559
1784289375067 0.7538354992866516 2560
1784289375123 0.6707546710968018 2561
1784289375171 0.6408108472824097 2562
1784289375222 0.6877925395965576 2563
1784289375267 0.6421882510185242 2564
1784289375314 0.6088393330574036 2565
1784289375372 0.5678523778915405 2566
1784289375423 0.8104602694511414 2567
1784289375465 0.6508209705352783 2568
1784289375518 0.8589782118797302 2569
1784289375566 0.762256920337677 2570
1784289375613 0.741885244846344 2571
1784289375676 0.7562919855117798 2572
1784289375741 0.737318754196167 2573
1784289375796 0.7099190354347229 2574
1784289375837 0.774649977684021 2575
1784289375957 0.7354536056518555 2576
1784289376014 0.7922284603118896 2577
1784289376059 0.839058518409729 2578
1784289376101 0.6978914141654968 2579
1784289376149 0.8553404808044434 2580
1784289376202 0.9558639526367188 2581
1784289376255 0.7799097299575806 2582
1784289376303 0.7012975215911865 2583
1784289376347 0.7557072639465332 2584
1784289376395 0.8054978847503662 2585
1784289376438 0.6804277896881104 2586
1784289376482 0.6746002435684204 2587
1784289376528 0.7595006227493286 2588
1784289376584 0.7072566747665405 2589
1784289376637 0.7258527278900146 2590
1784289376690 0.797027587890625 2591
1784289376740 0.8742568492889404 2592
1784289376785 0.7399698495864868 2593
1784289376831 0.8513374924659729 2594
1784289376880 0.8207639455795288 2595
1784289376925 0.7703015208244324 2596
1784289376976 0.6934093832969666 2597
1784289377026 0.6609917879104614 2598
1784289377067 0.7209662199020386 2599
1784289377112 0.6489856243133545 2600
1784289377164 0.7639780044555664 2601
1784289377229 0.8967239856719971 2602
1784289377274 0.6880693435668945 2603
1784289377320 0.5791008472442627 2604
1784289377364 0.7431524991989136 2605
1784289377411 0.7359926104545593 2606
1784289377460 0.7095873355865479 2607
1784289377503 0.4877391755580902 2608
1784289377554 0.6280748844146729 2609
1784289377601 0.7751139402389526 2610
1784289377645 0.6755275130271912 2611
1784289377695 0.795404314994812 2612
1784289377740 0.7681701183319092 2613
1784289377782 0.6386916637420654 2614
1784289377831 0.8582126498222351 2615
1784289377971 0.7166213989257812 2616
1784289378044 0.7332450747489929 2617
1784289378105 0.701923131942749 2618
1784289378160 0.6956110000610352 2619
1784289378213 0.7459698915481567 2620
1784289378270 0.693402111530304 2621
1784289378323 0.725603461265564 2622
1784289378365 0.7366966009140015 2623
1784289378416 0.6565561890602112 2624
1784289378465 0.7249950766563416 2625
1784289378513 0.7858342528343201 2626
1784289378563 0.63819420337677 2627
1784289378616 0.7329317331314087 2628
1784289378668 0.843477189540863 2629
1784289378721 0.7781555652618408 2630
1784289378778 0.6042500734329224 2631
1784289378828 0.643749475479126 2632
1784289378947 0.6713972091674805 2633
1784289379006 0.6807718276977539 2634
1784289379059 0.7917230129241943 2635
1784289379114 0.5449204444885254 2636
1784289379166 0.6506130695343018 2637
1784289379221 0.8221220970153809 2638
1784289379266 0.5736842155456543 2639
1784289379313 0.7325459718704224 2640
1784289379373 0.7517087459564209 2641
1784289379426 0.52522873878479 2642
1784289379478 0.5539369583129883 2643
1784289379523 0.6514301300048828 2644
1784289379568 0.6576676368713379 2645
1784289379619 0.6687459945678711 2646
1784289379661 0.559074342250824 2647
1784289379710 0.5978964567184448 2648
1784289379750 0.7648261785507202 2649
1784289379876 0.7730605006217957 2650
1784289379932 0.5852832794189453 2651
1784289379989 0.5618144869804382 2652
1784289380031 0.7612465023994446 2653
1784289380079 0.7059332728385925 2654
1784289380129 0.6864213347434998 2655
1784289380180 0.6310235261917114 2656
1784289380233 0.6729995012283325 2657
1784289380282 0.7931749224662781 2658
1784289380346 0.6671783924102783 2659
1784289380399 0.9409292936325073 2660
1784289380443 0.8217141628265381 2661
1784289380494 0.7331165075302124 2662
1784289380539 0.8932471871376038 2663
1784289380587 0.76283198595047 2664
1784289380635 1.0948820114135742 2665
1784289380687 0.9245335459709167 2666
1784289380740 1.0491409301757812 2667
1784289380782 0.9655671715736389 2668
1784289380827 0.9713712930679321 2669
1784289380873 1.0271130800247192 2670
1784289380915 1.1555263996124268 2671
1784289380962 1.2691751718521118 2672
1784289381003 1.158599615097046 2673
1784289381048 1.3264987468719482 2674
1784289381184 1.2582398653030396 2675
1784289381246 1.0575230121612549 2676
1784289381297 1.2836031913757324 2677
1784289381351 1.1118489503860474 2678
1784289381398 1.2688671350479126 2679
1784289381449 1.2927274703979492 2680
1784289381497 1.3443899154663086 2681
1784289381544 1.3208670616149902 2682
1784289381597 1.6181904077529907 2683
1784289381645 1.2510344982147217 2684
1784289381705 1.7189109325408936 2685
1784289381746 1.6953871250152588 2686
1784289381789 1.477110505104065 2687
1784289381833 1.4065607786178589 2688
1784289381877 1.375420093536377 2689
1784289381919 1.4359946250915527 2690
1784289381964 1.5325851440429688 2691
1784289382110 1.3665964603424072 2692
1784289382170 1.7457141876220703 2693
1784289382226 1.4556725025177002 2694
1784289382267 1.3405860662460327 2695
1784289382313 1.387152910232544 2696
1784289382363 1.2044836282730103 2697
1784289382417 1.4852467775344849 2698
1784289382465 1.4034947156906128 2699
1784289382509 1.1560349464416504 2700
1784289382560 1.2655003070831299 2701
1784289382611 1.6220921277999878 2702
1784289382661 1.2401933670043945 2703
1784289382713 1.5177595615386963 2704
1784289382762 1.2864041328430176 2705
1784289382815 1.4099764823913574 2706
1784289382860 1.202136754989624 2707
1784289382903 1.489207148551941 2708
1784289382947 1.3489798307418823 2709
1784289383025 1.3573286533355713 2710
1784289383069 1.1249363422393799 2711
1784289383111 1.4786524772644043 2712
1784289383162 1.0879476070404053 2713
1784289383213 1.3231596946716309 2714
1784289383262 1.0708857774734497 2715
1784289383313 1.3293895721435547 2716
1784289383357 1.460314393043518 2717
1784289383401 1.2444067001342773 2718
1784289383442 1.2676794528961182 2719
1784289383490 1.3001604080200195 2720
1784289383532 1.263850212097168 2721
1784289383585 0.9620585441589355 2722
1784289383630 1.1866278648376465 2723
1784289383678 1.2711273431777954 2724
1784289383729 1.098146677017212 2725
1784289383772 1.0509356260299683 2726
1784289383816 0.8805282115936279 2727
1784289383859 1.1572248935699463 2728
1784289383904 1.0797200202941895 2729
1784289384031 1.1274292469024658 2730
1784289384083 1.2592732906341553 2731
1784289384133 1.1330639123916626 2732
1784289384186 0.9029499292373657 2733
1784289384233 1.0006320476531982 2734
1784289384278 0.8660780191421509 2735
1784289384322 0.9871004819869995 2736
1784289384363 0.7415933609008789 2737
1784289384411 1.0755525827407837 2738
1784289384462 0.9075156450271606 2739
1784289384509 0.7821407914161682 2740
1784289384563 0.7486960887908936 2741
1784289384610 0.719210684299469 2742
1784289384656 0.8061820268630981 2743
1784289384699 0.8470802307128906 2744
1784289384753 0.7719027996063232 2745
1784289384795 0.6143234372138977 2746
1784289384953 0.6645118594169617 2747
1784289385004 0.5752344131469727 2748
1784289385047 0.5885205268859863 2749
1784289385094 0.5946243405342102 2750
1784289385151 0.544526219367981 2751
1784289385198 0.5406107902526855 2752
1784289385248 0.65305495262146 2753
1784289385300 0.5453431606292725 2754
1784289385350 0.5473494529724121 2755
1784289385397 0.5543538928031921 2756
1784289385449 0.5686480402946472 2757
1784289385501 0.35288113355636597 2758
1784289385550 0.4792012870311737 2759
1784289385600 0.3971930742263794 2760
1784289385648 0.3985355496406555 2761
1784289385702 0.341492623090744 2762
1784289385750 0.4528619647026062 2763
1784289385794 0.4060872793197632 2764
1784289385840 0.3330940902233124 2765
1784289385879 0.421057790517807 2766
1784289385926 0.2829926609992981 2767
1784289385979 0.30868294835090637 2768
1784289386029 0.37846457958221436 2769
1784289386074 0.33987903594970703 2770
1784289386118 0.4147186279296875 2771
1784289386160 0.35759955644607544 2772
1784289386202 0.28546375036239624 2773
1784289386244 0.3133060932159424 2774
1784289386365 0.36909109354019165 2775
1784289386414 0.29641664028167725 2776
1784289386463 0.3697148561477661 2777
1784289386507 0.4174087643623352 2778
1784289386559 0.37152862548828125 2779
1784289386611 0.28402793407440186 2780
1784289386664 0.352522075176239 2781
1784289386715 0.2900712490081787 2782
1784289386758 0.24101261794567108 2783
1784289386801 0.2761620283126831 2784
1784289386842 0.24396061897277832 2785
1784289386887 0.2571418285369873 2786
1784289386932 0.36587613821029663 2787
1784289386988 0.2825469970703125 2788
1784289387036 0.200819730758667 2789
1784289387079 0.23037280142307281 2790
1784289387126 0.2664088010787964 2791
1784289387175 0.2528035640716553 2792
1784289387315 0.26371318101882935 2793
1784289387377 0.17126430571079254 2794
1784289387437 0.24832244217395782 2795
1784289387489 0.2806328237056732 2796
1784289387547 0.2144005000591278 2797
1784289387594 0.26565366983413696 2798
1784289387645 0.21807095408439636 2799
1784289387696 0.22017547488212585 2800
1784289387744 0.15641623735427856 2801
1784289387795 0.1632567048072815 2802
1784289387847 0.33384549617767334 2803
1784289387894 0.2467658370733261 2804
1784289387945 0.2336224615573883 2805
1784289387997 0.2348681390285492 2806
1784289388049 0.24452635645866394 2807
1784289388095 0.21879813075065613 2808
1784289388145 0.20681163668632507 2809
1784289388197 0.27255406975746155 2810
