1784275068688 130.8914794921875 0
1784275068707 117.73731994628906 1
1784275068724 63.661956787109375 2
1784275068742 83.04623413085938 3
1784275068758 67.23109436035156 4
1784275068777 81.396484375 5
1784275068793 77.7081298828125 6
1784275068809 55.17183303833008 7
1784275068825 43.27083206176758 8
1784275068842 33.211055755615234 9
1784275068860 38.41151428222656 10
1784275068881 30.613054275512695 11
1784275068898 30.96845817565918 12
1784275068917 20.980022430419922 13
1784275068935 27.714950561523438 14
1784275068953 27.66974639892578 15
1784275068971 27.50313949584961 16
1784275068989 13.778871536254883 17
1784275069007 17.995712280273438 18
1784275069024 10.344223976135254 19
1784275069045 16.007617950439453 20
1784275069067 12.747668266296387 21
1784275069087 11.825279235839844 22
1784275069104 8.94663143157959 23
1784275069119 7.084692001342773 24
1784275069136 6.190457344055176 25
1784275069153 5.20770263671875 26
1784275069170 7.023982524871826 27
1784275069187 6.3061842918396 28
1784275069204 3.419123411178589 29
1784275069222 3.923720359802246 30
1784275069239 4.20426082611084 31
1784275069255 3.3776752948760986 32
1784275069273 3.19856595993042 33
1784275069292 3.0882413387298584 34
1784275069307 2.6257922649383545 35
1784275069324 2.7207531929016113 36
1784275069342 2.874420404434204 37
1784275069358 2.4426825046539307 38
1784275069374 2.300462007522583 39
1784275069390 2.4765067100524902 40
1784275069408 2.392426013946533 41
1784275069424 2.251812219619751 42
1784275069441 2.255460023880005 43
1784275069457 2.2873525619506836 44
1784275069474 2.385192394256592 45
1784275069490 2.225221872329712 46
1784275069507 2.213043451309204 47
1784275069524 2.2648210525512695 48
1784275069540 2.2466654777526855 49
1784275069558 2.271505117416382 50
1784275069575 2.270369052886963 51
1784275069591 2.299955368041992 52
1784275069608 2.275813102722168 53
1784275069625 2.2802071571350098 54
1784275069641 2.303449869155884 55
1784275069659 2.2933013439178467 56
1784275069675 2.2821478843688965 57
1784275069700 2.2897939682006836 58
1784275069721 2.2999155521392822 59
1784275069739 2.272071361541748 60
1784275069754 2.2854301929473877 61
1784275069770 2.2914953231811523 62
1784275069786 2.2867164611816406 63
1784275069851 2.276334047317505 64
1784275069873 2.299532413482666 65
1784275069889 2.2899882793426514 66
1784275069904 2.296332597732544 67
1784275069921 2.278285026550293 68
1784275069941 2.2929461002349854 69
1784275069959 2.289820909500122 70
1784275069975 2.2853665351867676 71
1784275069992 2.2715957164764404 72
1784275070009 2.294332504272461 73
1784275070025 2.2947802543640137 74
1784275070042 2.281930923461914 75
1784275070058 2.274595022201538 76
1784275070074 2.27433443069458 77
1784275070090 2.287733316421509 78
1784275070107 2.283362627029419 79
1784275070124 2.2815303802490234 80
1784275070141 2.259570598602295 81
1784275070158 2.271512508392334 82
1784275070178 2.2689614295959473 83
1784275070195 2.251607656478882 84
1784275070210 2.2777509689331055 85
1784275070225 2.2774767875671387 86
1784275070242 2.256760358810425 87
1784275070257 2.3077547550201416 88
1784275070275 2.2547361850738525 89
1784275070292 2.2879080772399902 90
1784275070307 2.2596435546875 91
1784275070329 2.3062994480133057 92
1784275070345 2.2426140308380127 93
1784275070361 2.2651398181915283 94
1784275070377 2.264984369277954 95
1784275070395 2.2159671783447266 96
1784275070410 2.2791361808776855 97
1784275070427 2.299802303314209 98
1784275070442 2.2276406288146973 99
1784275070458 2.278688669204712 100
1784275070475 2.265540838241577 101
1784275070493 2.235267400741577 102
1784275070510 2.251800060272217 103
1784275070530 2.2937684059143066 104
1784275070546 2.256653308868408 105
1784275070565 2.225135326385498 106
1784275070581 2.2532405853271484 107
1784275070599 2.2545886039733887 108
1784275070616 2.2161736488342285 109
1784275070632 2.2217295169830322 110
1784275070652 2.2283713817596436 111
1784275070670 2.2518324851989746 112
1784275070688 2.2863056659698486 113
1784275070705 2.2469983100891113 114
1784275070722 2.260680913925171 115
1784275070741 2.2143349647521973 116
1784275070757 2.2582976818084717 117
1784275070773 2.1384570598602295 118
1784275070790 2.2535200119018555 119
1784275070807 2.2097489833831787 120
1784275070824 2.224062442779541 121
1784275070840 2.2259464263916016 122
1784275070857 2.2185959815979004 123
1784275070874 2.232365369796753 124
1784275070890 2.2051749229431152 125
1784275070906 2.138557195663452 126
1784275070923 2.266547918319702 127
1784275070939 2.2072644233703613 128
1784275070956 2.290559768676758 129
1784275070980 2.1787171363830566 130
1784275070997 2.219724655151367 131
1784275071014 2.263413906097412 132
1784275071031 2.1152329444885254 133
1784275071048 2.219391345977783 134
1784275071065 2.2804861068725586 135
1784275071082 2.2939529418945312 136
1784275071101 2.1802995204925537 137
1784275071119 2.125333309173584 138
1784275071137 2.24419903755188 139
1784275071158 2.140439033508301 140
1784275071174 2.1163277626037598 141
1784275071190 2.12276029586792 142
1784275071207 2.246427536010742 143
1784275071223 2.24458384513855 144
1784275071241 2.2248194217681885 145
1784275071258 2.092890739440918 146
1784275071275 2.108830451965332 147
1784275071294 2.1148533821105957 148
1784275071310 2.1510565280914307 149
1784275071326 2.3126044273376465 150
1784275071343 2.082170248031616 151
1784275071359 2.2708451747894287 152
1784275071376 2.0637736320495605 153
1784275071392 2.1958444118499756 154
1784275071409 2.229879856109619 155
1784275071426 2.1484742164611816 156
1784275071442 2.2454307079315186 157
1784275071458 2.080601692199707 158
1784275071476 2.2026562690734863 159
1784275071494 2.1261346340179443 160
1784275071509 2.194345235824585 161
1784275071525 2.162440538406372 162
1784275071542 2.230905532836914 163
1784275071558 2.1708991527557373 164
1784275071574 2.209244966506958 165
1784275071591 2.203512668609619 166
1784275071607 2.185335636138916 167
1784275071624 2.1684529781341553 168
1784275071641 2.2702813148498535 169
1784275071658 2.210174560546875 170
1784275071675 2.271793842315674 171
1784275071691 2.173520088195801 172
1784275071708 2.093000888824463 173
1784275071725 2.2168965339660645 174
1784275071740 2.18339467048645 175
1784275071759 2.2221508026123047 176
1784275071776 2.2103090286254883 177
1784275071793 2.1366398334503174 178
1784275071810 2.154454469680786 179
1784275071830 2.25451922416687 180
1784275071847 2.2440006732940674 181
1784275071863 2.1999223232269287 182
1784275071879 2.185119390487671 183
1784275071896 2.1628472805023193 184
1784275071911 2.085785388946533 185
1784275071926 2.180933713912964 186
1784275071942 2.173952579498291 187
1784275071959 2.2623631954193115 188
1784275071975 2.1194183826446533 189
1784275071991 2.2329065799713135 190
1784275072007 1.964076042175293 191
1784275072024 2.1791670322418213 192
1784275072040 2.174250841140747 193
1784275072058 2.1545205116271973 194
1784275072074 2.0869686603546143 195
1784275072090 2.1478395462036133 196
1784275072109 2.1445107460021973 197
1784275072125 2.2113943099975586 198
1784275072144 2.1864709854125977 199
1784275072160 2.181072235107422 200
1784275072179 2.1665127277374268 201
1784275072197 1.9320441484451294 202
1784275072213 2.225325584411621 203
1784275072231 2.129323720932007 204
1784275072248 2.089792013168335 205
1784275072266 2.122978448867798 206
1784275072284 2.0863187313079834 207
1784275072301 2.193730354309082 208
1784275072318 2.157393455505371 209
1784275072336 2.112069606781006 210
1784275072354 2.0258803367614746 211
1784275072372 2.1374807357788086 212
1784275072389 2.236825466156006 213
1784275072407 2.1346848011016846 214
1784275072425 2.147516965866089 215
1784275072441 2.142533779144287 216
1784275072458 2.1173837184906006 217
1784275072474 2.1119587421417236 218
1784275072491 2.19055438041687 219
1784275072506 2.1393866539001465 220
1784275072523 2.152940034866333 221
1784275072541 2.1548714637756348 222
1784275072556 2.3062455654144287 223
1784275072574 2.158451557159424 224
1784275072591 1.974280595779419 225
1784275072607 2.100802183151245 226
1784275072622 2.1199862957000732 227
1784275072639 2.090641498565674 228
1784275072655 2.151831865310669 229
1784275072672 2.1387131214141846 230
1784275072690 2.1631176471710205 231
1784275072705 2.0936505794525146 232
1784275072722 2.0020296573638916 233
1784275072738 2.128723382949829 234
1784275072755 2.0846049785614014 235
1784275072772 1.9949572086334229 236
1784275072789 2.1466801166534424 237
1784275072806 2.024216413497925 238
1784275072821 2.021338701248169 239
1784275072837 2.1028878688812256 240
1784275072854 2.075335741043091 241
1784275072871 2.2966537475585938 242
1784275072887 2.071648359298706 243
1784275072903 2.1103463172912598 244
1784275072918 2.1011579036712646 245
1784275072935 2.1220099925994873 246
1784275072950 2.1536731719970703 247
1784275072967 2.0766079425811768 248
1784275072984 2.1260018348693848 249
1784275073000 2.2213821411132812 250
1784275073017 1.9886125326156616 251
1784275073033 2.063976287841797 252
1784275073050 2.073896884918213 253
1784275073067 2.0293731689453125 254
1784275073084 2.088259696960449 255
1784275073100 2.2324843406677246 256
1784275073116 1.9486768245697021 257
1784275073132 2.08675217628479 258
1784275073149 2.063737154006958 259
1784275073166 2.0835838317871094 260
1784275073183 2.1224117279052734 261
1784275073199 2.024670362472534 262
1784275073215 1.9853769540786743 263
1784275073231 2.0499086380004883 264
1784275073248 1.9587055444717407 265
1784275073265 2.1389636993408203 266
1784275073280 1.8896478414535522 267
1784275073297 1.9613938331604004 268
1784275073315 2.0044867992401123 269
1784275073336 2.0704896450042725 270
1784275073355 1.929494023323059 271
1784275073373 2.0831592082977295 272
1784275073390 2.0567760467529297 273
1784275073408 1.8957619667053223 274
1784275073426 2.1298794746398926 275
1784275073443 1.9304150342941284 276
1784275073459 1.9793809652328491 277
1784275073475 2.1229121685028076 278
1784275073490 1.911800503730774 279
1784275073507 2.0211660861968994 280
1784275073523 2.1402862071990967 281
1784275073539 2.0469963550567627 282
1784275073555 2.0048937797546387 283
1784275073570 2.02339506149292 284
1784275073587 2.0691614151000977 285
1784275073604 2.0422394275665283 286
1784275073620 2.0751101970672607 287
1784275073637 2.1106655597686768 288
1784275073653 2.1440794467926025 289
1784275073670 2.049130439758301 290
1784275073687 2.1538655757904053 291
1784275073702 2.087533712387085 292
1784275073719 1.9323855638504028 293
1784275073736 1.9010379314422607 294
1784275073753 2.0565173625946045 295
1784275073770 2.1175875663757324 296
1784275073787 2.135657787322998 297
1784275073802 1.9401224851608276 298
1784275073818 2.002753496170044 299
1784275073836 2.0590875148773193 300
1784275073853 2.162956714630127 301
1784275073870 2.0967283248901367 302
1784275073887 1.9964888095855713 303
1784275073902 2.0154943466186523 304
1784275073919 2.0139098167419434 305
1784275073936 2.1269338130950928 306
1784275073951 1.985548973083496 307
1784275073967 2.065155267715454 308
1784275073983 1.9632948637008667 309
1784275073999 1.910580039024353 310
1784275074014 1.9899061918258667 311
1784275074029 1.8895987272262573 312
1784275074046 1.9861477613449097 313
1784275074062 2.2230613231658936 314
1784275074079 2.108690023422241 315
1784275074096 1.899540901184082 316
1784275074113 1.972426176071167 317
1784275074131 1.9045305252075195 318
1784275074145 1.959723949432373 319
1784275074167 2.0715255737304688 320
1784275074183 2.2499802112579346 321
1784275074199 2.154123067855835 322
1784275074214 2.0312516689300537 323
1784275074229 1.899954080581665 324
1784275074247 1.9604936838150024 325
1784275074263 1.8653899431228638 326
1784275074278 1.8933049440383911 327
1784275074295 2.0063483715057373 328
1784275074310 1.7672313451766968 329
1784275074327 2.071673631668091 330
1784275074343 1.975852608680725 331
1784275074359 2.0539023876190186 332
1784275074374 2.036402940750122 333
1784275074390 2.051471710205078 334
1784275074406 2.117152452468872 335
1784275074423 2.0772757530212402 336
1784275074441 1.9240930080413818 337
1784275074457 2.0304698944091797 338
1784275074473 2.0458405017852783 339
1784275074490 1.9612622261047363 340
1784275074509 2.0218334197998047 341
1784275074527 1.9116778373718262 342
1784275074546 2.107236385345459 343
1784275074563 2.225994348526001 344
1784275074581 2.0226950645446777 345
1784275074601 1.9466288089752197 346
1784275074618 2.0796995162963867 347
1784275074636 1.969077229499817 348
1784275074656 1.7040661573410034 349
1784275074674 2.0413832664489746 350
1784275074692 2.092134475708008 351
1784275074709 1.949537992477417 352
1784275074726 2.053828001022339 353
1784275074742 2.178614616394043 354
1784275074760 2.040083885192871 355
1784275074777 2.1315488815307617 356
1784275074793 1.8125510215759277 357
1784275074809 2.026998519897461 358
1784275074826 2.0867249965667725 359
1784275074842 2.146167278289795 360
1784275074859 2.0667481422424316 361
1784275074876 2.095737934112549 362
1784275074892 2.0536139011383057 363
1784275074908 1.983580231666565 364
1784275074924 2.1093854904174805 365
1784275074940 2.024796962738037 366
1784275074955 2.0408718585968018 367
1784275074973 1.9601510763168335 368
1784275074989 2.046821117401123 369
1784275075007 2.0128748416900635 370
1784275075023 2.109642505645752 371
1784275075040 1.9864717721939087 372
1784275075057 2.0393240451812744 373
1784275075074 2.027789831161499 374
1784275075093 2.0119330883026123 375
1784275075111 2.0864100456237793 376
1784275075133 1.8693232536315918 377
1784275075151 1.983981966972351 378
1784275075169 1.8784904479980469 379
1784275075188 2.020861864089966 380
1784275075206 1.8713383674621582 381
1784275075223 1.9879810810089111 382
1784275075243 1.9857916831970215 383
1784275075260 1.9795047044754028 384
1784275075280 1.9845534563064575 385
1784275075298 2.0230154991149902 386
1784275075316 1.84363853931427 387
1784275075334 1.9786251783370972 388
1784275075353 1.9982357025146484 389
1784275075370 1.8606641292572021 390
1784275075387 1.971928596496582 391
1784275075403 1.8686450719833374 392
1784275075419 1.9580097198486328 393
1784275075437 1.899073839187622 394
1784275075453 1.960564136505127 395
1784275075471 1.9540987014770508 396
1784275075487 1.965098261833191 397
1784275075503 2.1145262718200684 398
1784275075521 1.9208159446716309 399
1784275075539 2.0242996215820312 400
1784275075556 1.830899953842163 401
1784275075575 2.0637481212615967 402
1784275075593 1.8931496143341064 403
1784275075613 1.8705165386199951 404
1784275075630 2.2295658588409424 405
1784275075647 1.8780423402786255 406
1784275075662 1.854501724243164 407
1784275075678 1.9090123176574707 408
1784275075695 2.185354232788086 409
1784275075713 1.8064889907836914 410
1784275075730 1.7863739728927612 411
1784275075749 1.7645009756088257 412
1784275075766 2.0841493606567383 413
1784275075781 2.0576794147491455 414
1784275075799 1.7818416357040405 415
1784275075816 1.9482589960098267 416
1784275075833 1.829509973526001 417
1784275075850 1.7938189506530762 418
1784275075866 1.939418911933899 419
1784275075881 1.8339182138442993 420
1784275075898 1.9750343561172485 421
1784275075914 1.888305425643921 422
1784275075931 1.8142398595809937 423
1784275075947 1.7516814470291138 424
1784275075964 1.9239002466201782 425
1784275075980 1.880863904953003 426
1784275075995 1.7805193662643433 427
1784275076012 1.8293800354003906 428
1784275076027 1.6989485025405884 429
1784275076043 1.8314913511276245 430
1784275076060 1.594212532043457 431
1784275076079 1.8785313367843628 432
1784275076096 2.04418683052063 433
1784275076113 1.8054635524749756 434
1784275076132 1.7236653566360474 435
1784275076148 1.817268967628479 436
1784275076165 1.7196599245071411 437
1784275076183 1.8127973079681396 438
1784275076198 1.7255752086639404 439
1784275076215 1.8689826726913452 440
1784275076231 1.6830713748931885 441
1784275076246 1.9607880115509033 442
1784275076263 1.8071550130844116 443
1784275076279 1.8401371240615845 444
1784275076298 1.9573076963424683 445
1784275076316 1.7830466032028198 446
1784275076333 1.8218395709991455 447
1784275076352 1.81369149684906 448
1784275076369 1.9124113321304321 449
1784275076387 1.591810941696167 450
1784275076403 1.6098737716674805 451
1784275076420 1.6457301378250122 452
1784275076438 1.8188519477844238 453
1784275076456 1.6586908102035522 454
1784275076473 1.7205893993377686 455
1784275076490 1.7412824630737305 456
1784275076509 1.9792672395706177 457
1784275076526 1.8374935388565063 458
1784275076544 1.7091541290283203 459
1784275076562 1.8800368309020996 460
1784275076580 1.7055623531341553 461
1784275076596 1.8539094924926758 462
1784275076612 1.5672165155410767 463
1784275076627 1.5959352254867554 464
1784275076643 1.64745032787323 465
1784275076661 1.6759448051452637 466
1784275076679 1.9042856693267822 467
1784275076697 1.7117371559143066 468
1784275076714 1.6256557703018188 469
1784275076730 1.5314401388168335 470
1784275076746 1.4213942289352417 471
1784275076763 1.5784902572631836 472
1784275076779 1.9096779823303223 473
1784275076796 1.8480501174926758 474
1784275076812 1.7821590900421143 475
1784275076829 1.797703742980957 476
1784275076844 1.7948087453842163 477
1784275076861 1.5207180976867676 478
1784275076877 1.581371545791626 479
1784275076896 1.5107253789901733 480
1784275076914 1.7177995443344116 481
1784275076932 1.573979139328003 482
1784275076950 1.7888575792312622 483
1784275076968 1.6723350286483765 484
1784275076985 1.655135154724121 485
1784275077002 1.5552963018417358 486
1784275077022 1.5617496967315674 487
1784275077039 1.7439593076705933 488
1784275077056 1.744131088256836 489
1784275077073 1.8133080005645752 490
1784275077089 1.581432580947876 491
1784275077110 1.5270767211914062 492
1784275077127 1.4511164426803589 493
1784275077145 1.581752061843872 494
1784275077161 1.6238460540771484 495
1784275077180 1.747825026512146 496
1784275077196 1.408216118812561 497
1784275077213 1.8044898509979248 498
1784275077228 1.4903457164764404 499
1784275077244 1.467056155204773 500
1784275077260 1.5290411710739136 501
1784275077277 1.4289193153381348 502
1784275077293 1.2864044904708862 503
1784275077310 1.4780793190002441 504
1784275077327 1.732804298400879 505
1784275077344 1.7840020656585693 506
1784275077360 1.69010591506958 507
1784275077377 1.6064670085906982 508
1784275077397 1.540618896484375 509
1784275077414 1.4569039344787598 510
1784275077430 1.4333471059799194 511
1784275077445 1.4210284948349 512
1784275077460 1.5617570877075195 513
1784275077478 1.5813302993774414 514
1784275077493 1.4982240200042725 515
1784275077511 1.3984732627868652 516
1784275077527 1.3324438333511353 517
1784275077544 1.8430736064910889 518
1784275077560 1.5851699113845825 519
1784275077577 1.2305989265441895 520
1784275077594 1.5149638652801514 521
1784275077611 1.3789128065109253 522
1784275077630 1.5765657424926758 523
1784275077647 1.6493436098098755 524
1784275077664 1.279086947441101 525
1784275077681 1.5693565607070923 526
1784275077696 1.4191794395446777 527
1784275077711 1.7446789741516113 528
1784275077728 1.4851709604263306 529
1784275077749 1.6053416728973389 530
1784275077767 1.4803444147109985 531
1784275077787 1.3743282556533813 532
1784275077804 1.3976693153381348 533
1784275077824 1.5247175693511963 534
1784275077842 1.4887244701385498 535
1784275077859 1.4061899185180664 536
1784275077876 1.2060819864273071 537
1784275077892 1.4649600982666016 538
1784275077909 1.421058177947998 539
1784275077926 1.2332217693328857 540
1784275077942 1.4794421195983887 541
1784275077960 1.5932024717330933 542
1784275077977 1.288196086883545 543
1784275077993 1.6455652713775635 544
1784275078009 1.365375280380249 545
1784275078026 1.3540908098220825 546
1784275078043 1.4806411266326904 547
1784275078059 1.317217230796814 548
1784275078078 1.4517490863800049 549
1784275078093 1.5447821617126465 550
1784275078109 1.7833304405212402 551
1784275078125 1.4243953227996826 552
1784275078141 1.315402865409851 553
1784275078157 1.1391217708587646 554
1784275078173 1.2727859020233154 555
1784275078190 1.2691336870193481 556
1784275078208 1.2923139333724976 557
1784275078225 1.4343236684799194 558
1784275078243 1.6372333765029907 559
1784275078260 1.5425043106079102 560
1784275078276 1.3759328126907349 561
1784275078292 1.256055235862732 562
1784275078310 1.48381507396698 563
1784275078325 1.487350344657898 564
1784275078340 1.328589916229248 565
1784275078355 1.432714819908142 566
1784275078371 1.680909276008606 567
1784275078387 1.322160005569458 568
1784275078402 1.403576374053955 569
1784275078419 1.1740902662277222 570
1784275078435 1.480847716331482 571
1784275078452 1.6832619905471802 572
1784275078468 1.3420684337615967 573
1784275078484 1.4594250917434692 574
1784275078500 1.7281404733657837 575
1784275078516 1.3152817487716675 576
1784275078532 1.4543178081512451 577
1784275078549 1.5732228755950928 578
1784275078565 1.6188523769378662 579
1784275078582 1.3692469596862793 580
1784275078598 1.2985484600067139 581
1784275078614 1.3603607416152954 582
1784275078631 1.459043025970459 583
1784275078647 1.0589182376861572 584
1784275078663 1.738930583000183 585
1784275078682 1.3377454280853271 586
1784275078701 1.3913503885269165 587
1784275078718 1.229132890701294 588
1784275078736 1.2685644626617432 589
1784275078756 1.4108381271362305 590
1784275078774 1.4357656240463257 591
1784275078792 1.5102320909500122 592
1784275078810 1.5117720365524292 593
1784275078829 1.2691386938095093 594
1784275078846 1.4549845457077026 595
1784275078863 1.483864665031433 596
1784275078877 1.379439353942871 597
1784275078893 1.0827252864837646 598
1784275078909 1.1862634420394897 599
1784275078926 1.2479336261749268 600
1784275078942 1.5622284412384033 601
1784275078958 1.520426630973816 602
1784275078973 1.439261555671692 603
1784275078989 1.2594014406204224 604
1784275079007 1.082068681716919 605
1784275079025 1.1684106588363647 606
1784275079041 1.4609917402267456 607
1784275079057 1.3250082731246948 608
1784275079075 1.6215640306472778 609
1784275079090 1.4631975889205933 610
1784275079105 1.1971560716629028 611
1784275079122 1.232608437538147 612
1784275079139 1.3339848518371582 613
1784275079155 1.0413957834243774 614
1784275079172 1.3955243825912476 615
1784275079190 1.8376747369766235 616
1784275079205 1.4025413990020752 617
1784275079223 1.5621989965438843 618
1784275079240 1.2992461919784546 619
1784275079257 1.1615508794784546 620
1784275079274 1.3394826650619507 621
1784275079290 1.240638256072998 622
1784275079306 1.46085524559021 623
1784275079324 1.283697247505188 624
1784275079340 1.0576701164245605 625
1784275079357 1.4140161275863647 626
1784275079375 1.5469739437103271 627
1784275079394 1.2517058849334717 628
1784275079412 1.01376211643219 629
1784275079431 1.427419900894165 630
1784275079450 1.3675793409347534 631
1784275079469 1.3190633058547974 632
1784275079491 1.108092188835144 633
1784275079509 1.3505594730377197 634
1784275079526 1.4370042085647583 635
1784275079545 1.3564167022705078 636
1784275079564 1.3209840059280396 637
1784275079586 1.3133512735366821 638
1784275079605 1.3372721672058105 639
1784275079624 1.4160479307174683 640
1784275079642 1.4224048852920532 641
1784275079661 1.284688115119934 642
1784275079679 1.1905092000961304 643
1784275079700 1.1631463766098022 644
1784275079720 1.2149094343185425 645
1784275079738 1.149511694908142 646
1784275079757 1.4766775369644165 647
1784275079776 1.4148540496826172 648
1784275079796 1.191125750541687 649
1784275079812 1.0932319164276123 650
1784275079828 1.024474024772644 651
1784275079845 1.0207853317260742 652
1784275079862 1.3012701272964478 653
1784275079878 1.0637930631637573 654
1784275079894 1.2865349054336548 655
1784275079911 1.085707426071167 656
1784275079927 0.9156165719032288 657
1784275079944 1.0634945631027222 658
1784275079960 0.8733717203140259 659
1784275079981 1.2065293788909912 660
1784275079999 1.0500212907791138 661
1784275080020 1.1541496515274048 662
1784275080040 1.3930221796035767 663
1784275080058 1.0454517602920532 664
1784275080077 1.321625828742981 665
1784275080095 1.2263160943984985 666
1784275080112 0.9682632088661194 667
1784275080128 1.1641048192977905 668
1784275080147 1.143171787261963 669
1784275080165 1.0233221054077148 670
1784275080181 1.1393934488296509 671
1784275080198 1.2134361267089844 672
1784275080215 1.3727470636367798 673
1784275080231 1.099628210067749 674
1784275080247 1.3159083127975464 675
1784275080262 1.2006245851516724 676
1784275080278 1.1244932413101196 677
1784275080294 1.1802406311035156 678
1784275080310 1.3435851335525513 679
1784275080328 1.1708146333694458 680
1784275080346 1.1941839456558228 681
1784275080360 1.2196376323699951 682
1784275080377 1.3793251514434814 683
1784275080393 1.3729901313781738 684
1784275080410 1.2377463579177856 685
1784275080426 1.2364660501480103 686
1784275080442 1.0684739351272583 687
1784275080458 1.269373893737793 688
1784275080474 1.029615879058838 689
1784275080489 1.2065808773040771 690
1784275080506 1.0728724002838135 691
1784275080522 1.1665923595428467 692
1784275080539 1.4544910192489624 693
1784275080555 1.165795922279358 694
1784275080572 0.969657838344574 695
1784275080589 1.2976300716400146 696
1784275080605 1.17791748046875 697
1784275080622 0.9477349519729614 698
1784275080640 1.2153209447860718 699
1784275080655 1.2648814916610718 700
1784275080671 1.3452260494232178 701
1784275080687 0.995781660079956 702
1784275080703 0.9788585305213928 703
1784275080719 0.9464548826217651 704
1784275080736 0.9976509809494019 705
1784275080753 1.1031817197799683 706
1784275080771 1.017827033996582 707
1784275080788 1.3381762504577637 708
1784275080805 0.9824334979057312 709
1784275080820 1.0940595865249634 710
1784275080837 1.2007474899291992 711
1784275080853 1.008773922920227 712
1784275080869 1.2793599367141724 713
1784275080884 1.2069817781448364 714
1784275080902 1.156859278678894 715
1784275080918 0.806827187538147 716
1784275080935 1.0286089181900024 717
1784275080952 0.9532012939453125 718
1784275080970 1.1560331583023071 719
1784275080986 0.861631453037262 720
1784275081002 1.229984998703003 721
1784275081019 0.8693065643310547 722
1784275081036 0.8257123827934265 723
1784275081067 1.03689706325531 724
1784275081083 0.8425514101982117 725
1784275081100 1.2364121675491333 726
1784275081118 1.2137106657028198 727
1784275081134 1.1141436100006104 728
1784275081151 0.9243742227554321 729
1784275081168 0.9850785732269287 730
1784275081185 0.8283411860466003 731
1784275081202 1.1542495489120483 732
1784275081218 1.005077600479126 733
1784275081235 0.9678121209144592 734
1784275081251 1.071759819984436 735
1784275081268 0.9832208156585693 736
1784275081285 1.0852268934249878 737
1784275081300 0.608051598072052 738
1784275081319 1.165496587753296 739
1784275081337 1.0385706424713135 740
1784275081354 1.0136348009109497 741
1784275081371 1.109505295753479 742
1784275081388 0.8185549974441528 743
1784275081405 0.9833793044090271 744
1784275081424 0.7093135118484497 745
1784275081443 0.9435901641845703 746
1784275081461 0.7428504228591919 747
1784275081478 0.9562923908233643 748
1784275081494 0.7951638698577881 749
1784275081510 0.795597493648529 750
1784275081526 0.9897761940956116 751
1784275081545 0.9886974692344666 752
1784275081562 1.036191463470459 753
1784275081578 0.9107721447944641 754
1784275081593 0.8111451268196106 755
1784275081611 0.7828883528709412 756
1784275081630 0.7638847231864929 757
1784275081647 0.8131341934204102 758
1784275081663 0.5438011884689331 759
1784275081680 0.7736660242080688 760
1784275081696 0.8406670093536377 761
1784275081714 1.3476135730743408 762
1784275081730 0.653643012046814 763
1784275081749 0.8095810413360596 764
1784275081765 0.6091876029968262 765
1784275081782 0.6484648585319519 766
1784275081797 0.566628098487854 767
1784275081813 0.797120213508606 768
1784275081828 0.9367667436599731 769
1784275081843 0.9792565703392029 770
1784275081861 0.8204007148742676 771
1784275081877 0.6244732737541199 772
1784275081893 0.8194000124931335 773
1784275081909 0.8342316150665283 774
1784275081928 0.6297198534011841 775
1784275081944 1.1023119688034058 776
1784275081959 0.7154569625854492 777
1784275081976 0.5342109799385071 778
1784275081993 0.8851842880249023 779
1784275082011 0.5443556308746338 780
1784275082027 0.6415748596191406 781
1784275082042 0.686016321182251 782
1784275082058 0.6156537532806396 783
1784275082075 0.8322038650512695 784
1784275082091 0.5351999998092651 785
1784275082106 0.6824570298194885 786
1784275082123 0.8204842805862427 787
1784275082140 0.6621633172035217 788
1784275082157 0.6797544956207275 789
1784275082174 0.5501899719238281 790
1784275082191 0.6060546040534973 791
1784275082209 0.6777003407478333 792
1784275082228 1.1101036071777344 793
1784275082247 0.7509196400642395 794
1784275082265 0.757411777973175 795
1784275082282 0.5198752880096436 796
1784275082303 0.7676056027412415 797
1784275082321 0.40487250685691833 798
1784275082337 0.7485471963882446 799
1784275082354 0.5828323364257812 800
1784275082372 0.48540037870407104 801
1784275082387 0.629136323928833 802
1784275082404 0.6688580513000488 803
1784275082421 0.6549525856971741 804
1784275082438 0.43622463941574097 805
1784275082454 0.7014865279197693 806
1784275082470 0.43410980701446533 807
1784275082487 0.6125251054763794 808
1784275082503 0.5153849124908447 809
1784275082520 0.4994777739048004 810
1784275082540 0.9391450881958008 811
1784275082556 0.7157094478607178 812
1784275082573 0.6958876848220825 813
1784275082589 0.8540984988212585 814
1784275082605 0.7956430315971375 815
1784275082621 0.6372942328453064 816
1784275082636 0.4772633910179138 817
1784275082653 0.7080148458480835 818
1784275082669 0.67457115650177 819
1784275082686 0.5656720995903015 820
1784275082702 1.333179235458374 821
1784275082719 0.769254207611084 822
1784275082735 0.5321759581565857 823
1784275082751 0.5392816066741943 824
1784275082768 0.72565758228302 825
1784275082785 0.8890426158905029 826
1784275082801 0.5449424386024475 827
1784275082819 0.6060142517089844 828
1784275082836 0.5483728647232056 829
1784275082852 0.7218424677848816 830
1784275082869 0.6136266589164734 831
1784275082884 0.8645264506340027 832
1784275082901 0.6420508623123169 833
1784275082916 0.4130779504776001 834
1784275082934 0.5923019051551819 835
1784275082950 0.5388787388801575 836
1784275082967 0.5166338086128235 837
1784275082983 0.5480061769485474 838
1784275083000 0.5636215209960938 839
1784275083016 0.5226895213127136 840
1784275083033 0.7283583283424377 841
1784275083048 0.701286792755127 842
1784275083065 0.7286226749420166 843
1784275083081 0.7726354598999023 844
1784275083096 0.45457130670547485 845
1784275083113 0.5370418429374695 846
1784275083131 0.612174928188324 847
1784275083148 0.6156310439109802 848
1784275083165 0.5617648363113403 849
1784275083182 0.47620177268981934 850
1784275083197 0.6296709179878235 851
1784275083213 0.7430043816566467 852
1784275083230 0.48317164182662964 853
1784275083246 0.7494540810585022 854
1784275083264 0.622658908367157 855
1784275083283 0.5758410692214966 856
1784275083301 0.7267727255821228 857
1784275083320 0.6369943022727966 858
1784275083339 0.5928118824958801 859
1784275083358 0.5429019331932068 860
1784275083377 0.4646573066711426 861
1784275083398 0.42548197507858276 862
1784275083416 0.5757246017456055 863
1784275083434 0.4730231761932373 864
1784275083453 0.4301357865333557 865
1784275083471 0.6636258363723755 866
1784275083490 0.4750376343727112 867
1784275083508 0.5297902226448059 868
1784275083528 0.5539684891700745 869
1784275083545 0.5876528024673462 870
1784275083563 0.9345762729644775 871
1784275083581 0.6188178062438965 872
1784275083597 0.5076643824577332 873
1784275083614 0.6127617955207825 874
1784275083631 0.7359259128570557 875
1784275083650 0.7447291016578674 876
1784275083666 0.7190841436386108 877
1784275083682 0.9283449649810791 878
1784275083699 0.7489649057388306 879
1784275083716 0.6433228850364685 880
1784275083733 0.6597289443016052 881
1784275083750 0.6432934999465942 882
1784275083766 0.6195746660232544 883
1784275083784 0.8210039734840393 884
1784275083802 0.5887373685836792 885
1784275083819 0.6828129291534424 886
1784275083835 0.4667229652404785 887
1784275083852 0.8725526332855225 888
1784275083868 0.4734145998954773 889
1784275083884 0.4122512638568878 890
1784275083900 0.5884497761726379 891
1784275083916 0.3988182544708252 892
1784275083934 0.42685848474502563 893
1784275083951 0.6500009298324585 894
1784275083969 0.4234296381473541 895
1784275083986 0.47671306133270264 896
1784275084002 0.4414622187614441 897
1784275084019 0.38000237941741943 898
1784275084036 0.5343992114067078 899
1784275084053 0.5349158644676208 900
1784275084069 0.34181395173072815 901
1784275084085 0.49793317914009094 902
1784275084103 0.5226121544837952 903
1784275084122 0.5280233025550842 904
1784275084139 0.44505536556243896 905
1784275084157 0.41197001934051514 906
1784275084177 0.3998868763446808 907
1784275084193 0.5753931999206543 908
1784275084209 0.3180762827396393 909
1784275084225 0.59099280834198 910
1784275084244 0.46131131052970886 911
1784275084260 0.4326992630958557 912
1784275084276 0.5934467911720276 913
1784275084293 0.6684532761573792 914
1784275084309 0.7551945447921753 915
1784275084329 0.6540139317512512 916
1784275084344 0.40767088532447815 917
1784275084362 0.3395894765853882 918
1784275084380 0.6294662356376648 919
1784275084396 0.3752431869506836 920
1784275084414 0.4942837059497833 921
1784275084431 0.5109963417053223 922
1784275084451 0.3932656943798065 923
1784275084472 0.5186166167259216 924
1784275084489 0.599216639995575 925
1784275084507 0.35165926814079285 926
1784275084525 0.5946994423866272 927
1784275084542 0.485459566116333 928
1784275084566 0.6122967004776001 929
1784275084582 0.43008825182914734 930
1784275084598 0.620773434638977 931
1784275084614 0.7688833475112915 932
1784275084631 0.5733189582824707 933
1784275084648 0.7032727003097534 934
1784275084664 0.2911381423473358 935
1784275084680 0.3538970649242401 936
1784275084696 0.8223775029182434 937
1784275084712 0.8112257122993469 938
1784275084728 0.37617239356040955 939
1784275084744 0.5412810444831848 940
1784275084762 0.5483982563018799 941
1784275084778 0.46910232305526733 942
1784275084795 0.5148215889930725 943
1784275084812 0.5730817914009094 944
1784275084829 0.26579704880714417 945
1784275084846 0.2928054928779602 946
1784275084865 0.45859983563423157 947
1784275084884 0.6479855179786682 948
1784275084902 0.5638258457183838 949
1784275084922 0.705001711845398 950
1784275084940 0.7901929616928101 951
1784275084959 0.42636823654174805 952
1784275084981 0.5371936559677124 953
1784275085001 0.578271210193634 954
1784275085019 0.5839918851852417 955
1784275085038 0.6039263010025024 956
1784275085056 0.36603879928588867 957
1784275085074 0.4532585144042969 958
1784275085092 0.7550010085105896 959
1784275085115 0.4822799563407898 960
1784275085135 0.531532883644104 961
1784275085153 0.506159782409668 962
1784275085173 0.4918513596057892 963
1784275085194 0.7597663402557373 964
1784275085213 0.7550948262214661 965
1784275085231 0.6684699654579163 966
1784275085251 0.45341166853904724 967
1784275085270 0.4131663739681244 968
1784275085287 0.7994041442871094 969
1784275085304 0.39236801862716675 970
1784275085321 0.6605706214904785 971
1784275085340 0.416317343711853 972
1784275085359 0.5443932414054871 973
1784275085378 0.4603561460971832 974
1784275085396 0.40262389183044434 975
1784275085414 0.31536710262298584 976
1784275085433 0.4194519817829132 977
1784275085449 0.42334428429603577 978
1784275085466 0.6647893786430359 979
1784275085482 0.687812089920044 980
1784275085501 0.477280855178833 981
1784275085520 0.6947203278541565 982
1784275085539 0.49690955877304077 983
1784275085558 0.4673725366592407 984
1784275085576 0.7647569179534912 985
1784275085592 0.286286324262619 986
1784275085612 0.5197016596794128 987
1784275085628 0.3956415057182312 988
1784275085644 0.4369168281555176 989
1784275085661 0.385407954454422 990
1784275085680 0.4604797959327698 991
1784275085698 0.6841349601745605 992
1784275085716 0.47166556119918823 993
1784275085786 0.2610185146331787 994
1784275085811 0.4629857540130615 995
1784275085828 0.43663641810417175 996
1784275085842 0.8949793577194214 997
1784275085861 0.5908433794975281 998
1784275085879 0.33794501423835754 999
1784275085896 0.9251561164855957 1000
1784275085914 0.5145918726921082 1001
1784275085929 0.4553506374359131 1002
1784275085945 0.6795409917831421 1003
1784275085963 1.0123653411865234 1004
1784275085981 0.2864912152290344 1005
1784275086000 0.5970891714096069 1006
1784275086020 0.22287607192993164 1007
1784275086038 0.2782563865184784 1008
1784275086057 0.2678367495536804 1009
1784275086075 0.45676329731941223 1010
1784275086094 0.3206147253513336 1011
1784275086113 0.32305485010147095 1012
1784275086131 0.44806918501853943 1013
1784275086149 0.489460825920105 1014
1784275086168 0.37097153067588806 1015
1784275086186 0.28204524517059326 1016
1784275086204 0.5403357148170471 1017
1784275086222 0.3245873749256134 1018
1784275086240 0.747808575630188 1019
1784275086258 0.5156570076942444 1020
1784275086277 0.3114986717700958 1021
1784275086293 0.8837867975234985 1022
1784275086312 0.2589571177959442 1023
1784275086330 0.5511223673820496 1024
1784275086349 0.6076956987380981 1025
1784275086366 0.2832273542881012 1026
1784275086383 0.31299489736557007 1027
1784275086401 0.4214020371437073 1028
1784275086418 0.32478493452072144 1029
1784275086435 0.37866491079330444 1030
1784275086452 0.37533140182495117 1031
1784275086469 0.5547130107879639 1032
1784275086485 0.6034554839134216 1033
1784275086503 0.3466958999633789 1034
1784275086519 0.5239447355270386 1035
1784275086537 0.5730751156806946 1036
1784275086553 0.3666171133518219 1037
1784275086569 0.34164005517959595 1038
1784275086585 0.4889126420021057 1039
1784275086603 0.37181341648101807 1040
1784275086620 0.24899545311927795 1041
1784275086636 0.48309212923049927 1042
1784275086653 0.6048320531845093 1043
1784275086671 0.38552770018577576 1044
1784275086691 0.9561707377433777 1045
1784275086709 0.5541046857833862 1046
1784275086729 0.6774065494537354 1047
1784275086749 0.3643845021724701 1048
1784275086769 0.6635680794715881 1049
1784275086785 0.5145078897476196 1050
1784275086806 0.3696860373020172 1051
1784275086824 0.3670748770236969 1052
1784275086848 0.4724569320678711 1053
1784275086874 0.5682550668716431 1054
1784275086897 0.31949228048324585 1055
1784275086921 0.35325944423675537 1056
1784275086942 0.5033643245697021 1057
1784275086965 0.7854920625686646 1058
1784275086984 0.4477091431617737 1059
1784275087007 0.366140753030777 1060
1784275087030 0.4706929922103882 1061
1784275087050 0.47891363501548767 1062
1784275087068 0.3640807867050171 1063
1784275087087 0.4462442100048065 1064
1784275087105 0.26020267605781555 1065
1784275087124 0.9430973529815674 1066
1784275087144 0.38180994987487793 1067
1784275087163 0.4513389766216278 1068
1784275087184 0.2899295687675476 1069
1784275087203 0.3861691951751709 1070
1784275087222 0.5528488159179688 1071
1784275087243 0.3592036962509155 1072
1784275087265 0.2746867835521698 1073
1784275087284 0.41231241822242737 1074
1784275087304 0.4175637364387512 1075
1784275087322 0.5711785554885864 1076
1784275087341 0.3838544487953186 1077
1784275087361 0.7415368556976318 1078
1784275087378 0.3481093943119049 1079
1784275087397 0.5619956254959106 1080
1784275087416 0.4358808994293213 1081
1784275087433 0.518097460269928 1082
1784275087451 0.30727604031562805 1083
1784275087469 0.5803371667861938 1084
1784275087487 0.4155387878417969 1085
1784275087505 0.285786509513855 1086
1784275087522 0.4817676842212677 1087
1784275087546 0.3296213746070862 1088
1784275087563 0.48487764596939087 1089
1784275087580 0.5277372598648071 1090
1784275087597 0.5769367814064026 1091
1784275087614 0.5499762892723083 1092
1784275087630 0.28859859704971313 1093
1784275087647 0.47032099962234497 1094
1784275087665 0.5529722571372986 1095
1784275087684 0.2443421185016632 1096
1784275087705 0.5119721293449402 1097
1784275087724 0.44607222080230713 1098
1784275087743 0.31969085335731506 1099
1784275087763 0.6074882745742798 1100
1784275087783 0.49692147970199585 1101
1784275087806 0.49763843417167664 1102
1784275087827 0.3901367783546448 1103
1784275087855 0.5031685829162598 1104
1784275087878 0.5215629935264587 1105
1784275087905 0.376155287027359 1106
1784275087932 0.5818570852279663 1107
1784275087953 0.5762554407119751 1108
1784275087980 0.30518606305122375 1109
1784275088003 0.37790197134017944 1110
1784275088027 0.21479064226150513 1111
1784275088052 0.5117895603179932 1112
1784275088077 0.6013232469558716 1113
1784275088097 0.579119086265564 1114
1784275088118 0.40587103366851807 1115
1784275088139 0.396079421043396 1116
1784275088161 0.43871498107910156 1117
1784275088182 0.7185048460960388 1118
1784275088202 0.24696625769138336 1119
1784275088220 0.5022575855255127 1120
1784275088245 0.3270301818847656 1121
1784275088266 0.4418124556541443 1122
1784275088292 0.4165213704109192 1123
1784275088317 0.38008129596710205 1124
1784275088341 0.17322401702404022 1125
1784275088365 0.37628838419914246 1126
1784275088389 0.29179471731185913 1127
1784275088412 0.2864468991756439 1128
1784275088432 0.6991316080093384 1129
1784275088452 0.45730486512184143 1130
1784275088478 0.19851641356945038 1131
1784275088500 0.3977065682411194 1132
1784275088530 0.3621677756309509 1133
1784275088555 0.3753134608268738 1134
1784275088577 0.2860315144062042 1135
1784275088596 0.3821191191673279 1136
1784275088616 0.5405080914497375 1137
1784275088635 0.6323870420455933 1138
1784275088652 0.3778095841407776 1139
1784275088672 0.4597943425178528 1140
1784275088688 0.3497607111930847 1141
1784275088715 0.5021264553070068 1142
1784275088734 0.2754492461681366 1143
1784275088758 0.6757718920707703 1144
1784275088864 0.45918652415275574 1145
1784275088889 0.3662790358066559 1146
1784275088913 0.2895570993423462 1147
1784275088937 0.27395105361938477 1148
1784275088960 0.4489249587059021 1149
1784275088983 0.36139383912086487 1150
1784275089003 0.5836806893348694 1151
1784275089022 0.4272312521934509 1152
1784275089046 0.27245330810546875 1153
1784275089067 0.376707524061203 1154
1784275089086 0.26069575548171997 1155
1784275089104 0.3313278555870056 1156
1784275089122 0.2292725294828415 1157
1784275089139 0.3854413330554962 1158
1784275089156 0.6740612387657166 1159
1784275089172 0.6989268660545349 1160
1784275089192 0.5475761294364929 1161
1784275089209 0.3682706654071808 1162
1784275089230 0.4435100853443146 1163
1784275089247 0.4974518418312073 1164
1784275089269 0.41776561737060547 1165
1784275089288 0.2883181571960449 1166
1784275089308 0.6169166564941406 1167
1784275089328 0.8641502261161804 1168
1784275089345 0.3113507926464081 1169
1784275089365 0.5012917518615723 1170
1784275089383 0.44429412484169006 1171
1784275089400 0.26147717237472534 1172
1784275089418 0.26324936747550964 1173
1784275089434 0.29594719409942627 1174
1784275089452 0.590164065361023 1175
1784275089470 0.5844824910163879 1176
1784275089487 0.5992463827133179 1177
1784275089505 0.29742318391799927 1178
1784275089524 0.31188249588012695 1179
1784275089541 0.21999718248844147 1180
1784275089557 0.4828937351703644 1181
1784275089578 0.20436608791351318 1182
1784275089597 0.586368203163147 1183
1784275089613 0.2445153295993805 1184
1784275089632 0.4121409058570862 1185
1784275089651 0.4126655161380768 1186
1784275089670 0.43293115496635437 1187
1784275089686 0.30680155754089355 1188
1784275089703 0.227027028799057 1189
1784275089719 0.4674746096134186 1190
1784275089736 0.32826367020606995 1191
1784275089755 0.36629897356033325 1192
1784275089771 0.5172439217567444 1193
1784275089788 0.39170634746551514 1194
1784275089804 0.45050135254859924 1195
1784275089822 0.2657404839992523 1196
1784275089840 0.36070501804351807 1197
1784275089857 0.21603450179100037 1198
1784275089875 0.4051675498485565 1199
1784275089892 0.5029042959213257 1200
1784275089908 0.2850051820278168 1201
1784275089924 0.31878021359443665 1202
1784275089943 0.7178826928138733 1203
1784275089960 0.3165932297706604 1204
1784275089977 0.41564545035362244 1205
1784275089994 0.44111743569374084 1206
1784275090011 0.39841267466545105 1207
1784275090029 0.46266260743141174 1208
1784275090049 0.2998915910720825 1209
1784275090067 0.5085235238075256 1210
1784275090084 0.5399507880210876 1211
1784275090101 0.5459065437316895 1212
1784275090120 0.40717217326164246 1213
1784275090138 0.4522823393344879 1214
1784275090155 0.37040582299232483 1215
1784275090171 0.5369126200675964 1216
1784275090190 0.2503480613231659 1217
1784275090208 0.2020740509033203 1218
1784275090225 0.2677324414253235 1219
1784275090243 0.37734076380729675 1220
1784275090261 0.5657347440719604 1221
1784275090277 0.3840588629245758 1222
1784275090294 0.5356264114379883 1223
1784275090311 0.34291064739227295 1224
1784275090328 0.21059389412403107 1225
1784275090346 0.3165990114212036 1226
1784275090363 0.35619160532951355 1227
1784275090382 0.16934235394001007 1228
1784275090397 0.23525601625442505 1229
1784275090413 0.26469600200653076 1230
1784275090431 0.22881804406642914 1231
1784275090449 0.34659865498542786 1232
1784275090467 0.6703850626945496 1233
1784275090486 0.22810937464237213 1234
1784275090504 0.35010242462158203 1235
1784275090522 0.4454803764820099 1236
1784275090540 0.5343466997146606 1237
1784275090559 0.49756863713264465 1238
1784275090577 0.5240265130996704 1239
1784275090612 0.2908281981945038 1240
1784275090629 0.4322550296783447 1241
1784275090648 0.5459195375442505 1242
1784275090666 0.1647765040397644 1243
1784275090684 0.3594558835029602 1244
1784275090702 0.2435726523399353 1245
1784275090720 0.47706490755081177 1246
1784275090738 0.34859001636505127 1247
1784275090756 0.48170921206474304 1248
1784275090773 0.340709924697876 1249
1784275090790 0.5001449584960938 1250
1784275090807 0.36486175656318665 1251
1784275090825 0.4334872364997864 1252
1784275090842 0.5628132820129395 1253
1784275090858 0.3782089352607727 1254
1784275090875 0.38172784447669983 1255
1784275090892 0.3366672396659851 1256
1784275090911 0.19276925921440125 1257
1784275090931 0.322757750749588 1258
1784275090951 0.4572272300720215 1259
1784275090968 0.21433739364147186 1260
1784275090984 0.41062629222869873 1261
1784275091000 0.37510859966278076 1262
1784275091019 0.2843165993690491 1263
1784275091037 0.2926260828971863 1264
1784275091056 0.2895844876766205 1265
1784275091074 0.4968498945236206 1266
1784275091091 0.24429072439670563 1267
1784275091110 0.3646152913570404 1268
1784275091130 0.42592108249664307 1269
1784275091148 0.41781309247016907 1270
1784275091167 0.584019124507904 1271
1784275091187 0.624830961227417 1272
1784275091204 0.540208101272583 1273
1784275091221 0.5403034090995789 1274
1784275091243 0.265193372964859 1275
1784275091267 0.39350301027297974 1276
1784275091286 0.2575538456439972 1277
1784275091307 0.2870498299598694 1278
1784275091328 0.23063011467456818 1279
1784275091349 0.3085494935512543 1280
1784275091366 0.27892711758613586 1281
1784275091383 0.6277211904525757 1282
1784275091401 0.31179293990135193 1283
1784275091418 0.3916017711162567 1284
1784275091436 0.43454083800315857 1285
1784275091454 0.29321905970573425 1286
1784275091473 0.20255497097969055 1287
1784275091494 0.32437238097190857 1288
1784275091511 0.2570590078830719 1289
1784275091528 0.38745197653770447 1290
1784275091546 0.601658821105957 1291
1784275091563 0.2878047823905945 1292
1784275091580 0.3197268545627594 1293
1784275091600 0.17504526674747467 1294
1784275091617 0.5491188168525696 1295
1784275091634 0.3106560707092285 1296
1784275091651 0.6361633539199829 1297
1784275091669 0.25766777992248535 1298
1784275091686 0.8568679094314575 1299
1784275091703 0.5488880276679993 1300
1784275091719 0.45624566078186035 1301
1784275091736 0.3500172197818756 1302
1784275091752 0.2724319100379944 1303
1784275091768 0.22718513011932373 1304
1784275091788 0.4922952651977539 1305
1784275091805 0.6025387048721313 1306
1784275091824 0.2660345733165741 1307
1784275091841 0.4915623366832733 1308
1784275091858 0.39319196343421936 1309
1784275091876 0.2333710938692093 1310
1784275091892 0.1648997962474823 1311
1784275091912 0.8283728957176208 1312
1784275091929 0.45984765887260437 1313
1784275091946 0.42338472604751587 1314
1784275091961 0.24794557690620422 1315
1784275091977 0.5797913074493408 1316
1784275091992 0.32304346561431885 1317
1784275092007 0.4779481589794159 1318
1784275092025 0.4849911630153656 1319
1784275092041 0.25486817955970764 1320
1784275092060 0.3627675771713257 1321
1784275092077 0.276291161775589 1322
1784275092093 0.2089189887046814 1323
1784275092112 0.48100095987319946 1324
1784275092130 0.38943561911582947 1325
1784275092149 0.5267010927200317 1326
1784275092167 0.4977564513683319 1327
1784275092186 0.32468947768211365 1328
1784275092203 0.38223493099212646 1329
1784275092219 0.2880394160747528 1330
1784275092236 0.2397526353597641 1331
1784275092255 0.4097485840320587 1332
1784275092273 0.26550889015197754 1333
1784275092290 0.32067880034446716 1334
1784275092305 0.558160126209259 1335
1784275092320 0.25438863039016724 1336
1784275092336 0.1756248027086258 1337
1784275092353 0.2462851107120514 1338
1784275092371 0.5511095523834229 1339
1784275092387 0.8060063123703003 1340
1784275092404 0.715133786201477 1341
1784275092421 0.4836045503616333 1342
1784275092440 0.4043794870376587 1343
1784275092459 0.6316160559654236 1344
1784275092477 0.544363796710968 1345
1784275092493 0.3288595378398895 1346
1784275092511 0.3221178352832794 1347
1784275092529 0.5949323773384094 1348
1784275092546 0.20582996308803558 1349
1784275092562 0.1298707276582718 1350
1784275092578 0.4700945317745209 1351
1784275092597 0.29746586084365845 1352
1784275092616 0.5106114149093628 1353
1784275092633 0.591703474521637 1354
1784275092649 0.6481189727783203 1355
1784275092666 0.32439306378364563 1356
1784275092683 0.7706810832023621 1357
1784275092700 0.3777700364589691 1358
1784275092716 0.21651387214660645 1359
1784275092735 0.4764083921909332 1360
1784275092753 0.28013747930526733 1361
1784275092771 0.1390381157398224 1362
1784275092787 0.7550185322761536 1363
1784275092804 0.22292278707027435 1364
1784275092822 0.22736628353595734 1365
1784275092839 0.4108438193798065 1366
1784275092856 0.28255724906921387 1367
1784275092875 0.19998018443584442 1368
1784275092891 0.21230286359786987 1369
1784275092908 0.11907975375652313 1370
1784275092924 0.7225422263145447 1371
1784275092943 0.2517949640750885 1372
1784275092961 0.45831167697906494 1373
1784275092979 0.32246437668800354 1374
1784275092996 0.16641339659690857 1375
1784275093015 0.5713026523590088 1376
1784275093033 0.24845407903194427 1377
1784275093051 0.2855662703514099 1378
1784275093067 0.3939090669155121 1379
1784275093083 0.577746570110321 1380
1784275093098 0.3512692153453827 1381
1784275093115 0.44972658157348633 1382
1784275093133 0.6113793849945068 1383
1784275093152 0.7252824902534485 1384
1784275093171 0.3781159222126007 1385
1784275093187 0.770300030708313 1386
1784275093203 0.8789118528366089 1387
1784275093220 0.351133793592453 1388
1784275093237 0.17035701870918274 1389
1784275093256 0.38302910327911377 1390
1784275093274 0.4590606987476349 1391
1784275093290 0.3689599633216858 1392
1784275093307 0.5032134056091309 1393
1784275093327 0.531110405921936 1394
1784275093346 0.4957549571990967 1395
1784275093363 0.4176141917705536 1396
1784275093381 0.44961628317832947 1397
1784275093398 0.25042328238487244 1398
1784275093419 0.5751530528068542 1399
1784275093438 0.3286559283733368 1400
1784275093457 0.36535078287124634 1401
1784275093476 0.4494519531726837 1402
1784275093498 0.5556157827377319 1403
1784275093516 0.5059328079223633 1404
1784275093535 0.42088326811790466 1405
1784275093554 0.30402565002441406 1406
1784275093576 0.3797909617424011 1407
1784275093594 0.37880900502204895 1408
1784275093617 0.29491156339645386 1409
1784275093635 0.45683783292770386 1410
1784275093652 0.4109059274196625 1411
1784275093671 0.4878736734390259 1412
1784275093691 0.30889806151390076 1413
1784275093708 0.2754749655723572 1414
1784275093725 0.343622624874115 1415
1784275093740 0.4281430244445801 1416
1784275093758 0.5709282755851746 1417
1784275093774 0.49218064546585083 1418
1784275093793 0.33228927850723267 1419
1784275093810 0.37616437673568726 1420
1784275093828 0.5855121612548828 1421
1784275093845 0.5674964785575867 1422
1784275093864 0.31815415620803833 1423
1784275093886 0.23698018491268158 1424
1784275093904 0.609641969203949 1425
1784275093923 0.7026031613349915 1426
1784275093941 0.5867327451705933 1427
1784275093959 0.2986195981502533 1428
1784275093979 0.3385591208934784 1429
1784275093996 0.41983962059020996 1430
1784275094017 0.25336897373199463 1431
1784275094039 0.3731950521469116 1432
1784275094060 0.5241512656211853 1433
1784275094080 0.22228175401687622 1434
1784275094102 0.5018856525421143 1435
1784275094121 0.743375301361084 1436
1784275094143 0.5977420806884766 1437
1784275094161 0.35526928305625916 1438
1784275094181 0.18906541168689728 1439
1784275094202 0.2854052484035492 1440
1784275094221 0.20930685102939606 1441
1784275094241 0.3925116956233978 1442
1784275094259 0.14328132569789886 1443
1784275094282 0.38976067304611206 1444
1784275094300 0.25544241070747375 1445
1784275094317 0.4687148928642273 1446
1784275094335 0.7401675581932068 1447
1784275094353 0.22855454683303833 1448
1784275094370 0.4442612826824188 1449
1784275094386 0.5117172598838806 1450
1784275094403 0.3928602337837219 1451
1784275094421 0.46898120641708374 1452
1784275094437 0.13593149185180664 1453
1784275094454 0.8843021988868713 1454
1784275094470 0.6575930714607239 1455
1784275094487 0.2523822486400604 1456
1784275094504 0.3212839365005493 1457
1784275094522 0.9199404120445251 1458
1784275094540 0.6311782598495483 1459
1784275094557 0.5248968601226807 1460
1784275094576 0.5933101773262024 1461
1784275094594 0.31022751331329346 1462
1784275094612 0.35287097096443176 1463
1784275094629 0.3720633387565613 1464
1784275094648 0.29811617732048035 1465
1784275094666 0.6243782639503479 1466
1784275094683 0.17649419605731964 1467
1784275094702 0.1725931316614151 1468
1784275094719 0.3691568672657013 1469
1784275094737 0.34034600853919983 1470
1784275094754 0.8970256447792053 1471
1784275094771 0.2757496237754822 1472
1784275094790 0.38633957505226135 1473
1784275094809 0.4053553342819214 1474
1784275094826 0.3816869854927063 1475
1784275094843 0.2092507928609848 1476
1784275094861 0.36659106612205505 1477
1784275094878 0.15643645823001862 1478
1784275094896 0.38948243856430054 1479
1784275094913 0.402934730052948 1480
1784275094932 0.20308230817317963 1481
1784275094950 0.1780330091714859 1482
1784275094966 0.398252010345459 1483
1784275094984 0.47749313712120056 1484
1784275095001 0.3763175308704376 1485
1784275095019 0.3462056517601013 1486
1784275095035 0.613767147064209 1487
1784275095051 0.5256778001785278 1488
1784275095068 0.23623479902744293 1489
1784275095084 0.39186230301856995 1490
1784275095101 0.324045866727829 1491
1784275095118 0.18711085617542267 1492
1784275095135 0.13908182084560394 1493
1784275095154 0.28778278827667236 1494
1784275095171 0.22903315722942352 1495
1784275095188 0.4052930772304535 1496
1784275095205 0.43351489305496216 1497
1784275095222 0.3202240765094757 1498
1784275095240 0.3798721730709076 1499
1784275095258 0.3233654499053955 1500
1784275095278 0.36159732937812805 1501
1784275095296 0.4107862114906311 1502
1784275095315 0.3939873278141022 1503
1784275095333 0.4374563694000244 1504
1784275095352 0.4577626585960388 1505
1784275095369 0.22489912807941437 1506
1784275095385 0.506537139415741 1507
1784275095403 0.7293145060539246 1508
1784275095420 0.18206378817558289 1509
1784275095438 0.37432214617729187 1510
1784275095458 0.33963650465011597 1511
1784275095475 0.3703404366970062 1512
1784275095493 0.789647102355957 1513
1784275095511 0.38351064920425415 1514
1784275095528 0.34777840971946716 1515
1784275095545 0.23731251060962677 1516
1784275095564 0.6060108542442322 1517
1784275095582 0.36807775497436523 1518
1784275095601 0.2922852635383606 1519
1784275095620 0.3229858875274658 1520
1784275095638 0.2731461822986603 1521
1784275095656 0.6934332847595215 1522
1784275095673 0.2319200485944748 1523
1784275095694 0.25731950998306274 1524
1784275095715 0.15708358585834503 1525
1784275095738 0.4562760591506958 1526
1784275095758 0.2711956799030304 1527
1784275095778 0.38337045907974243 1528
1784275095798 0.1592855006456375 1529
1784275095816 0.24635352194309235 1530
1784275095835 0.6809398531913757 1531
1784275095853 0.28042465448379517 1532
1784275095870 0.6510902047157288 1533
1784275095888 0.20381860435009003 1534
1784275095907 0.27371513843536377 1535
1784275095924 0.14697442948818207 1536
1784275095943 0.5833681225776672 1537
1784275095962 0.2819035053253174 1538
1784275095980 0.44122105836868286 1539
1784275095998 0.5141265392303467 1540
1784275096018 0.4107687771320343 1541
1784275096037 0.43293237686157227 1542
1784275096056 0.25768598914146423 1543
1784275096074 0.4318283796310425 1544
1784275096094 0.2327626496553421 1545
1784275096113 0.12037575989961624 1546
1784275096134 0.21144413948059082 1547
1784275096152 0.3883110582828522 1548
1784275096171 0.5951014161109924 1549
1784275096189 0.3018759489059448 1550
1784275096210 0.29200851917266846 1551
1784275096229 0.16900506615638733 1552
1784275096247 0.3133472502231598 1553
1784275096265 0.24455824494361877 1554
1784275096281 0.732174277305603 1555
1784275096299 0.13418298959732056 1556
1784275096317 0.429551899433136 1557
1784275096334 0.37390103936195374 1558
1784275096351 0.15393419563770294 1559
1784275096368 0.14561966061592102 1560
1784275096384 0.35376572608947754 1561
1784275096402 0.3660030663013458 1562
1784275096419 0.8611934185028076 1563
1784275096438 0.6025687456130981 1564
1784275096457 0.35124921798706055 1565
1784275096476 0.22503460943698883 1566
1784275096494 0.8184782862663269 1567
1784275096515 0.37404394149780273 1568
1784275096531 0.3465087413787842 1569
1784275096547 0.5857521891593933 1570
1784275096565 0.24024929106235504 1571
1784275096582 0.3678807318210602 1572
1784275096604 0.4282093942165375 1573
1784275096622 0.38266658782958984 1574
1784275096640 0.4869635999202728 1575
1784275096662 0.37050944566726685 1576
1784275096684 0.37547048926353455 1577
1784275096708 0.3632512390613556 1578
1784275096729 0.6044503450393677 1579
1784275096751 0.4275531470775604 1580
1784275096771 0.3530696928501129 1581
1784275096795 0.3902968466281891 1582
1784275096816 0.22616717219352722 1583
1784275096837 0.2959560751914978 1584
1784275096860 0.25344088673591614 1585
1784275096880 0.30220046639442444 1586
1784275096899 0.30583223700523376 1587
1784275096918 0.4780305325984955 1588
1784275096938 0.21669206023216248 1589
1784275096958 0.4520367383956909 1590
1784275096983 0.3743848502635956 1591
1784275097004 0.14019060134887695 1592
1784275097025 0.23721548914909363 1593
1784275097047 0.5577800273895264 1594
1784275097066 0.5471886396408081 1595
1784275097088 0.35815536975860596 1596
1784275097115 0.33083009719848633 1597
1784275097133 0.4946371018886566 1598
1784275097152 0.4412229657173157 1599
1784275097172 0.23329009115695953 1600
1784275097193 0.22043617069721222 1601
1784275097212 0.8253013491630554 1602
1784275097234 0.45768386125564575 1603
1784275097255 0.47086450457572937 1604
1784275097272 0.14009059965610504 1605
1784275097289 0.475033164024353 1606
1784275097309 0.6952424049377441 1607
1784275097328 0.3057630658149719 1608
1784275097345 0.45463424921035767 1609
1784275097362 0.3361561596393585 1610
1784275097381 0.2880764901638031 1611
1784275097399 0.46304839849472046 1612
1784275097417 1.0231891870498657 1613
1784275097435 0.43010520935058594 1614
1784275097453 0.41626131534576416 1615
1784275097469 0.2147122621536255 1616
1784275097485 0.5758351683616638 1617
1784275097502 0.24825572967529297 1618
1784275097519 0.4314841330051422 1619
1784275097536 0.37148162722587585 1620
1784275097555 0.3335408866405487 1621
1784275097572 0.3927533030509949 1622
1784275097591 0.5958532094955444 1623
1784275097613 0.4405106008052826 1624
1784275097633 0.11675843596458435 1625
1784275097651 0.3037319779396057 1626
1784275097669 0.6124101877212524 1627
1784275097688 0.23562075197696686 1628
1784275097709 0.3578634262084961 1629
1784275097729 0.1463843286037445 1630
1784275097750 0.2582606375217438 1631
1784275097769 0.23421786725521088 1632
1784275097787 0.320062518119812 1633
1784275097806 0.28220030665397644 1634
1784275097824 0.39186838269233704 1635
1784275097848 0.6349096298217773 1636
1784275097871 0.3511671721935272 1637
1784275097895 0.15058189630508423 1638
1784275097915 0.33971932530403137 1639
1784275097942 0.24256789684295654 1640
1784275097968 0.24828052520751953 1641
1784275097993 0.5199657082557678 1642
1784275098018 0.17240267992019653 1643
1784275098039 0.3455818295478821 1644
1784275098063 0.24737775325775146 1645
1784275098085 0.26470711827278137 1646
1784275098105 0.4375200569629669 1647
1784275098125 0.37706801295280457 1648
1784275098145 0.32469213008880615 1649
1784275098169 0.47596317529678345 1650
1784275098189 0.43089768290519714 1651
1784275098210 0.2980853319168091 1652
1784275098229 0.30754125118255615 1653
1784275098249 0.3657075762748718 1654
1784275098267 0.39544594287872314 1655
1784275098288 0.394494891166687 1656
1784275098311 0.12622809410095215 1657
1784275098329 0.5922839641571045 1658
1784275098350 0.605510413646698 1659
1784275098370 0.4123387336730957 1660
1784275098388 0.15518344938755035 1661
1784275098410 0.29527556896209717 1662
1784275098431 0.18598583340644836 1663
1784275098449 0.3930004835128784 1664
1784275098467 0.24445512890815735 1665
1784275098488 0.39341065287590027 1666
1784275098514 0.7542669773101807 1667
1784275098543 0.473818302154541 1668
1784275098570 0.5122292637825012 1669
1784275098598 0.7309111952781677 1670
1784275098621 0.4498814642429352 1671
1784275098644 0.19997619092464447 1672
1784275098662 0.5812018513679504 1673
1784275098679 0.1896934062242508 1674
1784275098699 0.4507554769515991 1675
1784275098724 0.4243582785129547 1676
1784275098746 0.3705844581127167 1677
1784275098770 0.5334329605102539 1678
1784275098790 0.43578091263771057 1679
1784275098810 0.14240942895412445 1680
1784275098829 0.29525765776634216 1681
1784275098851 0.2761286497116089 1682
1784275098871 0.5760884284973145 1683
1784275098890 0.3465713858604431 1684
1784275098912 0.4234195053577423 1685
1784275098934 0.44778111577033997 1686
1784275098955 0.15680667757987976 1687
1784275098976 0.2981160283088684 1688
1784275098998 0.3074878752231598 1689
1784275099018 0.3235441744327545 1690
1784275099039 0.4330183267593384 1691
1784275099061 0.32367363572120667 1692
1784275099084 0.6781404614448547 1693
1784275099105 0.2349013388156891 1694
1784275099126 0.3042530119419098 1695
1784275099146 0.3444306552410126 1696
1784275099167 0.28278055787086487 1697
1784275099189 0.22963926196098328 1698
1784275099210 0.37109020352363586 1699
1784275099230 0.3690570592880249 1700
1784275099250 0.2067805379629135 1701
1784275099269 0.6352406740188599 1702
1784275099290 0.292773574590683 1703
1784275099311 0.40059930086135864 1704
1784275099333 0.305821031332016 1705
1784275099352 0.17864422500133514 1706
1784275099372 0.25947487354278564 1707
1784275099395 0.48277321457862854 1708
1784275099415 0.6519181132316589 1709
1784275099433 0.5981082916259766 1710
1784275099451 0.36203014850616455 1711
1784275099469 0.322546124458313 1712
1784275099487 0.4556228220462799 1713
1784275099505 0.18064916133880615 1714
1784275099522 0.19775190949440002 1715
1784275099548 0.17643719911575317 1716
1784275099567 0.5200658440589905 1717
1784275099584 0.2495557963848114 1718
1784275099602 0.3960305452346802 1719
1784275099619 0.3664349615573883 1720
1784275099639 0.18643967807292938 1721
1784275099659 0.3238318860530853 1722
1784275099679 0.1581568419933319 1723
1784275099700 0.26957449316978455 1724
1784275099721 0.29268479347229004 1725
1784275099740 0.23738092184066772 1726
1784275099759 0.27644866704940796 1727
1784275099778 0.2765989601612091 1728
1784275099797 0.7257614135742188 1729
1784275099821 0.38255050778388977 1730
1784275099846 0.33568075299263 1731
1784275099868 0.5079640746116638 1732
1784275099888 0.24977847933769226 1733
1784275099909 0.4367082417011261 1734
1784275099928 0.3445092439651489 1735
1784275099947 0.4688680171966553 1736
1784275099965 0.16796739399433136 1737
1784275099986 0.29953598976135254 1738
1784275100005 0.4656985104084015 1739
1784275100022 0.13499081134796143 1740
1784275100046 0.4897109568119049 1741
1784275100067 0.3338632881641388 1742
1784275100088 0.39448606967926025 1743
1784275100107 0.2814854383468628 1744
1784275100127 0.2553098499774933 1745
1784275100148 0.3841783404350281 1746
1784275100165 0.5211759805679321 1747
1784275100187 0.3152244985103607 1748
1784275100207 0.48273149132728577 1749
1784275100235 0.22031956911087036 1750
1784275100266 0.1103355884552002 1751
1784275100295 0.29198968410491943 1752
1784275100395 0.25442323088645935 1753
1784275100421 0.6938498616218567 1754
1784275100443 0.37931933999061584 1755
1784275100469 0.2977170944213867 1756
1784275100499 0.3458532691001892 1757
1784275100529 0.3080049157142639 1758
1784275100555 0.5403896570205688 1759
1784275100580 0.5318900942802429 1760
1784275100599 0.2213003933429718 1761
1784275100637 0.48280832171440125 1762
1784275100655 0.22202228009700775 1763
1784275100674 0.3224802017211914 1764
1784275100692 0.43737852573394775 1765
1784275100717 0.4571499228477478 1766
1784275100740 0.5726609230041504 1767
1784275100759 0.1634821593761444 1768
1784275100778 0.3194539248943329 1769
1784275100796 0.28307417035102844 1770
1784275100819 0.24487268924713135 1771
1784275100840 0.20472517609596252 1772
1784275100859 0.45446446537971497 1773
1784275100876 0.2040354311466217 1774
1784275100898 0.1575097292661667 1775
1784275100916 0.44665002822875977 1776
1784275100936 0.43533268570899963 1777
1784275100954 0.4083414375782013 1778
1784275100971 0.3035898506641388 1779
1784275100990 0.16855502128601074 1780
1784275101010 0.44703948497772217 1781
1784275101030 0.6648245453834534 1782
1784275101049 0.18466773629188538 1783
1784275101066 0.2683074176311493 1784
1784275101083 0.45451489090919495 1785
1784275101102 0.3305642008781433 1786
1784275101120 0.6142815351486206 1787
1784275101138 0.11165635287761688 1788
1784275101156 0.3987830579280853 1789
1784275101173 0.5613336563110352 1790
1784275101194 0.29157590866088867 1791
1784275101213 0.3857284188270569 1792
1784275101233 0.1895783692598343 1793
1784275101252 0.3883821666240692 1794
1784275101270 0.15190443396568298 1795
1784275101289 0.3132607340812683 1796
1784275101308 0.46184810996055603 1797
1784275101325 0.295768678188324 1798
1784275101344 0.4127958416938782 1799
1784275101360 0.14982162415981293 1800
1784275101377 0.3274880647659302 1801
1784275101394 0.12345153093338013 1802
1784275101411 0.3173317015171051 1803
1784275101428 0.1993739753961563 1804
1784275101447 0.1616339385509491 1805
1784275101464 0.3034725487232208 1806
1784275101481 0.17550301551818848 1807
1784275101498 0.20659905672073364 1808
1784275101515 0.2575233280658722 1809
1784275101531 0.3413449227809906 1810
1784275101551 0.20597988367080688 1811
1784275101568 0.31118595600128174 1812
1784275101585 0.17249159514904022 1813
1784275101603 0.4702799320220947 1814
1784275101630 0.35095036029815674 1815
1784275101648 0.3044854700565338 1816
1784275101666 0.2891424894332886 1817
1784275101683 0.1576978862285614 1818
1784275101700 0.11002914607524872 1819
1784275101717 0.30712419748306274 1820
1784275101733 0.24355226755142212 1821
1784275101751 0.19851863384246826 1822
1784275101768 0.3634518086910248 1823
1784275101785 0.17357629537582397 1824
1784275101803 0.1458878070116043 1825
1784275101822 0.3136011064052582 1826
1784275101840 0.36463096737861633 1827
1784275101857 0.2764793932437897 1828
1784275101877 0.2165324091911316 1829
1784275101896 0.4655374586582184 1830
1784275101916 0.4813186228275299 1831
1784275101936 0.4038778245449066 1832
1784275101954 0.26698073744773865 1833
1784275101971 0.6918307542800903 1834
1784275101991 0.2460639476776123 1835
1784275102008 0.3482244610786438 1836
1784275102028 0.5339964032173157 1837
1784275102045 0.27227506041526794 1838
1784275102061 0.2611462473869324 1839
1784275102080 0.4558265805244446 1840
1784275102099 0.2625523805618286 1841
1784275102117 0.4134191870689392 1842
1784275102135 0.3096931576728821 1843
1784275102155 0.32036638259887695 1844
1784275102175 0.3591170608997345 1845
1784275102193 0.672921895980835 1846
1784275102211 0.33569851517677307 1847
1784275102229 0.49291080236434937 1848
1784275102248 0.3143272399902344 1849
1784275102266 0.1322823464870453 1850
1784275102281 0.3092871904373169 1851
1784275102299 0.5736554861068726 1852
1784275102316 0.6190853714942932 1853
1784275102334 0.5954912304878235 1854
1784275102352 0.4127907156944275 1855
1784275102368 0.46314737200737 1856
1784275102386 0.3731248378753662 1857
1784275102403 0.19954505562782288 1858
1784275102421 0.7383440136909485 1859
1784275102439 0.6368085741996765 1860
1784275102456 0.22345224022865295 1861
1784275102474 0.9423134326934814 1862
1784275102493 0.562430202960968 1863
1784275102513 0.2184547632932663 1864
1784275102538 0.28958848118782043 1865
1784275102560 0.5365937352180481 1866
1784275102578 0.371043860912323 1867
1784275102597 0.1797747164964676 1868
1784275102616 0.28511014580726624 1869
1784275102632 0.2466498613357544 1870
1784275102650 0.13983199000358582 1871
1784275102666 0.40389910340309143 1872
1784275102684 0.7455520033836365 1873
1784275102700 0.19096174836158752 1874
1784275104255 0.48120614886283875 1875
1784275104279 0.3069387972354889 1876
1784275104305 0.49696189165115356 1877
1784275104327 0.6139371991157532 1878
1784275104348 0.41002756357192993 1879
1784275104370 0.31709304451942444 1880
1784275104390 0.5021663904190063 1881
1784275104414 0.44391822814941406 1882
1784275104438 0.39826589822769165 1883
1784275104460 0.19506335258483887 1884
1784275104484 0.3693951666355133 1885
1784275104503 0.2912399470806122 1886
1784275104521 0.4091971814632416 1887
1784275104541 0.5369142293930054 1888
1784275104560 0.17853739857673645 1889
1784275104579 0.43330734968185425 1890
1784275104598 0.4366942346096039 1891
1784275104617 0.45013102889060974 1892
1784275104635 0.2793060839176178 1893
1784275104651 0.36967000365257263 1894
1784275104669 0.2235630601644516 1895
1784275104688 0.4448354244232178 1896
1784275104709 0.30629345774650574 1897
1784275104725 0.805565357208252 1898
1784275104745 0.5169306993484497 1899
1784275104767 0.3724694848060608 1900
1784275104787 0.34004148840904236 1901
1784275104810 0.1644112467765808 1902
1784275104832 0.22485356032848358 1903
1784275104850 0.17993199825286865 1904
1784275104866 0.32499951124191284 1905
1784275104884 0.1917651742696762 1906
1784275104903 0.3353659510612488 1907
1784275104921 0.26331642270088196 1908
1784275104941 0.377323716878891 1909
1784275104959 0.31273379921913147 1910
1784275104977 0.17814460396766663 1911
1784275104997 0.3257720172405243 1912
1784275105016 0.23243829607963562 1913
1784275105034 0.384392112493515 1914
1784275105054 0.33218109607696533 1915
1784275105077 0.5121430158615112 1916
1784275105098 0.3822929859161377 1917
1784275105117 0.13815224170684814 1918
1784275105138 0.4037918448448181 1919
1784275105157 0.1746235340833664 1920
1784275105178 0.1992693841457367 1921
1784275105200 0.1565295308828354 1922
1784275105218 0.3714529573917389 1923
1784275105238 0.23627100884914398 1924
1784275105257 0.8414434194564819 1925
1784275105278 0.3891846239566803 1926
1784275105296 0.2563886046409607 1927
1784275105315 0.25295791029930115 1928
1784275105334 0.1785883754491806 1929
1784275105353 0.39407193660736084 1930
1784275105372 0.1158611923456192 1931
1784275105388 0.5079236626625061 1932
1784275105406 0.17637495696544647 1933
1784275105431 0.8384755849838257 1934
1784275105448 0.1711443066596985 1935
1784275105465 0.34110939502716064 1936
1784275105481 0.3193286657333374 1937
1784275105498 0.15840274095535278 1938
1784275105516 0.39455556869506836 1939
1784275105535 0.19155535101890564 1940
1784275105554 0.3821524679660797 1941
1784275105570 0.28919896483421326 1942
1784275105589 0.3508972227573395 1943
1784275105609 0.21382351219654083 1944
1784275105629 0.36626359820365906 1945
1784275105646 0.5446470975875854 1946
1784275105663 0.4058498442173004 1947
1784275105681 0.2821345031261444 1948
1784275105698 0.2430051565170288 1949
1784275105716 0.159073606133461 1950
1784275105733 0.24116641283035278 1951
1784275105750 0.4218364357948303 1952
1784275105767 0.3311155438423157 1953
1784275105784 0.4533596932888031 1954
1784275105801 0.42286938428878784 1955
1784275105817 0.2747593820095062 1956
1784275105837 0.23015230894088745 1957
1784275105854 0.14800475537776947 1958
1784275105873 0.3618346154689789 1959
1784275105891 0.4436291456222534 1960
1784275105908 0.3510020077228546 1961
1784275105925 0.7536203861236572 1962
1784275105943 0.39130690693855286 1963
1784275105960 0.38690441846847534 1964
1784275105975 0.5789052844047546 1965
1784275105992 0.20930181443691254 1966
1784275106009 0.44231680035591125 1967
1784275106026 0.2460021823644638 1968
1784275106046 0.36614418029785156 1969
1784275106063 0.24320916831493378 1970
1784275106079 0.13026538491249084 1971
1784275106098 0.2472146451473236 1972
1784275106116 0.2535242438316345 1973
1784275106134 0.2283850610256195 1974
1784275106151 0.40069058537483215 1975
1784275106170 0.15681062638759613 1976
1784275106188 0.20519091188907623 1977
1784275106204 0.5277534127235413 1978
1784275106221 0.32368528842926025 1979
1784275106240 0.3766283094882965 1980
1784275106258 0.5638328194618225 1981
1784275106276 0.2776322066783905 1982
1784275106292 0.46410655975341797 1983
1784275106309 0.39246174693107605 1984
1784275106328 0.5181899070739746 1985
1784275106392 0.31494274735450745 1986
1784275106422 0.0782400593161583 1987
1784275106440 0.2480648010969162 1988
1784275106458 0.22955329716205597 1989
1784275106474 0.22103667259216309 1990
1784275106492 0.2926977872848511 1991
1784275106509 0.49112004041671753 1992
1784275106528 0.15979689359664917 1993
1784275106546 0.14724406599998474 1994
1784275106563 0.32560718059539795 1995
1784275106579 0.18237318098545074 1996
1784275106597 0.9592761397361755 1997
1784275106614 0.20549951493740082 1998
1784275106632 0.40548670291900635 1999
1784275106649 0.7023828625679016 2000
1784275106666 0.49542421102523804 2001
1784275106682 0.43055588006973267 2002
1784275106699 0.11399488896131516 2003
1784275106719 0.36291155219078064 2004
1784275106737 0.36907076835632324 2005
1784275106755 0.2032979279756546 2006
1784275106773 0.23635217547416687 2007
1784275106793 0.29813987016677856 2008
1784275106810 0.5050122141838074 2009
1784275106828 0.34512680768966675 2010
1784275106848 0.7066324353218079 2011
1784275106866 0.38435712456703186 2012
1784275106885 0.1494697481393814 2013
1784275106904 0.6296982765197754 2014
1784275106922 0.3635837137699127 2015
1784275106942 0.15006355941295624 2016
1784275106962 0.5006551146507263 2017
1784275106984 0.7548951506614685 2018
1784275107008 0.24756671488285065 2019
1784275107028 0.260322630405426 2020
1784275107049 0.16179004311561584 2021
1784275107067 0.2116721272468567 2022
1784275107086 0.3014940619468689 2023
1784275107106 0.28884753584861755 2024
1784275107125 0.07068472355604172 2025
1784275107145 0.21011009812355042 2026
1784275107162 0.338833212852478 2027
1784275107182 0.3937719464302063 2028
1784275107200 0.20789052546024323 2029
1784275107217 0.4828440546989441 2030
1784275107235 0.4461438059806824 2031
1784275107254 0.13463962078094482 2032
1784275107269 0.32530438899993896 2033
1784275107287 0.27226635813713074 2034
1784275107305 0.47607019543647766 2035
1784275107322 0.2908976078033447 2036
1784275107339 0.48995518684387207 2037
1784275107357 0.2554124891757965 2038
1784275107376 0.1661362648010254 2039
1784275107395 0.179651141166687 2040
1784275107415 0.34609267115592957 2041
1784275107432 0.28156405687332153 2042
1784275107449 0.21365629136562347 2043
1784275107468 0.11127163469791412 2044
1784275107485 0.3946874141693115 2045
1784275107504 0.3735823631286621 2046
1784275107522 0.47530901432037354 2047
1784275107539 0.3206097483634949 2048
1784275107554 0.15671956539154053 2049
1784275107570 0.2635422646999359 2050
1784275107587 0.32465147972106934 2051
1784275107605 0.20633669197559357 2052
1784275107625 0.23188529908657074 2053
1784275107649 0.31958431005477905 2054
1784275107666 0.16841697692871094 2055
1784275107684 0.23043815791606903 2056
1784275107704 0.23528718948364258 2057
1784275107724 0.4844808876514435 2058
1784275107741 0.2417321801185608 2059
1784275107758 0.20656634867191315 2060
1784275107775 0.08906188607215881 2061
1784275107792 0.06780820339918137 2062
1784275107809 0.2732156813144684 2063
1784275107828 0.2562400698661804 2064
1784275107847 0.43484923243522644 2065
1784275107864 0.34683603048324585 2066
1784275107882 0.21876013278961182 2067
1784275107898 0.36799436807632446 2068
1784275107916 0.2086765617132187 2069
1784275107932 0.09287505596876144 2070
1784275107949 0.3940292000770569 2071
1784275107972 0.2724672853946686 2072
1784275107989 0.3937346339225769 2073
1784275108005 0.6398398876190186 2074
1784275108023 0.35030943155288696 2075
1784275108040 0.3318021893501282 2076
1784275108057 0.40281441807746887 2077
1784275108072 0.1852169781923294 2078
1784275108091 0.5513242483139038 2079
1784275108110 0.3154957592487335 2080
1784275108127 0.19653554260730743 2081
1784275108142 0.17395097017288208 2082
1784275108157 0.2905923128128052 2083
1784275108172 0.32739734649658203 2084
1784275108188 0.3731449842453003 2085
1784275108207 0.19457091391086578 2086
1784275108223 0.35975754261016846 2087
1784275108239 0.1322920322418213 2088
1784275108256 0.3069840371608734 2089
1784275108273 0.4864676296710968 2090
1784275108294 0.5630286931991577 2091
1784275108312 0.36936408281326294 2092
1784275108330 0.27844369411468506 2093
1784275108348 0.5946195125579834 2094
1784275108365 0.20283901691436768 2095
1784275108384 0.12781916558742523 2096
1784275108402 0.27660632133483887 2097
1784275108423 0.2857504189014435 2098
1784275108440 0.5718430876731873 2099
1784275108456 0.26731106638908386 2100
1784275108472 0.09784101694822311 2101
1784275108488 0.6746506690979004 2102
1784275108506 0.26861071586608887 2103
1784275108522 0.37106096744537354 2104
1784275108541 0.19427485764026642 2105
1784275108559 0.3017733097076416 2106
1784275108575 0.654619574546814 2107
1784275108593 0.2026071548461914 2108
1784275108610 0.3436815142631531 2109
1784275108627 0.5373086929321289 2110
1784275108645 0.7255138754844666 2111
1784275108662 0.4357357919216156 2112
1784275108682 0.6116902232170105 2113
1784275108698 0.36208564043045044 2114
1784275108715 0.18540333211421967 2115
1784275108732 0.3329065442085266 2116
1784275108748 0.6835853457450867 2117
1784275108766 0.2534489333629608 2118
1784275108782 0.33037739992141724 2119
1784275108801 0.11461146920919418 2120
1784275108820 0.20622456073760986 2121
1784275108837 0.2735144793987274 2122
1784275108854 0.46936193108558655 2123
1784275108873 0.2525535225868225 2124
1784275108905 0.48673945665359497 2125
1784275108924 0.5303246974945068 2126
1784275108940 0.34252476692199707 2127
1784275108956 0.6427647471427917 2128
1784275108972 0.307617723941803 2129
1784275108989 0.14144288003444672 2130
1784275109006 0.21542243659496307 2131
1784275109025 0.29525089263916016 2132
1784275109041 0.5787851214408875 2133
1784275109056 0.6185729503631592 2134
1784275109071 0.16424442827701569 2135
1784275109090 0.2658712863922119 2136
1784275109106 0.380425363779068 2137
1784275109124 0.2688014805316925 2138
1784275109141 0.4041546583175659 2139
1784275109157 0.28418275713920593 2140
1784275109177 0.32867810130119324 2141
1784275109195 0.2925511598587036 2142
1784275109217 0.331905335187912 2143
1784275109239 1.2416987419128418 2144
1784275109262 0.14412590861320496 2145
1784275109285 0.16617341339588165 2146
1784275109304 0.27591651678085327 2147
1784275109325 0.20275261998176575 2148
1784275109345 0.391697496175766 2149
1784275109363 0.16472242772579193 2150
1784275109381 0.3994206190109253 2151
1784275109398 0.2853041887283325 2152
1784275109417 0.42019325494766235 2153
1784275109436 0.45989516377449036 2154
1784275109453 0.3050882816314697 2155
1784275109471 0.4507686197757721 2156
1784275109490 0.2706388235092163 2157
1784275109507 0.1804439276456833 2158
1784275109527 0.5504425764083862 2159
1784275109544 0.35878604650497437 2160
1784275109563 0.3536985516548157 2161
1784275109581 0.4494459331035614 2162
1784275109600 0.26505041122436523 2163
1784275109618 0.649622917175293 2164
1784275109637 0.5886058211326599 2165
1784275109655 0.3374479115009308 2166
1784275109674 0.5652333498001099 2167
1784275109692 0.43337154388427734 2168
1784275109711 0.5446347594261169 2169
1784275109728 0.2506306767463684 2170
1784275109746 0.29945993423461914 2171
1784275109763 0.1544889211654663 2172
1784275109780 0.25082826614379883 2173
1784275109798 0.22326378524303436 2174
1784275109815 0.17498040199279785 2175
1784275109832 0.3698716163635254 2176
1784275109849 0.5113612413406372 2177
1784275109868 0.37004679441452026 2178
1784275109883 0.25231611728668213 2179
1784275109900 0.23816730082035065 2180
1784275109921 0.38948261737823486 2181
1784275109938 0.5978764891624451 2182
1784275109954 0.34652337431907654 2183
1784275109969 0.5069410800933838 2184
1784275109987 0.24369680881500244 2185
1784275110003 0.11892333626747131 2186
1784275110020 0.4037216603755951 2187
1784275110037 0.2013804167509079 2188
1784275110053 0.3087157607078552 2189
1784275110068 0.18473048508167267 2190
1784275110085 0.2565753757953644 2191
1784275110103 0.43779948353767395 2192
1784275110120 0.09242352843284607 2193
1784275110136 0.3400185704231262 2194
1784275110152 0.8426323533058167 2195
1784275110171 0.19274908304214478 2196
1784275110188 0.26632651686668396 2197
1784275110205 0.4267163872718811 2198
1784275110223 0.6450021266937256 2199
1784275110241 0.19340147078037262 2200
1784275110261 0.23268894851207733 2201
1784275110280 0.19970692694187164 2202
1784275110301 0.44734352827072144 2203
1784275110317 0.30139589309692383 2204
1784275110333 0.2736619710922241 2205
1784275110349 0.1604369580745697 2206
1784275110365 0.4408506453037262 2207
1784275110381 0.37097880244255066 2208
1784275110398 0.14023412764072418 2209
1784275110416 0.10060422122478485 2210
1784275110433 0.16179613769054413 2211
1784275110451 0.170767143368721 2212
1784275110470 0.34914201498031616 2213
1784275110487 0.3175748288631439 2214
1784275110506 0.6316781044006348 2215
1784275110522 0.24394355714321136 2216
1784275110540 0.15442919731140137 2217
1784275110557 0.26448923349380493 2218
1784275110575 0.13348202407360077 2219
1784275110593 0.2556944191455841 2220
1784275110612 0.5303906202316284 2221
1784275110630 0.2515566349029541 2222
1784275110646 0.36715513467788696 2223
1784275110663 0.20405147969722748 2224
1784275110681 0.4582539498806 2225
1784275110698 1.0680445432662964 2226
1784275110715 0.22282864153385162 2227
1784275110733 0.3637663424015045 2228
1784275110750 0.15390856564044952 2229
1784275110766 0.4710618555545807 2230
1784275110783 0.23698927462100983 2231
1784275110799 0.4864962697029114 2232
1784275110818 0.23382382094860077 2233
1784275110836 0.2867354154586792 2234
1784275110854 0.17228347063064575 2235
1784275110871 0.10244426131248474 2236
1784275110889 0.2902143895626068 2237
1784275110906 0.49817323684692383 2238
1784275110923 0.24560563266277313 2239
1784275110939 0.32147467136383057 2240
1784275110956 0.25142261385917664 2241
1784275110975 0.0922682136297226 2242
1784275110994 0.12447948753833771 2243
1784275111012 0.5125121474266052 2244
1784275111030 0.24698974192142487 2245
1784275111047 0.3683543801307678 2246
1784275111066 0.3840479552745819 2247
1784275111085 0.23519137501716614 2248
1784275111102 0.42245328426361084 2249
1784275111119 0.11597940325737 2250
1784275111135 0.19413478672504425 2251
1784275111152 0.171708345413208 2252
1784275111170 0.15035347640514374 2253
1784275111185 0.5068578124046326 2254
1784275111202 0.5031495690345764 2255
1784275111219 0.26180732250213623 2256
1784275111236 0.3458421528339386 2257
1784275111253 0.4024488031864166 2258
1784275111269 0.1666792333126068 2259
1784275111287 0.32929864525794983 2260
1784275111305 0.6701077222824097 2261
1784275111324 0.5174136757850647 2262
1784275111339 0.3690735101699829 2263
1784275111354 0.23858821392059326 2264
1784275111372 0.20275510847568512 2265
1784275111389 0.298582524061203 2266
1784275111408 0.45863476395606995 2267
1784275111426 0.47248274087905884 2268
1784275111445 0.2856931686401367 2269
1784275111465 0.3810479938983917 2270
1784275111484 0.2969089448451996 2271
1784275111502 0.35601484775543213 2272
1784275111523 0.13976438343524933 2273
1784275111542 0.38760536909103394 2274
1784275111559 0.3366107940673828 2275
1784275111579 0.2154388725757599 2276
1784275111597 0.44452357292175293 2277
1784275111623 0.3720014691352844 2278
1784275111643 0.6124966144561768 2279
1784275111659 0.20805783569812775 2280
1784275111678 0.500039279460907 2281
1784275111696 0.27895912528038025 2282
1784275111715 0.12439996004104614 2283
1784275111732 0.3461790382862091 2284
1784275111749 0.2544274628162384 2285
1784275111767 0.18374407291412354 2286
1784275111785 0.36623886227607727 2287
1784275111803 0.3248344361782074 2288
1784275111821 0.2723618447780609 2289
1784275111840 0.43361204862594604 2290
1784275111856 0.5766838192939758 2291
1784275111874 0.40681400895118713 2292
1784275111895 0.497480571269989 2293
1784275111914 0.36180874705314636 2294
1784275111933 0.46405285596847534 2295
1784275111951 0.24937768280506134 2296
1784275111969 0.5397143959999084 2297
1784275111985 0.23515546321868896 2298
1784275112005 0.36538660526275635 2299
1784275112025 0.44485917687416077 2300
1784275112043 0.44541773200035095 2301
1784275112062 0.13785973191261292 2302
1784275112082 0.7891756296157837 2303
1784275112102 0.19942720234394073 2304
1784275112122 0.3945366442203522 2305
1784275112139 0.4338255226612091 2306
1784275112160 0.587150514125824 2307
1784275112178 0.5010549426078796 2308
1784275112197 0.1709936261177063 2309
1784275112216 0.25039708614349365 2310
1784275112233 0.19870729744434357 2311
1784275112252 0.09347306936979294 2312
1784275112270 0.3665791451931 2313
1784275112287 0.20752350986003876 2314
1784275112308 0.6102308630943298 2315
1784275112326 0.19638943672180176 2316
1784275112343 0.3904135227203369 2317
1784275112360 0.5470787286758423 2318
1784275112377 0.13278774917125702 2319
1784275112394 0.20239222049713135 2320
1784275112412 0.28778767585754395 2321
1784275112428 0.5760881304740906 2322
1784275112445 0.5435683727264404 2323
1784275112462 0.20669032633304596 2324
1784275112478 0.303402841091156 2325
1784275112496 0.09659072756767273 2326
1784275112513 0.6131975650787354 2327
1784275112530 0.2956995368003845 2328
1784275112547 0.4875192642211914 2329
1784275112566 0.2837313115596771 2330
1784275112585 0.4920417368412018 2331
1784275112602 0.37298232316970825 2332
1784275112619 0.3984431326389313 2333
1784275112637 0.2111188769340515 2334
1784275112653 0.34201183915138245 2335
1784275112670 0.4782652258872986 2336
1784275112689 0.7692481875419617 2337
1784275112707 0.29881957173347473 2338
1784275112725 0.18807151913642883 2339
1784275112744 0.12452003359794617 2340
1784275112762 0.4842865765094757 2341
1784275112780 0.117546945810318 2342
1784275112797 0.42902839183807373 2343
1784275112814 0.19329829514026642 2344
1784275112835 0.3527732491493225 2345
1784275112854 0.8223639130592346 2346
1784275112876 0.26335132122039795 2347
1784275112895 0.10811814665794373 2348
1784275112915 0.3802885413169861 2349
1784275112935 0.6813306212425232 2350
1784275112957 0.49518492817878723 2351
1784275112975 0.35186418890953064 2352
1784275112994 0.4426746070384979 2353
1784275113013 0.37213295698165894 2354
1784275113031 0.17241819202899933 2355
1784275113052 0.22689330577850342 2356
1784275113073 0.2581697404384613 2357
1784275113091 0.18151362240314484 2358
1784275113110 0.1521209180355072 2359
1784275113130 0.29974281787872314 2360
1784275113149 0.3564540147781372 2361
1784275113170 0.15457458794116974 2362
1784275113189 0.3495035469532013 2363
1784275113209 0.4668598175048828 2364
1784275113229 0.31571412086486816 2365
1784275113248 0.34587961435317993 2366
1784275113266 0.36894166469573975 2367
1784275113285 0.2524365484714508 2368
1784275113303 0.11282381415367126 2369
1784275113319 0.3987089991569519 2370
1784275113338 0.4042869806289673 2371
1784275113357 0.3556402623653412 2372
1784275113375 0.10832196474075317 2373
1784275113393 0.1594340056180954 2374
1784275113412 0.3081884980201721 2375
1784275113428 0.5979741215705872 2376
1784275113444 0.15270115435123444 2377
1784275113463 0.1428518295288086 2378
1784275113481 0.23767417669296265 2379
1784275113499 0.3641190230846405 2380
1784275113517 0.47663614153862 2381
1784275113537 0.4973617196083069 2382
1784275113554 0.5010949373245239 2383
1784275113571 0.36742353439331055 2384
1784275113589 0.2004782259464264 2385
1784275113609 0.30987784266471863 2386
1784275113629 0.20216749608516693 2387
1784275113649 0.2617049813270569 2388
1784275113671 0.3480492830276489 2389
1784275113698 0.40420445799827576 2390
1784275113717 0.203831747174263 2391
1784275113739 0.3262125253677368 2392
1784275113763 0.21819590032100677 2393
1784275113783 0.5605873465538025 2394
1784275113801 0.08356691151857376 2395
1784275113823 0.2285342812538147 2396
1784275113841 0.1968623250722885 2397
1784275113860 0.12107262015342712 2398
1784275113880 0.45931124687194824 2399
1784275113896 0.44203734397888184 2400
1784275113913 0.568787157535553 2401
1784275113933 0.2569468021392822 2402
1784275113950 0.13555248081684113 2403
1784275113969 0.1761026829481125 2404
1784275113987 0.44020524621009827 2405
1784275114003 0.4270007908344269 2406
1784275114024 0.43986913561820984 2407
1784275114044 0.3394034206867218 2408
1784275114062 0.22556497156620026 2409
1784275114081 0.15152214467525482 2410
1784275114100 0.24700987339019775 2411
1784275114119 0.06873112171888351 2412
1784275114136 0.30784282088279724 2413
1784275114157 0.4469012916088104 2414
1784275114176 0.19090396165847778 2415
1784275114197 0.18452982604503632 2416
1784275114215 0.14550817012786865 2417
1784275114235 0.17530664801597595 2418
1784275114259 0.5285705924034119 2419
1784275114281 0.3855278491973877 2420
1784275114301 0.14140823483467102 2421
1784275114319 0.2059241533279419 2422
1784275114341 0.13856755197048187 2423
1784275114358 0.4913530945777893 2424
1784275114377 0.45023858547210693 2425
1784275114395 0.10482315719127655 2426
1784275114411 0.29862871766090393 2427
1784275114430 0.13348832726478577 2428
1784275114447 0.6093170642852783 2429
1784275114467 0.13605527579784393 2430
1784275114486 0.7714725136756897 2431
1784275114506 0.044961169362068176 2432
1784275114524 0.2387058585882187 2433
1784275114539 0.40041661262512207 2434
1784275114557 0.2615979313850403 2435
1784275114577 0.3214946687221527 2436
1784275114599 0.4545232355594635 2437
1784275114618 0.6021661162376404 2438
1784275114635 0.3807244896888733 2439
1784275114654 0.400922954082489 2440
1784275114672 0.35945865511894226 2441
1784275114689 0.28166911005973816 2442
1784275114705 0.43540748953819275 2443
1784275114721 0.549562931060791 2444
1784275114738 0.17440420389175415 2445
1784275114755 0.39184048771858215 2446
1784275114776 0.29910749197006226 2447
1784275114794 0.18493309617042542 2448
1784275114811 0.4315521717071533 2449
1784275114831 0.09866319596767426 2450
1784275114849 0.3567182123661041 2451
1784275114869 0.45828139781951904 2452
1784275114890 0.18436287343502045 2453
1784275114910 0.2621111571788788 2454
1784275114929 0.36729735136032104 2455
1784275114947 0.2742423415184021 2456
1784275114965 0.1972227394580841 2457
1784275114985 0.460196316242218 2458
1784275115006 0.17136523127555847 2459
1784275115024 0.585424542427063 2460
1784275115043 0.32295000553131104 2461
1784275115062 0.47844254970550537 2462
1784275115082 0.38114383816719055 2463
1784275115100 0.29358193278312683 2464
1784275115119 0.1465526521205902 2465
1784275115139 0.3055180609226227 2466
1784275115159 0.2131340056657791 2467
1784275115180 0.48744314908981323 2468
1784275115199 0.3406127393245697 2469
1784275115217 0.40527212619781494 2470
1784275115234 0.4312116205692291 2471
1784275115251 0.199906125664711 2472
1784275115270 0.3427843153476715 2473
1784275115288 0.11067517101764679 2474
1784275115306 0.6214184165000916 2475
1784275115324 0.12522684037685394 2476
1784275115342 0.21979570388793945 2477
1784275115359 0.3017326593399048 2478
1784275115375 0.5184049010276794 2479
1784275115391 0.592961311340332 2480
1784275115409 0.37058767676353455 2481
1784275115426 0.2182144671678543 2482
1784275115445 0.5892316699028015 2483
1784275115462 0.6121280789375305 2484
1784275115479 0.10832764953374863 2485
1784275115497 0.15792633593082428 2486
1784275115514 0.4050895571708679 2487
1784275115531 0.21737922728061676 2488
1784275115548 0.364224910736084 2489
1784275115568 0.5310683846473694 2490
1784275115584 0.38136082887649536 2491
1784275115601 0.18084652721881866 2492
1784275115618 0.384014368057251 2493
1784275115636 0.21737265586853027 2494
1784275115652 0.1771390736103058 2495
1784275115669 0.5644992589950562 2496
1784275115686 0.6125171780586243 2497
1784275115706 0.2880992889404297 2498
1784275115724 0.4136362671852112 2499
1784275115741 0.4207580089569092 2500
1784275115759 0.2691262662410736 2501
1784275115778 0.21021714806556702 2502
1784275115797 0.32518962025642395 2503
1784275115815 0.2773132622241974 2504
1784275115833 0.7738828659057617 2505
1784275115849 0.09103042632341385 2506
1784275115867 0.2739282250404358 2507
1784275115884 0.42405903339385986 2508
1784275115903 0.38338372111320496 2509
1784275115925 0.1206190437078476 2510
1784275115945 0.13068510591983795 2511
1784275115964 0.22640366852283478 2512
1784275115985 0.24454735219478607 2513
1784275116007 0.3060325086116791 2514
1784275116025 0.49328887462615967 2515
1784275116044 0.2752695381641388 2516
1784275116061 0.17933759093284607 2517
1784275116078 0.24985934793949127 2518
1784275116096 0.43786898255348206 2519
1784275116114 0.3425660729408264 2520
1784275116131 0.43874025344848633 2521
1784275116148 0.351422518491745 2522
1784275116166 0.2576565146446228 2523
1784275116183 0.20523519814014435 2524
1784275116200 0.39239954948425293 2525
1784275116217 0.23812317848205566 2526
1784275116233 0.6538950204849243 2527
1784275116250 0.19983531534671783 2528
1784275116266 0.09766865521669388 2529
1784275116284 0.5033550262451172 2530
1784275116303 0.2852356731891632 2531
1784275116320 0.2619682550430298 2532
1784275116338 0.29767942428588867 2533
1784275116356 0.8376486897468567 2534
1784275116372 0.08500424772500992 2535
1784275116388 0.5279688835144043 2536
1784275116406 0.31482553482055664 2537
1784275116422 0.27231255173683167 2538
1784275116441 0.21993201971054077 2539
1784275116457 0.6286931037902832 2540
1784275116475 0.43498727679252625 2541
1784275116493 0.30074599385261536 2542
1784275116510 0.3104044497013092 2543
1784275116528 0.17239566147327423 2544
1784275116545 0.1775549352169037 2545
1784275116563 0.253327876329422 2546
1784275116579 0.4248560070991516 2547
1784275116597 0.49816587567329407 2548
1784275116615 0.20086407661437988 2549
1784275116632 0.30350038409233093 2550
1784275116650 0.2628532350063324 2551
1784275116667 0.7088913917541504 2552
1784275116684 0.20280009508132935 2553
1784275116702 0.4421769380569458 2554
1784275116719 0.5419833660125732 2555
1784275116736 0.3297625184059143 2556
1784275116753 0.560386598110199 2557
1784275116770 0.5397909879684448 2558
1784275116790 0.3579072654247284 2559
1784275116808 0.1844528317451477 2560
1784275116825 0.15069326758384705 2561
1784275116841 0.2905158996582031 2562
1784275116860 0.25784528255462646 2563
1784275116877 0.6696443557739258 2564
1784275116895 0.3842456042766571 2565
1784275116912 0.1862586885690689 2566
1784275116931 0.2722425162792206 2567
1784275116948 0.44587409496307373 2568
1784275116965 0.3864496648311615 2569
1784275116982 0.4152788519859314 2570
1784275116999 0.2679193317890167 2571
1784275117016 0.13258089125156403 2572
1784275117035 0.35099467635154724 2573
1784275117051 0.3304082751274109 2574
1784275117068 0.49405843019485474 2575
1784275117086 0.2504103481769562 2576
1784275117102 0.2652209997177124 2577
1784275117119 0.10199876874685287 2578
1784275117137 0.29110240936279297 2579
1784275117153 0.2765711545944214 2580
1784275117172 0.13430063426494598 2581
1784275117191 0.21106849610805511 2582
1784275117207 0.25664329528808594 2583
1784275117223 0.4600335359573364 2584
1784275117238 0.26287007331848145 2585
1784275117253 0.5062981247901917 2586
1784275117268 0.30267155170440674 2587
1784275117286 0.3364550471305847 2588
1784275117304 0.35868316888809204 2589
1784275117322 0.562509298324585 2590
1784275117339 0.4326091706752777 2591
1784275117355 0.49302399158477783 2592
1784275117373 0.13694071769714355 2593
1784275117388 0.6121835112571716 2594
1784275117406 0.33863770961761475 2595
1784275117423 0.9809155464172363 2596
1784275117441 0.33162856101989746 2597
1784275117458 0.30167356133461 2598
1784275117474 0.3329543173313141 2599
1784275117491 0.1511257141828537 2600
1784275117508 0.191320538520813 2601
1784275117526 0.2646368145942688 2602
1784275117542 0.22626793384552002 2603
1784275117560 0.22575098276138306 2604
1784275117577 0.42527395486831665 2605
1784275117594 0.20784986019134521 2606
1784275117612 0.23372453451156616 2607
1784275117629 0.3106827735900879 2608
1784275117647 0.4803832173347473 2609
1784275117664 0.37542009353637695 2610
1784275117681 0.20716078579425812 2611
1784275117699 0.22709161043167114 2612
1784275117715 0.3357335329055786 2613
1784275117734 0.5371353626251221 2614
1784275117752 0.2171199768781662 2615
1784275117771 0.24419213831424713 2616
1784275117789 0.19087068736553192 2617
1784275117807 0.273580402135849 2618
1784275117822 0.3352770507335663 2619
1784275117841 0.2558043897151947 2620
1784275117858 0.427945613861084 2621
1784275117875 0.16843846440315247 2622
1784275117891 0.21027818322181702 2623
1784275117908 0.19329652190208435 2624
1784275117937 0.3380923271179199 2625
1784275117954 0.257953405380249 2626
1784275117972 0.5426281094551086 2627
1784275117990 0.20536360144615173 2628
1784275118006 0.1588323414325714 2629
1784275118024 0.2235337793827057 2630
1784275118041 0.37154996395111084 2631
1784275118058 0.31870466470718384 2632
1784275118076 0.08748375624418259 2633
1784275118095 0.27979958057403564 2634
1784275118112 0.34234896302223206 2635
1784275118131 0.35443711280822754 2636
1784275118151 0.39894747734069824 2637
1784275118171 0.2647300958633423 2638
1784275118193 0.2476983517408371 2639
1784275118212 0.15190136432647705 2640
1784275118231 0.38994401693344116 2641
1784275118249 0.2967556416988373 2642
1784275118267 0.2880585789680481 2643
1784275118285 0.24458059668540955 2644
1784275118305 0.26186832785606384 2645
1784275118322 0.28062477707862854 2646
1784275118343 0.4480418264865875 2647
1784275118363 0.33000436425209045 2648
1784275118381 0.44759029150009155 2649
1784275118397 0.21860884130001068 2650
1784275118415 0.43761804699897766 2651
1784275118435 0.3660193681716919 2652
1784275118453 0.2239430695772171 2653
1784275118475 0.33773690462112427 2654
1784275118495 0.10362672060728073 2655
1784275118512 0.3613412380218506 2656
1784275118531 0.043387483805418015 2657
1784275118548 0.17625349760055542 2658
1784275118566 0.7818139791488647 2659
1784275118585 0.25762617588043213 2660
1784275118604 0.12832683324813843 2661
1784275118623 0.5384092330932617 2662
1784275118641 0.4220295548439026 2663
1784275118658 0.2748554050922394 2664
1784275118674 0.3992067873477936 2665
1784275118691 0.38924020528793335 2666
1784275118710 0.13879887759685516 2667
1784275118726 0.38687658309936523 2668
1784275118745 0.21579676866531372 2669
1784275118761 0.3075997233390808 2670
1784275118779 0.37466466426849365 2671
1784275118797 0.3187783360481262 2672
1784275118815 0.17208395898342133 2673
1784275118831 0.3219638764858246 2674
1784275118849 0.39818495512008667 2675
1784275118865 0.44997406005859375 2676
1784275118882 0.25830280780792236 2677
1784275118903 0.27983608841896057 2678
1784275118922 0.1989404261112213 2679
1784275118939 0.1924060583114624 2680
1784275118956 0.4812922179698944 2681
1784275118973 0.11509508639574051 2682
1784275118990 0.2053757607936859 2683
1784275119007 0.1691095530986786 2684
1784275119024 0.6748749613761902 2685
1784275119040 0.26605483889579773 2686
1784275119057 0.2149440348148346 2687
1784275119074 0.5763907432556152 2688
1784275119093 0.26544132828712463 2689
1784275119110 0.24473534524440765 2690
1784275119128 0.4300065338611603 2691
1784275119146 0.45367488265037537 2692
1784275119164 0.11389453709125519 2693
1784275119181 0.2700178623199463 2694
1784275119199 0.2949957847595215 2695
1784275119217 0.2497912049293518 2696
1784275119234 0.36446326971054077 2697
1784275119252 0.39849182963371277 2698
1784275119268 0.1665428876876831 2699
1784275119284 0.1802377998828888 2700
1784275119300 0.18253032863140106 2701
1784275119316 0.13735279440879822 2702
1784275119333 0.29292353987693787 2703
1784275119349 0.13479401171207428 2704
1784275119367 0.42459625005722046 2705
1784275119386 0.3510549068450928 2706
1784275119403 0.10730521380901337 2707
1784275119422 0.1804649382829666 2708
1784275119438 0.25503402948379517 2709
1784275119456 0.502968430519104 2710
1784275119472 0.31954291462898254 2711
1784275119491 0.42975056171417236 2712
1784275119509 0.3850248456001282 2713
1784275119527 0.24110254645347595 2714
1784275119544 0.2293286770582199 2715
1784275119562 0.30935952067375183 2716
1784275119579 0.33220040798187256 2717
1784275119596 0.7898476123809814 2718
1784275119613 0.5085424184799194 2719
1784275119631 0.17275665700435638 2720
1784275119647 0.2236117720603943 2721
1784275119664 0.4426555931568146 2722
1784275119681 0.4003238081932068 2723
1784275119699 0.30993178486824036 2724
1784275119718 0.34834668040275574 2725
1784275119734 0.21850243210792542 2726
1784275119751 0.33789509534835815 2727
1784275119770 0.26964864134788513 2728
1784275119788 0.20756812393665314 2729
1784275119805 0.4376698434352875 2730
1784275119820 0.3849276900291443 2731
1784275119837 0.22678698599338531 2732
1784275119853 0.6211161613464355 2733
1784275119872 0.08705874532461166 2734
1784275119889 0.29820016026496887 2735
1784275119907 0.3850407004356384 2736
1784275119925 0.14803853631019592 2737
1784275119944 0.34141889214515686 2738
1784275119961 0.3768402338027954 2739
1784275119979 0.2737888991832733 2740
1784275119997 0.22448258101940155 2741
1784275120013 0.18615593016147614 2742
1784275120029 0.28196439146995544 2743
1784275120046 0.14737674593925476 2744
1784275120064 0.25617197155952454 2745
1784275120081 0.1391206681728363 2746
1784275120098 0.20851339399814606 2747
1784275120115 0.105837881565094 2748
1784275120133 0.15831920504570007 2749
1784275120150 0.3667928874492645 2750
1784275120168 0.16393974423408508 2751
1784275120185 0.1629296988248825 2752
1784275120201 0.29371801018714905 2753
1784275120221 0.12190070003271103 2754
1784275120239 0.17068171501159668 2755
1784275120256 0.4889132082462311 2756
1784275120274 0.455392986536026 2757
1784275120292 0.4878312945365906 2758
1784275120309 0.44180917739868164 2759
1784275120327 0.29533472657203674 2760
1784275120344 0.07882090657949448 2761
1784275120364 0.4660031497478485 2762
1784275120385 0.27403104305267334 2763
1784275120404 0.24659641087055206 2764
1784275120426 0.35381755232810974 2765
1784275120446 0.21906644105911255 2766
1784275120465 0.43303072452545166 2767
1784275120483 0.27070948481559753 2768
1784275120501 0.25686994194984436 2769
1784275120519 0.4814727306365967 2770
1784275120535 0.3084469437599182 2771
1784275120554 0.19261927902698517 2772
1784275120572 0.2289947122335434 2773
1784275120588 0.23139184713363647 2774
1784275120606 0.12243330478668213 2775
1784275120624 0.5554651618003845 2776
1784275120641 0.16922859847545624 2777
1784275120658 0.6023284792900085 2778
1784275120677 0.51767498254776 2779
1784275120694 0.6026360392570496 2780
1784275120712 0.33021068572998047 2781
1784275120729 0.1347503662109375 2782
1784275120746 0.12467356026172638 2783
1784275120764 0.09245773404836655 2784
1784275120781 0.10157537460327148 2785
1784275120799 0.10800715535879135 2786
1784275120818 0.3147464990615845 2787
1784275120835 0.17378473281860352 2788
1784275120851 0.4817245900630951 2789
1784275120868 0.2560354173183441 2790
1784275120884 0.4998222887516022 2791
1784275120903 0.22094516456127167 2792
1784275120924 0.2592529356479645 2793
1784275120941 0.22882124781608582 2794
1784275120957 0.21926219761371613 2795
1784275120977 0.31640729308128357 2796
1784275120994 0.6012828350067139 2797
1784275121013 0.15486401319503784 2798
1784275121030 0.23743115365505219 2799
1784275121046 0.30575305223464966 2800
1784275121063 0.42517104744911194 2801
1784275121080 0.14911948144435883 2802
1784275121097 0.30776333808898926 2803
1784275121113 0.5369041562080383 2804
1784275121181 0.2543778419494629 2805
1784275121208 0.19992148876190186 2806
1784275121227 0.3256089985370636 2807
1784275121245 0.49143746495246887 2808
1784275121267 0.4516139030456543 2809
1784275121286 0.3274294137954712 2810
1784275121307 0.43188315629959106 2811
1784275121330 0.21406163275241852 2812
1784275121350 0.26460185647010803 2813
1784275121369 0.19045810401439667 2814
1784275121391 0.5179961323738098 2815
1784275121412 0.10379049181938171 2816
1784275121432 0.30174192786216736 2817
1784275121450 0.17572322487831116 2818
1784275121470 0.26772013306617737 2819
1784275121489 0.34340986609458923 2820
1784275121507 0.2638610899448395 2821
1784275121527 0.52199786901474 2822
1784275121546 0.2607346475124359 2823
1784275121564 0.21311181783676147 2824
1784275121582 0.4130067825317383 2825
1784275121602 0.176950141787529 2826
1784275121621 0.3593519330024719 2827
1784275121641 0.1895194947719574 2828
1784275121659 0.2183241993188858 2829
1784275121678 0.278621107339859 2830
1784275121697 0.08531506359577179 2831
1784275121717 0.08728748559951782 2832
1784275121733 0.2228350192308426 2833
1784275121751 0.11402150243520737 2834
1784275121768 0.10542137920856476 2835
1784275121785 0.3949637711048126 2836
1784275121804 0.14312352240085602 2837
1784275121824 0.2382461130619049 2838
1784275121840 0.22512923181056976 2839
1784275121858 0.08922247588634491 2840
1784275121876 0.3837842345237732 2841
1784275121895 0.2883170545101166 2842
1784275121914 0.17284902930259705 2843
1784275121933 0.2537912130355835 2844
1784275121952 0.23846952617168427 2845
1784275121969 0.3466314673423767 2846
1784275121987 0.23943021893501282 2847
1784275122004 0.13016662001609802 2848
1784275122024 0.3762544095516205 2849
1784275122041 0.30540186166763306 2850
1784275122058 0.30550438165664673 2851
1784275122078 0.13749083876609802 2852
1784275122096 0.35546615719795227 2853
1784275122112 0.2536042034626007 2854
1784275122129 0.3052752912044525 2855
1784275122148 0.09089384973049164 2856
1784275122166 0.08321354538202286 2857
1784275122186 0.12606234848499298 2858
1784275122203 0.3109646737575531 2859
1784275122221 0.21561340987682343 2860
1784275122236 0.26250752806663513 2861
1784275122253 0.26717957854270935 2862
1784275122270 0.35553237795829773 2863
1784275122287 0.1149841696023941 2864
1784275122304 0.29679787158966064 2865
1784275122322 0.2930806875228882 2866
1784275122338 0.48524850606918335 2867
1784275122355 0.3180220127105713 2868
1784275122372 0.26409533619880676 2869
1784275122393 0.19881469011306763 2870
1784275122411 0.4297340512275696 2871
1784275122429 0.4871271550655365 2872
1784275122447 0.5155408382415771 2873
1784275122462 0.1737861931324005 2874
1784275122477 0.11868638545274734 2875
1784275122494 0.4059152901172638 2876
1784275122511 0.3851936459541321 2877
1784275122528 0.16195669770240784 2878
1784275122545 0.1717982441186905 2879
1784275122562 0.33918336033821106 2880
1784275122581 0.37885841727256775 2881
1784275122601 0.42601320147514343 2882
1784275122624 0.31051313877105713 2883
1784275122645 0.12193919718265533 2884
1784275122666 0.2892022728919983 2885
1784275122685 0.4128526747226715 2886
1784275122701 0.32196372747421265 2887
1784275122720 0.24229319393634796 2888
1784275122739 0.29382458329200745 2889
1784275122758 0.5528053045272827 2890
1784275122780 0.5544693470001221 2891
1784275122802 0.3587418794631958 2892
1784275122823 0.18463025987148285 2893
1784275122844 0.19390685856342316 2894
1784275122866 0.46471965312957764 2895
1784275122885 0.10190660506486893 2896
1784275122905 0.29463717341423035 2897
1784275122925 0.23131506145000458 2898
1784275122945 0.3214174211025238 2899
1784275122963 0.18820719420909882 2900
1784275122983 0.10790309309959412 2901
1784275123001 0.16233117878437042 2902
1784275123020 0.36393094062805176 2903
1784275123038 0.3127231299877167 2904
1784275123058 0.07975434511899948 2905
1784275123076 0.28821444511413574 2906
1784275123094 0.15861549973487854 2907
1784275123113 0.6321345567703247 2908
1784275123132 0.16433805227279663 2909
1784275123154 0.18275777995586395 2910
1784275123173 0.2204200178384781 2911
1784275123194 0.19687528908252716 2912
1784275123215 0.14794301986694336 2913
1784275123235 0.1520983874797821 2914
1784275123261 0.1286408007144928 2915
1784275123286 0.46998801827430725 2916
1784275123310 0.4002937376499176 2917
1784275123330 0.22854138910770416 2918
1784275123349 0.19496425986289978 2919
1784275123369 0.2494218796491623 2920
1784275123389 0.19310520589351654 2921
1784275123408 0.23442049324512482 2922
1784275123429 0.19518280029296875 2923
1784275123448 0.49865415692329407 2924
1784275123466 0.6478958129882812 2925
1784275123492 0.30619046092033386 2926
1784275123524 0.15955324470996857 2927
1784275123545 0.20371411740779877 2928
1784275123566 0.37091806530952454 2929
1784275123589 0.4444431662559509 2930
1784275123609 0.31639063358306885 2931
1784275123631 0.2564340829849243 2932
1784275123651 0.22452645003795624 2933
1784275123676 0.09259360283613205 2934
1784275123705 0.24480904638767242 2935
1784275123735 0.16276443004608154 2936
1784275123765 0.2529766857624054 2937
1784275123792 0.4231572151184082 2938
1784275123816 0.47546449303627014 2939
1784275123841 0.3972441852092743 2940
1784275123862 0.6795327663421631 2941
1784275123883 0.1490934044122696 2942
1784275123901 0.1161632388830185 2943
1784275123935 0.17580173909664154 2944
1784275123954 0.4539320170879364 2945
1784275123973 0.5597270131111145 2946
1784275123994 0.30807429552078247 2947
1784275124014 0.266374796628952 2948
1784275124033 0.31087473034858704 2949
1784275124050 0.4133807420730591 2950
1784275124069 0.1552298218011856 2951
1784275124087 0.38566869497299194 2952
1784275124105 0.2535403072834015 2953
1784275124123 0.728452742099762 2954
1784275124141 0.3778921961784363 2955
1784275124158 0.6043744087219238 2956
1784275124178 0.2419624775648117 2957
1784275124195 0.1824459731578827 2958
1784275124216 0.28691452741622925 2959
1784275124237 0.178636372089386 2960
1784275124257 0.3312844932079315 2961
1784275124278 0.3522006869316101 2962
1784275124298 0.28274184465408325 2963
1784275124321 0.21541789174079895 2964
1784275124342 0.2516093850135803 2965
1784275124363 0.07437651604413986 2966
1784275124389 0.12617246806621552 2967
1784275124414 0.4009642004966736 2968
1784275124440 0.2951275110244751 2969
1784275124465 0.5038785934448242 2970
1784275124491 0.5394976735115051 2971
1784275124514 0.1393044888973236 2972
1784275124535 0.6617695093154907 2973
1784275124555 0.33530375361442566 2974
1784275124580 0.427049458026886 2975
1784275124612 0.3603760004043579 2976
1784275124645 0.4350636899471283 2977
1784275124676 0.2222812920808792 2978
1784275124699 0.41109296679496765 2979
1784275124729 0.2567686140537262 2980
1784275124749 0.1769169718027115 2981
1784275124771 0.2436230480670929 2982
1784275124794 0.18576675653457642 2983
1784275124822 0.2777303159236908 2984
1784275124854 0.209599107503891 2985
1784275124882 0.33292844891548157 2986
1784275124914 0.4546589255332947 2987
1784275124947 0.2316140979528427 2988
1784275124973 0.14656676352024078 2989
1784275124993 0.18571187555789948 2990
1784275125018 0.28271281719207764 2991
1784275125044 0.1135985404253006 2992
1784275125069 0.1845644861459732 2993
1784275125098 0.443647563457489 2994
1784275125126 0.4396127164363861 2995
1784275125154 0.31136590242385864 2996
1784275125177 0.36156025528907776 2997
1784275125198 0.6460772156715393 2998
1784275125221 0.28915464878082275 2999
1784275125242 0.6339874267578125 3000
1784275125270 0.16272076964378357 3001
1784275125297 0.23088887333869934 3002
1784275125321 0.21159301698207855 3003
1784275125348 0.23444020748138428 3004
1784275125375 0.13363738358020782 3005
1784275125397 0.1946898251771927 3006
1784275125430 0.41929224133491516 3007
1784275125455 0.2489829957485199 3008
1784275125477 0.39583054184913635 3009
1784275125498 0.331696093082428 3010
1784275125519 0.29245972633361816 3011
1784275125539 0.3786468505859375 3012
1784275125559 0.4830508530139923 3013
1784275125578 0.26768678426742554 3014
1784275125596 0.22949644923210144 3015
1784275125615 0.16477282345294952 3016
1784275125634 0.15124988555908203 3017
1784275125654 0.7477997541427612 3018
1784275125671 0.14434687793254852 3019
1784275125688 0.20253342390060425 3020
1784275125705 0.2098855972290039 3021
1784275125721 0.15477198362350464 3022
1784275125738 0.20526422560214996 3023
1784275125757 0.15092267096042633 3024
1784275125773 0.43228983879089355 3025
1784275125794 0.10726842284202576 3026
1784275125811 0.7579371333122253 3027
1784275125831 0.09357119351625443 3028
1784275125850 0.15830931067466736 3029
1784275125870 0.19399438798427582 3030
1784275125889 0.5417426824569702 3031
1784275125912 0.6972000598907471 3032
1784275125932 0.6351139545440674 3033
1784275125953 0.1272229552268982 3034
1784275125975 0.13637474179267883 3035
1784275125995 0.24084007740020752 3036
1784275126017 0.2564200460910797 3037
1784275126036 0.24983862042427063 3038
1784275126057 0.2984544634819031 3039
1784275126076 0.19874535501003265 3040
1784275126096 0.2714506685733795 3041
1784275126117 0.36170580983161926 3042
1784275126136 0.214389368891716 3043
1784275126156 0.41995540261268616 3044
1784275126177 0.2608121335506439 3045
1784275126198 0.11640357971191406 3046
1784275126217 0.16905272006988525 3047
1784275126239 0.2707381546497345 3048
1784275126256 0.309538871049881 3049
1784275126276 0.24078167974948883 3050
1784275126295 0.41600310802459717 3051
1784275126314 0.3079460859298706 3052
1784275126333 0.1935986876487732 3053
1784275126352 0.2648794651031494 3054
1784275126371 0.41168859601020813 3055
1784275126395 0.3967377543449402 3056
1784275126414 0.3552122712135315 3057
1784275126433 0.2612385153770447 3058
1784275126453 0.4730429947376251 3059
1784275126473 0.19564826786518097 3060
1784275126494 0.07837535440921783 3061
1784275126514 0.1478395313024521 3062
1784275126532 0.2756745219230652 3063
1784275126551 0.2273918092250824 3064
1784275126569 0.2187134325504303 3065
1784275126589 0.8118422627449036 3066
1784275126609 0.12534712255001068 3067
1784275126626 0.49529358744621277 3068
1784275126645 0.2266167253255844 3069
1784275126663 0.15909059345722198 3070
1784275126680 0.283428817987442 3071
1784275126699 0.03939391300082207 3072
1784275126719 0.283962607383728 3073
1784275126738 0.1281811147928238 3074
1784275126757 0.2590350806713104 3075
1784275126774 0.18254829943180084 3076
1784275126792 0.10428933054208755 3077
1784275126811 0.12997668981552124 3078
1784275126829 0.2414601445198059 3079
1784275126848 0.32845401763916016 3080
1784275126868 0.0374356284737587 3081
1784275126889 0.45125409960746765 3082
1784275126909 0.19310614466667175 3083
1784275126929 0.45569664239883423 3084
1784275126948 0.3344373404979706 3085
1784275126966 0.29012617468833923 3086
1784275126988 0.19391196966171265 3087
1784275127007 0.2056923806667328 3088
1784275127026 0.08935496211051941 3089
1784275127045 0.14078332483768463 3090
1784275127063 0.337155282497406 3091
1784275127081 0.09992726147174835 3092
1784275127101 0.17743583023548126 3093
1784275127125 0.31600072979927063 3094
1784275127148 0.1829632669687271 3095
1784275127167 0.16625617444515228 3096
1784275127189 0.0920386016368866 3097
1784275127212 0.23846742510795593 3098
1784275127230 0.21988023817539215 3099
1784275127247 0.13049714267253876 3100
1784275127265 0.24267399311065674 3101
1784275127282 0.11723661422729492 3102
1784275127299 0.48923051357269287 3103
1784275127321 0.2805664837360382 3104
1784275127342 0.295540988445282 3105
1784275127362 0.09388252347707748 3106
1784275127381 0.15532682836055756 3107
1784275127399 0.5309516191482544 3108
1784275127416 0.16578076779842377 3109
1784275127432 0.49404582381248474 3110
1784275127450 0.11800505965948105 3111
1784275127467 0.2858782410621643 3112
1784275127484 0.3456050157546997 3113
1784275127501 0.40982046723365784 3114
1784275127516 0.21148866415023804 3115
1784275127534 0.1111973449587822 3116
1784275127552 0.13328874111175537 3117
1784275127571 0.14274150133132935 3118
1784275127590 0.29667171835899353 3119
1784275127608 0.11536010354757309 3120
1784275127625 0.3123099207878113 3121
1784275127644 0.16057100892066956 3122
1784275127662 0.14591296017169952 3123
1784275127680 0.7715734243392944 3124
1784275127710 0.1486341655254364 3125
1784275127730 0.19808954000473022 3126
1784275127749 0.2522798180580139 3127
1784275127770 0.3724237084388733 3128
1784275127790 0.21420949697494507 3129
1784275127811 0.3669636845588684 3130
1784275127827 0.2382335215806961 3131
1784275127847 0.19002677500247955 3132
1784275127866 0.0845760703086853 3133
1784275127884 0.1337648630142212 3134
1784275127903 0.14308500289916992 3135
1784275127923 0.1333048790693283 3136
1784275127941 0.7252277731895447 3137
1784275127959 0.11482948064804077 3138
1784275127977 0.3223639130592346 3139
1784275127996 0.2753320634365082 3140
1784275128015 0.2595030963420868 3141
1784275128035 0.23488031327724457 3142
1784275128056 0.26251643896102905 3143
1784275128077 0.3513261377811432 3144
1784275128097 0.12210636585950851 3145
1784275128116 0.29969778656959534 3146
1784275128134 0.6047728061676025 3147
1784275128153 0.20606549084186554 3148
1784275128177 0.5193595886230469 3149
1784275128198 0.3058067560195923 3150
1784275128217 0.1313331127166748 3151
1784275128237 0.13505947589874268 3152
1784275128259 0.3089958131313324 3153
1784275128279 0.27949854731559753 3154
1784275128299 0.3534436821937561 3155
1784275128318 0.1516517996788025 3156
1784275128342 0.30539053678512573 3157
1784275128364 0.1089780405163765 3158
1784275128385 0.23699378967285156 3159
1784275128407 0.4007790982723236 3160
1784275128430 0.08529249578714371 3161
1784275128449 0.3176881670951843 3162
1784275128471 0.16458047926425934 3163
1784275128492 0.37259191274642944 3164
1784275128511 0.5815262794494629 3165
1784275128532 0.25165289640426636 3166
1784275128551 0.23766259849071503 3167
1784275128570 0.3377573490142822 3168
1784275128589 0.24390749633312225 3169
1784275128609 0.14439509809017181 3170
1784275128629 0.30782103538513184 3171
1784275128648 0.362447053194046 3172
1784275128667 0.23101632297039032 3173
1784275128688 0.14263539016246796 3174
1784275128708 0.20493903756141663 3175
1784275128729 0.19538448750972748 3176
1784275128750 0.3530186414718628 3177
1784275128767 0.3744942843914032 3178
1784275128786 0.2686365842819214 3179
1784275128805 0.22847042977809906 3180
1784275128826 0.2496512532234192 3181
1784275128845 0.4703507423400879 3182
1784275128865 0.2587677836418152 3183
1784275128883 0.13718396425247192 3184
1784275128903 0.17359612882137299 3185
1784275128924 0.1960083246231079 3186
1784275128945 0.1597670316696167 3187
1784275128965 0.2828212082386017 3188
1784275128985 0.2587108612060547 3189
1784275129006 0.5427611470222473 3190
1784275129026 0.2176644653081894 3191
1784275129047 0.43212080001831055 3192
1784275129067 0.05935211107134819 3193
1784275129087 0.2088720202445984 3194
1784275129108 0.2558206617832184 3195
1784275129125 0.20826269686222076 3196
1784275129144 0.23502278327941895 3197
1784275129165 0.3230440616607666 3198
1784275129191 0.15090298652648926 3199
1784275129221 0.28101426362991333 3200
1784275129250 0.15232408046722412 3201
1784275129278 0.09517192095518112 3202
1784275129308 0.18426144123077393 3203
1784275129330 0.19274947047233582 3204
1784275129353 0.1697143018245697 3205
1784275129379 0.3382609188556671 3206
1784275129400 0.3098992109298706 3207
1784275129422 0.23663657903671265 3208
1784275129447 0.11509857326745987 3209
1784275129468 0.2602883279323578 3210
1784275129489 0.22318275272846222 3211
1784275129509 0.10419055074453354 3212
1784275129528 0.06556988507509232 3213
1784275129547 0.08043176680803299 3214
1784275129567 0.3275185227394104 3215
1784275129589 0.3800143301486969 3216
1784275129608 0.2232334017753601 3217
1784275129627 0.23137806355953217 3218
1784275129646 0.1493520736694336 3219
1784275129665 0.30870378017425537 3220
1784275129683 0.08294937014579773 3221
1784275129702 0.15475992858409882 3222
1784275129720 0.23560091853141785 3223
1784275129739 0.20520053803920746 3224
1784275129760 0.1757153570652008 3225
1784275129780 0.4366791844367981 3226
1784275129800 0.2036297470331192 3227
1784275129819 0.28580373525619507 3228
1784275129844 0.18479806184768677 3229
1784275129864 0.3902442455291748 3230
1784275129883 0.3787715435028076 3231
1784275129901 0.21267764270305634 3232
1784275129921 0.11255397647619247 3233
1784275129941 0.16134591400623322 3234
1784275129961 0.369731068611145 3235
1784275129978 0.4753897786140442 3236
1784275129998 0.3050156533718109 3237
1784275130016 0.0797170028090477 3238
1784275130035 0.13523562252521515 3239
1784275130053 0.2721993327140808 3240
1784275130074 0.19841788709163666 3241
1784275130093 0.623328685760498 3242
1784275130110 0.27905377745628357 3243
1784275130127 0.24822723865509033 3244
1784275130144 0.1721155345439911 3245
1784275130161 0.2935146987438202 3246
1784275130180 0.08693613857030869 3247
1784275130199 0.32998719811439514 3248
1784275130221 0.31698161363601685 3249
1784275130242 0.2911283075809479 3250
1784275130261 0.0562228262424469 3251
1784275130280 0.25979962944984436 3252
1784275130300 0.22612005472183228 3253
1784275130318 0.45097360014915466 3254
1784275130338 0.1998055875301361 3255
1784275130356 0.4915755093097687 3256
1784275130376 0.2040242850780487 3257
1784275130394 0.25785672664642334 3258
1784275130412 0.24680370092391968 3259
1784275130431 0.43812280893325806 3260
1784275130448 0.0817316547036171 3261
1784275130467 0.1405552178621292 3262
1784275130488 0.2617121934890747 3263
1784275130505 0.19390155375003815 3264
1784275130525 0.11812131106853485 3265
1784275130544 0.21682512760162354 3266
1784275130562 0.128097802400589 3267
1784275130580 0.34558138251304626 3268
1784275130600 0.5247626900672913 3269
1784275130617 0.5216028094291687 3270
1784275130638 0.20252707600593567 3271
1784275130658 0.1341497302055359 3272
1784275130676 0.2896682024002075 3273
1784275130694 0.20778504014015198 3274
1784275130719 0.37907716631889343 3275
1784275130744 0.5894010663032532 3276
1784275130782 0.3439922034740448 3277
1784275130810 0.262466698884964 3278
1784275130838 0.1509251892566681 3279
1784275130864 0.37417128682136536 3280
1784275130883 0.09248577803373337 3281
1784275130904 0.20683635771274567 3282
1784275130926 0.38695040345191956 3283
1784275130947 0.27628567814826965 3284
1784275130966 0.2774154245853424 3285
1784275130986 0.35881325602531433 3286
1784275131008 0.5468490719795227 3287
1784275131026 0.2794314920902252 3288
1784275131047 0.1676899492740631 3289
1784275131067 0.22218088805675507 3290
1784275131087 0.28958940505981445 3291
1784275131108 0.4574865400791168 3292
1784275131128 0.18877454102039337 3293
1784275131144 0.3348005712032318 3294
1784275131162 0.3790510892868042 3295
1784275131182 0.40076228976249695 3296
1784275131200 0.21774110198020935 3297
1784275131221 0.43539899587631226 3298
1784275131241 0.25368532538414 3299
1784275131260 0.32391199469566345 3300
1784275131280 0.11959558725357056 3301
1784275131299 0.21764801442623138 3302
1784275131319 0.40991097688674927 3303
1784275131339 0.24120266735553741 3304
1784275131360 0.13419684767723083 3305
1784275131379 0.29856839776039124 3306
1784275131399 0.32240596413612366 3307
1784275131416 0.2690521478652954 3308
1784275131435 0.19918793439865112 3309
1784275131456 0.16186130046844482 3310
1784275131477 0.3804578483104706 3311
1784275131497 0.20583373308181763 3312
1784275131515 0.2970665991306305 3313
1784275131533 0.7012559175491333 3314
1784275131553 0.27887988090515137 3315
1784275131573 0.20763617753982544 3316
1784275131594 0.4042337238788605 3317
1784275131617 0.20096947252750397 3318
1784275131641 0.2752201557159424 3319
1784275131663 0.6184635758399963 3320
1784275131683 0.15037883818149567 3321
1784275131705 0.11665923148393631 3322
1784275131725 0.31619489192962646 3323
1784275131744 0.6756728887557983 3324
1784275131763 0.1714486926794052 3325
1784275131783 0.2742583453655243 3326
1784275131804 0.262639582157135 3327
1784275131824 0.12422400712966919 3328
1784275131844 0.23295307159423828 3329
1784275131862 0.31997618079185486 3330
1784275131883 0.496381014585495 3331
1784275131903 0.3728162348270416 3332
1784275131923 0.08715223520994186 3333
1784275131945 0.3267118036746979 3334
1784275131962 0.27146008610725403 3335
1784275131980 0.33569324016571045 3336
1784275131998 0.20326344668865204 3337
1784275132018 0.21859775483608246 3338
1784275132036 0.931399405002594 3339
1784275132059 0.3144877851009369 3340
1784275132079 0.3276953101158142 3341
1784275132099 0.2255534678697586 3342
1784275132118 0.1948123276233673 3343
1784275132137 0.44600316882133484 3344
1784275132157 0.12373988330364227 3345
1784275132185 0.3613618016242981 3346
1784275132210 0.22863127291202545 3347
1784275132228 0.22627009451389313 3348
1784275132246 0.1236514076590538 3349
1784275132263 0.145669087767601 3350
1784275132282 0.18515987694263458 3351
1784275132302 0.19635707139968872 3352
1784275132321 0.24625453352928162 3353
1784275132340 0.6980498433113098 3354
1784275132360 0.22156019508838654 3355
1784275132380 0.22985857725143433 3356
1784275132400 0.16603244841098785 3357
1784275132422 0.31071195006370544 3358
1784275132442 0.1998361051082611 3359
1784275132460 0.32995107769966125 3360
1784275132477 0.271013468503952 3361
1784275132496 0.46153223514556885 3362
1784275132513 0.18925577402114868 3363
1784275132531 0.21589848399162292 3364
1784275132550 0.1923128217458725 3365
1784275132568 0.30676302313804626 3366
1784275132586 0.05294732749462128 3367
1784275132604 0.48680925369262695 3368
1784275132621 0.48122113943099976 3369
1784275132638 0.4794430732727051 3370
1784275132654 0.23067747056484222 3371
1784275132672 0.3301730155944824 3372
1784275132690 0.25595787167549133 3373
1784275132707 0.19401928782463074 3374
1784275132725 0.11318490654230118 3375
1784275132741 0.24949337542057037 3376
1784275132757 0.1509697139263153 3377
1784275132776 0.17286494374275208 3378
1784275132793 0.29626208543777466 3379
1784275132810 0.08235441148281097 3380
1784275132828 0.10486222058534622 3381
1784275132844 0.27702564001083374 3382
1784275132860 0.12710854411125183 3383
1784275132877 0.27251070737838745 3384
1784275132897 0.15626512467861176 3385
1784275132916 0.2538476288318634 3386
1784275132935 0.3819555938243866 3387
1784275132954 0.3948303759098053 3388
1784275132973 0.5660314559936523 3389
1784275132991 0.0735558345913887 3390
1784275133013 0.19286201894283295 3391
1784275133031 0.11972634494304657 3392
1784275133050 0.3250104784965515 3393
1784275133069 0.3781692087650299 3394
1784275133087 0.11314931511878967 3395
1784275133105 0.5186657905578613 3396
1784275133124 0.38084226846694946 3397
1784275133142 0.30351004004478455 3398
1784275133161 0.2260352075099945 3399
1784275133180 0.11056167632341385 3400
1784275133196 0.11147113144397736 3401
1784275133215 0.10658307373523712 3402
1784275133233 0.1416478455066681 3403
1784275133254 0.16958068311214447 3404
1784275133273 0.24850814044475555 3405
1784275133292 0.2750011384487152 3406
1784275133310 0.08334340900182724 3407
1784275133329 0.2082291841506958 3408
1784275133346 0.24292808771133423 3409
1784275133363 0.22563697397708893 3410
1784275133381 0.13583597540855408 3411
1784275133399 0.6859469413757324 3412
1784275133417 0.39287611842155457 3413
1784275133436 0.42014577984809875 3414
1784275133455 0.23295409977436066 3415
1784275133471 0.4050249457359314 3416
1784275133490 0.5280987620353699 3417
1784275133509 0.23220676183700562 3418
1784275133527 0.23403695225715637 3419
1784275133545 0.35105255246162415 3420
1784275133560 0.26563969254493713 3421
1784275133579 0.2738713324069977 3422
1784275133599 0.4750140607357025 3423
1784275133621 0.3347533941268921 3424
1784275133642 0.17895860970020294 3425
1784275133662 0.3647790849208832 3426
1784275133680 0.10960949212312698 3427
1784275133700 0.40144115686416626 3428
1784275133718 0.3136219382286072 3429
1784275133738 0.025412486866116524 3430
1784275133757 0.5290806293487549 3431
1784275133776 0.10110582411289215 3432
1784275133797 0.32468459010124207 3433
1784275133814 0.2828487753868103 3434
1784275133832 0.14544005692005157 3435
1784275133853 0.43138259649276733 3436
1784275133874 0.2259291410446167 3437
1784275133894 0.31151220202445984 3438
1784275133914 0.4365236461162567 3439
1784275133934 0.11952794343233109 3440
1784275133953 0.02517499029636383 3441
1784275133970 0.33677607774734497 3442
1784275133988 0.3644922375679016 3443
1784275134006 0.05117151886224747 3444
1784275134024 0.32730811834335327 3445
1784275134042 0.2639811038970947 3446
1784275134060 0.28946033120155334 3447
1784275134078 0.11405263096094131 3448
1784275134098 0.2590177059173584 3449
1784275134116 0.3536994457244873 3450
1784275134134 0.14675916731357574 3451
1784275134152 0.23260244727134705 3452
1784275134172 0.09620174020528793 3453
1784275134199 0.30402258038520813 3454
1784275134227 0.2728080451488495 3455
1784275134255 0.13500134646892548 3456
1784275134277 0.21746188402175903 3457
1784275134307 0.2038896530866623 3458
1784275134332 0.3538658320903778 3459
1784275134356 0.12531769275665283 3460
1784275134377 0.28029343485832214 3461
1784275134395 0.15364289283752441 3462
1784275134415 0.10788214206695557 3463
1784275134439 0.3298492729663849 3464
1784275134460 0.24439039826393127 3465
1784275134477 0.3576117753982544 3466
1784275134497 0.4958406090736389 3467
1784275134518 0.18112985789775848 3468
1784275134541 0.2939823865890503 3469
1784275134561 0.2909928560256958 3470
1784275134580 0.12457773089408875 3471
1784275134599 0.36313316226005554 3472
1784275134617 0.5712683200836182 3473
1784275134637 0.29443493485450745 3474
1784275134657 0.3593827188014984 3475
1784275134677 0.21869345009326935 3476
1784275134696 0.20265249907970428 3477
1784275134714 0.322810560464859 3478
1784275134731 0.11491405218839645 3479
1784275134750 0.15788106620311737 3480
1784275134769 0.1218656674027443 3481
1784275134794 0.06962889432907104 3482
1784275134813 0.1287970095872879 3483
1784275134831 0.25291505455970764 3484
1784275134850 0.07263519614934921 3485
1784275134867 0.4140917658805847 3486
1784275134883 0.08111881464719772 3487
1784275134898 0.2921203374862671 3488
1784275134928 0.14818075299263 3489
1784275134948 0.3308187425136566 3490
1784275134966 0.24939680099487305 3491
1784275134984 0.748239278793335 3492
1784275135002 0.44429707527160645 3493
1784275135021 0.4142410159111023 3494
1784275135040 0.30346935987472534 3495
1784275135059 0.5544558763504028 3496
1784275135078 0.06694386899471283 3497
1784275135096 0.27717748284339905 3498
1784275135116 0.4029107689857483 3499
1784275135136 0.5342361330986023 3500
1784275135157 0.116012342274189 3501
1784275135178 0.319836288690567 3502
1784275135195 0.2617109715938568 3503
1784275135213 0.07598697394132614 3504
1784275135233 0.6341655850410461 3505
1784275135254 0.4885237216949463 3506
1784275135275 0.12663425505161285 3507
1784275135294 0.3492148220539093 3508
1784275135313 0.3748958110809326 3509
1784275135332 0.3644345700740814 3510
1784275135356 0.09228409826755524 3511
1784275135376 0.18835259974002838 3512
1784275135395 0.5218512415885925 3513
1784275135412 0.38380149006843567 3514
1784275135430 0.2553861737251282 3515
1784275135450 0.210005521774292 3516
1784275135512 0.5160397887229919 3517
1784275135547 0.12552019953727722 3518
1784275135573 0.6159144639968872 3519
1784275135594 0.052107106894254684 3520
1784275135613 0.7794820666313171 3521
1784275135633 0.17996539175510406 3522
1784275135654 0.2315893918275833 3523
1784275135673 0.49767422676086426 3524
1784275135689 0.41484755277633667 3525
1784275135705 0.42074906826019287 3526
1784275135723 0.5048836469650269 3527
1784275135741 0.09852388501167297 3528
1784275135757 0.1792200654745102 3529
1784275135775 0.4081161916255951 3530
1784275135792 0.3429352641105652 3531
1784275135809 0.29362308979034424 3532
1784275135827 0.17878271639347076 3533
1784275135846 0.7351981401443481 3534
1784275135865 0.42598605155944824 3535
1784275135882 0.18817925453186035 3536
1784275135904 0.1828710287809372 3537
1784275135923 0.2222796231508255 3538
1784275135943 0.5021255016326904 3539
1784275135960 0.2603638470172882 3540
1784275135979 0.27435535192489624 3541
1784275135996 0.2903515100479126 3542
1784275136014 0.38115596771240234 3543
1784275136034 0.20022502541542053 3544
1784275136052 0.21790164709091187 3545
1784275136071 0.2907570004463196 3546
1784275136090 0.2985508441925049 3547
1784275136113 0.13978776335716248 3548
1784275136135 0.09083879739046097 3549
1784275136169 0.21712370216846466 3550
1784275136195 0.24874761700630188 3551
1784275136215 0.21691666543483734 3552
1784275136233 0.11381197720766068 3553
1784275136251 0.13323485851287842 3554
1784275136272 0.24211996793746948 3555
1784275136291 0.16035646200180054 3556
1784275136310 0.8242673277854919 3557
1784275136330 0.12561550736427307 3558
1784275136349 0.27387917041778564 3559
1784275136368 1.0541967153549194 3560
1784275136387 0.34633177518844604 3561
1784275136408 0.36805739998817444 3562
1784275136428 0.26982012391090393 3563
1784275136451 0.46045926213264465 3564
1784275136472 0.5045682787895203 3565
1784275136493 0.7187333703041077 3566
1784275136511 0.2149992734193802 3567
1784275136530 0.08441946655511856 3568
1784275136551 0.13790655136108398 3569
1784275136572 0.18816819787025452 3570
1784275136593 0.2168416827917099 3571
1784275136612 0.17090420424938202 3572
1784275136631 0.2540716826915741 3573
1784275136652 0.26171186566352844 3574
1784275136669 0.14389681816101074 3575
1784275136688 0.10066844522953033 3576
1784275136708 0.3136000633239746 3577
1784275136727 0.16050219535827637 3578
1784275136744 0.09641385078430176 3579
1784275136761 0.716772198677063 3580
1784275136779 0.22762995958328247 3581
1784275136801 0.22734123468399048 3582
1784275136820 0.1753169447183609 3583
1784275136839 0.6571657061576843 3584
1784275136859 0.17828144133090973 3585
1784275136877 0.21422244608402252 3586
1784275136896 0.25234436988830566 3587
1784275136914 0.25463664531707764 3588
1784275136932 0.18366004526615143 3589
1784275136952 0.39625927805900574 3590
1784275136972 0.3162863254547119 3591
1784275136989 0.43460285663604736 3592
1784275137008 0.24144518375396729 3593
1784275137026 0.38654854893684387 3594
1784275137043 0.16029325127601624 3595
1784275137062 0.2245975136756897 3596
1784275137080 0.23544570803642273 3597
1784275137099 0.18438705801963806 3598
1784275137117 0.24589672684669495 3599
1784275137136 0.17520639300346375 3600
1784275137155 0.32812419533729553 3601
1784275137174 0.11592799425125122 3602
1784275137194 0.2515794038772583 3603
1784275137213 0.22370953857898712 3604
1784275137231 0.21264015138149261 3605
1784275137248 0.25137338042259216 3606
1784275137265 0.2855210602283478 3607
1784275137283 0.17860110104084015 3608
1784275137301 0.24427342414855957 3609
1784275137317 0.41575220227241516 3610
1784275137335 0.5280729532241821 3611
1784275137352 0.14150215685367584 3612
1784275137370 0.4147152304649353 3613
1784275137387 0.18076962232589722 3614
1784275137407 0.12914824485778809 3615
1784275137431 0.14939959347248077 3616
1784275137460 0.42854562401771545 3617
1784275137489 0.13741548359394073 3618
1784275137517 0.18252134323120117 3619
1784275137543 0.41896235942840576 3620
1784275137571 0.23322385549545288 3621
1784275137595 0.12096429616212845 3622
1784275137621 0.39717331528663635 3623
1784275137645 0.13584156334400177 3624
1784275137681 0.2086251974105835 3625
1784275137701 0.4140591323375702 3626
1784275137720 0.5502881407737732 3627
1784275137740 0.18336793780326843 3628
1784275137760 0.17021670937538147 3629
1784275137780 0.40966951847076416 3630
1784275137805 0.3325282335281372 3631
1784275137829 0.23742717504501343 3632
1784275137847 0.12866036593914032 3633
1784275137867 0.4524146020412445 3634
1784275137883 0.05296963453292847 3635
1784275137903 0.09364491701126099 3636
1784275137922 0.17947989702224731 3637
1784275137949 0.44699493050575256 3638
1784275137973 0.2363753318786621 3639
1784275137992 0.09832141548395157 3640
1784275138010 0.11565865576267242 3641
1784275138028 0.11937946826219559 3642
1784275138047 0.27973121404647827 3643
1784275138066 0.06965760141611099 3644
1784275138084 0.37843912839889526 3645
1784275138103 0.8034339547157288 3646
1784275138123 0.13240809738636017 3647
1784275138147 0.23266352713108063 3648
1784275138165 0.45307525992393494 3649
1784275138186 0.14550231397151947 3650
1784275138202 0.22211657464504242 3651
1784275138221 0.2888096570968628 3652
1784275138239 0.45751920342445374 3653
1784275138257 0.14637891948223114 3654
1784275138274 0.13844358921051025 3655
1784275138293 0.1327812522649765 3656
1784275138310 0.3233679533004761 3657
1784275138325 0.6551310420036316 3658
1784275138344 0.5263727307319641 3659
1784275138364 0.6489934921264648 3660
1784275138386 0.09241048246622086 3661
1784275138407 0.27774953842163086 3662
1784275138427 0.10953880846500397 3663
1784275138446 0.3710309565067291 3664
1784275138465 0.1860111802816391 3665
1784275138483 0.2859470248222351 3666
1784275138501 0.1728394627571106 3667
1784275138519 0.12160693109035492 3668
1784275138536 0.09143596887588501 3669
1784275138555 0.11947087198495865 3670
1784275138573 0.1953738033771515 3671
1784275138590 0.3196081221103668 3672
1784275138608 0.167217418551445 3673
1784275138625 0.30988091230392456 3674
1784275138642 0.07633906602859497 3675
1784275138661 0.13629944622516632 3676
1784275138681 0.2589157521724701 3677
1784275138702 0.14694422483444214 3678
1784275138721 0.07997962087392807 3679
1784275138741 0.17069043219089508 3680
1784275138759 0.10066993534564972 3681
1784275138777 0.2695111036300659 3682
1784275138793 0.6450471878051758 3683
1784275138811 0.3373512029647827 3684
1784275138829 0.38493093848228455 3685
1784275138846 0.0979219526052475 3686
1784275138865 0.07860793173313141 3687
1784275138883 0.40776538848876953 3688
1784275138899 0.21223606169223785 3689
1784275138917 0.3409481942653656 3690
1784275138934 0.44928106665611267 3691
1784275138951 0.13209861516952515 3692
1784275138967 0.1450047791004181 3693
1784275138982 0.4050951302051544 3694
1784275138998 0.29164090752601624 3695
1784275139016 0.14824828505516052 3696
1784275139031 0.2175377607345581 3697
1784275139050 0.27464979887008667 3698
1784275139070 0.4444229304790497 3699
1784275139088 0.46586403250694275 3700
1784275139109 0.3795112073421478 3701
1784275139128 0.16708014905452728 3702
1784275139147 0.13177184760570526 3703
1784275139170 0.22877371311187744 3704
1784275139193 0.19549566507339478 3705
1784275139213 0.6002591252326965 3706
1784275139232 0.3097081482410431 3707
1784275139253 0.10193973034620285 3708
1784275139272 0.07849310338497162 3709
1784275139292 0.5731146931648254 3710
1784275139311 0.09068387001752853 3711
1784275139327 0.0687403455376625 3712
1784275139345 0.1944781243801117 3713
1784275139364 0.477286159992218 3714
1784275139381 0.40614089369773865 3715
1784275139398 0.2643412947654724 3716
1784275139415 0.2748850882053375 3717
1784275139434 0.4875274896621704 3718
1784275139453 0.17395882308483124 3719
1784275139471 0.5526429414749146 3720
1784275139490 0.3398783802986145 3721
1784275139508 0.16424326598644257 3722
1784275139526 0.1413092017173767 3723
1784275139544 0.24134942889213562 3724
1784275139563 0.3143874406814575 3725
1784275139581 0.24117499589920044 3726
1784275139598 0.3161510229110718 3727
1784275139614 0.21136464178562164 3728
1784275139632 0.1936730444431305 3729
1784275139650 0.2299748659133911 3730
1784275139667 0.11816039681434631 3731
1784275139686 0.08354832231998444 3732
1784275139704 0.4393557012081146 3733
1784275139721 0.14314024150371552 3734
1784275139738 0.2050890177488327 3735
1784275139756 0.15259601175785065 3736
1784275139774 0.09144813567399979 3737
1784275139791 0.107415109872818 3738
1784275139809 0.6820079684257507 3739
1784275139828 0.336546391248703 3740
1784275139846 0.4184983968734741 3741
1784275139865 0.18199017643928528 3742
1784275139881 0.375964879989624 3743
1784275139900 0.051107391715049744 3744
1784275139918 0.25893688201904297 3745
1784275139937 0.3684256970882416 3746
1784275139956 0.07638727873563766 3747
1784275139974 0.21210473775863647 3748
1784275139993 0.18578623235225677 3749
1784275141568 0.26351693272590637 3750
1784275141585 0.10163835436105728 3751
1784275141602 0.054869379848241806 3752
1784275141621 0.137021005153656 3753
1784275141641 0.3217732906341553 3754
1784275141659 0.5045186281204224 3755
1784275141677 0.2676060199737549 3756
1784275141694 0.14212438464164734 3757
1784275141769 0.38366061449050903 3758
1784275141797 0.3821142315864563 3759
1784275141814 0.5548692345619202 3760
1784275141832 0.3385416269302368 3761
1784275141850 0.4999735951423645 3762
1784275141869 0.18863993883132935 3763
1784275141886 0.3173135817050934 3764
1784275141904 0.13311028480529785 3765
1784275141922 0.30939897894859314 3766
1784275141939 0.29218101501464844 3767
1784275141956 0.16663677990436554 3768
1784275141974 0.31581440567970276 3769
1784275141991 0.3573043942451477 3770
1784275142007 0.0653720274567604 3771
1784275142023 0.2513698935508728 3772
1784275142042 0.1987457573413849 3773
1784275142061 0.18782654404640198 3774
1784275142078 0.4755166172981262 3775
1784275142095 0.1331196427345276 3776
1784275142112 0.24937105178833008 3777
1784275142130 0.22450309991836548 3778
1784275142147 0.38164860010147095 3779
1784275142167 0.2603945732116699 3780
1784275142183 0.14072753489017487 3781
1784275142201 0.2383757084608078 3782
1784275142218 0.13412146270275116 3783
1784275142237 0.28949591517448425 3784
1784275142254 0.1778005063533783 3785
1784275142271 0.0683189332485199 3786
1784275142290 0.4631774127483368 3787
1784275142306 0.7357178330421448 3788
1784275142321 0.19158190488815308 3789
1784275142338 0.07800862938165665 3790
1784275142357 0.25721216201782227 3791
1784275142376 0.34256359934806824 3792
1784275142394 0.5008283853530884 3793
1784275142412 0.28199517726898193 3794
1784275142428 0.12471361458301544 3795
1784275142444 0.060616523027420044 3796
1784275142463 0.2717142403125763 3797
1784275142483 0.14331521093845367 3798
1784275142497 0.18248702585697174 3799
1784275142515 0.0667167380452156 3800
1784275142533 0.16141387820243835 3801
1784275142550 0.3760131001472473 3802
1784275142570 0.1504148244857788 3803
1784275142588 0.04965099319815636 3804
1784275142606 0.2337319552898407 3805
1784275142623 0.29220491647720337 3806
1784275142640 0.1493745595216751 3807
1784275142658 0.5380902290344238 3808
1784275142680 0.13685697317123413 3809
1784275142697 0.331064373254776 3810
1784275142712 0.09162313491106033 3811
1784275142729 0.06581607460975647 3812
1784275142748 0.13370400667190552 3813
1784275142762 0.4662364721298218 3814
1784275142782 0.2832416594028473 3815
1784275142803 0.14076237380504608 3816
1784275142825 0.2752676010131836 3817
1784275142845 0.05706214904785156 3818
1784275142865 0.47353219985961914 3819
1784275142886 0.1933068484067917 3820
1784275142904 0.2646387815475464 3821
1784275142923 0.13482609391212463 3822
1784275142942 0.2379157841205597 3823
1784275142959 0.5773593783378601 3824
1784275142976 0.3115350008010864 3825
1784275142995 0.14403893053531647 3826
1784275143013 0.1811552196741104 3827
1784275143030 0.1784648597240448 3828
1784275143050 0.16310825943946838 3829
1784275143065 0.16458550095558167 3830
1784275143087 0.27245450019836426 3831
1784275143105 0.2823292911052704 3832
1784275143123 0.2263156622648239 3833
1784275143140 0.3390272855758667 3834
1784275143160 0.3521152436733246 3835
1784275143176 0.23140190541744232 3836
1784275143194 0.3619479238986969 3837
1784275143211 0.11499826610088348 3838
1784275143229 0.2587645947933197 3839
1784275143247 0.304027259349823 3840
1784275143264 0.15962064266204834 3841
1784275143281 0.22071044147014618 3842
1784275143299 0.16886544227600098 3843
1784275143316 0.4956360161304474 3844
1784275143333 0.31742942333221436 3845
1784275143350 0.2600761651992798 3846
1784275143372 0.1963793784379959 3847
1784275143389 0.11675304174423218 3848
1784275143406 0.2680271565914154 3849
1784275143423 0.28189265727996826 3850
1784275143440 0.21034030616283417 3851
1784275143458 0.4174603521823883 3852
1784275143477 0.5522416830062866 3853
1784275143496 0.365738183259964 3854
1784275143512 0.07194133847951889 3855
1784275143532 0.19299189746379852 3856
1784275143548 0.20117442309856415 3857
1784275143566 0.1624595820903778 3858
1784275143582 0.09251762181520462 3859
1784275143600 0.11862550675868988 3860
1784275143620 0.0779217854142189 3861
1784275143638 0.29765644669532776 3862
1784275143656 0.16523052752017975 3863
1784275143675 0.2899479269981384 3864
1784275143693 0.1635647863149643 3865
1784275143711 0.5864613056182861 3866
1784275143728 0.335570752620697 3867
1784275143747 0.5872018337249756 3868
1784275143769 0.07417616993188858 3869
1784275143787 0.26576492190361023 3870
1784275143805 0.2014451026916504 3871
1784275143822 0.726082444190979 3872
1784275143840 0.3381756544113159 3873
1784275143860 0.19222284853458405 3874
1784275143878 0.10804758220911026 3875
1784275143894 0.15925775468349457 3876
1784275143912 0.18502628803253174 3877
1784275143928 0.26166102290153503 3878
1784275143943 0.20722883939743042 3879
1784275143959 0.15897561609745026 3880
1784275143978 0.2877032160758972 3881
1784275143997 0.27902060747146606 3882
1784275144014 0.5073971152305603 3883
1784275144030 0.1975879818201065 3884
1784275144048 0.2177579551935196 3885
1784275144066 0.46623536944389343 3886
1784275144084 0.437282532453537 3887
1784275144101 0.2863481342792511 3888
1784275144118 0.10501959919929504 3889
1784275144133 0.5091862082481384 3890
1784275144148 0.18926696479320526 3891
1784275144167 0.3302718997001648 3892
1784275144187 0.4182315468788147 3893
1784275144205 0.06718573719263077 3894
1784275144221 0.24545830488204956 3895
1784275144239 0.1448698788881302 3896
1784275144256 0.178240567445755 3897
1784275144274 0.30392056703567505 3898
1784275144291 0.17218825221061707 3899
1784275144308 0.12781600654125214 3900
1784275144325 0.2763490378856659 3901
1784275144343 0.14402590692043304 3902
1784275144360 0.2944333255290985 3903
1784275144378 0.18055808544158936 3904
1784275144395 0.12505027651786804 3905
1784275144412 0.20797230303287506 3906
1784275144429 0.11301063746213913 3907
1784275144447 0.27327555418014526 3908
1784275144464 0.05619204044342041 3909
1784275144480 0.3122271001338959 3910
1784275144498 0.40067461133003235 3911
1784275144515 0.2700096368789673 3912
1784275144532 0.2260802835226059 3913
1784275144548 0.07815983891487122 3914
1784275144567 0.19438567757606506 3915
1784275144585 0.24189084768295288 3916
1784275144604 0.07997573167085648 3917
1784275144623 0.2703530192375183 3918
1784275144641 0.05904826521873474 3919
1784275144659 0.1634259968996048 3920
1784275144679 0.1083272248506546 3921
1784275144698 0.11739233136177063 3922
1784275144718 0.31949710845947266 3923
1784275144739 0.1747855246067047 3924
1784275144759 0.18216083943843842 3925
1784275144779 0.16008159518241882 3926
1784275144798 0.27996644377708435 3927
1784275144820 0.34874698519706726 3928
1784275144841 0.13945753872394562 3929
1784275144859 0.17288264632225037 3930
1784275144878 0.11581406742334366 3931
1784275144899 0.5139460563659668 3932
1784275144923 0.11218250542879105 3933
1784275144945 0.1074616014957428 3934
1784275144964 0.1278866082429886 3935
1784275144984 0.3121218979358673 3936
1784275145002 0.22261950373649597 3937
1784275145024 0.20215484499931335 3938
1784275145046 0.13045214116573334 3939
1784275145068 0.05114474147558212 3940
1784275145090 0.2067001760005951 3941
1784275145109 0.1459345817565918 3942
1784275145132 0.1363234668970108 3943
1784275145147 0.18477597832679749 3944
1784275145165 0.309617817401886 3945
1784275145182 0.26124969124794006 3946
1784275145201 0.24882850050926208 3947
1784275145218 0.3179904818534851 3948
1784275145236 0.3006848692893982 3949
1784275145253 0.3091265559196472 3950
1784275145270 0.12817804515361786 3951
1784275145289 0.15975919365882874 3952
1784275145308 0.20358607172966003 3953
1784275145326 0.33741429448127747 3954
1784275145342 0.4566785991191864 3955
1784275145361 0.30882054567337036 3956
1784275145378 0.20696081221103668 3957
1784275145396 0.3721321225166321 3958
1784275145413 0.12638013064861298 3959
1784275145431 0.21038854122161865 3960
1784275145450 0.5286863446235657 3961
1784275145467 0.24001482129096985 3962
1784275145485 0.2800426781177521 3963
1784275145503 0.2201155126094818 3964
1784275145522 0.14323298633098602 3965
1784275145540 0.21693599224090576 3966
1784275145557 0.07498511672019958 3967
1784275145575 0.22827544808387756 3968
1784275145592 0.2758505940437317 3969
1784275145608 0.35246118903160095 3970
1784275145626 0.3109942376613617 3971
1784275145649 0.2638370394706726 3972
1784275145666 0.1370556801557541 3973
1784275145685 0.3740464746952057 3974
1784275145699 0.10737255215644836 3975
1784275145718 0.19723549485206604 3976
1784275145738 0.23514549434185028 3977
1784275145761 0.24922722578048706 3978
1784275145787 0.41755786538124084 3979
1784275145809 0.1269819587469101 3980
1784275145832 0.25513139367103577 3981
1784275145857 0.24098533391952515 3982
1784275145884 0.2763015329837799 3983
1784275145907 0.08208070695400238 3984
1784275145930 0.3183816969394684 3985
1784275145953 0.15684954822063446 3986
1784275145975 0.12537774443626404 3987
1784275146000 0.3233334422111511 3988
1784275146023 0.12069614231586456 3989
1784275146046 0.19798555970191956 3990
1784275146088 0.0849936231970787 3991
1784275146109 0.3057723641395569 3992
1784275146130 0.6470752358436584 3993
1784275146153 0.24903233349323273 3994
1784275146179 0.18210867047309875 3995
1784275146212 0.25072935223579407 3996
1784275146243 0.04502396658062935 3997
1784275146276 0.14411401748657227 3998
1784275146303 0.49700024724006653 3999
1784275146329 0.15823626518249512 4000
1784275146360 0.23399929702281952 4001
1784275146380 0.227108433842659 4002
1784275146403 0.15642502903938293 4003
1784275146423 0.08280286192893982 4004
1784275146442 0.18766576051712036 4005
1784275146461 0.17279398441314697 4006
1784275146480 0.11385051161050797 4007
1784275146502 0.10813204199075699 4008
1784275146519 0.24488499760627747 4009
1784275146538 0.32410937547683716 4010
1784275146558 0.13417980074882507 4011
1784275146578 0.06927894800901413 4012
1784275146596 0.2617192268371582 4013
1784275146616 0.12375068664550781 4014
1784275146635 0.5305545926094055 4015
1784275146654 0.20569264888763428 4016
1784275146673 0.2039612978696823 4017
1784275146690 0.1757453978061676 4018
1784275146711 0.13060562312602997 4019
1784275146730 0.13325317203998566 4020
1784275146747 0.08547943085432053 4021
1784275146765 0.09449855238199234 4022
1784275146785 0.44780024886131287 4023
1784275146802 0.09197086095809937 4024
1784275146819 0.43531128764152527 4025
1784275146836 0.24963702261447906 4026
1784275146854 0.13584981858730316 4027
1784275146870 0.37278735637664795 4028
1784275146889 0.1172124519944191 4029
1784275146907 0.20364005863666534 4030
1784275146928 0.30488017201423645 4031
1784275146948 0.24042066931724548 4032
1784275146968 0.1080089583992958 4033
1784275146986 0.34719064831733704 4034
1784275147004 0.4095058739185333 4035
1784275147024 0.18059149384498596 4036
1784275147045 0.4321337342262268 4037
1784275147064 0.21639803051948547 4038
1784275147084 0.10186336934566498 4039
1784275147103 0.07686960697174072 4040
1784275147122 0.07886990159749985 4041
1784275147141 0.3049406111240387 4042
1784275147159 0.18810059130191803 4043
1784275147179 0.27941131591796875 4044
1784275147199 0.6990233063697815 4045
1784275147223 0.2108931839466095 4046
1784275147245 0.10771161317825317 4047
1784275147265 0.138631209731102 4048
1784275147290 0.2716972529888153 4049
1784275147311 0.38378259539604187 4050
1784275147333 0.5725989937782288 4051
1784275147353 0.04776417836546898 4052
1784275147375 0.07068546116352081 4053
1784275147393 0.10949636250734329 4054
1784275147413 0.4109247624874115 4055
1784275147431 0.42415285110473633 4056
1784275147450 0.3917555510997772 4057
1784275147467 0.2979448139667511 4058
1784275147487 0.20421119034290314 4059
1784275147504 0.3501509428024292 4060
1784275147522 0.17396022379398346 4061
1784275147541 0.13154466450214386 4062
1784275147560 0.2367563098669052 4063
1784275147578 0.4157097041606903 4064
1784275147594 0.15733377635478973 4065
1784275147612 0.3784346878528595 4066
1784275147628 0.1835353672504425 4067
1784275147647 0.31930011510849 4068
1784275147665 0.7511624097824097 4069
1784275147682 0.1311766356229782 4070
1784275147700 0.16122758388519287 4071
1784275147717 0.08938252180814743 4072
1784275147735 0.5838503837585449 4073
1784275147753 0.3870861530303955 4074
1784275147771 0.14573198556900024 4075
1784275147789 0.4747926592826843 4076
1784275147805 0.2774340510368347 4077
1784275147821 0.23262041807174683 4078
1784275147838 0.18201464414596558 4079
1784275147857 0.3493201732635498 4080
1784275147874 0.07141081243753433 4081
1784275147892 0.22123174369335175 4082
1784275147907 0.7803594470024109 4083
1784275147925 0.1413385570049286 4084
1784275147941 0.475918710231781 4085
1784275147959 0.09798942506313324 4086
1784275147977 0.28263336420059204 4087
1784275147996 0.6307265758514404 4088
1784275148017 0.6025289297103882 4089
1784275148034 0.21518731117248535 4090
1784275148052 0.24688343703746796 4091
1784275148069 0.14688238501548767 4092
1784275148087 0.3366483151912689 4093
1784275148105 0.019883548840880394 4094
1784275148123 0.0971250981092453 4095
1784275148141 0.07081993669271469 4096
1784275148158 0.07085075229406357 4097
1784275148176 0.2626810371875763 4098
1784275148196 0.21459968388080597 4099
1784275148212 0.11829891055822372 4100
1784275148230 0.3262822926044464 4101
1784275148251 0.08876412361860275 4102
1784275148268 0.2557882070541382 4103
1784275148287 0.28606662154197693 4104
1784275148304 0.17147333920001984 4105
1784275148322 0.10997112840414047 4106
1784275148340 0.21966521441936493 4107
1784275148358 0.189562126994133 4108
1784275148375 0.42696332931518555 4109
1784275148395 0.12678316235542297 4110
1784275148416 0.48417481780052185 4111
1784275148437 0.15139955282211304 4112
1784275148459 0.244135782122612 4113
1784275148478 0.059096258133649826 4114
1784275148498 0.14013159275054932 4115
1784275148519 0.34250733256340027 4116
1784275148536 0.4671100080013275 4117
1784275148554 0.17387501895427704 4118
1784275148571 0.13306860625743866 4119
1784275148589 0.259572297334671 4120
1784275148609 0.2612714171409607 4121
1784275148642 0.13011936843395233 4122
1784275148659 0.49462413787841797 4123
1784275148678 0.20579741895198822 4124
1784275148696 0.4367516338825226 4125
1784275148715 0.3287355601787567 4126
1784275148731 0.46289730072021484 4127
1784275148752 0.5616703033447266 4128
1784275148771 0.37948915362358093 4129
1784275148790 0.1928466260433197 4130
1784275148809 0.054867617785930634 4131
1784275148828 0.4432721734046936 4132
1784275148847 0.4856020510196686 4133
1784275148866 0.17552413046360016 4134
1784275148886 0.19996489584445953 4135
1784275148903 0.5180518627166748 4136
1784275148922 0.458151638507843 4137
1784275148939 0.20320063829421997 4138
1784275148956 0.286464661359787 4139
1784275148972 0.2568970322608948 4140
1784275148991 0.3588850498199463 4141
1784275149008 0.09408313035964966 4142
1784275149025 0.3191083073616028 4143
1784275149043 0.3080679476261139 4144
1784275149061 0.27720534801483154 4145
1784275149079 0.14355051517486572 4146
1784275149098 0.34120845794677734 4147
1784275149113 0.3096730709075928 4148
1784275149132 0.04425189644098282 4149
1784275149151 0.30333733558654785 4150
1784275149171 0.23924775421619415 4151
1784275149189 0.16228894889354706 4152
1784275149208 0.09997463971376419 4153
1784275149225 0.16342613101005554 4154
1784275149242 0.25532543659210205 4155
1784275149259 0.08754277974367142 4156
1784275149277 0.32208380103111267 4157
1784275149295 0.32526668906211853 4158
1784275149311 0.19649602472782135 4159
1784275149330 0.11848145723342896 4160
1784275149349 0.2533317804336548 4161
1784275149366 0.25891414284706116 4162
1784275149382 0.315165638923645 4163
1784275149402 0.3574088215827942 4164
1784275149422 0.19418996572494507 4165
1784275149439 0.4318811595439911 4166
1784275149458 0.1974325180053711 4167
1784275149476 0.3782908320426941 4168
1784275149495 0.14776290953159332 4169
1784275149517 0.31516048312187195 4170
1784275149538 0.22260406613349915 4171
1784275149560 0.4690074324607849 4172
1784275149582 0.32083818316459656 4173
1784275149601 0.2035900056362152 4174
1784275149620 0.14548182487487793 4175
1784275149639 0.201832115650177 4176
1784275149656 0.23192523419857025 4177
1784275149674 0.29804807901382446 4178
1784275149691 0.6290248036384583 4179
1784275149707 0.15388238430023193 4180
1784275149723 0.5307867527008057 4181
1784275149741 0.19214339554309845 4182
1784275149759 0.249941885471344 4183
1784275149776 0.15129414200782776 4184
1784275149795 0.16803470253944397 4185
1784275149811 0.08571489155292511 4186
1784275149832 0.41886332631111145 4187
1784275149852 0.20527730882167816 4188
1784275149870 0.2517815828323364 4189
1784275149890 0.41974058747291565 4190
1784275149910 0.19107291102409363 4191
1784275149929 0.20032460987567902 4192
1784275149953 0.14824172854423523 4193
1784275149971 0.15797780454158783 4194
1784275149991 0.17504173517227173 4195
1784275150009 0.6138936877250671 4196
1784275150033 0.12684884667396545 4197
1784275150052 0.1486818492412567 4198
1784275150073 0.19890576601028442 4199
1784275150094 0.2223234921693802 4200
1784275150112 0.21734844148159027 4201
1784275150131 0.2560652792453766 4202
1784275150152 0.13354265689849854 4203
1784275150174 0.3219696283340454 4204
1784275150192 0.13893119990825653 4205
1784275150211 0.19509759545326233 4206
1784275150227 0.17343877255916595 4207
1784275150246 0.39445871114730835 4208
1784275150268 0.2398497611284256 4209
1784275150286 0.21671819686889648 4210
1784275150305 0.048883918672800064 4211
1784275150324 0.20292003452777863 4212
1784275150342 0.15597549080848694 4213
1784275150360 0.2692705988883972 4214
1784275150379 0.2944641411304474 4215
1784275150397 0.04808904975652695 4216
1784275150416 0.1345168948173523 4217
1784275150433 0.15558339655399323 4218
1784275150449 0.08556992560625076 4219
1784275150466 0.143451526761055 4220
1784275150482 0.2485567331314087 4221
1784275150501 0.42591747641563416 4222
1784275150520 0.35936039686203003 4223
1784275150537 0.2718772888183594 4224
1784275150555 0.1359880119562149 4225
1784275150573 0.4306456446647644 4226
1784275150591 0.30597221851348877 4227
1784275150612 0.19302669167518616 4228
1784275150638 0.26994219422340393 4229
1784275150659 0.41458866000175476 4230
1784275150683 0.10589320957660675 4231
1784275150708 0.21990036964416504 4232
1784275150730 0.24792176485061646 4233
1784275150751 0.20838043093681335 4234
1784275150771 0.30945703387260437 4235
1784275150792 0.613635778427124 4236
1784275150811 0.1464765965938568 4237
1784275150830 0.31768083572387695 4238
1784275150852 0.131262868642807 4239
1784275150873 0.23735643923282623 4240
1784275150899 0.47392648458480835 4241
1784275150922 0.30973556637763977 4242
1784275150942 0.17252397537231445 4243
1784275150962 0.5968822240829468 4244
1784275150984 0.27558818459510803 4245
1784275151005 0.22802479565143585 4246
1784275151024 0.22964097559452057 4247
1784275151043 0.23100632429122925 4248
1784275151061 0.08420629799365997 4249
1784275151080 0.22286362946033478 4250
1784275151100 0.37345755100250244 4251
1784275151119 0.24943898618221283 4252
1784275151138 0.1668502241373062 4253
1784275151160 0.26642704010009766 4254
1784275151182 0.20635157823562622 4255
1784275151200 0.2899169921875 4256
1784275151216 0.20743751525878906 4257
1784275151234 0.07622107863426208 4258
1784275151253 0.26771947741508484 4259
1784275151271 0.4074174463748932 4260
1784275151288 0.26030758023262024 4261
1784275151305 0.3679406940937042 4262
1784275151328 0.20372715592384338 4263
1784275151348 0.34222349524497986 4264
1784275151365 0.15455327928066254 4265
1784275151382 0.23321300745010376 4266
1784275151400 0.27754706144332886 4267
1784275151418 0.13903410732746124 4268
1784275151435 0.10291977226734161 4269
1784275151452 0.09858430176973343 4270
1784275151469 0.27900150418281555 4271
1784275151487 0.2714577317237854 4272
1784275151503 0.253681480884552 4273
1784275151518 0.20728367567062378 4274
1784275151533 0.4099220335483551 4275
1784275151550 0.15751923620700836 4276
1784275151571 0.21461644768714905 4277
1784275151590 0.13903938233852386 4278
1784275151611 0.4354161024093628 4279
1784275151633 0.10935753583908081 4280
1784275151651 0.1926448494195938 4281
1784275151670 0.15469209849834442 4282
1784275151688 0.5899123549461365 4283
1784275151708 0.06795858591794968 4284
1784275151730 0.3124963641166687 4285
1784275151755 0.33770179748535156 4286
1784275151777 0.1997634470462799 4287
1784275151799 0.15250828862190247 4288
1784275151822 0.5986062288284302 4289
1784275151843 0.06134758144617081 4290
1784275151861 0.20828893780708313 4291
1784275151884 0.27294379472732544 4292
1784275151908 0.15752805769443512 4293
1784275151926 0.18518979847431183 4294
1784275151947 0.3254869282245636 4295
1784275151971 0.28574174642562866 4296
1784275151991 0.35435301065444946 4297
1784275152013 0.264176607131958 4298
1784275152032 0.36485689878463745 4299
1784275152053 0.4171507656574249 4300
1784275152072 0.07817589491605759 4301
1784275152094 0.28547990322113037 4302
1784275152115 0.17335201799869537 4303
1784275152135 0.147745743393898 4304
1784275152154 0.2510730028152466 4305
1784275152176 0.3713764250278473 4306
1784275152196 0.28822067379951477 4307
1784275152216 0.4813721477985382 4308
1784275152237 0.481916218996048 4309
1784275152258 0.21965867280960083 4310
1784275152277 0.1798194944858551 4311
1784275152297 0.41047847270965576 4312
1784275152315 0.12407432496547699 4313
1784275152335 0.3403317630290985 4314
1784275152355 0.13046003878116608 4315
1784275152374 0.5144740343093872 4316
1784275152393 0.07552266865968704 4317
1784275152410 0.40873584151268005 4318
1784275152429 0.062386929988861084 4319
1784275152449 0.1465165913105011 4320
1784275152466 0.36024680733680725 4321
1784275152484 0.28212082386016846 4322
1784275152506 0.21519917249679565 4323
1784275152524 0.27132946252822876 4324
1784275152541 0.5773043632507324 4325
1784275152559 0.11141742765903473 4326
1784275152577 0.16446678340435028 4327
1784275152595 0.2170545607805252 4328
1784275152614 0.12398986518383026 4329
1784275152639 0.1826249063014984 4330
1784275152658 0.18472126126289368 4331
1784275152678 0.4580713212490082 4332
1784275152695 0.1604594886302948 4333
1784275152716 0.21990346908569336 4334
1784275152736 0.11283713579177856 4335
1784275152756 0.09285131841897964 4336
1784275152774 0.34295040369033813 4337
1784275152793 0.3784845471382141 4338
1784275152811 0.24345532059669495 4339
1784275152829 0.12723028659820557 4340
1784275152849 0.4085994362831116 4341
1784275152867 0.338471919298172 4342
1784275152886 0.382638156414032 4343
1784275152904 0.07926502078771591 4344
1784275152922 0.2755137085914612 4345
1784275152940 0.22813384234905243 4346
1784275152959 0.23328033089637756 4347
1784275152977 0.3251420557498932 4348
1784275152997 0.09285347908735275 4349
1784275153014 0.3680109977722168 4350
1784275153033 0.31505095958709717 4351
1784275153052 0.2570198178291321 4352
1784275153070 0.2357189655303955 4353
1784275153094 0.2845432460308075 4354
1784275153113 0.11004335433244705 4355
1784275153133 0.25038763880729675 4356
1784275153151 0.8762764930725098 4357
1784275153172 0.475513756275177 4358
1784275153192 0.17473118007183075 4359
1784275153212 0.1786043494939804 4360
1784275153230 0.2908344864845276 4361
1784275153247 0.22197434306144714 4362
1784275153265 0.2559710144996643 4363
1784275153284 0.3222365379333496 4364
1784275153302 0.1656605303287506 4365
1784275153319 0.08140143007040024 4366
1784275153338 0.16276977956295013 4367
1784275153356 0.2875397503376007 4368
1784275153374 0.15921960771083832 4369
1784275153393 0.3231445550918579 4370
1784275153408 0.1804407835006714 4371
1784275153427 0.24966448545455933 4372
1784275153445 0.13488958775997162 4373
1784275153462 0.2259223759174347 4374
1784275153481 0.32121890783309937 4375
1784275153499 0.07138379663228989 4376
1784275153517 0.224215567111969 4377
1784275153535 0.46604225039482117 4378
1784275153553 0.2543408274650574 4379
1784275153572 0.06854140758514404 4380
1784275153590 0.2665567100048065 4381
1784275153607 0.2466476559638977 4382
1784275153626 0.19271209836006165 4383
1784275153644 0.13501977920532227 4384
1784275153664 0.09301609545946121 4385
1784275153682 0.1501736342906952 4386
1784275153698 0.2650151550769806 4387
1784275153715 0.13935025036334991 4388
1784275153732 0.1205875426530838 4389
1784275153751 0.39517152309417725 4390
1784275153769 0.15447263419628143 4391
1784275153787 0.10553741455078125 4392
1784275153807 0.13906662166118622 4393
1784275153825 0.1491662859916687 4394
1784275153844 0.18941998481750488 4395
1784275153866 0.17988722026348114 4396
1784275153888 0.1253499984741211 4397
1784275153908 0.4852721691131592 4398
1784275153927 0.055423371493816376 4399
1784275153949 0.6104726791381836 4400
1784275153969 0.6095280647277832 4401
1784275153992 0.24933871626853943 4402
1784275154016 0.48876243829727173 4403
1784275154040 0.1854778677225113 4404
1784275154060 0.09278921037912369 4405
1784275154083 0.07120025902986526 4406
1784275154103 0.11035662144422531 4407
1784275154123 0.17794150114059448 4408
1784275154141 0.31293976306915283 4409
1784275154159 0.21951036155223846 4410
1784275154178 0.05238853022456169 4411
1784275154199 0.46415722370147705 4412
1784275154218 0.27383607625961304 4413
1784275154236 0.1282377392053604 4414
1784275154256 0.4053475856781006 4415
1784275154276 0.14307989180088043 4416
1784275154295 0.09129057824611664 4417
1784275154314 0.15869273245334625 4418
1784275154332 0.22185160219669342 4419
1784275154351 0.1501028686761856 4420
1784275154370 0.19046053290367126 4421
1784275154388 0.07678107172250748 4422
1784275154405 0.23509149253368378 4423
1784275154422 0.3374130427837372 4424
1784275154441 0.2346613109111786 4425
1784275154458 0.5329025983810425 4426
1784275154473 0.2414976805448532 4427
1784275154491 0.13625435531139374 4428
1784275154510 0.08726372569799423 4429
1784275154528 0.285858690738678 4430
1784275154545 0.2547847330570221 4431
1784275154564 0.18959477543830872 4432
1784275154581 0.21945124864578247 4433
1784275154600 0.25458601117134094 4434
1784275154617 0.14580035209655762 4435
1784275154634 0.188174769282341 4436
1784275154651 0.14638356864452362 4437
1784275154667 0.2725089490413666 4438
1784275154684 0.15129584074020386 4439
1784275154700 0.27143311500549316 4440
1784275154717 0.19381773471832275 4441
1784275154733 0.2534783184528351 4442
1784275154753 0.47198358178138733 4443
1784275154769 0.06449169665575027 4444
1784275154786 0.24477967619895935 4445
1784275154803 0.20053240656852722 4446
1784275154818 0.6105138063430786 4447
1784275154837 0.1596105843782425 4448
1784275154855 0.11319413036108017 4449
1784275154873 0.15884967148303986 4450
1784275154892 0.08278520405292511 4451
1784275154908 0.060705363750457764 4452
1784275154925 0.27608469128608704 4453
1784275154942 0.07953020185232162 4454
1784275154961 0.14979983866214752 4455
1784275154978 0.09113968163728714 4456
1784275154997 0.39693865180015564 4457
1784275155014 0.39705514907836914 4458
1784275155031 0.12365437299013138 4459
1784275155049 0.44249972701072693 4460
1784275155064 0.18864938616752625 4461
1784275155083 0.23933681845664978 4462
1784275155100 0.1513359099626541 4463
1784275155116 0.09314915537834167 4464
1784275155135 0.12409483641386032 4465
1784275155152 0.2269585132598877 4466
1784275155169 0.232674703001976 4467
1784275155187 0.08484054356813431 4468
1784275155203 0.45003998279571533 4469
1784275155221 0.23270373046398163 4470
1784275155238 0.22956836223602295 4471
1784275155254 0.2690916955471039 4472
1784275155272 0.2024896889925003 4473
1784275155290 0.1170223280787468 4474
1784275155310 0.11338858306407928 4475
1784275155327 0.11967514455318451 4476
1784275155345 0.1892581433057785 4477
1784275155361 0.12226154655218124 4478
1784275155376 0.26856696605682373 4479
1784275155395 0.5254112482070923 4480
1784275155415 0.13447068631649017 4481
1784275155433 0.044873498380184174 4482
1784275155450 0.2843695282936096 4483
1784275155467 0.20901347696781158 4484
1784275155485 0.17542672157287598 4485
1784275155502 0.09916888177394867 4486
1784275155519 0.22052927315235138 4487
1784275155537 0.16440284252166748 4488
1784275155554 0.1650342047214508 4489
1784275155574 0.09875154495239258 4490
1784275155592 0.21343177556991577 4491
1784275155609 0.0753774642944336 4492
1784275155627 0.1877739280462265 4493
1784275155693 0.13044914603233337 4494
1784275155717 0.2505434453487396 4495
1784275155735 0.10953843593597412 4496
1784275155753 0.38203567266464233 4497
1784275155771 0.17473481595516205 4498
1784275155789 0.06655764579772949 4499
1784275155806 0.09171499311923981 4500
1784275155823 0.04343493655323982 4501
1784275155841 0.5557920336723328 4502
1784275155859 0.2141418755054474 4503
1784275155876 0.10542288422584534 4504
1784275155893 0.2990044951438904 4505
1784275155911 0.2437143623828888 4506
1784275155929 0.1619383841753006 4507
1784275155948 0.16699859499931335 4508
1784275155965 0.2168615609407425 4509
1784275155983 0.1566595733165741 4510
1784275155999 0.2449662834405899 4511
1784275156018 0.20407868921756744 4512
1784275156038 0.13459822535514832 4513
1784275156055 0.36315834522247314 4514
1784275156072 0.08097323775291443 4515
1784275156090 0.3489920496940613 4516
1784275156107 0.45858436822891235 4517
1784275156125 0.5508094429969788 4518
1784275156143 0.13494320213794708 4519
1784275156159 0.19516970217227936 4520
1784275156180 0.3336200714111328 4521
1784275156197 0.5098246335983276 4522
1784275156215 0.16853183507919312 4523
1784275156235 0.5203689336776733 4524
1784275156258 0.1655735969543457 4525
1784275156275 0.1788550168275833 4526
1784275156298 0.08234824985265732 4527
1784275156316 0.23530660569667816 4528
1784275156335 0.19905193150043488 4529
1784275156354 0.17747129499912262 4530
1784275156371 0.16952063143253326 4531
1784275156389 0.1835283488035202 4532
1784275156405 0.36645522713661194 4533
1784275156422 0.260648250579834 4534
1784275156440 0.13158045709133148 4535
1784275156457 0.266066312789917 4536
1784275156474 0.08243625611066818 4537
1784275156491 0.1896720677614212 4538
1784275156508 0.14464202523231506 4539
1784275156525 0.10665633529424667 4540
1784275156544 0.24009612202644348 4541
1784275156564 0.26433709263801575 4542
1784275156581 0.13636517524719238 4543
1784275156598 0.14171013236045837 4544
1784275156620 0.3307851254940033 4545
1784275156640 0.17190712690353394 4546
1784275156657 0.2204459011554718 4547
1784275156675 0.17464579641819 4548
1784275156692 0.09437966346740723 4549
1784275156708 0.31911754608154297 4550
1784275156723 0.18326140940189362 4551
1784275156741 0.46859490871429443 4552
1784275156759 0.28523656725883484 4553
1784275156777 0.22446903586387634 4554
1784275156794 0.1946209967136383 4555
1784275156811 0.24037043750286102 4556
1784275156829 0.5451169610023499 4557
1784275156847 0.17761407792568207 4558
1784275156864 0.19644062221050262 4559
1784275156884 0.27441126108169556 4560
1784275156902 0.22816364467144012 4561
1784275156920 0.044713880866765976 4562
1784275156938 0.2827012836933136 4563
1784275156956 0.14170217514038086 4564
1784275156975 0.14707159996032715 4565
1784275156994 0.4266134798526764 4566
1784275157014 0.28912341594696045 4567
1784275157035 0.4003638029098511 4568
1784275157054 0.16890977323055267 4569
1784275157072 0.3646644055843353 4570
1784275157088 0.18002526462078094 4571
1784275157106 0.2661519944667816 4572
1784275157124 0.270232230424881 4573
1784275157144 0.07031797617673874 4574
1784275157165 0.40827828645706177 4575
1784275157187 0.1672886312007904 4576
1784275157206 0.31252631545066833 4577
1784275157223 0.6963474750518799 4578
1784275157240 0.20897051692008972 4579
1784275157259 0.07174323499202728 4580
1784275157278 0.13454551994800568 4581
1784275157297 0.07181078940629959 4582
1784275157313 0.29322904348373413 4583
1784275157333 0.49163737893104553 4584
1784275157350 0.17595788836479187 4585
1784275157369 0.1356947422027588 4586
1784275157387 0.06009136512875557 4587
1784275157404 0.2945808470249176 4588
1784275157422 0.4476429224014282 4589
1784275157442 0.0734001025557518 4590
1784275157461 0.25124698877334595 4591
1784275157483 0.30453282594680786 4592
1784275157500 0.0844310000538826 4593
1784275157518 0.17128553986549377 4594
1784275157537 0.16612927615642548 4595
1784275157554 0.5484989881515503 4596
1784275157571 0.4173773229122162 4597
1784275157588 0.3293973207473755 4598
1784275157605 0.26074928045272827 4599
1784275157622 0.049028437584638596 4600
1784275157638 0.1778084933757782 4601
1784275157654 0.17701703310012817 4602
1784275157674 0.30861523747444153 4603
1784275157690 0.17252123355865479 4604
1784275157708 0.12465185672044754 4605
1784275157726 0.33521580696105957 4606
1784275157745 0.2182731330394745 4607
1784275157764 0.14132021367549896 4608
1784275157783 0.05961306020617485 4609
1784275157804 0.19225099682807922 4610
1784275157825 0.06419669836759567 4611
1784275157843 0.3555511236190796 4612
1784275157863 0.30371934175491333 4613
1784275157883 0.2804468274116516 4614
1784275157903 0.498907208442688 4615
1784275157921 0.2074642926454544 4616
1784275157941 0.08753539621829987 4617
1784275157959 0.2594274580478668 4618
1784275157980 0.39362338185310364 4619
1784275158001 0.03772927075624466 4620
1784275158020 0.14179132878780365 4621
1784275158039 0.1347968876361847 4622
1784275158057 0.2603003680706024 4623
1784275158076 0.14494740962982178 4624
1784275158093 0.16232338547706604 4625
1784275158111 0.1297389268875122 4626
1784275158132 0.2374681681394577 4627
1784275158152 0.1836230605840683 4628
1784275158172 0.15558786690235138 4629
1784275158191 0.5470865368843079 4630
1784275158212 0.5391777157783508 4631
1784275158231 0.10116177797317505 4632
1784275158251 0.31212329864501953 4633
1784275158271 0.13254545629024506 4634
1784275158293 0.07986419647932053 4635
1784275158313 0.20403845608234406 4636
1784275158332 0.3906290531158447 4637
1784275158352 0.11775627732276917 4638
1784275158370 0.1399441808462143 4639
1784275158389 0.1539784073829651 4640
1784275158407 0.6268023252487183 4641
1784275158423 0.11347224563360214 4642
1784275158439 0.2693605422973633 4643
1784275158458 0.172321617603302 4644
1784275158483 0.49411919713020325 4645
1784275158504 0.1672109067440033 4646
1784275158524 0.23166170716285706 4647
1784275158543 0.1437542587518692 4648
1784275158564 0.14387385547161102 4649
1784275158584 0.11252478510141373 4650
1784275158602 0.24519406259059906 4651
1784275158620 0.10703624784946442 4652
1784275158638 0.23080028593540192 4653
1784275158655 0.21876037120819092 4654
1784275158674 0.1866147518157959 4655
1784275158691 0.33175280690193176 4656
1784275158708 0.3951527774333954 4657
1784275158725 0.31704962253570557 4658
1784275158742 0.10667728632688522 4659
1784275158760 0.419769287109375 4660
1784275158777 0.24344192445278168 4661
1784275158796 0.2287645936012268 4662
1784275158815 0.17844882607460022 4663
1784275158835 0.10924606770277023 4664
1784275158852 0.26893678307533264 4665
1784275158869 0.09634168446063995 4666
1784275158890 0.12399297952651978 4667
1784275158908 0.18662281334400177 4668
1784275158925 0.16886748373508453 4669
1784275158943 0.3773154616355896 4670
1784275158959 0.05637933686375618 4671
1784275158977 0.36556491255760193 4672
1784275158993 0.45686468482017517 4673
1784275159012 0.34325748682022095 4674
1784275159031 0.1662035882472992 4675
1784275159048 0.1097445860505104 4676
1784275159067 0.1993754655122757 4677
1784275159084 0.2616743743419647 4678
1784275159102 0.18225882947444916 4679
1784275159120 0.26113924384117126 4680
1784275159137 0.18291471898555756 4681
1784275159159 0.1930658221244812 4682
1784275159184 0.15617533028125763 4683
1784275159206 0.14132338762283325 4684
1784275159231 0.23186857998371124 4685
1784275159252 0.09204959124326706 4686
1784275159276 0.05380922183394432 4687
1784275159296 0.16171544790267944 4688
1784275159316 0.57487952709198 4689
1784275159335 0.0851234719157219 4690
1784275159356 0.33250221610069275 4691
1784275159374 0.3422466814517975 4692
1784275159393 0.030812514945864677 4693
1784275159413 0.4693963825702667 4694
1784275159433 0.12592659890651703 4695
1784275159459 0.20979094505310059 4696
1784275159485 0.12954246997833252 4697
1784275159506 0.36584582924842834 4698
1784275159530 0.33181917667388916 4699
1784275159550 0.17056086659431458 4700
1784275159570 0.5126201510429382 4701
1784275159590 0.13575278222560883 4702
1784275159627 0.3927173614501953 4703
1784275159648 0.9072893857955933 4704
1784275159670 0.2383531630039215 4705
1784275159688 0.09199383854866028 4706
1784275159707 0.19064739346504211 4707
1784275159729 0.20333896577358246 4708
1784275159748 0.0857238918542862 4709
1784275159770 0.08572708815336227 4710
1784275159789 0.15388086438179016 4711
1784275159806 0.2939346134662628 4712
1784275159826 0.5898492932319641 4713
1784275159848 0.07414626330137253 4714
1784275159867 0.3114294111728668 4715
1784275159888 0.20573988556861877 4716
1784275159907 0.06459051370620728 4717
1784275159926 0.1964428871870041 4718
1784275159945 0.19498924911022186 4719
1784275159963 0.3621031939983368 4720
1784275159981 0.23334315419197083 4721
1784275160007 0.2667599320411682 4722
1784275160029 0.15288607776165009 4723
1784275160049 0.08746170252561569 4724
1784275160069 0.4010382294654846 4725
1784275160088 0.47437044978141785 4726
1784275160105 0.15222230553627014 4727
1784275160124 0.27703598141670227 4728
1784275160141 0.20497167110443115 4729
1784275160160 0.2705654203891754 4730
1784275160181 0.20923304557800293 4731
1784275160200 0.2767140865325928 4732
1784275160221 0.1737671196460724 4733
1784275160243 0.3241990804672241 4734
1784275160263 0.13979262113571167 4735
1784275160280 0.08872288465499878 4736
1784275160297 0.32311156392097473 4737
1784275160317 0.46772608160972595 4738
1784275160336 0.6270714998245239 4739
1784275160353 0.22957703471183777 4740
1784275160370 0.3266204297542572 4741
1784275160386 0.43530434370040894 4742
1784275160404 0.1858234703540802 4743
1784275160422 0.451328307390213 4744
1784275160438 0.18743453919887543 4745
1784275160456 0.3504725992679596 4746
1784275160473 0.22825832664966583 4747
1784275160490 0.2146187424659729 4748
1784275160507 0.29184582829475403 4749
1784275160527 0.1940382421016693 4750
1784275160547 0.24777309596538544 4751
1784275160569 0.14576023817062378 4752
1784275160587 0.2010675072669983 4753
1784275160607 0.13277316093444824 4754
1784275160625 0.1800803691148758 4755
1784275160647 0.2989899218082428 4756
1784275160667 0.058441635221242905 4757
1784275160686 0.2317507565021515 4758
1784275160708 0.1260494887828827 4759
1784275160732 0.2787870168685913 4760
1784275160754 0.3394533097743988 4761
1784275160776 0.34201204776763916 4762
1784275160798 0.14242441952228546 4763
1784275160819 0.13262131810188293 4764
1784275160837 0.664009690284729 4765
1784275160855 0.10922934859991074 4766
1784275160873 0.10882243514060974 4767
1784275160892 0.04819729924201965 4768
1784275160910 0.0691976398229599 4769
1784275160928 0.5165539383888245 4770
1784275160946 0.08405423909425735 4771
1784275160964 0.18114249408245087 4772
1784275160982 0.7007766962051392 4773
1784275160999 0.23388953506946564 4774
1784275161018 0.4003444015979767 4775
1784275161037 0.06349016726016998 4776
1784275161056 0.7274791598320007 4777
1784275161073 0.13578549027442932 4778
1784275161091 0.15613000094890594 4779
1784275161110 0.2275138646364212 4780
1784275161129 0.5079610347747803 4781
1784275161146 0.6269019246101379 4782
1784275161165 0.06087636947631836 4783
1784275161184 0.18274006247520447 4784
1784275161204 0.22789041697978973 4785
1784275161224 0.20650462806224823 4786
1784275161242 0.25846126675605774 4787
1784275161261 0.15833617746829987 4788
1784275161278 0.11308551579713821 4789
1784275161293 0.1474902182817459 4790
1784275161309 0.36927494406700134 4791
1784275161326 0.24230362474918365 4792
1784275161346 0.30028873682022095 4793
1784275161366 0.12020038813352585 4794
1784275161385 0.08114951848983765 4795
1784275161403 0.438819020986557 4796
1784275161422 0.1419627070426941 4797
1784275161442 0.09061042964458466 4798
1784275161460 0.0878264382481575 4799
1784275161477 0.46542003750801086 4800
1784275161495 0.10008922964334488 4801
1784275161512 0.13032254576683044 4802
1784275161530 0.6628865599632263 4803
1784275161546 0.07429270446300507 4804
1784275161565 0.3869718611240387 4805
1784275161581 0.25160473585128784 4806
1784275161598 0.06311844289302826 4807
1784275161616 0.08730287104845047 4808
1784275161636 0.12399814277887344 4809
1784275161655 0.3513186275959015 4810
1784275161673 0.46235495805740356 4811
1784275161691 0.06551922112703323 4812
1784275161709 0.17564038932323456 4813
1784275161727 0.14120930433273315 4814
1784275161747 0.38995733857154846 4815
1784275161763 0.06504642218351364 4816
1784275161778 0.09507713466882706 4817
1784275161796 0.10488123446702957 4818
1784275161815 0.21443583071231842 4819
1784275161833 0.08672317117452621 4820
1784275161852 0.31893888115882874 4821
1784275161868 0.7002478241920471 4822
1784275161885 0.08374223113059998 4823
1784275161902 0.2221701294183731 4824
1784275161919 0.14905156195163727 4825
1784275161937 0.3039548993110657 4826
1784275161956 0.1408504992723465 4827
1784275161973 0.08432096987962723 4828
1784275161990 0.06926953047513962 4829
1784275162009 0.16913270950317383 4830
1784275162027 0.6076489686965942 4831
1784275162043 0.2526841163635254 4832
1784275162063 0.30825677514076233 4833
1784275162079 0.2195361852645874 4834
1784275162094 0.038796644657850266 4835
1784275162110 0.26535162329673767 4836
1784275162129 0.09702908992767334 4837
1784275162144 0.23138873279094696 4838
1784275162161 0.11417452245950699 4839
1784275162181 0.4844151735305786 4840
1784275162199 0.203208789229393 4841
1784275162218 0.10739627480506897 4842
1784275162236 0.2579730153083801 4843
1784275162252 0.16390417516231537 4844
1784275162270 0.4601893723011017 4845
1784275162289 0.10990483313798904 4846
1784275162308 0.06782152503728867 4847
1784275162326 0.14417117834091187 4848
1784275162343 0.15134964883327484 4849
1784275162360 0.1682337522506714 4850
1784275162377 0.3937012553215027 4851
1784275162393 0.07118764519691467 4852
1784275162411 0.10963327437639236 4853
1784275162431 0.23602817952632904 4854
1784275162451 0.2531435787677765 4855
1784275162468 0.14103639125823975 4856
1784275162485 0.10152030736207962 4857
1784275162504 0.06720175594091415 4858
1784275162522 0.21588677167892456 4859
1784275162538 0.19170036911964417 4860
1784275162555 0.12976756691932678 4861
1784275162573 0.4226094186306 4862
1784275162597 0.1436934471130371 4863
1784275162614 0.3988783359527588 4864
1784275162631 0.18061818182468414 4865
1784275162650 0.27876803278923035 4866
1784275162668 0.0887795016169548 4867
1784275162685 0.3778708279132843 4868
1784275162702 0.07238014787435532 4869
1784275162721 0.32043546438217163 4870
1784275162739 0.21732904016971588 4871
1784275162757 0.24813801050186157 4872
1784275162774 0.12097242474555969 4873
1784275162792 0.308290034532547 4874
1784275162808 0.25854068994522095 4875
1784275162826 0.1039227694272995 4876
1784275162843 0.04245007038116455 4877
1784275162859 0.36154189705848694 4878
1784275162876 0.11059616506099701 4879
1784275162894 0.11342993378639221 4880
1784275162912 0.07163632661104202 4881
1784275162932 0.5343323945999146 4882
1784275162952 0.21013164520263672 4883
1784275162974 0.3480192720890045 4884
1784275162995 0.43664413690567017 4885
1784275163015 0.33073440194129944 4886
1784275163034 0.037709932774305344 4887
1784275163053 0.06368621438741684 4888
1784275163071 0.23187366127967834 4889
1784275163088 0.08734147995710373 4890
1784275163105 0.4961532652378082 4891
1784275163122 0.2270747423171997 4892
1784275163139 0.1974261850118637 4893
1784275163156 0.16249164938926697 4894
1784275163172 0.18580764532089233 4895
1784275163190 0.11585966497659683 4896
1784275163209 0.5036081671714783 4897
1784275163227 0.2898959517478943 4898
1784275163248 0.034491948783397675 4899
1784275163265 0.22674183547496796 4900
1784275163282 0.2305099219083786 4901
1784275163300 0.19849298894405365 4902
1784275163315 0.090540811419487 4903
1784275163333 0.271111398935318 4904
1784275163351 0.09539847075939178 4905
1784275163369 0.09642630815505981 4906
1784275163385 0.20945779979228973 4907
1784275163401 0.10968651622533798 4908
1784275163418 0.09333352744579315 4909
1784275163435 0.2895510792732239 4910
1784275163452 0.43491703271865845 4911
1784275163470 0.20101694762706757 4912
1784275163487 0.46893733739852905 4913
1784275163502 0.20476087927818298 4914
1784275163518 0.43664389848709106 4915
1784275163534 0.2478797435760498 4916
1784275163552 0.09873322397470474 4917
1784275163570 0.11201051622629166 4918
1784275163587 0.15889717638492584 4919
1784275163606 0.16145001351833344 4920
1784275163622 0.2216932326555252 4921
1784275163641 0.10994891077280045 4922
1784275163660 0.10344800353050232 4923
1784275163680 0.5512102246284485 4924
1784275163696 0.27485179901123047 4925
1784275163713 0.1985689401626587 4926
1784275163734 0.07272966206073761 4927
1784275163753 0.3887408673763275 4928
1784275163771 0.07551711052656174 4929
1784275163788 0.4310266375541687 4930
1784275163805 0.04231942445039749 4931
1784275163823 0.17641621828079224 4932
1784275163842 0.20655183494091034 4933
1784275163863 0.4921897053718567 4934
1784275163883 0.23279628157615662 4935
1784275163903 0.22179099917411804 4936
1784275163922 0.5113411545753479 4937
1784275163940 0.27782586216926575 4938
1784275163960 0.08114613592624664 4939
1784275163979 0.19007009267807007 4940
1784275163997 0.3078248202800751 4941
1784275164018 0.2131974846124649 4942
1784275164038 0.44867944717407227 4943
1784275164057 0.13420963287353516 4944
1784275164076 0.11748090386390686 4945
1784275164092 0.11709654331207275 4946
1784275164110 0.05859607830643654 4947
1784275164130 0.37132710218429565 4948
1784275164148 0.1866975873708725 4949
1784275164168 0.2813396155834198 4950
1784275164188 0.1680556833744049 4951
1784275164207 0.5151926279067993 4952
1784275164227 0.11163662374019623 4953
1784275164246 0.10117332637310028 4954
1784275164266 0.1306009292602539 4955
1784275164285 0.2615918517112732 4956
1784275164302 0.11958090960979462 4957
1784275164321 0.3206997513771057 4958
1784275164337 0.2517414391040802 4959
1784275164355 0.07933846861124039 4960
1784275164372 0.05638321116566658 4961
1784275164390 0.41116175055503845 4962
1784275164407 0.11597106605768204 4963
1784275164424 0.1456383913755417 4964
1784275164443 0.2705698311328888 4965
1784275164460 0.2826727628707886 4966
1784275164478 0.3423975706100464 4967
1784275164496 0.16437993943691254 4968
1784275164516 0.08587481826543808 4969
1784275164534 0.23054534196853638 4970
1784275164553 0.25317221879959106 4971
1784275164572 0.11223310232162476 4972
1784275164589 0.1095251813530922 4973
1784275164604 0.11344628781080246 4974
1784275164623 0.14331677556037903 4975
1784275164640 0.1624716818332672 4976
1784275164658 0.2332674264907837 4977
1784275164678 0.5587520003318787 4978
1784275164696 0.47453969717025757 4979
1784275164712 0.25246483087539673 4980
1784275164731 0.10227983444929123 4981
1784275164749 0.2261502593755722 4982
1784275164766 0.25441429018974304 4983
1784275164785 0.4081820845603943 4984
1784275164802 0.5058497786521912 4985
1784275164819 0.17375752329826355 4986
1784275164836 0.2463557869195938 4987
1784275164854 0.5038917064666748 4988
1784275164871 0.19625461101531982 4989
1784275164889 0.12406770139932632 4990
1784275164907 0.22064754366874695 4991
1784275164924 0.20390193164348602 4992
1784275164943 0.44187402725219727 4993
1784275164960 0.29902341961860657 4994
1784275164977 0.34902429580688477 4995
1784275164995 0.04030703008174896 4996
1784275165013 0.3031903803348541 4997
1784275165029 0.14229226112365723 4998
1784275165047 0.13373172283172607 4999
1784275165067 0.15044189989566803 5000
1784275165084 0.12881754338741302 5001
1784275165102 0.038505129516124725 5002
1784275165120 0.12170962244272232 5003
1784275165138 0.13973084092140198 5004
1784275165156 0.12627573311328888 5005
1784275165178 0.37790748476982117 5006
1784275165198 0.1108124852180481 5007
1784275165219 0.1492946296930313 5008
1784275165240 0.567879319190979 5009
1784275165259 0.11587803065776825 5010
1784275165276 0.09885408729314804 5011
1784275165295 0.10211807489395142 5012
1784275165312 0.15537357330322266 5013
1784275165330 0.2728348970413208 5014
1784275165349 0.43653348088264465 5015
1784275165367 0.09484538435935974 5016
1784275165384 0.2111712545156479 5017
1784275165402 0.1906493604183197 5018
1784275165418 0.5344765186309814 5019
1784275165437 0.33191508054733276 5020
1784275165453 0.21182501316070557 5021
1784275165470 0.15100443363189697 5022
1784275165488 0.4238431751728058 5023
1784275165506 0.3508611023426056 5024
1784275165524 0.06644834578037262 5025
1784275165541 0.2704666554927826 5026
1784275165559 0.03977865353226662 5027
1784275165576 0.08035033196210861 5028
1784275165593 0.056579116731882095 5029
1784275165610 0.35442090034484863 5030
1784275165626 0.11132413893938065 5031
1784275165643 0.2020472139120102 5032
1784275165664 0.059881217777729034 5033
1784275165682 0.11194846034049988 5034
1784275165700 0.3593488931655884 5035
1784275165720 0.3971617519855499 5036
1784275165739 0.079657182097435 5037
1784275165757 0.0751902237534523 5038
1784275165775 0.07552887499332428 5039
1784275165794 0.18689844012260437 5040
1784275165811 0.04185386002063751 5041
1784275165834 0.11957201361656189 5042
1784275165854 0.2465592920780182 5043
1784275165873 0.19325216114521027 5044
1784275165892 0.6133180856704712 5045
1784275165909 0.04675595462322235 5046
1784275165928 0.1420067697763443 5047
1784275165948 0.1316639631986618 5048
1784275165966 0.17856433987617493 5049
1784275165983 0.5513149499893188 5050
1784275166000 0.14946679770946503 5051
1784275166018 0.13012535870075226 5052
1784275166036 0.19749726355075836 5053
1784275166053 0.8524395227432251 5054
1784275166070 0.23610468208789825 5055
1784275166089 0.040239378809928894 5056
1784275166107 0.11800165474414825 5057
1784275166124 0.17129367589950562 5058
1784275166140 0.3517419099807739 5059
1784275166159 0.13044875860214233 5060
1784275166175 0.22502803802490234 5061
1784275166193 0.33652639389038086 5062
1784275166212 0.3684547543525696 5063
1784275166229 0.45779773592948914 5064
1784275166246 0.5575469136238098 5065
1784275166266 0.12992700934410095 5066
1784275166284 0.32541149854660034 5067
1784275166302 0.07824765890836716 5068
1784275166320 0.08454696089029312 5069
1784275166338 0.1908266544342041 5070
1784275166355 0.15966522693634033 5071
1784275166374 0.24328628182411194 5072
1784275166390 0.4701494574546814 5073
1784275166407 0.2612498104572296 5074
1784275166429 0.10215646773576736 5075
1784275166453 0.3170640170574188 5076
1784275166475 0.18329833447933197 5077
1784275166498 0.15109597146511078 5078
1784275166521 0.15765561163425446 5079
1784275166551 0.1009431704878807 5080
1784275166571 0.08740518242120743 5081
1784275166590 0.5415174961090088 5082
1784275166610 0.20183821022510529 5083
1784275166631 0.04257592558860779 5084
1784275166649 0.36555975675582886 5085
1784275166670 0.09389934688806534 5086
1784275166691 0.24048632383346558 5087
1784275166717 0.46885982155799866 5088
1784275166740 0.20507977902889252 5089
1784275166763 0.2669117748737335 5090
1784275166789 0.09635740518569946 5091
1784275166810 0.44857344031333923 5092
1784275166829 0.16683679819107056 5093
1784275166849 0.33916008472442627 5094
1784275166868 0.1405697613954544 5095
1784275166886 0.14793342351913452 5096
1784275166904 0.13039787113666534 5097
1784275166925 0.1340959519147873 5098
1784275166949 0.10411816835403442 5099
1784275166974 0.51313716173172 5100
1784275166996 0.1826252043247223 5101
1784275167018 0.10108589380979538 5102
1784275167040 0.06497936695814133 5103
1784275167059 0.1906416267156601 5104
1784275167079 0.3247351050376892 5105
1784275167096 0.31911179423332214 5106
1784275167115 0.4265897572040558 5107
1784275167142 0.11791515350341797 5108
1784275167162 0.059877317398786545 5109
1784275167183 0.08835113048553467 5110
1784275167203 0.10070338100194931 5111
1784275167223 0.15412674844264984 5112
1784275167244 0.37284642457962036 5113
1784275167264 0.24621057510375977 5114
1784275167282 0.07859157770872116 5115
1784275167302 0.20655983686447144 5116
1784275167319 0.19594329595565796 5117
1784275167338 0.17336946725845337 5118
1784275167354 0.45955905318260193 5119
1784275167371 0.4713405966758728 5120
1784275167393 0.31595081090927124 5121
1784275167418 0.15484915673732758 5122
1784275167439 0.2130655199289322 5123
1784275167459 0.2869378924369812 5124
1784275167479 0.28749793767929077 5125
1784275167498 0.23614279925823212 5126
1784275167518 0.09713459014892578 5127
1784275167535 0.286164790391922 5128
1784275167553 0.10878056287765503 5129
1784275167573 0.6088218688964844 5130
1784275167592 0.33090847730636597 5131
1784275167608 0.1697777658700943 5132
1784275167628 0.35390329360961914 5133
1784275167646 0.2706166207790375 5134
1784275167664 0.17858099937438965 5135
1784275167681 0.08946114033460617 5136
1784275167698 0.10893797129392624 5137
1784275167716 0.3897314965724945 5138
1784275167736 0.21344122290611267 5139
1784275167755 0.09533969312906265 5140
1784275167773 0.13159389793872833 5141
1784275167789 0.24144434928894043 5142
1784275167807 0.2687514126300812 5143
1784275167825 0.08677034825086594 5144
1784275167842 0.2391306757926941 5145
1784275167863 0.26549166440963745 5146
1784275167884 0.25261086225509644 5147
1784275167903 0.420511394739151 5148
1784275167922 0.1192665696144104 5149
1784275167938 0.35127076506614685 5150
1784275167958 0.2570498585700989 5151
1784275167976 0.11054453998804092 5152
1784275167995 0.21169942617416382 5153
1784275168015 0.14942359924316406 5154
1784275168035 0.07971566170454025 5155
1784275168055 0.06504440307617188 5156
1784275168073 0.5487307906150818 5157
1784275168093 0.6008186340332031 5158
1784275168121 0.3428429365158081 5159
1784275168145 0.08042886108160019 5160
1784275168172 0.36840254068374634 5161
1784275168198 0.3871444761753082 5162
1784275168225 0.15236420929431915 5163
1784275168246 0.16360729932785034 5164
1784275168266 0.3585238456726074 5165
1784275168288 0.27400314807891846 5166
1784275168308 0.22237122058868408 5167
1784275168328 0.1730331927537918 5168
1784275168348 0.23868206143379211 5169
1784275168368 0.09874357283115387 5170
1784275168387 0.3229096829891205 5171
1784275168409 0.3207646310329437 5172
1784275168435 0.08451388031244278 5173
1784275168463 0.44426393508911133 5174
1784275168484 0.22219593822956085 5175
1784275168503 0.3109493851661682 5176
1784275168524 0.14294776320457458 5177
1784275168544 0.5321766138076782 5178
1784275168565 0.0824160948395729 5179
1784275168585 0.4170043170452118 5180
1784275168605 0.09694791585206985 5181
1784275168626 0.08704178035259247 5182
1784275168644 0.1643477976322174 5183
1784275168665 0.3404064178466797 5184
1784275168686 0.11399433016777039 5185
1784275168705 0.2081100344657898 5186
1784275168725 0.2061535120010376 5187
1784275168747 0.10684910416603088 5188
1784275168766 0.16018681228160858 5189
1784275168787 0.27668049931526184 5190
1784275168805 0.17945164442062378 5191
1784275168825 0.10933098942041397 5192
1784275168844 0.1410820633172989 5193
1784275168863 0.18750770390033722 5194
1784275168883 0.19722571969032288 5195
1784275168902 0.21000081300735474 5196
1784275168921 0.06638926267623901 5197
1784275168939 0.2553536891937256 5198
1784275168957 0.14352546632289886 5199
1784275168975 0.1652137190103531 5200
1784275169002 0.4401894807815552 5201
1784275169022 0.1697264164686203 5202
1784275169040 0.30067774653434753 5203
1784275169058 0.311286062002182 5204
1784275169074 0.17521968483924866 5205
1784275169158 0.24343137443065643 5206
1784275169187 0.32578757405281067 5207
1784275169205 0.4921613335609436 5208
1784275169224 0.17020541429519653 5209
1784275169240 0.21663546562194824 5210
1784275169257 0.05827130004763603 5211
1784275169275 0.4642398953437805 5212
1784275169293 0.3467503786087036 5213
1784275169311 0.34226566553115845 5214
1784275169329 0.3157541751861572 5215
1784275169347 0.17290794849395752 5216
1784275169364 0.29173076152801514 5217
1784275169380 0.2817682921886444 5218
1784275169398 0.4137785732746124 5219
1784275169416 0.08973021060228348 5220
1784275169434 0.263897567987442 5221
1784275169451 0.17711499333381653 5222
1784275169469 0.15279945731163025 5223
1784275169486 0.07041044533252716 5224
1784275169503 0.14671608805656433 5225
1784275169521 0.2680518925189972 5226
1784275169537 0.1369512975215912 5227
1784275169568 0.20531365275382996 5228
1784275169584 0.3523460328578949 5229
1784275169602 0.17982515692710876 5230
1784275169621 0.31658563017845154 5231
1784275169641 0.2194591909646988 5232
1784275169661 0.14565473794937134 5233
1784275169682 0.1459677815437317 5234
1784275169701 0.49777528643608093 5235
1784275169720 0.08266106247901917 5236
1784275169737 0.3749518394470215 5237
1784275169752 0.0745428204536438 5238
1784275169769 0.26779454946517944 5239
1784275169786 0.3673565983772278 5240
1784275169804 0.12588047981262207 5241
1784275169821 0.15104132890701294 5242
1784275169839 0.026515506207942963 5243
1784275169857 0.09184841811656952 5244
1784275169877 0.12173377722501755 5245
1784275169893 0.2606702148914337 5246
1784275169913 0.24236488342285156 5247
1784275169930 0.681127667427063 5248
1784275169949 0.31051012873649597 5249
1784275169967 0.1079651266336441 5250
1784275169984 0.6603605151176453 5251
1784275170000 0.22877876460552216 5252
1784275170018 0.2182745486497879 5253
1784275170035 0.18728305399417877 5254
1784275170053 0.1531658172607422 5255
1784275170071 0.07389786094427109 5256
1784275170088 0.14225873351097107 5257
1784275170104 0.26852351427078247 5258
1784275170122 0.1741759032011032 5259
1784275170140 0.1235317662358284 5260
1784275170156 0.20325465500354767 5261
1784275170173 0.07994700968265533 5262
1784275170192 0.037610575556755066 5263
1784275170208 0.21086490154266357 5264
1784275170225 0.08750045299530029 5265
1784275170244 0.15156766772270203 5266
1784275170262 0.5197643041610718 5267
1784275170279 0.16978870332241058 5268
1784275170296 0.10107331722974777 5269
1784275170313 0.18755324184894562 5270
1784275170332 0.12724512815475464 5271
1784275170349 0.29674032330513 5272
1784275170367 0.1697809100151062 5273
1784275170385 0.19432882964611053 5274
1784275170402 0.1009254902601242 5275
1784275170419 0.3847489356994629 5276
1784275170436 0.4563038945198059 5277
1784275170455 0.07130497694015503 5278
1784275170474 0.17703041434288025 5279
1784275170491 0.08158265054225922 5280
1784275170509 0.2305518090724945 5281
1784275170528 0.10371879488229752 5282
1784275170544 0.23249824345111847 5283
1784275170560 0.256876140832901 5284
1784275170576 0.2670598030090332 5285
1784275170593 0.4729882478713989 5286
1784275170610 0.2754940390586853 5287
1784275170629 0.07420790940523148 5288
1784275170647 0.12174805253744125 5289
1784275170664 0.15209215879440308 5290
1784275170682 0.28039199113845825 5291
1784275170699 0.09873244166374207 5292
1784275170716 0.1763474941253662 5293
1784275170733 0.33606329560279846 5294
1784275170752 0.10068818926811218 5295
1784275170769 0.17802783846855164 5296
1784275170787 0.25001367926597595 5297
1784275170803 0.16838735342025757 5298
1784275170821 0.273236483335495 5299
1784275170841 0.030921196565032005 5300
1784275170859 0.10544450581073761 5301
1784275170879 0.3557368516921997 5302
1784275170897 0.04426693916320801 5303
1784275170914 0.2131091207265854 5304
1784275170933 0.446711927652359 5305
1784275170952 0.44761496782302856 5306
1784275170970 0.10997316986322403 5307
1784275170989 0.1364448219537735 5308
1784275171007 0.7175151109695435 5309
1784275171027 0.1687515825033188 5310
1784275171046 0.221548393368721 5311
1784275171068 0.2435450553894043 5312
1784275171087 0.34054991602897644 5313
1784275171106 0.07508619874715805 5314
1784275171126 0.6623433828353882 5315
1784275171147 0.15617364645004272 5316
1784275171165 0.13468919694423676 5317
1784275171185 0.1836554855108261 5318
1784275171203 0.14815202355384827 5319
1784275171222 0.24969257414340973 5320
1784275171241 0.1451944261789322 5321
1784275171263 0.33424630761146545 5322
1784275171282 0.2763703465461731 5323
1784275171301 0.2470395267009735 5324
1784275171319 0.17974475026130676 5325
1784275171337 0.19318948686122894 5326
1784275171354 0.19082562625408173 5327
1784275171372 0.07970213145017624 5328
1784275171390 0.22824503481388092 5329
1784275171407 0.1598285287618637 5330
1784275171427 0.1655895709991455 5331
1784275171443 0.10465507954359055 5332
1784275171459 0.16745895147323608 5333
1784275171477 0.3902466297149658 5334
1784275171496 0.2702935039997101 5335
1784275171516 0.24925094842910767 5336
1784275171535 0.20065288245677948 5337
1784275171554 0.2353322058916092 5338
1784275171572 0.07188142836093903 5339
1784275171589 0.19965846836566925 5340
1784275171607 0.11242631077766418 5341
1784275171627 0.28856682777404785 5342
1784275171646 0.40307536721229553 5343
1784275171664 0.059723857790231705 5344
1784275171684 0.31560996174812317 5345
1784275171701 0.27478259801864624 5346
1784275171718 0.08333561569452286 5347
1784275171734 0.0822417140007019 5348
1784275171752 0.13543227314949036 5349
1784275171770 0.12281522899866104 5350
1784275171787 0.11236373335123062 5351
1784275171805 0.07861794531345367 5352
1784275171824 0.15638799965381622 5353
1784275171844 0.28301504254341125 5354
1784275171864 0.220029816031456 5355
1784275171884 0.13063645362854004 5356
1784275171904 0.2672973871231079 5357
1784275171927 0.2529836893081665 5358
1784275171946 0.2673226594924927 5359
1784275171964 0.047580379992723465 5360
1784275171983 0.10047198832035065 5361
1784275171999 0.07633475959300995 5362
1784275172016 0.13999193906784058 5363
1784275172034 0.0856333076953888 5364
1784275172053 0.11993544548749924 5365
1784275172071 0.08561156690120697 5366
1784275172088 0.3315337598323822 5367
1784275172106 0.1457921713590622 5368
1784275172123 0.07453536242246628 5369
1784275172141 0.17937013506889343 5370
1784275172158 0.0917816311120987 5371
1784275172178 0.21578451991081238 5372
1784275172195 0.3720735013484955 5373
1784275172211 0.09632498025894165 5374
1784275172230 0.3505256175994873 5375
1784275172249 0.17142561078071594 5376
1784275172267 0.3226224184036255 5377
1784275172284 0.1522180438041687 5378
1784275172302 0.08609723299741745 5379
1784275172319 0.11269766837358475 5380
1784275172337 0.16739265620708466 5381
1784275172356 0.031972650438547134 5382
1784275172373 0.03525274991989136 5383
1784275172391 0.22045451402664185 5384
1784275172410 0.20869404077529907 5385
1784275172428 0.2496926635503769 5386
1784275172445 0.12235547602176666 5387
1784275172463 0.08357487618923187 5388
1784275172479 0.46416300535202026 5389
1784275172497 0.510202944278717 5390
1784275172515 0.17596882581710815 5391
1784275172533 0.10933199524879456 5392
1784275172551 0.0839545801281929 5393
1784275172569 0.06736243516206741 5394
1784275172587 0.05870210379362106 5395
1784275172604 0.11746998131275177 5396
1784275172621 0.017650848254561424 5397
1784275172640 0.2912898659706116 5398
1784275172658 0.29993560910224915 5399
1784275172676 0.4390398859977722 5400
1784275172693 0.19090600311756134 5401
1784275172712 0.15473288297653198 5402
1784275172730 0.30298545956611633 5403
1784275172749 0.30722662806510925 5404
1784275172767 0.5271131992340088 5405
1784275172784 0.04604048654437065 5406
1784275172801 0.08285965770483017 5407
1784275172818 0.156381294131279 5408
1784275172836 0.09306788444519043 5409
1784275172853 0.03804389387369156 5410
1784275172870 0.3050268292427063 5411
1784275172887 0.3350509703159332 5412
1784275172905 0.3302904963493347 5413
1784275172923 0.4150787889957428 5414
1784275172942 0.39396512508392334 5415
1784275172958 0.055586300790309906 5416
1784275172974 0.186038538813591 5417
1784275172989 0.03540705144405365 5418
1784275173007 0.2677466869354248 5419
1784275173024 0.1556544154882431 5420
1784275173040 0.2784889340400696 5421
1784275173057 0.09085719287395477 5422
1784275173074 0.13715414702892303 5423
1784275173092 0.21053721010684967 5424
1784275173108 0.09069056063890457 5425
1784275173125 0.07596632838249207 5426
1784275173143 0.21848437190055847 5427
1784275173161 0.10252153128385544 5428
1784275173180 0.4257635176181793 5429
1784275173197 0.24311017990112305 5430
1784275173214 0.11629726737737656 5431
1784275173232 0.15165144205093384 5432
1784275173248 0.15280728042125702 5433
1784275173267 0.05341362580657005 5434
1784275173285 0.14647479355335236 5435
1784275173304 0.509745180606842 5436
1784275173320 0.23799487948417664 5437
1784275173336 0.10079172253608704 5438
1784275173353 0.05967996269464493 5439
1784275173370 0.10991870611906052 5440
1784275173387 0.06991954147815704 5441
1784275173403 0.06758524477481842 5442
1784275173419 0.05505957081913948 5443
1784275173436 0.05142310634255409 5444
1784275173456 0.2689209282398224 5445
1784275173473 0.08623111993074417 5446
1784275173489 0.059037402272224426 5447
1784275173507 0.10867507010698318 5448
1784275173523 0.3421715199947357 5449
1784275173540 0.35169661045074463 5450
1784275173563 0.2614588141441345 5451
1784275173579 0.2218845933675766 5452
1784275173596 0.1250067949295044 5453
1784275173613 0.054027680307626724 5454
1784275173631 0.248026043176651 5455
1784275173649 0.11346685886383057 5456
1784275173667 0.060695797204971313 5457
1784275173685 0.16686764359474182 5458
1784275173701 0.12813632190227509 5459
1784275173719 0.055408231914043427 5460
1784275173738 0.29764407873153687 5461
1784275173757 0.32861092686653137 5462
1784275173773 0.36517223715782166 5463
1784275173790 0.10609658807516098 5464
1784275173807 0.0947965681552887 5465
1784275173826 0.1011219322681427 5466
1784275173843 0.14907778799533844 5467
1784275173861 0.4715677499771118 5468
1784275173878 0.11874007433652878 5469
1784275173895 0.1568613201379776 5470
1784275173912 0.31794092059135437 5471
1784275173929 0.29367557168006897 5472
1784275173949 0.13130560517311096 5473
1784275173966 0.1290699541568756 5474
1784275173983 0.23088255524635315 5475
1784275174001 0.061326704919338226 5476
1784275174018 0.16945141553878784 5477
1784275174035 0.2373037040233612 5478
1784275174051 0.13305296003818512 5479
1784275174070 0.22653381526470184 5480
1784275174090 0.420415997505188 5481
1784275174116 0.2955402731895447 5482
1784275174136 0.09559182822704315 5483
1784275174157 0.048233162611722946 5484
1784275174177 0.034979112446308136 5485
1784275174196 0.08389859646558762 5486
1784275174213 0.2858763039112091 5487
1784275174230 0.2188144475221634 5488
1784275174247 0.1287665069103241 5489
1784275174264 0.10324735939502716 5490
1784275174282 0.03143665939569473 5491
1784275174299 0.32252034544944763 5492
1784275174317 0.1722002774477005 5493
1784275174336 0.10623537003993988 5494
1784275174355 0.44944286346435547 5495
1784275174370 0.19101932644844055 5496
1784275174387 0.06391498446464539 5497
1784275174404 0.22817757725715637 5498
1784275174420 0.24003547430038452 5499
1784275174438 0.35874253511428833 5500
1784275174455 0.2618063688278198 5501
1784275174472 0.05960073694586754 5502
1784275174490 0.2075122743844986 5503
1784275174507 0.20637883245944977 5504
1784275174527 0.4576514661312103 5505
1784275174546 0.09401889145374298 5506
1784275174562 0.09001348912715912 5507
1784275174579 0.12087354063987732 5508
1784275174597 0.1433272659778595 5509
1784275174616 0.3703109323978424 5510
1784275174635 0.4971126317977905 5511
1784275174653 0.12210813909769058 5512
1784275174671 0.13549400866031647 5513
1784275174688 0.08027145266532898 5514
1784275174709 0.14030426740646362 5515
1784275174728 0.20194219052791595 5516
1784275174747 0.2192845493555069 5517
1784275174765 0.0810314416885376 5518
1784275174781 0.3419608175754547 5519
1784275174798 0.288667768239975 5520
1784275174815 0.28386083245277405 5521
1784275174834 0.10282524675130844 5522
1784275174851 0.08428586274385452 5523
1784275174869 0.14647816121578217 5524
1784275174888 0.1771146059036255 5525
1784275174906 0.09521037340164185 5526
1784275174926 0.43770989775657654 5527
1784275174945 0.30803340673446655 5528
1784275174964 0.18748310208320618 5529
1784275174983 0.1288190335035324 5530
1784275175002 0.13156773149967194 5531
1784275175021 0.4877815246582031 5532
1784275175037 0.24509887397289276 5533
1784275175054 0.13953061401844025 5534
1784275175073 0.11159788072109222 5535
1784275175093 0.027307087555527687 5536
1784275175113 0.3951699137687683 5537
1784275175132 0.07512912899255753 5538
1784275175150 0.12261085957288742 5539
1784275175168 0.1754055768251419 5540
1784275175188 0.3550596833229065 5541
1784275175209 0.1208525076508522 5542
1784275175228 0.15348444879055023 5543
1784275175250 0.06374964118003845 5544
1784275175270 0.11054440587759018 5545
1784275175290 0.3658428192138672 5546
1784275175312 0.1951514184474945 5547
1784275175332 0.07721811532974243 5548
1784275175352 0.4461421072483063 5549
1784275175370 0.06071995198726654 5550
1784275175387 0.3829655051231384 5551
1784275175405 0.06534363329410553 5552
1784275175423 0.041701577603816986 5553
1784275175444 0.23802587389945984 5554
1784275175463 0.13131551444530487 5555
1784275175481 0.21214061975479126 5556
1784275175500 0.3836360275745392 5557
1784275175518 0.1417890340089798 5558
1784275175540 0.14039145410060883 5559
1784275175557 0.41181397438049316 5560
1784275175576 0.5115697979927063 5561
1784275175593 0.3367708921432495 5562
1784275175610 0.14464586973190308 5563
1784275175627 0.06793912500143051 5564
1784275175646 0.03841857239603996 5565
1784275175664 0.1575830727815628 5566
1784275175681 0.15029914677143097 5567
1784275175699 0.2970837354660034 5568
1784275175717 0.09246141463518143 5569
1784275175733 0.20791155099868774 5570
1784275175750 0.1010642945766449 5571
1784275175766 0.031527142971754074 5572
1784275175785 0.22256101667881012 5573
1784275175801 0.13355779647827148 5574
1784275175818 0.1424148976802826 5575
1784275175836 0.0645613968372345 5576
1784275175853 0.1694478988647461 5577
1784275175870 0.031192127615213394 5578
1784275175888 0.11498956382274628 5579
1784275175906 0.08757348358631134 5580
1784275175926 0.28321802616119385 5581
1784275175944 0.07574847340583801 5582
1784275175963 0.04968686029314995 5583
1784275175984 0.1000414565205574 5584
1784275176003 0.22804823517799377 5585
1784275176021 0.15070195496082306 5586
1784275176040 0.33944210410118103 5587
1784275176059 0.05971931666135788 5588
1784275176078 0.07151205837726593 5589
1784275176097 0.3250199258327484 5590
1784275176116 0.2809131443500519 5591
1784275176134 0.1105123832821846 5592
1784275176151 0.3466583788394928 5593
1784275176167 0.3460082709789276 5594
1784275176185 0.36005687713623047 5595
1784275176202 0.3259035646915436 5596
1784275176219 0.313335657119751 5597
1784275176237 0.14882101118564606 5598
1784275176252 0.17493866384029388 5599
1784275176269 0.0752468854188919 5600
1784275176287 0.29758068919181824 5601
1784275176308 0.26502034068107605 5602
1784275176330 0.17175298929214478 5603
1784275176350 0.1301029771566391 5604
1784275176370 0.1797652244567871 5605
1784275176389 0.08727435767650604 5606
1784275176407 0.023236393928527832 5607
1784275176425 0.2626848816871643 5608
1784275176442 0.14217393100261688 5609
1784275176461 0.11758586019277573 5610
1784275176479 0.30262118577957153 5611
1784275176498 0.4698961675167084 5612
1784275176516 0.1144215390086174 5613
1784275176535 0.10064186155796051 5614
1784275176551 0.10474290698766708 5615
1784275176568 0.12409385293722153 5616
1784275176585 0.5442723035812378 5617
1784275176603 0.1721351444721222 5618
1784275176620 0.1828615814447403 5619
1784275176639 0.28011614084243774 5620
1784275176658 0.1900222897529602 5621
1784275176677 0.17693939805030823 5622
1784275176695 0.06013057753443718 5623
1784275176711 0.44762709736824036 5624
