1784289771465 2.799739122390747 0
1784289771531 3.185800790786743 1
1784289771673 3.901413917541504 2
1784289771743 4.175055980682373 3
1784289771799 5.067145824432373 4
1784289771847 5.832626819610596 5
1784289771891 7.107851028442383 6
1784289771937 7.689598560333252 7
1784289771988 8.03848934173584 8
1784289772040 9.577770233154297 9
1784289772093 11.510917663574219 10
1784289772215 12.500435829162598 11
1784289772273 14.703512191772461 12
1784289772320 14.041817665100098 13
1784289772366 15.419546127319336 14
1784289772411 20.073820114135742 15
1784289772460 20.096874237060547 16
1784289772510 21.708269119262695 17
1784289772561 24.0806941986084 18
1784289772604 22.85770034790039 19
1784289772649 24.705236434936523 20
1784289772700 30.274017333984375 21
1784289772738 35.88055419921875 22
1784289772795 29.302221298217773 23
1784289772845 33.49013900756836 24
1784289772967 41.565711975097656 25
1784289773019 41.016754150390625 26
1784289773060 44.71317672729492 27
1784289773106 49.78826904296875 28
1784289773148 56.54840087890625 29
1784289773187 52.39763259887695 30
1784289773229 56.121437072753906 31
1784289773277 59.49108123779297 32
1784289773317 68.18000793457031 33
1784289773366 68.73782348632812 34
1784289773410 82.27503204345703 35
1784289773537 81.16284942626953 36
1784289773580 81.43382263183594 37
1784289773626 87.07078552246094 38
1784289773668 90.0097885131836 39
1784289773711 94.08666229248047 40
1784289773754 95.522216796875 41
1784289773799 105.45919799804688 42
1784289773846 105.681396484375 43
1784289773895 108.55765533447266 44
1784289773937 116.75126647949219 45
1784289773979 117.71795654296875 46
1784289774025 105.99261474609375 47
1784289774141 129.42953491210938 48
1784289774195 133.7888641357422 49
1784289774236 136.96600341796875 50
1784289774280 135.96876525878906 51
1784289774330 135.87684631347656 52
1784289774385 141.86207580566406 53
1784289774447 150.54039001464844 54
1784289774498 146.4934844970703 55
1784289774553 129.05337524414062 56
1784289774600 147.61236572265625 57
1784289774746 143.25186157226562 58
1784289774797 143.4609832763672 59
1784289774847 147.53565979003906 60
1784289774889 133.45069885253906 61
1784289774933 149.5181884765625 62
1784289774978 156.84619140625 63
1784289775024 159.032470703125 64
1784289775070 154.51248168945312 65
1784289775113 142.94345092773438 66
1784289775155 157.36480712890625 67
1784289775198 159.09434509277344 68
1784289775242 164.51893615722656 69
1784289775291 150.24000549316406 70
1784289775339 152.8597869873047 71
1784289775389 138.3705291748047 72
1784289775432 147.5133819580078 73
1784289775480 153.19674682617188 74
1784289775607 132.98155212402344 75
1784289775664 133.2074432373047 76
1784289775717 144.5006103515625 77
1784289775764 139.66749572753906 78
1784289775808 143.39173889160156 79
1784289775855 149.1350555419922 80
1784289775897 152.03712463378906 81
1784289775940 132.35626220703125 82
1784289775985 126.53508758544922 83
1784289776031 135.49752807617188 84
1784289776076 125.28632354736328 85
1784289776117 133.6109161376953 86
1784289776170 138.73023986816406 87
1784289776217 128.88638305664062 88
1784289776261 125.41650390625 89
1784289776311 132.90255737304688 90
1784289776351 123.16284942626953 91
1784289776486 137.1884002685547 92
1784289776542 133.6002960205078 93
1784289776588 124.05601501464844 94
1784289776632 114.30546569824219 95
1784289776677 126.18867492675781 96
1784289776718 124.13094329833984 97
1784289776766 117.32865905761719 98
1784289776816 117.5724105834961 99
1784289776858 118.4725341796875 100
1784289776903 124.05174255371094 101
1784289776944 117.92525482177734 102
1784289776990 115.24354553222656 103
1784289777046 117.68519592285156 104
1784289777095 120.54744720458984 105
1784289777143 119.25371551513672 106
1784289777189 108.9227294921875 107
1784289777235 109.25537872314453 108
1784289777383 104.17512512207031 109
1784289777429 108.19380950927734 110
1784289777476 108.65797424316406 111
1784289777521 103.06181335449219 112
1784289777571 101.35577392578125 113
1784289777620 97.3752212524414 114
1784289777665 105.79183959960938 115
1784289777717 96.67095184326172 116
1784289777765 97.3795394897461 117
1784289777814 91.4024429321289 118
1784289777865 92.68489074707031 119
1784289777914 98.87251281738281 120
1784289777968 94.04845428466797 121
1784289778013 89.73139953613281 122
1784289778060 88.0382308959961 123
1784289778105 86.41716003417969 124
1784289778152 80.6268310546875 125
1784289778282 86.18473815917969 126
1784289778346 87.55923461914062 127
1784289778388 88.7549057006836 128
1784289778431 87.68822479248047 129
1784289778472 80.86666107177734 130
1784289778515 84.42121887207031 131
1784289778567 81.77418518066406 132
1784289778612 72.78241729736328 133
1784289778656 74.0174331665039 134
1784289778702 79.96708679199219 135
1784289778754 75.72694396972656 136
1784289778800 73.40337371826172 137
1784289778843 76.43014526367188 138
1784289778887 74.3055648803711 139
1784289778933 72.58289337158203 140
1784289778978 70.62516784667969 141
1784289779026 67.89677429199219 142
1784289779152 68.2332992553711 143
1784289779208 66.19351196289062 144
1784289779256 68.97801208496094 145
1784289779319 67.98872375488281 146
1784289779374 62.884552001953125 147
1784289779417 65.18399810791016 148
1784289779464 63.61063766479492 149
1784289779514 62.01556396484375 150
1784289779557 59.62396240234375 151
1784289779600 61.34271240234375 152
1784289779647 57.466365814208984 153
1784289779694 60.20874786376953 154
1784289779744 54.77836608886719 155
1784289779786 54.3348388671875 156
1784289779830 56.733421325683594 157
1784289779876 56.373207092285156 158
1784289779919 56.152103424072266 159
1784289780057 49.328269958496094 160
1784289780117 52.111778259277344 161
1784289780165 50.1230583190918 162
1784289780214 45.13237380981445 163
1784289780263 49.20661163330078 164
1784289780314 48.197471618652344 165
1784289780358 42.99821472167969 166
1784289780404 47.94514465332031 167
1784289780453 44.13994216918945 168
1784289780505 44.141902923583984 169
1784289780556 43.861602783203125 170
1784289780600 38.609031677246094 171
1784289780650 41.28145980834961 172
1784289780698 38.996795654296875 173
1784289780749 34.65315628051758 174
1784289780806 39.46958923339844 175
1784289780854 34.85701370239258 176
1784289781004 34.96601867675781 177
1784289781052 35.49120330810547 178
1784289781099 34.585853576660156 179
1784289781142 32.69002151489258 180
1784289781185 33.24125671386719 181
1784289781226 35.6829719543457 182
1784289781276 29.451091766357422 183
1784289781319 27.367084503173828 184
1784289781361 29.390382766723633 185
1784289781402 26.127166748046875 186
1784289781445 28.192554473876953 187
1784289781490 27.03206443786621 188
1784289781534 27.0944766998291 189
1784289781593 25.091365814208984 190
1784289781647 25.21170997619629 191
1784289781697 23.585851669311523 192
1784289781749 23.02161407470703 193
1784289781898 22.299217224121094 194
1784289781944 21.724531173706055 195
1784289781992 20.96811294555664 196
1784289782035 18.955852508544922 197
1784289782080 18.459095001220703 198
1784289782123 16.6579532623291 199
1784289782163 17.565750122070312 200
1784289782213 16.491039276123047 201
1784289782264 15.106172561645508 202
1784289782308 13.400297164916992 203
1784289782352 13.138225555419922 204
1784289782396 12.409430503845215 205
1784289782446 10.217829704284668 206
1784289782492 10.963030815124512 207
1784289782546 9.58978271484375 208
1784289782602 9.209348678588867 209
1784289782645 8.012301445007324 210
1784289782775 6.183563232421875 211
1784289782834 7.108847141265869 212
1784289782880 6.963218688964844 213
1784289782925 5.717853546142578 214
1784289782970 4.4070281982421875 215
1784289783016 4.262943744659424 216
1784289783066 3.302982807159424 217
1784289783110 3.5009613037109375 218
1784289783158 1.5756592750549316 219
1784289783203 2.953962802886963 220
1784289783249 3.2773208618164062 221
1784289783296 2.1729300022125244 222
1784289783344 2.0948634147644043 223
1784289783390 2.9648561477661133 224
1784289783431 2.2701168060302734 225
1784289783478 2.442876100540161 226
1784289783527 2.1266942024230957 227
1784289783658 2.7768208980560303 228
1784289783716 0.8441886901855469 229
1784289783764 1.9456214904785156 230
1784289783813 1.0753095149993896 231
1784289783870 2.3522205352783203 232
1784289783919 1.3971366882324219 233
1784289783968 1.851996898651123 234
1784289784013 2.1787304878234863 235
1784289784061 1.8918931484222412 236
1784289784113 1.1421549320220947 237
1784289784157 0.9666959047317505 238
1784289784201 1.70127534866333 239
1784289784245 1.5080045461654663 240
1784289784288 1.2884410619735718 241
1784289784330 1.5419113636016846 242
1784289784383 1.6777557134628296 243
1784289784435 2.0136332511901855 244
1784289784488 1.878746747970581 245
1784289784644 1.2837378978729248 246
1784289784691 1.3985860347747803 247
1784289784733 1.2361712455749512 248
1784289784781 2.214237689971924 249
1784289784831 0.7183271646499634 250
1784289784880 0.7525984048843384 251
1784289784925 1.0361073017120361 252
1784289784974 0.8672209978103638 253
1784289785016 1.1810855865478516 254
1784289785063 0.8646141886711121 255
1784289785108 0.8782081007957458 256
1784289785155 1.2813447713851929 257
1784289785202 1.254535436630249 258
1784289785248 0.6984368562698364 259
1784289785296 1.078033447265625 260
1784289785338 1.5444872379302979 261
1784289785379 1.0780816078186035 262
1784289785516 0.8469353914260864 263
1784289785569 1.9255595207214355 264
1784289785622 0.5462313890457153 265
1784289785669 0.7741978168487549 266
1784289785711 0.7649540901184082 267
1784289785767 0.37621691823005676 268
1784289785813 1.5360026359558105 269
1784289785860 1.0043216943740845 270
1784289785906 0.9343615174293518 271
1784289785954 1.2553861141204834 272
1784289786001 1.7219538688659668 273
1784289786051 0.7216386198997498 274
1784289786100 1.0091569423675537 275
1784289786151 1.2364078760147095 276
1784289786210 1.0632946491241455 277
1784289786253 1.1846210956573486 278
1784289786298 1.0513333082199097 279
1784289786443 1.1549290418624878 280
1784289786494 1.3222218751907349 281
1784289786543 1.0697767734527588 282
1784289786591 0.8971192240715027 283
1784289786635 1.2811251878738403 284
1784289786679 0.33272290229797363 285
1784289786727 0.5211318731307983 286
1784289786771 1.1290106773376465 287
1784289786819 0.373384952545166 288
1784289786870 0.7840518951416016 289
1784289786917 1.017208218574524 290
1784289786965 0.5558812022209167 291
1784289787013 1.2995251417160034 292
1784289787054 1.5700370073318481 293
1784289787102 0.945343554019928 294
1784289787144 1.610029935836792 295
1784289787193 1.2787699699401855 296
1784289787241 1.3493202924728394 297
1784289787289 0.7975267767906189 298
1784289787337 1.2420768737792969 299
1784289787379 0.3766437768936157 300
1784289787517 1.2183324098587036 301
1784289787570 0.7993520498275757 302
1784289787614 0.7205135822296143 303
1784289787666 0.4888147711753845 304
1784289787716 1.027345061302185 305
1784289787768 0.9231942892074585 306
1784289787812 1.474532961845398 307
1784289787858 0.7355387806892395 308
1784289787901 0.5616846084594727 309
1784289787946 0.5477027297019958 310
1784289787991 0.9659486413002014 311
1784289788036 0.6053582429885864 312
1784289788077 1.1429964303970337 313
1784289788124 0.7751394510269165 314
1784289788167 1.1086550951004028 315
1784289788217 0.5237579345703125 316
1784289788265 0.8144733905792236 317
1784289788432 0.5684404373168945 318
1784289788497 0.7309240698814392 319
1784289788548 0.7822784781455994 320
1784289788595 0.6051802039146423 321
1784289788640 0.3187870681285858 322
1784289788684 0.40992677211761475 323
1784289788730 0.48561614751815796 324
1784289788775 0.709355354309082 325
1784289788817 0.9386060237884521 326
1784289788861 0.7485231161117554 327
1784289788907 0.6828644275665283 328
1784289788947 0.35756367444992065 329
1784289788995 0.6475787162780762 330
1784289789044 1.1238412857055664 331
1784289789095 0.626911461353302 332
1784289789144 0.592082142829895 333
1784289789193 0.4786594808101654 334
1784289789336 0.29928719997406006 335
1784289789389 0.6887094378471375 336
1784289789432 0.7821111679077148 337
1784289789480 0.5038189888000488 338
1784289789530 0.5866750478744507 339
1784289789580 0.8856062293052673 340
1784289789626 0.20747175812721252 341
1784289789671 0.555794894695282 342
1784289789714 0.489993155002594 343
1784289789757 0.6925279498100281 344
1784289789800 0.5664891004562378 345
1784289789846 0.5460788607597351 346
1784289789892 0.48318758606910706 347
1784289789933 0.8011216521263123 348
1784289789979 1.3879317045211792 349
1784289790024 0.5596370697021484 350
1784289790069 0.478294312953949 351
1784289790204 0.9322395920753479 352
1784289790260 0.6788087487220764 353
1784289790304 0.16517303884029388 354
1784289790352 0.4690784513950348 355
1784289790396 0.1544213443994522 356
1784289790444 0.4854848384857178 357
1784289790490 1.0977368354797363 358
1784289790537 0.5098012089729309 359
1784289790582 0.6703826785087585 360
1784289790628 0.12259626388549805 361
1784289790680 0.5125229358673096 362
1784289790730 0.3988659679889679 363
1784289790781 0.4783458113670349 364
1784289790831 0.7190315127372742 365
1784289790876 0.31623655557632446 366
1784289790919 0.5519492030143738 367
1784289790966 0.4181937873363495 368
1784289791113 0.4627020061016083 369
1784289791165 0.7505377531051636 370
1784289791213 0.3562394380569458 371
1784289791257 0.5818222761154175 372
1784289791305 0.5194860696792603 373
1784289791348 0.38780155777931213 374
1784289791391 0.6606730222702026 375
1784289791440 0.3288070857524872 376
1784289791487 0.4835576117038727 377
1784289791537 0.41908499598503113 378
1784289791583 0.5614813566207886 379
1784289791629 0.526351809501648 380
1784289791683 0.293714702129364 381
1784289791731 0.23559823632240295 382
1784289791776 0.3360958695411682 383
1784289791818 0.41000092029571533 384
1784289791866 0.4570801854133606 385
1784289791997 0.3242845833301544 386
1784289792063 0.1976129114627838 387
1784289792109 0.35802552103996277 388
1784289792157 0.2547285556793213 389
1784289792204 0.6799880266189575 390
1784289792251 0.3325890302658081 391
1784289792300 0.3218218982219696 392
1784289792347 0.3090094327926636 393
1784289792395 0.7842863202095032 394
1784289792445 0.4879037141799927 395
1784289792495 0.24984239041805267 396
1784289792545 0.23590350151062012 397
1784289792597 0.48034411668777466 398
1784289792647 0.40596452355384827 399
1784289792695 0.2622148096561432 400
1784289792747 0.1687469780445099 401
1784289792792 0.29299288988113403 402
1784289792954 0.2043534517288208 403
1784289793008 0.5782307982444763 404
1784289793055 0.23174861073493958 405
1784289793103 0.32168838381767273 406
1784289793149 0.5098551511764526 407
1784289793201 0.1804097592830658 408
1784289793246 0.3171822428703308 409
1784289793298 0.23734354972839355 410
1784289793344 0.35163596272468567 411
1784289793387 0.48738086223602295 412
1784289793430 0.3505055904388428 413
1784289793480 0.3026380240917206 414
1784289793529 0.2224642038345337 415
1784289793580 0.22814428806304932 416
1784289793629 0.1892918348312378 417
1784289793676 0.2947694659233093 418
1784289793719 0.48667365312576294 419
1784289793847 0.2311791479587555 420
1784289793911 0.23479825258255005 421
1784289793955 0.24461714923381805 422
1784289794005 0.18418057262897491 423
1784289794048 0.33695635199546814 424
1784289794095 0.6262632608413696 425
1784289794143 0.25163984298706055 426
1784289794188 0.18280503153800964 427
1784289794236 0.18642066419124603 428
1784289794279 0.29998579621315 429
1784289794327 0.32521387934684753 430
1784289794371 0.24238263070583344 431
1784289794415 0.2740716338157654 432
1784289794456 0.22760657966136932 433
1784289794507 0.3037832975387573 434
1784289794551 0.32874804735183716 435
1784289794600 0.26667237281799316 436
1784289794727 0.2427820861339569 437
1784289794780 0.11638782918453217 438
1784289794822 0.2292357087135315 439
1784289794868 0.17125965654850006 440
1784289794912 0.26662373542785645 441
1784289794963 0.19834767282009125 442
1784289795008 0.253346711397171 443
1784289795053 0.2591921091079712 444
1784289795102 0.2451479732990265 445
1784289795148 0.2733897566795349 446
1784289795195 0.20470567047595978 447
1784289795251 0.15305989980697632 448
1784289795305 0.20544077455997467 449
1784289795357 0.23551127314567566 450
1784289795403 0.2452978491783142 451
1784289795453 0.1774543821811676 452
1784289795503 0.1223662868142128 453
1784289795662 0.1934717893600464 454
1784289795716 0.2661910951137543 455
1784289795763 0.2152254283428192 456
1784289795810 0.20216169953346252 457
1784289795855 0.2232351005077362 458
1784289795897 0.18238267302513123 459
1784289795940 0.21475622057914734 460
1784289795982 0.1921900510787964 461
1784289796029 0.2278415709733963 462
1784289796075 0.19238761067390442 463
1784289796127 0.11265294998884201 464
1784289796176 0.1977912336587906 465
1784289796218 0.23525172472000122 466
1784289796267 0.25693660974502563 467
1784289796315 0.20318475365638733 468
1784289796359 0.1829870492219925 469
1784289796405 0.20750702917575836 470
1784289796539 0.1627890169620514 471
1784289796596 0.18549689650535583 472
1784289796645 0.1402517706155777 473
1784289796697 0.17960281670093536 474
1784289796742 0.10996457934379578 475
1784289796784 0.1925777792930603 476
1784289796830 0.19499075412750244 477
1784289796871 0.17749135196208954 478
1784289796915 0.18792584538459778 479
1784289796961 0.18075230717658997 480
1784289797007 0.1544223129749298 481
1784289797044 0.14852407574653625 482
1784289797094 0.20237091183662415 483
1784289797142 0.1884196400642395 484
1784289797184 0.10338141024112701 485
1784289797227 0.20248998701572418 486
1784289797276 0.16436012089252472 487
1784289797411 0.17972177267074585 488
1784289797466 0.22150926291942596 489
1784289797519 0.17602434754371643 490
1784289797577 0.11834101378917694 491
1784289797630 0.17648662626743317 492
1784289797676 0.15519943833351135 493
1784289797720 0.21045804023742676 494
1784289797766 0.18626879155635834 495
1784289797813 0.13499176502227783 496
1784289797862 0.2046206295490265 497
1784289797910 0.10999345779418945 498
1784289797954 0.11488740146160126 499
1784289797998 0.17781300842761993 500
1784289798051 0.14904826879501343 501
1784289798101 0.21504241228103638 502
1784289798158 0.17011314630508423 503
1784289798210 0.1246384009718895 504
1784289798349 0.14713916182518005 505
1784289798413 0.13718228042125702 506
1784289798463 0.14668817818164825 507
1784289798512 0.13870230317115784 508
1784289798561 0.1459307223558426 509
1784289798611 0.11565028131008148 510
1784289798669 0.13393647968769073 511
1784289798716 0.12001310288906097 512
1784289798766 0.14937946200370789 513
1784289798812 0.16776299476623535 514
1784289798853 0.18938443064689636 515
1784289798897 0.13862881064414978 516
1784289798945 0.17322465777397156 517
1784289798995 0.15380717813968658 518
1784289799043 0.158424973487854 519
1784289799093 0.2584708333015442 520
1784289799143 0.12048301845788956 521
1784289799297 0.1589447557926178 522
1784289799347 0.1652316451072693 523
1784289799391 0.10613153874874115 524
1784289799443 0.15777210891246796 525
1784289799488 0.1281861811876297 526
1784289799535 0.1363270878791809 527
1784289799582 0.17066353559494019 528
1784289799627 0.11203143000602722 529
1784289799676 0.15034914016723633 530
1784289799723 0.1514582484960556 531
1784289799768 0.12390764057636261 532
1784289799823 0.11411447077989578 533
1784289799881 0.15431293845176697 534
1784289799931 0.10462363809347153 535
1784289799977 0.12733761966228485 536
1784289800023 0.14464741945266724 537
1784289800069 0.18096622824668884 538
1784289800198 0.1630088984966278 539
1784289800260 0.11018592864274979 540
1784289800308 0.12395293265581131 541
1784289800353 0.1553010195493698 542
1784289800396 0.11156222224235535 543
1784289800444 0.1074184998869896 544
1784289800494 0.1344347596168518 545
1784289800544 0.12377648800611496 546
1784289800593 0.11194154620170593 547
1784289800640 0.16819870471954346 548
1784289800692 0.17251360416412354 549
1784289800738 0.0934278666973114 550
1784289800785 0.14701339602470398 551
1784289800843 0.12408292293548584 552
1784289800887 0.13015270233154297 553
1784289800933 0.10635628551244736 554
1784289800978 0.15017512440681458 555
1784289801024 0.15243776142597198 556
1784289801181 0.14491669833660126 557
1784289801232 0.1622326821088791 558
1784289801279 0.11824400722980499 559
1784289801328 0.1534726768732071 560
1784289801375 0.14325138926506042 561
1784289801419 0.08602429926395416 562
1784289801468 0.11383381485939026 563
1784289801517 0.10988504439592361 564
1784289801566 0.10417887568473816 565
1784289801614 0.1043032854795456 566
1784289801662 0.11753027141094208 567
1784289801710 0.14876095950603485 568
1784289801755 0.0855642557144165 569
1784289801799 0.0896587148308754 570
1784289801845 0.12193295359611511 571
1784289801888 0.07261316478252411 572
1784289801934 0.12570296227931976 573
1784289802098 0.12488400191068649 574
1784289802149 0.12690430879592896 575
1784289802198 0.08392009139060974 576
1784289802243 0.11053140461444855 577
1784289802292 0.14282944798469543 578
1784289802339 0.13436263799667358 579
1784289802385 0.1069619208574295 580
1784289802427 0.10583654046058655 581
1784289802474 0.09203392267227173 582
1784289802522 0.0860210657119751 583
1784289802572 0.08725665509700775 584
1784289802617 0.14134015142917633 585
1784289802674 0.15800157189369202 586
1784289802722 0.1451318860054016 587
1784289802769 0.11511890590190887 588
1784289802811 0.13652808964252472 589
1784289802858 0.12118072807788849 590
1784289802984 0.1367930918931961 591
1784289803042 0.07731956988573074 592
1784289803089 0.12147233635187149 593
1784289803135 0.10686483234167099 594
1784289803178 0.10380256175994873 595
1784289803220 0.1291256994009018 596
1784289803268 0.16672877967357635 597
1784289803313 0.1238023191690445 598
1784289803359 0.12648047506809235 599
1784289803405 0.20732642710208893 600
1784289803452 0.09365226328372955 601
1784289803509 0.1654503345489502 602
1784289803555 0.10167217999696732 603
1784289803603 0.06880646198987961 604
1784289803645 0.09710600227117538 605
1784289803693 0.14595447480678558 606
1784289803739 0.12874099612236023 607
1784289803869 0.1250472068786621 608
1784289803921 0.06543333828449249 609
1784289803969 0.11801665276288986 610
1784289804013 0.1344332993030548 611
1784289804057 0.07181259989738464 612
1784289804102 0.14165617525577545 613
1784289804146 0.12632188200950623 614
1784289804197 0.08928801864385605 615
1784289804242 0.09607760608196259 616
1784289804294 0.08305709064006805 617
1784289804343 0.11148695647716522 618
1784289804395 0.16553884744644165 619
1784289804451 0.07723931968212128 620
1784289804501 0.08746394515037537 621
1784289804548 0.09573332965373993 622
1784289804595 0.1145172044634819 623
1784289804642 0.1195245161652565 624
1784289804772 0.1126968041062355 625
1784289804835 0.12464691698551178 626
1784289804879 0.11546723544597626 627
1784289804924 0.1523725986480713 628
1784289804969 0.09666664898395538 629
1784289805009 0.11408325284719467 630
1784289805057 0.16113758087158203 631
1784289805105 0.07232701778411865 632
1784289805149 0.1356981247663498 633
1784289805196 0.0960472822189331 634
1784289805245 0.12894409894943237 635
1784289805293 0.09579232335090637 636
1784289805341 0.08312147855758667 637
1784289805387 0.09912388771772385 638
1784289805431 0.10349263995885849 639
1784289805477 0.1341712772846222 640
1784289805528 0.10457490384578705 641
1784289805687 0.07744783163070679 642
1784289805735 0.14812779426574707 643
1784289805780 0.11344252526760101 644
1784289805826 0.07973173260688782 645
1784289805877 0.08524376899003983 646
1784289805926 0.110150046646595 647
1784289805977 0.0896543338894844 648
1784289806022 0.12089210748672485 649
1784289806066 0.12661413848400116 650
1784289806110 0.13694368302822113 651
1784289806163 0.06952263414859772 652
1784289806210 0.10696505010128021 653
1784289806255 0.09494715183973312 654
1784289806305 0.08945244550704956 655
1784289806349 0.09516839683055878 656
1784289806400 0.12325917184352875 657
1784289806446 0.1055445671081543 658
1784289806590 0.13883042335510254 659
1784289806652 0.08362533152103424 660
1784289806712 0.07588572800159454 661
1784289806763 0.13438594341278076 662
1784289806813 0.0927230566740036 663
1784289806860 0.11318051069974899 664
1784289806915 0.08498725295066833 665
1784289806959 0.10584533959627151 666
1784289807005 0.08741765469312668 667
1784289807047 0.10606110095977783 668
1784289807097 0.13453935086727142 669
1784289807149 0.10108672827482224 670
1784289807195 0.05512523651123047 671
1784289807240 0.10888965427875519 672
1784289807285 0.11982753127813339 673
1784289807332 0.092938132584095 674
1784289807379 0.0839233323931694 675
1784289807528 0.13499481976032257 676
1784289807580 0.09751606732606888 677
1784289807629 0.07717590034008026 678
1784289807671 0.15469303727149963 679
1784289807722 0.16344913840293884 680
1784289807771 0.057165056467056274 681
1784289807813 0.09789134562015533 682
1784289807858 0.09613418579101562 683
1784289807904 0.09167999774217606 684
1784289807950 0.08692175149917603 685
1784289807992 0.10275305062532425 686
1784289808037 0.10454191267490387 687
1784289808083 0.09207596629858017 688
1784289808131 0.0727258026599884 689
1784289808172 0.0734657496213913 690
1784289808222 0.05637744814157486 691
1784289808267 0.13925419747829437 692
1784289808398 0.06416462361812592 693
1784289808459 0.06902755051851273 694
1784289808508 0.05555759742856026 695
1784289808556 0.13604800403118134 696
1784289808600 0.0579715222120285 697
1784289808644 0.0608852282166481 698
1784289808695 0.05385551229119301 699
1784289808737 0.1430102288722992 700
1784289808783 0.07441787421703339 701
1784289808826 0.06541509926319122 702
1784289808874 0.10406798124313354 703
1784289808927 0.09883131086826324 704
1784289808978 0.11556348949670792 705
1784289809035 0.06075995787978172 706
1784289809076 0.044960904866456985 707
1784289809123 0.07120061665773392 708
1784289809173 0.0961521565914154 709
1784289809315 0.10518579930067062 710
1784289809363 0.06207308918237686 711
1784289809408 0.092501200735569 712
1784289809453 0.0819450318813324 713
1784289809494 0.06270451843738556 714
1784289809540 0.10037259757518768 715
1784289809588 0.05641748756170273 716
1784289809637 0.07837574183940887 717
1784289809679 0.08922287821769714 718
1784289809722 0.047111622989177704 719
1784289809765 0.131509467959404 720
1784289809813 0.136964812874794 721
1784289809856 0.08944124728441238 722
1784289809898 0.14474475383758545 723
1784289809955 0.06680966168642044 724
1784289810002 0.08860799670219421 725
1784289810045 0.06290014088153839 726
1784289810178 0.04551190882921219 727
1784289810232 0.09512285143136978 728
1784289810279 0.09606927633285522 729
1784289810330 0.11721479892730713 730
1784289810374 0.05249001458287239 731
1784289810424 0.09468281269073486 732
1784289810469 0.1283913552761078 733
1784289810518 0.05409173667430878 734
1784289810571 0.08674730360507965 735
1784289810621 0.10779587179422379 736
1784289810669 0.04455988109111786 737
1784289810716 0.1406240463256836 738
1784289810765 0.06885804235935211 739
1784289810809 0.04790639877319336 740
1784289810856 0.07705055177211761 741
1784289810899 0.08741704374551773 742
1784289810944 0.1119808629155159 743
1784289811087 0.07267844676971436 744
1784289811145 0.08791013807058334 745
1784289811195 0.10753539204597473 746
1784289811252 0.09905589371919632 747
1784289811307 0.07482927292585373 748
1784289811350 0.07955049723386765 749
1784289811394 0.14236856997013092 750
1784289811438 0.08282439410686493 751
1784289811483 0.10249009728431702 752
1784289811529 0.0831247866153717 753
1784289811577 0.06733439862728119 754
1784289811625 0.06233372166752815 755
1784289811674 0.04255875200033188 756
1784289811719 0.08793143928050995 757
1784289811769 0.07598882913589478 758
1784289811812 0.09241314977407455 759
1784289811863 0.06605007499456406 760
1784289811942 0.1324004977941513 761
1784289812037 0.06253606081008911 762
1784289812085 0.10758203268051147 763
1784289812132 0.06712070107460022 764
1784289812176 0.07615265250205994 765
1784289812217 0.05705498531460762 766
1784289812264 0.06758522987365723 767
1784289812310 0.041379913687705994 768
1784289812357 0.07167626172304153 769
1784289812406 0.06862112879753113 770
1784289812455 0.04577269032597542 771
1784289812500 0.06307241320610046 772
1784289812543 0.109946109354496 773
1784289812592 0.09487611055374146 774
1784289812636 0.07391448318958282 775
1784289812682 0.07530348002910614 776
1784289812722 0.054510846734046936 777
1784289812769 0.06441990286111832 778
1784289812909 0.06661240756511688 779
1784289812959 0.11146862804889679 780
1784289813002 0.07089744508266449 781
1784289813050 0.05086904019117355 782
1784289813103 0.09201695024967194 783
1784289813148 0.05211545154452324 784
1784289813193 0.06669676303863525 785
1784289813236 0.07385802268981934 786
1784289813278 0.0783638060092926 787
1784289813329 0.07605145871639252 788
1784289813379 0.04081545025110245 789
1784289813424 0.11201158910989761 790
1784289813471 0.0848899707198143 791
1784289813533 0.07818316668272018 792
1784289813588 0.09665431082248688 793
1784289813642 0.06836816668510437 794
1784289813690 0.06629419326782227 795
1784289813778 0.1235973984003067 796
1784289813867 0.055415112525224686 797
1784289813911 0.07322455197572708 798
1784289813961 0.07922756671905518 799
1784289814008 0.04162541404366493 800
1784289814057 0.06250116229057312 801
1784289814102 0.040115512907505035 802
1784289814146 0.08284509181976318 803
1784289814188 0.06034499406814575 804
1784289814232 0.06141769886016846 805
1784289814280 0.054717663675546646 806
1784289814324 0.05792168527841568 807
1784289814366 0.026182053610682487 808
1784289814409 0.09915979206562042 809
1784289814452 0.037509556859731674 810
1784289814505 0.05650360882282257 811
1784289814550 0.09637020528316498 812
1784289814594 0.045004814863204956 813
1784289814727 0.07471613585948944 814
1784289814787 0.06965754926204681 815
1784289814833 0.07209765911102295 816
1784289814877 0.06251371651887894 817
1784289814923 0.08142349123954773 818
1784289814968 0.05982108414173126 819
1784289815016 0.05722872167825699 820
1784289815062 0.07197575271129608 821
1784289815107 0.11960718035697937 822
1784289815152 0.06499938666820526 823
1784289815199 0.07831896096467972 824
1784289815245 0.045662786811590195 825
1784289815298 0.07718290388584137 826
1784289815339 0.06139717251062393 827
1784289815380 0.05338621884584427 828
1784289815427 0.034448444843292236 829
1784289815473 0.05379534512758255 830
1784289815617 0.09051790833473206 831
1784289815669 0.10671974718570709 832
1784289815716 0.09043173491954803 833
1784289815771 0.08970482647418976 834
1784289815825 0.04992694407701492 835
1784289815876 0.10954095423221588 836
1784289815922 0.12840217351913452 837
1784289815971 0.0864778459072113 838
1784289816019 0.07196194678544998 839
1784289816062 0.07567736506462097 840
1784289816106 0.09351286292076111 841
1784289816150 0.051845818758010864 842
1784289816193 0.06752578914165497 843
1784289816244 0.1343817561864853 844
1784289816290 0.0640469565987587 845
1784289816338 0.07872564345598221 846
1784289816389 0.0577521026134491 847
1784289816521 0.06293994933366776 848
1784289816592 0.06187714636325836 849
1784289816644 0.03453628718852997 850
1784289816701 0.0975310355424881 851
1784289816747 0.0386948361992836 852
1784289816795 0.06726332008838654 853
1784289816842 0.08353123813867569 854
1784289816888 0.10424939543008804 855
1784289816938 0.09012879431247711 856
1784289816985 0.07062947750091553 857
1784289817035 0.06504008173942566 858
1784289817082 0.062449902296066284 859
1784289817127 0.04680231213569641 860
1784289817176 0.100163035094738 861
1784289817221 0.04295172542333603 862
1784289817267 0.04541637375950813 863
1784289817310 0.06605406105518341 864
1784289817440 0.043461017310619354 865
1784289817496 0.06466555595397949 866
1784289817552 0.06963498890399933 867
1784289817597 0.10524586588144302 868
1784289817642 0.08074090629816055 869
1784289817688 0.04658614844083786 870
1784289817737 0.058957383036613464 871
1784289817789 0.033294908702373505 872
1784289817833 0.07601829618215561 873
1784289817875 0.062262728810310364 874
1784289817923 0.07889015227556229 875
1784289817967 0.04400879889726639 876
1784289818022 0.12163249403238297 877
1784289818073 0.03534618765115738 878
1784289818124 0.03348544239997864 879
1784289818171 0.09276600927114487 880
1784289818216 0.059367358684539795 881
1784289818283 0.036504339426755905 882
1784289818389 0.08501002937555313 883
1784289818439 0.025554314255714417 884
1784289818490 0.0604371652007103 885
1784289818545 0.09986752271652222 886
1784289818592 0.04666117578744888 887
1784289818631 0.062483202666044235 888
1784289818676 0.09954454004764557 889
1784289818723 0.08224121481180191 890
1784289818770 0.09151676297187805 891
1784289818819 0.03872052580118179 892
1784289818862 0.041861262172460556 893
1784289818904 0.045375049114227295 894
1784289818954 0.11556992679834366 895
1784289819001 0.10611661523580551 896
1784289819048 0.06860631704330444 897
1784289819094 0.03737057000398636 898
1784289819141 0.05286606401205063 899
1784289819287 0.13224883377552032 900
1784289819337 0.055494051426649094 901
1784289819378 0.07011880725622177 902
1784289819426 0.06776063144207001 903
1784289819472 0.05995740741491318 904
1784289819520 0.06432212889194489 905
1784289819566 0.09642023593187332 906
1784289819616 0.09484748542308807 907
1784289819671 0.038537003099918365 908
1784289819717 0.10429255664348602 909
1784289819763 0.05106426030397415 910
1784289819812 0.036689333617687225 911
1784289819866 0.04560019075870514 912
1784289819912 0.0399160198867321 913
1784289819966 0.03085300885140896 914
1784289820014 0.043800100684165955 915
1784289820061 0.08227812498807907 916
1784289820191 0.053077179938554764 917
1784289820245 0.05114192143082619 918
1784289820293 0.09750731289386749 919
1784289820339 0.051273930817842484 920
1784289820397 0.03980112075805664 921
1784289820449 0.04573243856430054 922
1784289820502 0.11505208164453506 923
1784289820551 0.05373743921518326 924
1784289820594 0.11819684505462646 925
1784289820641 0.057232849299907684 926
1784289820686 0.08541424572467804 927
1784289820730 0.05774804949760437 928
1784289820779 0.09407040476799011 929
1784289820822 0.07635418325662613 930
1784289820870 0.04136930778622627 931
1784289820913 0.10112299770116806 932
1784289820965 0.02364555560052395 933
1784289821010 0.10623109340667725 934
1784289821055 0.06257666647434235 935
1784289821124 0.06786541640758514 936
1784289823716 0.054883815348148346 937
1784289823767 0.07240255177021027 938
1784289823822 0.09672863781452179 939
1784289823867 0.0630226731300354 940
1784289823909 0.07747317105531693 941
1784289823963 0.0577864795923233 942
1784289824003 0.0972476601600647 943
1784289824054 0.07943364977836609 944
1784289824100 0.039902105927467346 945
1784289824143 0.05326416343450546 946
1784289824190 0.04851875454187393 947
1784289824353 0.046231240034103394 948
1784289824405 0.05076610669493675 949
1784289824455 0.06323681771755219 950
1784289824507 0.042858414351940155 951
1784289824557 0.037712860852479935 952
1784289824607 0.07485800981521606 953
1784289824655 0.02977490797638893 954
1784289824700 0.053763024508953094 955
1784289824748 0.1037997379899025 956
1784289824792 0.05200577154755592 957
1784289824837 0.04940248280763626 958
1784289824883 0.03343252092599869 959
1784289824935 0.04854128509759903 960
1784289824996 0.05350647121667862 961
1784289825052 0.05112507939338684 962
1784289825094 0.05647408962249756 963
1784289825146 0.03730899095535278 964
1784289825303 0.04834211617708206 965
1784289825364 0.04138927906751633 966
1784289825418 0.10943847894668579 967
1784289825477 0.05100078135728836 968
1784289825528 0.04092276096343994 969
1784289825581 0.083818718791008 970
1784289825633 0.0794941782951355 971
1784289825680 0.09403997659683228 972
1784289825727 0.058965060859918594 973
1784289825775 0.05468432605266571 974
1784289825820 0.11027202755212784 975
1784289825872 0.07347487658262253 976
1784289825921 0.05529947206377983 977
1784289825969 0.04415351152420044 978
1784289826014 0.07096207141876221 979
1784289826061 0.02538330852985382 980
1784289826108 0.06997649371623993 981
1784289826242 0.10727225244045258 982
1784289826306 0.10001352429389954 983
1784289826352 0.04081123322248459 984
1784289826401 0.04844236746430397 985
1784289826453 0.07931442558765411 986
1784289826504 0.019257493317127228 987
1784289826554 0.04475635662674904 988
1784289826606 0.04279584437608719 989
1784289826651 0.058338746428489685 990
1784289826700 0.054012175649404526 991
1784289826751 0.08624393492937088 992
1784289826798 0.12307089567184448 993
1784289826855 0.05504913628101349 994
1784289826902 0.06306097656488419 995
1784289826953 0.05421716719865799 996
1784289827001 0.04026234894990921 997
1784289827056 0.07384759187698364 998
1784289827227 0.05369674786925316 999
1784289827287 0.01887775957584381 1000
1784289827334 0.06694988906383514 1001
1784289827383 0.09450383484363556 1002
1784289827436 0.056536246091127396 1003
1784289827484 0.03700990974903107 1004
1784289827537 0.03708557412028313 1005
1784289827589 0.0648556798696518 1006
1784289827640 0.08968894183635712 1007
1784289827692 0.06414623558521271 1008
1784289827739 0.06230233982205391 1009
1784289827787 0.03044903464615345 1010
1784289827837 0.04369683563709259 1011
1784289827889 0.07573727518320084 1012
1784289827939 0.057203508913517 1013
1784289827986 0.11064443737268448 1014
1784289828034 0.06646639108657837 1015
1784289828165 0.08507315814495087 1016
1784289828231 0.06684443354606628 1017
1784289828285 0.0750463679432869 1018
1784289828334 0.07805532217025757 1019
1784289828384 0.031941432505846024 1020
1784289828429 0.047250933945178986 1021
1784289828477 0.058323103934526443 1022
1784289828525 0.11514106392860413 1023
1784289828572 0.048672083765268326 1024
1784289828628 0.05752527341246605 1025
1784289828676 0.04603317752480507 1026
1784289828724 0.05758579820394516 1027
1784289828774 0.029718026518821716 1028
1784289828823 0.09488330781459808 1029
1784289828870 0.06311657279729843 1030
1784289828920 0.06212447211146355 1031
1784289828974 0.0669504702091217 1032
1784289829108 0.05121540278196335 1033
1784289829168 0.0828535184264183 1034
1784289829220 0.06640717387199402 1035
1784289829268 0.04082052782177925 1036
1784289829317 0.03482666611671448 1037
1784289829368 0.048566143959760666 1038
1784289829419 0.06308470666408539 1039
1784289829467 0.037256211042404175 1040
1784289829521 0.05804282799363136 1041
1784289829579 0.022105637937784195 1042
1784289829640 0.08427464962005615 1043
1784289829690 0.1102995052933693 1044
1784289829737 0.05806441977620125 1045
1784289829781 0.03522252291440964 1046
1784289829824 0.04134020954370499 1047
1784289829870 0.05670400708913803 1048
1784289829925 0.04038798063993454 1049
1784289830063 0.0555335097014904 1050
1784289830124 0.033145103603601456 1051
1784289830175 0.04545299708843231 1052
1784289830221 0.05865635722875595 1053
1784289830267 0.055981483310461044 1054
1784289830319 0.0899723544716835 1055
1784289830363 0.03836371749639511 1056
1784289830411 0.08213764429092407 1057
1784289830456 0.0693226009607315 1058
1784289830506 0.07491354644298553 1059
1784289830556 0.05817342922091484 1060
1784289830606 0.06657689809799194 1061
1784289830655 0.05522048473358154 1062
1784289830706 0.09134727716445923 1063
1784289830757 0.06852152943611145 1064
1784289830801 0.06533744186162949 1065
1784289830850 0.136587992310524 1066
1784289831018 0.057465970516204834 1067
1784289831071 0.06823302060365677 1068
1784289831120 0.04905303195118904 1069
1784289831173 0.052597515285015106 1070
1784289831234 0.0832868367433548 1071
1784289831283 0.06510552763938904 1072
1784289831346 0.09227840602397919 1073
1784289831398 0.07992123067378998 1074
1784289831455 0.08287972211837769 1075
1784289831511 0.07521504908800125 1076
1784289831565 0.04538891464471817 1077
1784289831618 0.08345666527748108 1078
1784289831669 0.039439789950847626 1079
1784289831718 0.061733704060316086 1080
1784289831768 0.07919149100780487 1081
1784289831825 0.042977526783943176 1082
1784289831889 0.05993115156888962 1083
1784289832031 0.03444614261388779 1084
1784289832096 0.05484290421009064 1085
1784289832147 0.1364840567111969 1086
1784289832192 0.0877644419670105 1087
1784289832240 0.020422227680683136 1088
1784289832287 0.06592702120542526 1089
1784289832332 0.08361981809139252 1090
1784289832384 0.05428946763277054 1091
1784289832432 0.06296350806951523 1092
1784289832486 0.0499504879117012 1093
1784289832536 0.05456548184156418 1094
1784289832588 0.11395703256130219 1095
1784289832638 0.05308203399181366 1096
1784289832687 0.026885371655225754 1097
1784289832736 0.03966332972049713 1098
1784289832788 0.07440344989299774 1099
1784289832838 0.04310968890786171 1100
1784289832976 0.06481175869703293 1101
1784289833043 0.024185698479413986 1102
1784289833092 0.12851715087890625 1103
1784289833150 0.12309098243713379 1104
1784289833201 0.06959503889083862 1105
1784289833249 0.03855011612176895 1106
1784289833299 0.06090801954269409 1107
1784289833349 0.04614187031984329 1108
1784289833395 0.025531984865665436 1109
1784289833438 0.03407714515924454 1110
1784289833489 0.03377262502908707 1111
1784289833537 0.06850419193506241 1112
1784289833595 0.09499739110469818 1113
1784289833643 0.0812646895647049 1114
1784289833698 0.08423639833927155 1115
1784289833745 0.08420759439468384 1116
1784289833791 0.04608531296253204 1117
1784289833848 0.03902330994606018 1118
1784289833900 0.09971071779727936 1119
1784289834035 0.05012618005275726 1120
1784289834101 0.04713228717446327 1121
1784289834158 0.11235419660806656 1122
1784289834214 0.026834741234779358 1123
1784289834268 0.05624844506382942 1124
1784289834319 0.028116393834352493 1125
1784289834371 0.07481036335229874 1126
1784289834422 0.09475970268249512 1127
1784289834469 0.0657021626830101 1128
1784289834519 0.05347234383225441 1129
1784289834572 0.056334882974624634 1130
1784289834621 0.03282225877046585 1131
1784289834669 0.09668819606304169 1132
1784289834719 0.0780622810125351 1133
1784289834769 0.04438672214746475 1134
1784289834816 0.04535800963640213 1135
1784289834866 0.025781281292438507 1136
1784289835008 0.04197179898619652 1137
1784289835073 0.08357734978199005 1138
1784289835123 0.04914335906505585 1139
1784289835167 0.08267180621623993 1140
1784289835214 0.02969103865325451 1141
1784289835266 0.05544254556298256 1142
1784289835313 0.06433208286762238 1143
1784289835362 0.03809311240911484 1144
1784289835406 0.02946438454091549 1145
1784289835457 0.07746271789073944 1146
1784289835519 0.07184194773435593 1147
1784289835577 0.08687286078929901 1148
1784289835622 0.14022882282733917 1149
1784289835670 0.053038593381643295 1150
1784289835716 0.11574140191078186 1151
1784289835762 0.04398256912827492 1152
1784289835811 0.04141194373369217 1153
1784289835881 0.023261627182364464 1154
1784289836005 0.05167950689792633 1155
1784289836054 0.038219649344682693 1156
1784289836102 0.04271121695637703 1157
1784289836153 0.028878401964902878 1158
1784289836203 0.051681965589523315 1159
1784289836253 0.03846508264541626 1160
1784289836300 0.024640418589115143 1161
1784289836347 0.044333696365356445 1162
1784289836396 0.029430562630295753 1163
1784289836442 0.0299476757645607 1164
1784289836505 0.031182942911982536 1165
1784289836560 0.027456123381853104 1166
1784289836613 0.08709590882062912 1167
1784289836668 0.05705181509256363 1168
1784289836720 0.040348440408706665 1169
1784289836768 0.09545505046844482 1170
1784289836814 0.07468234747648239 1171
1784289836945 0.01897968165576458 1172
1784289837006 0.03655751422047615 1173
1784289837053 0.07669714093208313 1174
1784289837102 0.02613620087504387 1175
1784289837157 0.04847755283117294 1176
1784289837202 0.024215467274188995 1177
1784289837251 0.0315886065363884 1178
1784289837300 0.1281968057155609 1179
1784289837346 0.10856550931930542 1180
1784289837394 0.049871426075696945 1181
1784289837445 0.12977957725524902 1182
1784289837493 0.1301356852054596 1183
1784289837546 0.0458737276494503 1184
1784289837597 0.11202061176300049 1185
1784289837649 0.05480574071407318 1186
1784289837698 0.05530644953250885 1187
1784289837752 0.016531407833099365 1188
1784289837800 0.09663067758083344 1189
1784289837845 0.07638773322105408 1190
1784289838007 0.07313710451126099 1191
1784289838054 0.15345902740955353 1192
1784289838106 0.07580326497554779 1193
1784289838153 0.07667003571987152 1194
1784289838202 0.05843275040388107 1195
1784289838252 0.04979659244418144 1196
1784289838309 0.04030010476708412 1197
1784289838358 0.08011381328105927 1198
1784289838414 0.0479104109108448 1199
1784289838464 0.021684762090444565 1200
1784289838518 0.027524830773472786 1201
1784289838569 0.05699102208018303 1202
1784289838619 0.036163635551929474 1203
1784289838669 0.02986961603164673 1204
1784289838723 0.04842376708984375 1205
1784289838783 0.07281188666820526 1206
1784289838839 0.036575160920619965 1207
1784289839002 0.020845556631684303 1208
1784289839050 0.059378668665885925 1209
1784289839097 0.013803007081151009 1210
1784289839143 0.059884753078222275 1211
1784289839195 0.031478073447942734 1212
1784289839247 0.028730928897857666 1213
1784289839297 0.02017909288406372 1214
1784289839345 0.05718141421675682 1215
1784289839394 0.0411796011030674 1216
1784289839441 0.03493943065404892 1217
1784289839497 0.03625571355223656 1218
1784289839551 0.08562207221984863 1219
1784289839600 0.03240339830517769 1220
1784289839645 0.08969666063785553 1221
1784289839695 0.06114581972360611 1222
1784289839746 0.028484949842095375 1223
1784289839797 0.06094232201576233 1224
1784289839935 0.04011699557304382 1225
1784289839994 0.03111487627029419 1226
1784289840049 0.0936233326792717 1227
1784289840104 0.036213040351867676 1228
1784289840156 0.026687750592827797 1229
1784289840211 0.029374083504080772 1230
1784289840264 0.03079112619161606 1231
1784289840311 0.11590413749217987 1232
1784289840360 0.027667414397001266 1233
1784289840411 0.03602965921163559 1234
1784289840466 0.0734943374991417 1235
1784289840522 0.08064724504947662 1236
1784289840575 0.046215545386075974 1237
1784289840623 0.15076398849487305 1238
1784289840679 0.05116082355380058 1239
1784289840728 0.05957087129354477 1240
1784289840779 0.017960159108042717 1241
1784289840919 0.04706796631217003 1242
1784289840980 0.06911956518888474 1243
1784289841037 0.09077319502830505 1244
1784289841092 0.056690048426389694 1245
1784289841146 0.10661984980106354 1246
1784289841194 0.0977540984749794 1247
1784289841250 0.11896735429763794 1248
1784289841300 0.09800709784030914 1249
1784289841353 0.03840528428554535 1250
1784289841404 0.041580259799957275 1251
1784289841451 0.03861371800303459 1252
1784289841504 0.06149919331073761 1253
1784289841558 0.03958585858345032 1254
1784289841612 0.03379394859075546 1255
1784289841661 0.046725183725357056 1256
1784289841713 0.07292593270540237 1257
1784289841759 0.05735000967979431 1258
1784289841919 0.0923941358923912 1259
1784289841968 0.04172995686531067 1260
1784289842018 0.06594140827655792 1261
1784289842068 0.04699845239520073 1262
1784289842120 0.01768665201961994 1263
1784289842168 0.06677781045436859 1264
1784289842221 0.037267498672008514 1265
1784289842270 0.1001167818903923 1266
1784289842315 0.08557301014661789 1267
1784289842360 0.04037259519100189 1268
1784289842412 0.12991413474082947 1269
1784289842467 0.07198923826217651 1270
1784289842517 0.03090588003396988 1271
1784289842566 0.05892520770430565 1272
1784289842611 0.1059352457523346 1273
1784289842656 0.03844526782631874 1274
1784289842707 0.1267334669828415 1275
1784289842862 0.029611676931381226 1276
1784289842911 0.02700144425034523 1277
1784289842954 0.045261137187480927 1278
1784289843001 0.04079434648156166 1279
1784289843051 0.03898024931550026 1280
1784289843098 0.028092902153730392 1281
1784289843144 0.06034407764673233 1282
1784289843193 0.01930488459765911 1283
1784289843238 0.04393409937620163 1284
1784289843289 0.145035058259964 1285
1784289843344 0.0437142439186573 1286
1784289843403 0.06712806969881058 1287
1784289843451 0.07434077560901642 1288
1784289843502 0.031964585185050964 1289
1784289843551 0.04641581326723099 1290
1784289843598 0.07080846279859543 1291
1784289843648 0.11587201803922653 1292
1784289843778 0.07316689193248749 1293
1784289843844 0.07173246145248413 1294
1784289843899 0.042327508330345154 1295
1784289843944 0.07150111347436905 1296
1784289844011 0.04132652282714844 1297
1784289844063 0.021275054663419724 1298
1784289844113 0.15038099884986877 1299
1784289844166 0.049396615475416183 1300
1784289844216 0.03227807953953743 1301
1784289844261 0.025298189371824265 1302
1784289844305 0.09613506495952606 1303
1784289844353 0.028730392456054688 1304
1784289844402 0.07612097263336182 1305
1784289844454 0.02111356146633625 1306
1784289844508 0.055854760110378265 1307
1784289844560 0.0516849011182785 1308
1784289844614 0.055066727101802826 1309
1784289844751 0.15881693363189697 1310
1784289844812 0.06481096893548965 1311
1784289844861 0.032525718212127686 1312
1784289844910 0.06454447656869888 1313
1784289844958 0.0675445944070816 1314
1784289845010 0.04198707640171051 1315
1784289845059 0.05103795975446701 1316
1784289845109 0.04136475920677185 1317
1784289845153 0.029995549470186234 1318
1784289845206 0.040338993072509766 1319
1784289845253 0.08392475545406342 1320
1784289845302 0.030400604009628296 1321
1784289845353 0.058535389602184296 1322
1784289845410 0.02489149384200573 1323
1784289845458 0.06203102320432663 1324
1784289845509 0.06292252242565155 1325
1784289845570 0.08562556654214859 1326
1784289845629 0.03820067271590233 1327
1784289845683 0.08936430513858795 1328
1784289845734 0.05492144078016281 1329
1784289845784 0.033896416425704956 1330
1784289845833 0.05473702400922775 1331
1784289845884 0.07269226014614105 1332
1784289845932 0.07709707319736481 1333
1784289845981 0.07165193557739258 1334
1784289846032 0.096077561378479 1335
1784289846085 0.1588602215051651 1336
1784289846134 0.05053471401333809 1337
1784289846279 0.056665293872356415 1338
1784289846328 0.036791883409023285 1339
1784289846383 0.019388122484087944 1340
1784289846427 0.1361895054578781 1341
1784289846474 0.026706969365477562 1342
1784289846524 0.08259881287813187 1343
1784289846570 0.03222353756427765 1344
1784289846628 0.02397533692419529 1345
1784289846675 0.0392337404191494 1346
1784289846727 0.023543745279312134 1347
1784289846777 0.07562802731990814 1348
1784289846822 0.07942657172679901 1349
1784289846868 0.04089581221342087 1350
1784289846918 0.032200127840042114 1351
1784289846967 0.03128765895962715 1352
1784289847016 0.093863844871521 1353
1784289847067 0.1326824128627777 1354
1784289847222 0.02488073520362377 1355
1784289847269 0.042144522070884705 1356
1784289847319 0.08329825848340988 1357
1784289847366 0.03868076577782631 1358
1784289847413 0.039995960891246796 1359
1784289847459 0.02495729550719261 1360
1784289847506 0.060005780309438705 1361
1784289847557 0.11525123566389084 1362
1784289847604 0.029522012919187546 1363
1784289847654 0.05132606253027916 1364
1784289847706 0.0732187032699585 1365
1784289847756 0.033945150673389435 1366
1784289847802 0.037841539829969406 1367
1784289847854 0.09486231207847595 1368
1784289847920 0.06814906001091003 1369
1784289847970 0.0923992171883583 1370
1784289848021 0.06791821122169495 1371
1784289848157 0.02909882739186287 1372
1784289848215 0.030455632135272026 1373
1784289848267 0.048578403890132904 1374
1784289848316 0.12103153765201569 1375
1784289848367 0.08949483931064606 1376
1784289848422 0.0609859898686409 1377
1784289848469 0.052523959428071976 1378
1784289848519 0.0563444048166275 1379
1784289848576 0.020794032141566277 1380
1784289848622 0.04281126707792282 1381
1784289848670 0.05943666398525238 1382
1784289848727 0.025896988809108734 1383
1784289848779 0.040105849504470825 1384
1784289848829 0.06848948448896408 1385
1784289848879 0.04187990352511406 1386
1784289848927 0.04874518886208534 1387
1784289848975 0.07123664021492004 1388
1784289849132 0.03713134676218033 1389
1784289849183 0.05473022162914276 1390
1784289849234 0.030518539249897003 1391
1784289849284 0.056731633841991425 1392
1784289849330 0.03894840180873871 1393
1784289849377 0.10988136380910873 1394
1784289849422 0.07298101484775543 1395
1784289849466 0.043182212859392166 1396
1784289849515 0.07520319521427155 1397
1784289849569 0.05083894729614258 1398
1784289849620 0.08186297863721848 1399
1784289849668 0.047479018568992615 1400
1784289849722 0.013219533488154411 1401
1784289849767 0.06305252760648727 1402
1784289849814 0.07608141005039215 1403
1784289849857 0.03987327963113785 1404
1784289849913 0.10448279231786728 1405
1784289850074 0.03775205835700035 1406
1784289850123 0.017852168530225754 1407
1784289850170 0.06160789355635643 1408
1784289850233 0.09310664236545563 1409
1784289850289 0.09175331145524979 1410
1784289850336 0.06325305253267288 1411
1784289850387 0.03000236116349697 1412
1784289850441 0.04473495110869408 1413
1784289850490 0.08881152421236038 1414
1784289850538 0.05496051535010338 1415
1784289850584 0.0419585257768631 1416
1784289850632 0.09100136160850525 1417
1784289850676 0.050309743732213974 1418
1784289850728 0.03754503279924393 1419
1784289850777 0.01589278131723404 1420
1784289850826 0.07826808094978333 1421
1784289850871 0.08390822261571884 1422
1784289850938 0.04777924716472626 1423
1784289851068 0.020787233486771584 1424
1784289851116 0.031057048588991165 1425
1784289851170 0.04228891059756279 1426
1784289851221 0.03800763189792633 1427
1784289851268 0.015547615475952625 1428
1784289851321 0.07189987599849701 1429
1784289851367 0.08283525705337524 1430
1784289851415 0.12783975899219513 1431
1784289851466 0.06707806885242462 1432
1784289851518 0.05280830338597298 1433
1784289851575 0.06666367501020432 1434
1784289851622 0.054068878293037415 1435
1784289851666 0.06156104803085327 1436
1784289851710 0.10515786707401276 1437
1784289851754 0.06903382390737534 1438
1784289851813 0.052628807723522186 1439
1784289851861 0.06233760714530945 1440
1784289852024 0.08088789880275726 1441
1784289852080 0.046236660331487656 1442
1784289852133 0.02865384891629219 1443
1784289852185 0.019449647516012192 1444
1784289852237 0.06784038245677948 1445
1784289852291 0.0657368004322052 1446
1784289852340 0.024202214553952217 1447
1784289852394 0.09889376908540726 1448
1784289852448 0.13481450080871582 1449
1784289852511 0.024265792220830917 1450
1784289852564 0.03408234193921089 1451
1784289852617 0.05537461116909981 1452
1784289852663 0.02758527174592018 1453
1784289852713 0.042538098990917206 1454
1784289852763 0.163273423910141 1455
1784289852808 0.030276231467723846 1456
1784289852854 0.07874918729066849 1457
1784289852997 0.035594284534454346 1458
1784289853060 0.04983134567737579 1459
1784289853111 0.049092717468738556 1460
1784289853158 0.02395619824528694 1461
1784289853204 0.03056124970316887 1462
1784289853247 0.05649534985423088 1463
1784289853293 0.046105608344078064 1464
1784289853336 0.07631243020296097 1465
1784289853383 0.049824416637420654 1466
1784289853439 0.04744097590446472 1467
1784289853485 0.04161735624074936 1468
1784289853537 0.024191055446863174 1469
1784289853595 0.0648367628455162 1470
1784289853644 0.037726305425167084 1471
1784289853692 0.039430294185876846 1472
1784289853734 0.11765052378177643 1473
1784289853784 0.13123711943626404 1474
1784289853928 0.025778409093618393 1475
1784289853986 0.023852359503507614 1476
1784289854032 0.016136320307850838 1477
1784289854082 0.09084904193878174 1478
1784289854132 0.09786514937877655 1479
1784289854179 0.02502262592315674 1480
1784289854227 0.05350577086210251 1481
1784289854271 0.038575414568185806 1482
1784289854319 0.04544666409492493 1483
1784289854365 0.04726850613951683 1484
1784289854410 0.09918991476297379 1485
1784289854456 0.03718505799770355 1486
1784289854504 0.04047272726893425 1487
1784289854551 0.02955128252506256 1488
1784289854601 0.031612932682037354 1489
1784289854650 0.047688715159893036 1490
1784289854699 0.06398486346006393 1491
1784289854852 0.04575863480567932 1492
1784289854918 0.009252271614968777 1493
1784289854971 0.06336001306772232 1494
1784289855028 0.14954300224781036 1495
1784289855078 0.03995922952890396 1496
1784289855135 0.048958566039800644 1497
1784289855183 0.027133122086524963 1498
1784289855231 0.03413741663098335 1499
1784289855281 0.07309684157371521 1500
1784289855334 0.019339457154273987 1501
1784289855386 0.05350763350725174 1502
1784289855437 0.05757233500480652 1503
1784289855495 0.05419996380805969 1504
1784289855544 0.07177139073610306 1505
1784289855599 0.10119687020778656 1506
1784289855647 0.05063575133681297 1507
1784289855690 0.07251846790313721 1508
1784289855847 0.0852680653333664 1509
1784289855897 0.1328173577785492 1510
1784289855949 0.04202256351709366 1511
1784289855993 0.0668523833155632 1512
1784289856042 0.029069993644952774 1513
1784289856092 0.07181517779827118 1514
1784289856138 0.044857047498226166 1515
1784289856184 0.05516254901885986 1516
1784289856227 0.020962461829185486 1517
1784289856282 0.06729235500097275 1518
1784289856326 0.048080600798130035 1519
1784289856371 0.07379921525716782 1520
1784289856418 0.04308958351612091 1521
1784289856465 0.026304638013243675 1522
1784289856535 0.11897816509008408 1523
1784289856584 0.08198694884777069 1524
1784289856633 0.0812121331691742 1525
1784289856766 0.040532637387514114 1526
1784289856823 0.09336306899785995 1527
1784289856877 0.08506570756435394 1528
1784289856923 0.02048368565738201 1529
1784289856971 0.05122620612382889 1530
1784289857017 0.03397687152028084 1531
1784289857066 0.04734135419130325 1532
1784289857120 0.021803412586450577 1533
1784289857171 0.03969615697860718 1534
1784289857227 0.05426677316427231 1535
1784289857276 0.046761877834796906 1536
1784289857327 0.06535699963569641 1537
1784289857380 0.06541843712329865 1538
1784289857431 0.09616056084632874 1539
1784289857482 0.044597312808036804 1540
1784289857532 0.0816093161702156 1541
1784289857590 0.05255420506000519 1542
1784289857749 0.027375562116503716 1543
1784289857802 0.04169359430670738 1544
1784289857851 0.05757290869951248 1545
1784289857897 0.05176231637597084 1546
1784289857943 0.07141467183828354 1547
1784289857988 0.03987717255949974 1548
1784289858037 0.07707201689481735 1549
1784289858087 0.0570141077041626 1550
1784289858141 0.07326331734657288 1551
1784289858185 0.09702866524457932 1552
1784289858233 0.09299954026937485 1553
1784289858288 0.0866377130150795 1554
1784289858335 0.06121966987848282 1555
1784289858384 0.020751407369971275 1556
1784289858434 0.07612384110689163 1557
1784289858485 0.07228157669305801 1558
1784289858548 0.07913417369127274 1559
1784289858698 0.03270641714334488 1560
1784289858749 0.050027817487716675 1561
1784289858798 0.04310023784637451 1562
1784289858848 0.01796138472855091 1563
1784289858898 0.09393130242824554 1564
1784289858945 0.02965751849114895 1565
1784289858999 0.05244529992341995 1566
1784289859047 0.07756805419921875 1567
1784289859092 0.05807114765048027 1568
1784289859141 0.03887884318828583 1569
1784289859187 0.05508679524064064 1570
1784289859244 0.03987618908286095 1571
1784289859295 0.060162387788295746 1572
1784289859345 0.09592213481664658 1573
1784289859400 0.0646381825208664 1574
1784289859466 0.04496172443032265 1575
1784289859525 0.08049631118774414 1576
1784289859673 0.08818098902702332 1577
1784289859733 0.06501727551221848 1578
1784289859785 0.05418655276298523 1579
1784289859839 0.04953000694513321 1580
1784289859891 0.05169684439897537 1581
1784289859941 0.10634705424308777 1582
1784289859986 0.058529093861579895 1583
1784289860035 0.1216822937130928 1584
1784289860085 0.07011519372463226 1585
1784289860139 0.08434101939201355 1586
1784289860190 0.03315425664186478 1587
1784289860233 0.06833451986312866 1588
1784289860284 0.049893952906131744 1589
1784289860333 0.02710903063416481 1590
1784289860381 0.08854439854621887 1591
1784289860434 0.05847075581550598 1592
1784289860485 0.07933686673641205 1593
1784289860556 0.019922398030757904 1594
1784289860682 0.04304974526166916 1595
1784289860729 0.024481151252985 1596
1784289860780 0.039422713220119476 1597
1784289860830 0.039401184767484665 1598
1784289860874 0.04853217303752899 1599
1784289860922 0.023970041424036026 1600
1784289860967 0.04788123071193695 1601
1784289861020 0.051122765988111496 1602
1784289861067 0.06932943314313889 1603
1784289861115 0.10272811353206635 1604
1784289861162 0.052834298461675644 1605
1784289861212 0.04192796349525452 1606
1784289861263 0.03213592991232872 1607
1784289861308 0.07099287956953049 1608
1784289861359 0.06550946086645126 1609
1784289861407 0.04988277330994606 1610
1784289861457 0.02913203090429306 1611
1784289861613 0.020413072779774666 1612
1784289861666 0.1068720892071724 1613
1784289861725 0.03558598458766937 1614
1784289861782 0.013488685712218285 1615
1784289861836 0.022072024643421173 1616
1784289861883 0.0339677557349205 1617
1784289861932 0.04435848817229271 1618
1784289861991 0.043772488832473755 1619
1784289862039 0.043317846953868866 1620
1784289862085 0.0636817067861557 1621
1784289862133 0.07670830190181732 1622
1784289862184 0.04734059423208237 1623
1784289862232 0.07112017273902893 1624
1784289862283 0.0647287666797638 1625
1784289862335 0.08904924988746643 1626
1784289862381 0.057960741221904755 1627
1784289862431 0.08574895560741425 1628
1784289862599 0.06660670787096024 1629
1784289862653 0.14173273742198944 1630
1784289862703 0.0329202264547348 1631
1784289862755 0.08733156323432922 1632
1784289862808 0.06372560560703278 1633
1784289862859 0.10635891556739807 1634
1784289862913 0.04129644110798836 1635
1784289862965 0.05127502977848053 1636
1784289863016 0.046803068369627 1637
1784289863064 0.05338196083903313 1638
1784289863117 0.08586542308330536 1639
1784289863168 0.044690780341625214 1640
1784289863213 0.04032227769494057 1641
1784289863264 0.025305308401584625 1642
1784289863313 0.07838957756757736 1643
1784289863366 0.07391664385795593 1644
1784289863420 0.03449871391057968 1645
1784289863613 0.09097142517566681 1646
1784289863670 0.07368616759777069 1647
1784289863733 0.02832387387752533 1648
1784289863795 0.048298683017492294 1649
1784289863852 0.04004083201289177 1650
1784289863914 0.061464082449674606 1651
1784289863979 0.0280161015689373 1652
1784289864039 0.09791547060012817 1653
1784289864112 0.040021251887083054 1654
1784289864180 0.06889431178569794 1655
1784289864245 0.10102181881666183 1656
1784289864298 0.026141457259655 1657
1784289864360 0.08673742413520813 1658
1784289864418 0.036557696759700775 1659
1784289864469 0.05378672108054161 1660
1784289864527 0.03270447999238968 1661
1784289864576 0.04848093166947365 1662
1784289864740 0.05113254487514496 1663
1784289864791 0.06757915019989014 1664
1784289864839 0.03572513163089752 1665
1784289864884 0.07962190359830856 1666
1784289864937 0.05538227781653404 1667
1784289864988 0.0624602735042572 1668
1784289865047 0.1212710291147232 1669
1784289865096 0.12481562048196793 1670
1784289865149 0.06431494653224945 1671
1784289865199 0.05705678090453148 1672
1784289865252 0.08451114594936371 1673
1784289865302 0.04658668860793114 1674
1784289865356 0.0531284362077713 1675
1784289865399 0.0912957638502121 1676
1784289865450 0.062374308705329895 1677
1784289865502 0.03687568008899689 1678
1784289865554 0.10474049299955368 1679
1784289865708 0.07854480296373367 1680
1784289865764 0.024553649127483368 1681
1784289865818 0.17249013483524323 1682
1784289865871 0.06484197080135345 1683
1784289865920 0.043498873710632324 1684
1784289865973 0.09106152504682541 1685
1784289866023 0.02763386443257332 1686
1784289866070 0.04995846748352051 1687
1784289866118 0.10002454370260239 1688
1784289866172 0.062468722462654114 1689
1784289866215 0.052651867270469666 1690
1784289866265 0.04949355870485306 1691
1784289866316 0.018239999189972878 1692
1784289866371 0.05771040916442871 1693
1784289866432 0.04272961616516113 1694
1784289866487 0.04813121259212494 1695
1784289866539 0.05079922452569008 1696
1784289866684 0.04227135702967644 1697
1784289866751 0.2104249894618988 1698
1784289866805 0.1435689926147461 1699
1784289866852 0.053274910897016525 1700
1784289866914 0.04111359640955925 1701
1784289866965 0.09515199810266495 1702
1784289867015 0.076113760471344 1703
1784289867062 0.034864455461502075 1704
1784289867114 0.04088158160448074 1705
1784289867161 0.0739326924085617 1706
1784289867211 0.03455428034067154 1707
1784289867260 0.037682902067899704 1708
1784289867309 0.08385418355464935 1709
1784289867360 0.062463242560625076 1710
1784289867410 0.05232485756278038 1711
1784289867463 0.037091176956892014 1712
1784289867518 0.04028023034334183 1713
1784289867653 0.12024498730897903 1714
1784289867715 0.07533520460128784 1715
1784289867765 0.03649572655558586 1716
1784289867812 0.04493681341409683 1717
1784289867862 0.03794573247432709 1718
1784289867909 0.05617331340909004 1719
1784289867955 0.0677056834101677 1720
1784289868005 0.03680260479450226 1721
1784289868051 0.04897742345929146 1722
1784289868105 0.0971025750041008 1723
1784289868151 0.022032683715224266 1724
1784289868197 0.038167886435985565 1725
1784289868246 0.11252323538064957 1726
1784289868297 0.06958307325839996 1727
1784289868342 0.05938740819692612 1728
1784289868394 0.07841254025697708 1729
1784289868442 0.08165571093559265 1730
1784289868495 0.1321887969970703 1731
1784289868548 0.05596286058425903 1732
1784289868597 0.07212945818901062 1733
1784289868650 0.051023270934820175 1734
1784289868704 0.10267268121242523 1735
1784289868856 0.07288600504398346 1736
1784289868917 0.04281790554523468 1737
1784289868972 0.09732463210821152 1738
1784289869026 0.06087503582239151 1739
1784289869074 0.09889186173677444 1740
1784289869123 0.031667936593294144 1741
1784289869172 0.12395700812339783 1742
1784289869222 0.0601663738489151 1743
1784289869272 0.12106837332248688 1744
1784289869319 0.07667280733585358 1745
1784289869374 0.09077174961566925 1746
1784289869423 0.0952986553311348 1747
1784289869470 0.12040278315544128 1748
1784289869533 0.033266063779592514 1749
1784289869583 0.09221704304218292 1750
1784289869637 0.03669440746307373 1751
1784289869688 0.051486097276210785 1752
1784289869855 0.02691938728094101 1753
1784289869905 0.08966071903705597 1754
1784289869952 0.06772869825363159 1755
1784289870008 0.08552815020084381 1756
1784289870060 0.0536746084690094 1757
1784289870114 0.08983229100704193 1758
1784289870162 0.04647744446992874 1759
1784289870213 0.043000105768442154 1760
1784289870263 0.02482551336288452 1761
1784289870318 0.03309020400047302 1762
1784289870369 0.03906065598130226 1763
1784289870423 0.07348471879959106 1764
1784289870471 0.06378797441720963 1765
1784289870520 0.06813032925128937 1766
1784289870571 0.024845100939273834 1767
1784289870618 0.0752374529838562 1768
1784289870663 0.08517736196517944 1769
1784289870802 0.07734217494726181 1770
1784289870862 0.11541837453842163 1771
1784289870912 0.061079204082489014 1772
1784289870962 0.12582290172576904 1773
1784289871002 0.09890111535787582 1774
1784289871057 0.09862633794546127 1775
1784289871114 0.05540391802787781 1776
1784289871175 0.12585830688476562 1777
1784289871219 0.12911254167556763 1778
1784289871269 0.11699524521827698 1779
1784289871317 0.10628234595060349 1780
1784289871367 0.0834718868136406 1781
1784289871412 0.0977170467376709 1782
1784289871458 0.03188692778348923 1783
1784289871513 0.10416164994239807 1784
1784289871568 0.13940931856632233 1785
1784289871617 0.05423625558614731 1786
1784289871759 0.03844437375664711 1787
1784289871817 0.09672920405864716 1788
1784289871871 0.01033971831202507 1789
1784289871916 0.039236124604940414 1790
1784289871971 0.06445971876382828 1791
1784289872021 0.05932252109050751 1792
1784289872066 0.1761983335018158 1793
1784289872111 0.10115333646535873 1794
1784289872160 0.06087948754429817 1795
1784289872212 0.037346117198467255 1796
1784289872260 0.08645299077033997 1797
1784289872307 0.03315185755491257 1798
1784289872352 0.1053973138332367 1799
1784289872400 0.14013350009918213 1800
1784289872453 0.07996449619531631 1801
1784289872504 0.11990656703710556 1802
1784289872561 0.07866175472736359 1803
1784289872740 0.08661043643951416 1804
1784289872789 0.03507364168763161 1805
1784289872837 0.05827341973781586 1806
1784289872888 0.10750491917133331 1807
1784289872941 0.051697470247745514 1808
1784289872991 0.06836602836847305 1809
1784289873043 0.06705361604690552 1810
1784289873090 0.051383428275585175 1811
1784289873146 0.04501744732260704 1812
1784289873198 0.06335149705410004 1813
1784289873250 0.09439773857593536 1814
1784289873306 0.028307069092988968 1815
1784289873363 0.05136984586715698 1816
1784289873417 0.12149312347173691 1817
1784289873470 0.08959489315748215 1818
1784289873525 0.04750264436006546 1819
1784289873579 0.08632723242044449 1820
1784289873721 0.07703161239624023 1821
1784289873780 0.08854453265666962 1822
1784289873831 0.10842423886060715 1823
1784289873879 0.11353020370006561 1824
1784289873928 0.036303386092185974 1825
1784289873974 0.11762584745883942 1826
1784289874027 0.06952245533466339 1827
1784289874072 0.12480182945728302 1828
1784289874119 0.06428386270999908 1829
1784289874162 0.14927566051483154 1830
1784289874211 0.1377185732126236 1831
1784289874262 0.12433765828609467 1832
1784289874318 0.0490262508392334 1833
1784289874361 0.12878835201263428 1834
1784289874406 0.08061719685792923 1835
1784289874458 0.07202121615409851 1836
1784289874505 0.04018639400601387 1837
1784289874658 0.12455742061138153 1838
1784289874715 0.12280313670635223 1839
1784289874762 0.12523718178272247 1840
1784289874812 0.1483118236064911 1841
1784289874866 0.03023463673889637 1842
1784289874917 0.08711107820272446 1843
1784289874963 0.16306303441524506 1844
1784289875011 0.12471140176057816 1845
1784289875058 0.038638144731521606 1846
1784289875109 0.08856196701526642 1847
1784289875157 0.056558236479759216 1848
1784289875202 0.11497887969017029 1849
1784289875250 0.03299183398485184 1850
1784289875305 0.08820216357707977 1851
1784289875348 0.07242000102996826 1852
1784289875391 0.054368093609809875 1853
1784289875445 0.044773831963539124 1854
1784289875585 0.16352692246437073 1855
1784289875655 0.05342523753643036 1856
1784289875711 0.12302529066801071 1857
1784289875768 0.09292419254779816 1858
1784289875816 0.09050214290618896 1859
1784289875875 0.04859643429517746 1860
1784289875923 0.07221461832523346 1861
1784289875970 0.14558564126491547 1862
1784289876027 0.08115202188491821 1863
1784289876081 0.132883682847023 1864
1784289876135 0.15996339917182922 1865
1784289876188 0.04834011197090149 1866
1784289876240 0.06367005407810211 1867
1784289876291 0.0713416337966919 1868
1784289876343 0.05565447732806206 1869
1784289876399 0.07046143710613251 1870
1784289876450 0.03526996076107025 1871
1784289876613 0.09418009221553802 1872
1784289876667 0.15723764896392822 1873
1784289879213 0.035789165645837784 1874
1784289879261 0.0827486589550972 1875
1784289879308 0.08373750001192093 1876
1784289879358 0.07324451953172684 1877
1784289879407 0.07618767023086548 1878
1784289879459 0.12682752311229706 1879
1784289879511 0.019254609942436218 1880
1784289879563 0.022300228476524353 1881
1784289879614 0.11195237934589386 1882
1784289879670 0.05822143331170082 1883
1784289879719 0.12658365070819855 1884
1784289879876 0.07648772746324539 1885
1784289879923 0.05898396298289299 1886
1784289879980 0.1086060106754303 1887
1784289880027 0.15100890398025513 1888
1784289880075 0.030723217874765396 1889
1784289880125 0.04875440150499344 1890
1784289880178 0.11081569641828537 1891
1784289880245 0.09962259232997894 1892
1784289880304 0.0517745316028595 1893
1784289880355 0.07196016609668732 1894
1784289880416 0.072575643658638 1895
1784289880473 0.10500341653823853 1896
1784289880528 0.09082508087158203 1897
1784289880583 0.16117672622203827 1898
1784289880641 0.14456559717655182 1899
1784289880695 0.10723772644996643 1900
1784289880751 0.14345642924308777 1901
1784289880922 0.045254144817590714 1902
1784289880971 0.11172467470169067 1903
1784289881018 0.05039125680923462 1904
1784289881063 0.0849858745932579 1905
1784289881114 0.13620275259017944 1906
1784289881165 0.08093677461147308 1907
1784289881212 0.05167781189084053 1908
1784289881259 0.13790571689605713 1909
1784289881306 0.17546319961547852 1910
1784289881357 0.1270175278186798 1911
1784289881400 0.03897650167346001 1912
1784289881449 0.07901659607887268 1913
1784289881499 0.10828864574432373 1914
1784289881555 0.0716991275548935 1915
1784289881601 0.12610168755054474 1916
1784289881648 0.12526744604110718 1917
1784289881699 0.2318563312292099 1918
1784289881848 0.16883614659309387 1919
1784289881902 0.10736405104398727 1920
1784289881948 0.1271117627620697 1921
1784289881999 0.14045238494873047 1922
1784289882056 0.08500734716653824 1923
1784289882103 0.13569706678390503 1924
1784289882148 0.08743522316217422 1925
1784289882202 0.07034000754356384 1926
1784289882257 0.0952654704451561 1927
1784289882306 0.03703605383634567 1928
1784289882353 0.12431026995182037 1929
1784289882399 0.0706220269203186 1930
1784289882456 0.04100416973233223 1931
1784289882520 0.23422855138778687 1932
1784289882577 0.11485682427883148 1933
1784289882634 0.13120155036449432 1934
1784289882689 0.09374012053012848 1935
1784289882821 0.10385671257972717 1936
1784289882884 0.11365098506212234 1937
1784289882934 0.04840727895498276 1938
1784289882981 0.04321820288896561 1939
1784289883035 0.09024099260568619 1940
1784289883090 0.05949784815311432 1941
1784289883144 0.14373421669006348 1942
1784289883201 0.1620006263256073 1943
1784289883258 0.0601363331079483 1944
1784289883312 0.12160379439592361 1945
1784289883363 0.13102248311042786 1946
1784289883413 0.07430195063352585 1947
1784289883471 0.12137074768543243 1948
1784289883525 0.04667764902114868 1949
1784289883578 0.18331751227378845 1950
1784289883632 0.14385463297367096 1951
1784289883685 0.11472389101982117 1952
1784289883843 0.15221920609474182 1953
1784289883896 0.13840194046497345 1954
1784289883947 0.08359231799840927 1955
1784289883998 0.04995826259255409 1956
1784289884048 0.12647023797035217 1957
1784289884099 0.27027854323387146 1958
1784289884148 0.09805217385292053 1959
1784289884198 0.07334504276514053 1960
1784289884248 0.09262426942586899 1961
1784289884301 0.0862066000699997 1962
1784289884350 0.09216181933879852 1963
1784289884405 0.08750863373279572 1964
1784289884448 0.12467725574970245 1965
1784289884501 0.16093356907367706 1966
1784289884560 0.10826727002859116 1967
1784289884621 0.11037325859069824 1968
1784289884678 0.08275851607322693 1969
1784289884860 0.17441871762275696 1970
1784289884920 0.13118471205234528 1971
1784289884978 0.107081837952137 1972
1784289885044 0.09316788613796234 1973
1784289885102 0.08977445960044861 1974
1784289885153 0.08251472562551498 1975
1784289885205 0.07271029055118561 1976
1784289885252 0.15881070494651794 1977
1784289885299 0.15180179476737976 1978
1784289885351 0.18589632213115692 1979
1784289885397 0.1199122965335846 1980
1784289885443 0.16143138706684113 1981
1784289885499 0.1275806874036789 1982
1784289885554 0.12690487504005432 1983
1784289885603 0.10684150457382202 1984
1784289885652 0.1589662730693817 1985
1784289885701 0.05732806399464607 1986
1784289885830 0.18008120357990265 1987
1784289885891 0.18494415283203125 1988
1784289885940 0.06491463631391525 1989
1784289885986 0.1175248771905899 1990
1784289886037 0.09787590801715851 1991
1784289886086 0.14806786179542542 1992
1784289886135 0.13483589887619019 1993
1784289886187 0.10372816026210785 1994
1784289886237 0.09021689742803574 1995
1784289886288 0.07916103303432465 1996
1784289886335 0.08853356540203094 1997
1784289886393 0.08555223047733307 1998
1784289886441 0.0711771547794342 1999
1784289886492 0.04910983517765999 2000
1784289886551 0.07664155960083008 2001
1784289886603 0.08861716836690903 2002
1784289886655 0.17693622410297394 2003
1784289886828 0.05193372070789337 2004
1784289886880 0.20554272830486298 2005
1784289886935 0.1543285995721817 2006
1784289886992 0.037716105580329895 2007
1784289887046 0.3685174286365509 2008
1784289887097 0.210531547665596 2009
1784289887161 0.15903712809085846 2010
1784289887223 0.12171683460474014 2011
1784289887277 0.157470241189003 2012
1784289887331 0.11545728147029877 2013
1784289887382 0.1044902428984642 2014
1784289887429 0.16441985964775085 2015
1784289887484 0.1289074420928955 2016
1784289887533 0.11497924476861954 2017
1784289887586 0.1343482881784439 2018
1784289887640 0.17231163382530212 2019
1784289887688 0.14184388518333435 2020
1784289887851 0.07302193343639374 2021
1784289887901 0.20708534121513367 2022
1784289887950 0.1266205608844757 2023
1784289887997 0.16890829801559448 2024
1784289888052 0.11588256806135178 2025
1784289888104 0.14184248447418213 2026
1784289888152 0.1519586443901062 2027
1784289888204 0.13809482753276825 2028
1784289888256 0.07492116093635559 2029
1784289888307 0.14248527586460114 2030
1784289888360 0.1863887906074524 2031
1784289888408 0.16855944693088531 2032
1784289888460 0.22729873657226562 2033
1784289888513 0.16733312606811523 2034
1784289888561 0.1998998373746872 2035
1784289888611 0.2545643746852875 2036
1784289888660 0.1720481514930725 2037
1784289888826 0.06097462773323059 2038
1784289888881 0.11505094170570374 2039
1784289888930 0.18981654942035675 2040
1784289888977 0.2230168730020523 2041
1784289889022 0.12342874705791473 2042
1784289889074 0.12349843233823776 2043
1784289889120 0.07773784548044205 2044
1784289889166 0.075914166867733 2045
1784289889208 0.12140565365552902 2046
1784289889258 0.10243174433708191 2047
1784289889308 0.15099547803401947 2048
1784289889355 0.1763838529586792 2049
1784289889409 0.125098317861557 2050
1784289889467 0.16442248225212097 2051
1784289889523 0.2100752294063568 2052
1784289889574 0.14898681640625 2053
1784289889625 0.18114811182022095 2054
1784289889760 0.2316899597644806 2055
1784289889828 0.21268397569656372 2056
1784289889876 0.20578286051750183 2057
1784289889924 0.3062175512313843 2058
1784289889974 0.11551958322525024 2059
1784289890022 0.14658433198928833 2060
1784289890067 0.1368982195854187 2061
1784289890111 0.20364950597286224 2062
1784289890157 0.2812601327896118 2063
1784289890205 0.20133113861083984 2064
1784289890252 0.2075604498386383 2065
1784289890301 0.1022351011633873 2066
1784289890357 0.15472771227359772 2067
1784289890407 0.13016527891159058 2068
1784289890458 0.19093963503837585 2069
1784289890509 0.12920153141021729 2070
1784289890561 0.14437870681285858 2071
1784289890725 0.15744046866893768 2072
1784289890776 0.09968899190425873 2073
1784289890828 0.3105069398880005 2074
1784289890879 0.12168318033218384 2075
1784289890940 0.20376352965831757 2076
1784289890995 0.20399418473243713 2077
1784289891050 0.1251152753829956 2078
1784289891100 0.1539745032787323 2079
1784289891155 0.22056898474693298 2080
1784289891203 0.17923861742019653 2081
1784289891254 0.22874879837036133 2082
1784289891298 0.32535320520401 2083
1784289891344 0.128684401512146 2084
1784289891395 0.1948920339345932 2085
1784289891442 0.131364643573761 2086
1784289891493 0.20128752291202545 2087
1784289891545 0.1645212322473526 2088
1784289891724 0.2139618992805481 2089
1784289891778 0.14271487295627594 2090
1784289891826 0.22192619740962982 2091
1784289891874 0.28792521357536316 2092
1784289891922 0.16475306451320648 2093
1784289891968 0.13732555508613586 2094
1784289892019 0.17268475890159607 2095
1784289892067 0.18665118515491486 2096
1784289892110 0.10805495828390121 2097
1784289892157 0.2023441195487976 2098
1784289892204 0.19796302914619446 2099
1784289892248 0.29023507237434387 2100
1784289892298 0.2581540644168854 2101
1784289892345 0.3706924021244049 2102
1784289892390 0.11440868675708771 2103
1784289892439 0.31838542222976685 2104
1784289892491 0.2522125840187073 2105
1784289892652 0.1944696307182312 2106
1784289892702 0.17978757619857788 2107
1784289892752 0.24650858342647552 2108
1784289892801 0.1286100596189499 2109
1784289892846 0.23964643478393555 2110
1784289892899 0.13901130855083466 2111
1784289892948 0.3679029941558838 2112
1784289893002 0.11929740756750107 2113
1784289893055 0.1741141974925995 2114
1784289893100 0.11929651349782944 2115
1784289893143 0.1862335503101349 2116
1784289893190 0.1468261480331421 2117
1784289893235 0.1558632105588913 2118
1784289893280 0.35846179723739624 2119
1784289893326 0.19164049625396729 2120
1784289893374 0.11297143250703812 2121
1784289893422 0.29977113008499146 2122
1784289893558 0.16396495699882507 2123
1784289893622 0.24444343149662018 2124
1784289893678 0.36844804883003235 2125
1784289893727 0.22233837842941284 2126
1784289893778 0.2319820374250412 2127
1784289893824 0.19497129321098328 2128
1784289893873 0.2413313090801239 2129
1784289893925 0.20100940763950348 2130
1784289893989 0.20520471036434174 2131
1784289894049 0.3871898651123047 2132
1784289894104 0.1933918297290802 2133
1784289894152 0.16391167044639587 2134
1784289894204 0.21351447701454163 2135
1784289894257 0.3077647089958191 2136
1784289894307 0.28960487246513367 2137
1784289894360 0.2776084542274475 2138
1784289894408 0.2681077718734741 2139
1784289894457 0.27955299615859985 2140
1784289894507 0.24483603239059448 2141
1784289894643 0.17193198204040527 2142
1784289894705 0.22714564204216003 2143
1784289894756 0.19155791401863098 2144
1784289894806 0.24095465242862701 2145
1784289894857 0.33974361419677734 2146
1784289894906 0.2522478997707367 2147
1784289894951 0.5364904403686523 2148
1784289894996 0.3723401725292206 2149
1784289895043 0.16362842917442322 2150
1784289895094 0.16403281688690186 2151
1784289895142 0.3837857246398926 2152
1784289895188 0.2519616484642029 2153
1784289895232 0.3318273425102234 2154
1784289895276 0.17669375240802765 2155
1784289895324 0.187594473361969 2156
1784289895372 0.30205395817756653 2157
1784289895424 0.2707720398902893 2158
1784289895590 0.29458197951316833 2159
1784289895656 0.34613460302352905 2160
1784289895709 0.31117135286331177 2161
1784289895766 0.3155035674571991 2162
1784289895820 0.2796996235847473 2163
1784289895872 0.2903512716293335 2164
1784289895918 0.2783277630805969 2165
1784289895969 0.22702667117118835 2166
1784289896022 0.36441946029663086 2167
1784289896071 0.36777371168136597 2168
1784289896118 0.3308306634426117 2169
1784289896165 0.2925264239311218 2170
1784289896214 0.3155122399330139 2171
1784289896267 0.21411606669425964 2172
1784289896325 0.13907840847969055 2173
1784289896381 0.38120752573013306 2174
1784289896574 0.26575982570648193 2175
1784289896622 0.5063246488571167 2176
1784289896672 0.44302013516426086 2177
1784289896724 0.2490629255771637 2178
1784289896779 0.3275609314441681 2179
1784289896826 0.5519911050796509 2180
1784289896874 0.2842227518558502 2181
1784289896922 0.36286744475364685 2182
1784289896975 0.40592581033706665 2183
1784289897025 0.283454567193985 2184
1784289897079 0.2994137406349182 2185
1784289897137 0.2677033841609955 2186
1784289897190 0.40868330001831055 2187
1784289897246 0.42453572154045105 2188
1784289897290 0.3575955033302307 2189
1784289897338 0.3268582224845886 2190
1784289897395 0.4781271517276764 2191
1784289897568 0.3339243531227112 2192
1784289897623 0.1896238625049591 2193
1784289897674 0.3745536506175995 2194
1784289897718 0.23867973685264587 2195
1784289897771 0.38430580496788025 2196
1784289897823 0.2400769144296646 2197
1784289897878 0.3937858045101166 2198
1784289897928 0.45809367299079895 2199
1784289897988 0.26799896359443665 2200
1784289898035 0.456183522939682 2201
1784289898079 0.4521227478981018 2202
1784289898127 0.3698301315307617 2203
1784289898174 0.38155171275138855 2204
1784289898223 0.3428560197353363 2205
1784289898269 0.3554147779941559 2206
1784289898321 0.4475395679473877 2207
1784289898370 0.34045618772506714 2208
1784289898516 0.31397685408592224 2209
1784289898578 0.4027312695980072 2210
1784289898638 0.4912940263748169 2211
1784289898696 0.3574174642562866 2212
1784289898743 0.41291213035583496 2213
1784289898788 0.606827974319458 2214
1784289898840 0.4079705476760864 2215
1784289898886 0.38111019134521484 2216
1784289898939 0.33064496517181396 2217
1784289898985 0.42949944734573364 2218
1784289899031 0.45658865571022034 2219
1784289899078 0.3431825041770935 2220
1784289899124 0.5257588624954224 2221
1784289899176 0.6236659288406372 2222
1784289899222 0.5498682260513306 2223
1784289899274 0.3997752070426941 2224
1784289899325 0.619189441204071 2225
1784289899395 0.538889467716217 2226
1784289899533 0.3756720721721649 2227
1784289899586 0.46357810497283936 2228
1784289899639 0.3103165626525879 2229
1784289899689 0.525407075881958 2230
1784289899742 0.37779638171195984 2231
1784289899789 0.6045880317687988 2232
1784289899839 0.4018820524215698 2233
1784289899892 0.5686945915222168 2234
1784289899943 0.511204719543457 2235
1784289899988 0.6275854706764221 2236
1784289900040 0.45844361186027527 2237
1784289900090 0.5805165767669678 2238
1784289900142 0.6021559238433838 2239
1784289900192 0.3721759617328644 2240
1784289900255 0.49080976843833923 2241
1784289900305 0.43807053565979004 2242
1784289900356 0.7822721004486084 2243
1784289900514 0.6350666284561157 2244
1784289900572 0.630618691444397 2245
1784289900622 0.5453113317489624 2246
1784289900666 0.4270043969154358 2247
1784289900712 0.7519791126251221 2248
1784289900759 0.5322062373161316 2249
1784289900812 0.3920699954032898 2250
1784289900870 0.7824826240539551 2251
1784289900928 0.6466313600540161 2252
1784289900983 0.4382404685020447 2253
1784289901035 0.6425257325172424 2254
1784289901082 0.5795885920524597 2255
1784289901130 0.8771746754646301 2256
1784289901178 0.4475121796131134 2257
1784289901228 0.7371142506599426 2258
1784289901275 0.5556905269622803 2259
1784289901329 0.5646735429763794 2260
1784289901430 0.7286739349365234 2261
1784289901523 0.43770551681518555 2262
1784289901575 0.5628594160079956 2263
1784289901628 0.5585518479347229 2264
1784289901673 1.0659263134002686 2265
1784289901726 0.6885837316513062 2266
1784289901781 0.5204911231994629 2267
1784289901835 0.6931886672973633 2268
1784289901883 0.3843975067138672 2269
1784289901933 0.48992401361465454 2270
1784289901977 0.7059721350669861 2271
1784289902025 0.6977189779281616 2272
1784289902076 0.5486640930175781 2273
1784289902121 0.611768901348114 2274
1784289902173 0.8509466052055359 2275
1784289902219 0.5919812321662903 2276
1784289902268 0.5059120655059814 2277
1784289902316 0.5882785320281982 2278
1784289902370 0.7263084650039673 2279
1784289902416 0.6722567081451416 2280
1784289902465 0.39803600311279297 2281
1784289902515 0.7071329355239868 2282
1784289902558 0.7374933958053589 2283
1784289902601 0.5153605341911316 2284
1784289902653 0.6813876628875732 2285
1784289902702 0.7541602849960327 2286
1784289902753 0.3719017505645752 2287
1784289902798 0.7406153082847595 2288
1784289902842 0.4411327838897705 2289
1784289902889 0.5220353007316589 2290
1784289902937 0.6592069268226624 2291
1784289902982 0.7714310884475708 2292
1784289903029 0.7716530561447144 2293
1784289903196 0.8269935846328735 2294
1784289903253 0.7642538547515869 2295
1784289903306 1.0548672676086426 2296
1784289903355 0.8652446866035461 2297
1784289903404 0.7693848013877869 2298
1784289903455 0.7359340190887451 2299
1784289903502 0.5228629112243652 2300
1784289903560 0.5250511765480042 2301
1784289903614 0.48299044370651245 2302
1784289903660 0.6386637687683105 2303
1784289903707 0.8531883955001831 2304
1784289903756 0.47311604022979736 2305
1784289903801 0.6565917134284973 2306
1784289903851 0.5833954215049744 2307
1784289903898 0.9036855101585388 2308
1784289903944 0.8076106309890747 2309
1784289903991 0.6557136178016663 2310
1784289904060 0.6871249079704285 2311
1784289904187 0.8429840803146362 2312
1784289904236 0.5612640380859375 2313
1784289904284 0.5855671167373657 2314
1784289904331 0.6745091676712036 2315
1784289904381 0.843209981918335 2316
1784289904426 0.8083253502845764 2317
1784289904474 0.6857327818870544 2318
1784289904527 0.8650347590446472 2319
1784289904586 0.509719729423523 2320
1784289904635 0.7797847390174866 2321
1784289904683 0.6031283140182495 2322
1784289904740 0.7293270826339722 2323
1784289904789 0.549275279045105 2324
1784289904838 0.5925412178039551 2325
1784289904884 0.5377292633056641 2326
1784289904936 0.6848947405815125 2327
1784289904989 0.5973480939865112 2328
1784289905093 0.5973880887031555 2329
1784289905188 0.6923580169677734 2330
1784289905239 0.7373425364494324 2331
1784289905289 0.5089423060417175 2332
1784289905341 0.5169191360473633 2333
1784289905386 0.6404427289962769 2334
1784289905446 0.4769894778728485 2335
1784289905506 0.6205335259437561 2336
1784289905571 0.5774022340774536 2337
1784289905626 0.644254744052887 2338
1784289905680 0.577134370803833 2339
1784289905731 0.6561979651451111 2340
1784289905780 0.5039226412773132 2341
1784289905830 0.6856817007064819 2342
1784289905880 0.6244156360626221 2343
1784289905931 0.5339186191558838 2344
1784289905977 0.7208927869796753 2345
1784289906023 0.6520528197288513 2346
1784289906160 0.8083261251449585 2347
1784289906228 0.7742201089859009 2348
1784289906282 0.7252273559570312 2349
1784289906330 0.4660598635673523 2350
1784289906380 0.7086657881736755 2351
1784289906428 0.552263617515564 2352
1784289906478 0.6377593278884888 2353
1784289906530 0.5968770980834961 2354
1784289906574 0.5406562685966492 2355
1784289906621 0.6625922918319702 2356
1784289906678 0.6930056810379028 2357
1784289906727 0.6277827024459839 2358
1784289906774 0.5247187614440918 2359
1784289906825 0.5198080539703369 2360
1784289906876 0.6363527774810791 2361
1784289906922 0.610465943813324 2362
1784289906974 0.48200473189353943 2363
1784289907109 0.6047807335853577 2364
1784289907174 0.8172146677970886 2365
1784289907222 0.623647928237915 2366
1784289907269 0.6075614094734192 2367
1784289907320 0.7672038078308105 2368
1784289907370 0.5843263268470764 2369
1784289907421 0.4884863495826721 2370
1784289907472 0.4838389754295349 2371
1784289907525 0.512356162071228 2372
1784289907573 0.6079165935516357 2373
1784289907618 0.4692276120185852 2374
1784289907672 0.513835072517395 2375
1784289907728 0.3999388515949249 2376
1784289907791 0.7083985805511475 2377
1784289907842 0.8068628311157227 2378
1784289907885 0.5454022884368896 2379
1784289907934 0.6137537956237793 2380
1784289908099 0.5088859796524048 2381
1784289908154 0.7214220762252808 2382
1784289908207 0.44211316108703613 2383
1784289908265 0.6061834096908569 2384
1784289908321 0.6042321920394897 2385
1784289908373 0.539476752281189 2386
1784289908425 0.5779755115509033 2387
1784289908475 0.5925296545028687 2388
1784289908531 0.7488244771957397 2389
1784289908590 0.568362295627594 2390
1784289908642 0.6216511130332947 2391
1784289908690 0.5284551978111267 2392
1784289908738 0.44041210412979126 2393
1784289908784 0.6148635149002075 2394
1784289908840 0.5237284898757935 2395
1784289908889 0.7089786529541016 2396
1784289908935 0.8432148098945618 2397
1784289909075 0.6422048807144165 2398
1784289909138 0.739102840423584 2399
1784289909188 0.6911858320236206 2400
1784289909232 0.6422027945518494 2401
1784289909278 0.6405013799667358 2402
1784289909326 0.7175264358520508 2403
1784289909380 0.6198121905326843 2404
1784289909429 0.6797502636909485 2405
1784289909480 0.5881339311599731 2406
1784289909534 0.5936130285263062 2407
1784289909586 0.6364188194274902 2408
1784289909633 0.7443360090255737 2409
1784289909685 0.6833983659744263 2410
1784289909732 0.758855938911438 2411
1784289909776 0.8861289024353027 2412
1784289909829 0.7793624401092529 2413
1784289909874 0.6896036863327026 2414
1784289910041 0.6772125363349915 2415
1784289910099 0.6233510971069336 2416
1784289910157 0.7282987833023071 2417
1784289910203 0.8757510185241699 2418
1784289910254 0.6971197128295898 2419
1784289910302 0.6198559403419495 2420
1784289910350 0.7011246681213379 2421
1784289910401 0.6693794131278992 2422
1784289910453 0.6515203714370728 2423
1784289910503 0.6958059072494507 2424
1784289910556 0.8232513070106506 2425
1784289910605 0.6672593951225281 2426
1784289910651 0.9119319319725037 2427
1784289910719 0.8273650407791138 2428
1784289910767 0.7807521224021912 2429
1784289910815 0.6645615100860596 2430
1784289910861 0.900407075881958 2431
1784289911028 0.7614470720291138 2432
1784289911076 0.6194398403167725 2433
1784289911123 0.8659902811050415 2434
1784289911177 0.8356367349624634 2435
1784289911228 0.8238669633865356 2436
1784289911277 0.9024802446365356 2437
1784289911334 0.7144532799720764 2438
1784289911387 0.8314555883407593 2439
1784289911437 0.7743973731994629 2440
1784289911492 0.8868064284324646 2441
1784289911546 0.8078713417053223 2442
1784289911599 0.8603398203849792 2443
1784289911649 0.7874636650085449 2444
1784289911705 0.9265453219413757 2445
1784289911756 0.7744402885437012 2446
1784289911804 0.7224290370941162 2447
1784289911855 0.9382117390632629 2448
1784289911931 0.8152661323547363 2449
1784289912066 0.9473283290863037 2450
1784289912119 0.7835445404052734 2451
1784289912167 0.8353952765464783 2452
1784289912215 0.8213562369346619 2453
1784289912265 0.8809165358543396 2454
1784289912318 0.7748173475265503 2455
1784289912372 0.7098104953765869 2456
1784289912426 0.7093316316604614 2457
1784289912471 0.8028451204299927 2458
1784289912537 0.8763944506645203 2459
1784289912590 0.6507387161254883 2460
1784289912639 0.7827547788619995 2461
1784289912690 0.9954330325126648 2462
1784289912740 0.8274881839752197 2463
1784289912787 0.8428513407707214 2464
1784289912834 0.9721243381500244 2465
1784289912880 0.6736847758293152 2466
1784289912948 0.7047288417816162 2467
1784289913091 0.8835120797157288 2468
1784289913140 0.9576706886291504 2469
1784289913190 0.8214948177337646 2470
1784289913239 0.7514985799789429 2471
1784289913289 0.7938633561134338 2472
1784289913338 0.7219012975692749 2473
1784289913385 0.8846646547317505 2474
1784289913432 0.7309579849243164 2475
1784289913480 0.9177554845809937 2476
1784289913532 0.7149511575698853 2477
1784289913581 0.8276894688606262 2478
1784289913630 0.7106619477272034 2479
1784289913676 0.8866220712661743 2480
1784289913721 0.7593464851379395 2481
1784289913773 0.738699197769165 2482
1784289913825 0.8632478713989258 2483
1784289913870 0.806470513343811 2484
1784289913936 0.6885141134262085 2485
1784289914068 0.9100459218025208 2486
1784289914121 0.7546876072883606 2487
1784289914169 0.7723936438560486 2488
1784289914218 0.9189441204071045 2489
1784289914266 0.9066574573516846 2490
1784289914313 0.7788612842559814 2491
1784289914364 0.8684159517288208 2492
1784289914422 0.8379567861557007 2493
1784289914474 0.8258577585220337 2494
1784289914529 0.9130734205245972 2495
1784289914587 0.8295488357543945 2496
1784289914645 0.7984795570373535 2497
1784289914699 0.813196063041687 2498
1784289914751 0.648801326751709 2499
1784289914802 0.8133875131607056 2500
1784289914853 0.8596503734588623 2501
1784289914906 0.9178802967071533 2502
1784289915058 0.8239606618881226 2503
1784289915114 0.9330753087997437 2504
1784289915155 0.8720958232879639 2505
1784289915203 0.7926932573318481 2506
1784289915253 0.7141526937484741 2507
1784289915304 0.7213642597198486 2508
1784289915350 0.7856779098510742 2509
1784289915400 0.898248553276062 2510
1784289915446 0.7062748670578003 2511
1784289915495 1.0151264667510986 2512
1784289915542 0.8445488810539246 2513
1784289915590 0.7090598940849304 2514
1784289915633 0.631492018699646 2515
1784289915682 0.9446605443954468 2516
1784289915728 0.8299204111099243 2517
1784289915779 0.7782092094421387 2518
1784289915824 0.8588452339172363 2519
1784289915960 0.7918738722801208 2520
1784289916022 0.7615622878074646 2521
1784289916072 0.9040842652320862 2522
1784289916121 0.7463010549545288 2523
1784289916169 0.7257652878761292 2524
1784289916216 0.6187282800674438 2525
1784289916265 0.6978939771652222 2526
1784289916309 0.6553934812545776 2527
1784289916356 0.8062360286712646 2528
1784289916402 0.7628554105758667 2529
1784289916454 0.6777366995811462 2530
1784289916504 0.6891694068908691 2531
1784289916554 0.7908207178115845 2532
1784289916603 0.5439571142196655 2533
1784289916651 0.8091189861297607 2534
1784289916704 0.6687586903572083 2535
1784289916756 0.6314312815666199 2536
1784289916908 0.5571426153182983 2537
1784289916974 0.5704171657562256 2538
1784289917033 0.5852689146995544 2539
1784289917081 0.7037116289138794 2540
1784289917126 0.5744594931602478 2541
1784289917173 0.7116928100585938 2542
1784289917221 0.5824762582778931 2543
1784289917272 0.546774685382843 2544
1784289917323 0.6251492500305176 2545
1784289917371 0.5971987247467041 2546
1784289917419 0.4738656282424927 2547
1784289917468 0.6416299939155579 2548
1784289917516 0.5558497905731201 2549
1784289917571 0.6973115801811218 2550
1784289917622 0.7116913199424744 2551
1784289917676 0.5871599316596985 2552
1784289917729 0.6682015657424927 2553
1784289917877 0.5708485245704651 2554
1784289917948 0.4903319478034973 2555
1784289917996 0.5036624670028687 2556
1784289918046 0.5907413959503174 2557
1784289918102 0.48057490587234497 2558
1784289918156 0.6145119667053223 2559
1784289918205 0.5617078542709351 2560
1784289918257 0.5559952259063721 2561
1784289918314 0.5507760047912598 2562
1784289918367 0.48921406269073486 2563
1784289918420 0.595364511013031 2564
1784289918465 0.5387884378433228 2565
1784289918516 0.6495518088340759 2566
1784289918570 0.6790653467178345 2567
1784289918615 0.7240722179412842 2568
1784289918664 0.6894772052764893 2569
1784289918708 0.4688941538333893 2570
1784289918844 0.6633186340332031 2571
1784289918905 0.6111614108085632 2572
1784289918956 0.5836089253425598 2573
1784289919006 0.6516390442848206 2574
1784289919056 0.5152316689491272 2575
1784289919102 0.6282509565353394 2576
1784289919157 0.6655337810516357 2577
1784289919216 0.7010732889175415 2578
1784289919273 0.6921142339706421 2579
1784289919322 0.7231882810592651 2580
1784289919370 0.7175085544586182 2581
1784289919423 0.7183902263641357 2582
1784289919474 0.7857308983802795 2583
1784289919526 0.9119527339935303 2584
1784289919573 0.809112548828125 2585
1784289919621 0.6390247344970703 2586
1784289919669 0.6802743077278137 2587
1784289919801 0.7835985422134399 2588
1784289919859 0.7308810353279114 2589
1784289919909 0.664248526096344 2590
1784289919964 0.8676426410675049 2591
1784289920013 0.8493903279304504 2592
1784289920059 0.647282600402832 2593
1784289920106 0.864938497543335 2594
1784289920151 0.6666238307952881 2595
1784289920197 0.7560573816299438 2596
1784289920242 0.8695746064186096 2597
1784289920291 0.7020058631896973 2598
1784289920338 0.8772123456001282 2599
1784289920386 0.7245172262191772 2600
1784289920436 0.73530113697052 2601
1784289920484 0.7409424781799316 2602
1784289920537 0.7932865619659424 2603
1784289920585 0.7982485890388489 2604
1784289920741 0.6998224854469299 2605
1784289920791 0.7781192064285278 2606
1784289920839 0.8327912092208862 2607
1784289920885 0.8187465667724609 2608
1784289920935 0.8245337009429932 2609
1784289920988 0.8611105680465698 2610
1784289921034 0.8731462359428406 2611
1784289921083 0.9052038192749023 2612
1784289921135 0.9815572500228882 2613
1784289921184 0.8241737484931946 2614
1784289921231 0.8629353046417236 2615
1784289921279 0.967323899269104 2616
1784289921332 0.9090545773506165 2617
1784289921380 0.9127774238586426 2618
1784289921434 1.0078043937683105 2619
1784289921499 0.887196958065033 2620
1784289921553 0.8078986406326294 2621
1784289921716 0.9573309421539307 2622
1784289921768 1.0140502452850342 2623
1784289921817 0.9060850739479065 2624
1784289921867 0.8385437726974487 2625
1784289921917 0.8638638257980347 2626
1784289921965 0.8970960974693298 2627
1784289922009 0.7854626774787903 2628
1784289922055 0.7900967597961426 2629
1784289922104 0.9811052083969116 2630
1784289922155 0.920761227607727 2631
1784289922202 0.7537326812744141 2632
1784289922251 0.6532772779464722 2633
1784289922301 0.7186463475227356 2634
1784289922343 0.7860440015792847 2635
1784289922389 0.6940131187438965 2636
1784289922436 0.6226988434791565 2637
1784289922486 0.8100601434707642 2638
1784289922618 0.6541359424591064 2639
1784289922678 0.6029703617095947 2640
1784289922724 0.701941967010498 2641
1784289922773 0.6179643869400024 2642
1784289922823 0.5603607296943665 2643
1784289922867 0.7628676891326904 2644
1784289922917 0.4824029207229614 2645
1784289922964 0.545779824256897 2646
1784289923008 0.5760532021522522 2647
1784289923054 0.6466740369796753 2648
1784289923104 0.5232665538787842 2649
1784289923153 0.600637674331665 2650
1784289923202 0.5504642128944397 2651
1784289923247 0.5853232741355896 2652
1784289923294 0.5261074304580688 2653
1784289923340 0.5848034620285034 2654
1784289923395 0.562065601348877 2655
1784289923516 0.652983546257019 2656
1784289923574 0.552651584148407 2657
1784289923639 0.5357687473297119 2658
1784289923687 0.5004922151565552 2659
1784289923747 0.7331618070602417 2660
1784289923803 0.718867301940918 2661
1784289923863 0.4850085973739624 2662
1784289923910 0.6033934950828552 2663
1784289923965 0.6175498962402344 2664
1784289924016 0.5458173155784607 2665
1784289924067 0.5860106945037842 2666
1784289924120 0.590938925743103 2667
1784289924170 0.6866008043289185 2668
1784289924218 0.526958703994751 2669
1784289924269 0.5268908143043518 2670
1784289924319 0.5685086250305176 2671
1784289924370 0.6106454730033875 2672
1784289924415 0.768431544303894 2673
1784289924576 0.6565338373184204 2674
1784289924629 0.6402696371078491 2675
1784289924685 0.6077953577041626 2676
1784289924731 0.6410281658172607 2677
1784289924778 0.6586809158325195 2678
1784289924828 0.7125294804573059 2679
1784289924872 0.6917243003845215 2680
1784289924917 0.5567750930786133 2681
1784289924963 0.6556103825569153 2682
1784289925015 0.8685536980628967 2683
1784289925064 0.6804100275039673 2684
1784289925114 0.6428645253181458 2685
1784289925163 0.8292989730834961 2686
1784289925210 0.7533389329910278 2687
1784289925259 0.6117668747901917 2688
1784289925304 0.73090660572052 2689
1784289925353 0.5886121988296509 2690
1784289925402 0.7799893617630005 2691
1784289925547 0.6378052234649658 2692
1784289925603 0.7681460380554199 2693
1784289925655 0.8343502283096313 2694
1784289925708 0.7699176073074341 2695
1784289925757 0.7989411354064941 2696
1784289925802 0.8112826347351074 2697
1784289925851 0.7746447324752808 2698
1784289925899 0.8181544542312622 2699
1784289925944 0.7866439819335938 2700
1784289925995 0.7209534645080566 2701
1784289926049 0.8190688490867615 2702
1784289926107 1.0538934469223022 2703
1784289926156 0.9934457540512085 2704
1784289926209 0.7968713045120239 2705
1784289926259 1.057218313217163 2706
1784289926305 1.1852755546569824 2707
1784289926350 1.074920415878296 2708
1784289926517 1.3604719638824463 2709
1784289926568 1.172788143157959 2710
1784289926620 1.2449458837509155 2711
1784289926673 1.0205280780792236 2712
1784289926720 1.1961712837219238 2713
1784289926769 1.2310467958450317 2714
1784289926821 1.580111026763916 2715
1784289926869 1.5696394443511963 2716
1784289926924 1.6552112102508545 2717
1784289926973 1.4748358726501465 2718
1784289927034 1.6522048711776733 2719
1784289927083 1.6916452646255493 2720
1784289927131 2.2941226959228516 2721
1784289927183 1.9627772569656372 2722
1784289927237 1.7557748556137085 2723
1784289927293 2.1562328338623047 2724
1784289927343 1.923694133758545 2725
1784289927482 1.9770452976226807 2726
1784289927545 1.7204070091247559 2727
1784289927597 1.7724651098251343 2728
1784289927646 2.2527036666870117 2729
1784289927690 1.9649477005004883 2730
1784289927744 1.8216352462768555 2731
1784289927793 1.9390230178833008 2732
1784289927837 1.9772953987121582 2733
1784289927887 1.753171682357788 2734
1784289927943 1.822458028793335 2735
1784289927986 1.8867213726043701 2736
1784289928036 1.8018245697021484 2737
1784289928088 1.647001028060913 2738
1784289928134 1.8088696002960205 2739
1784289928183 1.6414663791656494 2740
1784289928234 1.6493217945098877 2741
1784289928286 1.316061019897461 2742
1784289928463 1.2563694715499878 2743
1784289928519 1.3817400932312012 2744
1784289928573 1.175964117050171 2745
1784289928619 1.296409010887146 2746
1784289928666 1.2640528678894043 2747
1784289928716 1.1888681650161743 2748
1784289928762 1.0034019947052002 2749
1784289928809 0.9923397898674011 2750
1784289928858 1.0471738576889038 2751
1784289928905 1.1785541772842407 2752
1784289928951 1.1844770908355713 2753
1784289928998 0.8859703540802002 2754
1784289929044 0.9919842481613159 2755
1784289929089 0.9732899069786072 2756
1784289929136 0.9409826993942261 2757
1784289929182 0.7678828835487366 2758
1784289929231 0.8422592878341675 2759
1784289929363 0.7581549882888794 2760
1784289929432 0.7475693225860596 2761
1784289929482 0.6513041853904724 2762
1784289929533 0.758465051651001 2763
1784289929583 0.6579486131668091 2764
1784289929631 0.8415559530258179 2765
1784289929682 0.6580498218536377 2766
1784289929729 0.7145029306411743 2767
1784289929774 0.7564566731452942 2768
1784289929827 0.7432500123977661 2769
1784289929874 0.6186380386352539 2770
1784289929923 0.5005184412002563 2771
1784289929966 0.4646399915218353 2772
1784289930014 0.49079659581184387 2773
1784289930060 0.5577940940856934 2774
1784289930109 0.5016576647758484 2775
1784289930155 0.48381778597831726 2776
1784289930322 0.5258188247680664 2777
1784289930374 0.4033016264438629 2778
1784289930431 0.46613025665283203 2779
1784289930487 0.531517505645752 2780
1784289930540 0.4893520176410675 2781
1784289930593 0.41517314314842224 2782
1784289930647 0.4676963686943054 2783
1784289930705 0.4954219162464142 2784
1784289930763 0.4995613992214203 2785
1784289930809 0.45864439010620117 2786
1784289930852 0.3733270764350891 2787
1784289930905 0.3748658001422882 2788
1784289930960 0.5664199590682983 2789
1784289931003 0.4644770622253418 2790
1784289931051 0.29782867431640625 2791
1784289931098 0.5874108672142029 2792
1784289931145 0.42757558822631836 2793
1784289931309 0.4181693196296692 2794
1784289931357 0.3457314968109131 2795
1784289931408 0.44317013025283813 2796
1784289931458 0.3605138063430786 2797
1784289931510 0.42628487944602966 2798
1784289931559 0.35870057344436646 2799
1784289931614 0.4172418713569641 2800
1784289931657 0.3950197696685791 2801
1784289931705 0.4435053765773773 2802
1784289931752 0.4687252640724182 2803
1784289931797 0.45787715911865234 2804
1784289931842 0.30106163024902344 2805
1784289931887 0.5198521614074707 2806
1784289931936 0.38220688700675964 2807
1784289931987 0.3014862537384033 2808
1784289932033 0.42751550674438477 2809
1784289932082 0.38139715790748596 2810
