1784237837810 2.3110063076019287 0
1784237837826 2.3477210998535156 1
1784237837839 2.281691551208496 2
1784237837854 2.196983575820923 3
1784237837867 2.178741931915283 4
1784237837879 2.0910394191741943 5
1784237837892 2.1479852199554443 6
1784237837905 2.1131138801574707 7
1784237837917 1.9823143482208252 8
1784237837933 1.9880506992340088 9
1784237837950 1.8947504758834839 10
1784237837966 1.8023310899734497 11
1784237837983 1.8481745719909668 12
1784237838002 1.7233903408050537 13
1784237838014 1.7115771770477295 14
1784237838032 1.6559406518936157 15
1784237838047 1.6577274799346924 16
1784237838060 1.6134464740753174 17
1784237838073 1.5400396585464478 18
1784237838087 1.4492151737213135 19
1784237838101 1.4117896556854248 20
1784237838114 1.4648207426071167 21
1784237838129 1.3438446521759033 22
1784237838144 1.3389636278152466 23
1784237838161 1.2903146743774414 24
1784237838176 1.189437985420227 25
1784237838192 1.1738721132278442 26
1784237838207 0.9054478406906128 27
1784237838222 0.8604425191879272 28
1784237838236 0.8874967098236084 29
1784237838249 1.0435055494308472 30
1784237838265 1.126041054725647 31
1784237838282 0.9063275456428528 32
1784237838298 1.0760172605514526 33
1784237838313 0.8741331696510315 34
1784237838327 1.137782335281372 35
1784237838342 0.74302738904953 36
1784237838360 0.8744683861732483 37
1784237838374 0.7754101753234863 38
1784237838389 0.9096075296401978 39
1784237838405 1.023468017578125 40
1784237838420 1.0082480907440186 41
1784237838435 0.9119181632995605 42
1784237838449 0.8312953114509583 43
1784237838463 0.9498202204704285 44
1784237838477 0.8244659304618835 45
1784237838494 0.7832711338996887 46
1784237838510 0.6561103463172913 47
1784237838526 0.8402285575866699 48
1784237838542 0.489438533782959 49
1784237838558 0.5134223699569702 50
1784237838574 0.750149130821228 51
1784237838589 0.5183092355728149 52
1784237838604 0.5410536527633667 53
1784237838617 0.751353919506073 54
1784237838629 0.47693049907684326 55
1784237838642 0.7049612998962402 56
1784237838656 0.6083438992500305 57
1784237838671 0.5443737506866455 58
1784237838688 0.6264601945877075 59
1784237838703 0.4073145091533661 60
1784237838716 0.4678429365158081 61
1784237838728 0.8663024306297302 62
1784237838743 0.7822584509849548 63
1784237838756 0.646285891532898 64
1784237838772 0.4860091209411621 65
1784237838787 0.5518829226493835 66
1784237838803 0.7791197896003723 67
1784237838818 0.5925023555755615 68
1784237838833 0.4969455897808075 69
1784237838846 0.5552180409431458 70
1784237838862 0.46703845262527466 71
1784237838877 0.5047435760498047 72
1784237838892 0.4745323956012726 73
1784237838907 0.33345237374305725 74
1784237838922 0.3594738245010376 75
1784237838936 0.580438494682312 76
1784237838951 0.5582765340805054 77
1784237838966 0.5453166365623474 78
1784237838981 0.645810067653656 79
1784237838998 0.7896199822425842 80
1784237839014 0.4084338843822479 81
1784237839027 0.42422205209732056 82
1784237839041 0.9413167834281921 83
1784237839054 0.4206576347351074 84
1784237839070 0.5093129277229309 85
1784237839085 0.3646600544452667 86
1784237839102 0.7391011714935303 87
1784237839116 0.6775628328323364 88
1784237839130 0.7577484846115112 89
1784237839145 0.4595475196838379 90
1784237839160 0.5802779793739319 91
1784237839175 0.43090584874153137 92
1784237839191 0.5058954954147339 93
1784237839207 0.4300035834312439 94
1784237839222 0.5129601955413818 95
1784237839238 0.60837721824646 96
1784237839254 0.5602228045463562 97
1784237839269 0.678678035736084 98
1784237839286 0.4598715007305145 99
1784237839300 0.5828716158866882 100
1784237839316 0.5391470789909363 101
1784237839331 0.37631353735923767 102
1784237839346 0.5309160947799683 103
1784237839361 0.6520215272903442 104
1784237839376 0.5135098695755005 105
1784237839392 0.6234118938446045 106
1784237839407 0.40959933400154114 107
1784237839422 0.48256704211235046 108
1784237839438 0.46332788467407227 109
1784237839454 0.9056314826011658 110
1784237839469 0.6763255000114441 111
1784237839484 0.29883214831352234 112
1784237839500 0.45767006278038025 113
1784237839522 0.5720832943916321 114
1784237839537 0.4256299138069153 115
1784237839552 0.5387648344039917 116
1784237839568 0.664113461971283 117
1784237839583 0.6342682242393494 118
1784237839599 0.42473459243774414 119
1784237839614 0.7921757698059082 120
1784237839629 0.510333776473999 121
1784237839643 0.6497902274131775 122
1784237839660 0.21156294643878937 123
1784237839676 0.3118318021297455 124
1784237839691 0.6520590782165527 125
1784237839705 0.4767843782901764 126
1784237839718 0.40656578540802 127
1784237839733 0.27857741713523865 128
1784237839750 0.3737587332725525 129
1784237839767 0.4935486316680908 130
1784237839782 0.2165239304304123 131
1784237839798 0.2919556796550751 132
1784237839815 0.4849778413772583 133
1784237839831 0.421966552734375 134
1784237839846 0.27180299162864685 135
1784237839862 0.5348287224769592 136
1784237839879 0.5350860953330994 137
1784237839896 0.2677288353443146 138
1784237839915 0.3889816105365753 139
1784237839933 0.4000236988067627 140
1784237839950 0.2216670960187912 141
1784237839968 0.8411328792572021 142
1784237839984 0.36077773571014404 143
1784237840002 0.2811126708984375 144
1784237840020 0.5202019214630127 145
1784237840036 0.4126478433609009 146
1784237840053 0.5265534520149231 147
1784237840070 0.308824360370636 148
1784237840086 0.5571179986000061 149
1784237840104 0.526253342628479 150
1784237840121 0.5211133360862732 151
1784237840137 0.4035228490829468 152
1784237840154 0.4621508717536926 153
1784237840172 0.761867105960846 154
1784237840191 0.5801506042480469 155
1784237840212 0.35905152559280396 156
1784237840229 0.7439770698547363 157
1784237840251 0.514083981513977 158
1784237840269 0.346062034368515 159
1784237840288 0.5109379887580872 160
1784237840305 0.5194844603538513 161
1784237840321 0.8760772943496704 162
1784237840337 0.5678778290748596 163
1784237840355 0.5240074992179871 164
1784237840370 0.7602179646492004 165
1784237840386 0.9258960485458374 166
1784237840400 0.41435039043426514 167
1784237840416 0.6023865938186646 168
1784237840431 0.5351485013961792 169
1784237840447 0.5274608731269836 170
1784237840462 0.639359176158905 171
1784237840478 0.37324514985084534 172
1784237840495 0.5292448997497559 173
1784237840511 0.46210575103759766 174
1784237840525 0.2310841828584671 175
1784237840540 0.24340508878231049 176
1784237840556 0.39690083265304565 177
1784237840571 0.6934818625450134 178
1784237840587 0.6120456457138062 179
1784237840602 0.8112089037895203 180
1784237840617 0.3629288077354431 181
1784237840631 0.23887906968593597 182
1784237840646 0.5839144587516785 183
1784237840660 0.2283008098602295 184
1784237840676 0.4245160222053528 185
1784237840691 0.336207777261734 186
1784237840705 0.4196503460407257 187
1784237840722 0.317198246717453 188
1784237840737 0.32429778575897217 189
1784237840752 0.5360108613967896 190
1784237840768 0.47239404916763306 191
1784237840783 0.34839123487472534 192
1784237840798 0.15276286005973816 193
1784237840814 0.40683096647262573 194
1784237840828 0.5436408519744873 195
1784237840843 0.39612582325935364 196
1784237840857 0.4707738757133484 197
1784237840872 0.23352473974227905 198
1784237840888 0.3581899106502533 199
1784237840905 0.22715289890766144 200
1784237840919 0.3060756027698517 201
1784237840935 0.26822975277900696 202
1784237840950 0.5632157325744629 203
1784237840963 0.426281213760376 204
1784237840979 0.44675174355506897 205
1784237840995 0.41401565074920654 206
1784237841011 0.3135431706905365 207
1784237841026 0.31736159324645996 208
1784237841041 0.5930604934692383 209
1784237841056 0.3099406659603119 210
1784237841069 0.7940443754196167 211
1784237841084 0.5982112288475037 212
1784237841096 0.45540574193000793 213
1784237841112 0.16146841645240784 214
1784237841127 0.36730533838272095 215
1784237841142 0.5635946393013 216
1784237841157 0.20151177048683167 217
1784237841173 0.510756254196167 218
1784237841188 0.3746281862258911 219
1784237841204 0.5223260521888733 220
1784237841219 0.3997476398944855 221
1784237841235 0.545329749584198 222
1784237841250 0.7524697780609131 223
1784237841266 0.3849761486053467 224
1784237841283 0.6475064754486084 225
1784237841299 0.28319230675697327 226
1784237841315 0.7475269436836243 227
1784237841330 0.29213497042655945 228
1784237841346 0.5032115578651428 229
1784237841361 0.4056087136268616 230
1784237841375 0.37063726782798767 231
1784237841392 0.22225581109523773 232
1784237841408 0.3842434883117676 233
1784237841423 0.1917056441307068 234
1784237841438 0.5332476496696472 235
1784237841454 0.33143872022628784 236
1784237841469 0.498064249753952 237
1784237841484 0.28803369402885437 238
1784237841515 0.37999969720840454 239
1784237841531 0.20107433199882507 240
1784237841546 0.3509054481983185 241
1784237841561 0.17680047452449799 242
1784237841576 0.32323747873306274 243
1784237841591 0.6051238179206848 244
1784237841608 0.30013152956962585 245
1784237841622 0.4514748752117157 246
1784237841637 0.3738648295402527 247
1784237841653 0.4085553288459778 248
1784237841668 1.0034664869308472 249
1784237841682 0.4080674350261688 250
1784237841695 0.16502581536769867 251
1784237841710 0.19157417118549347 252
1784237841725 0.45648065209388733 253
1784237841741 0.39887893199920654 254
1784237841755 0.23437948524951935 255
1784237841772 0.31955963373184204 256
1784237841796 0.13044488430023193 257
1784237841813 0.2952688932418823 258
1784237841832 0.1313748061656952 259
1784237841849 0.8493720293045044 260
1784237841865 0.2717784345149994 261
1784237841882 0.42593783140182495 262
1784237841899 0.20546752214431763 263
1784237841914 0.4203996956348419 264
1784237841928 0.7189072966575623 265
1784237841945 0.6625601649284363 266
1784237841962 0.14882899820804596 267
1784237841978 0.4281247854232788 268
1784237841994 0.27451980113983154 269
1784237842010 0.2708446979522705 270
1784237842026 0.15187256038188934 271
1784237842045 0.40095412731170654 272
1784237842065 0.24140504002571106 273
1784237842084 0.15868979692459106 274
1784237842101 0.18864750862121582 275
1784237842117 0.2723097801208496 276
1784237842134 1.0032416582107544 277
1784237842152 0.2248067408800125 278
1784237842170 0.2736625671386719 279
1784237842186 0.23458412289619446 280
1784237842202 0.5252476334571838 281
1784237842219 0.261763334274292 282
1784237842237 0.38370904326438904 283
1784237842253 0.2640804946422577 284
1784237842268 0.4272684156894684 285
1784237842286 0.678095817565918 286
1784237842304 0.534005880355835 287
1784237842320 0.6820558905601501 288
1784237842336 0.5754342079162598 289
1784237842353 0.29613956809043884 290
1784237842369 0.2756448984146118 291
1784237842385 0.3451786935329437 292
1784237842402 0.38478636741638184 293
1784237842420 0.36318185925483704 294
1784237842438 0.20487825572490692 295
1784237842455 0.5884450078010559 296
1784237842472 0.30347734689712524 297
1784237842488 0.3697114586830139 298
1784237842505 0.08269781619310379 299
1784237842518 0.1997031420469284 300
1784237842531 0.2733723223209381 301
1784237842551 0.25484970211982727 302
1784237842567 0.2921964228153229 303
1784237842583 0.4031793177127838 304
1784237842596 0.2235044240951538 305
1784237842612 0.2128540277481079 306
1784237842628 0.2548956573009491 307
1784237842642 0.6738674640655518 308
1784237842658 0.44726186990737915 309
1784237842674 0.2393714338541031 310
1784237842689 0.38437339663505554 311
1784237842705 0.2700248062610626 312
1784237842721 0.39722999930381775 313
1784237842736 0.28246214985847473 314
1784237842752 0.26958173513412476 315
1784237842767 0.16581770777702332 316
1784237842785 0.4093075692653656 317
1784237842802 0.4541105031967163 318
1784237842817 0.3024679720401764 319
1784237842834 0.24452778697013855 320
1784237842849 0.4492848515510559 321
1784237842865 0.24052001535892487 322
1784237842879 0.13053938746452332 323
1784237842896 0.4310148358345032 324
1784237842912 0.18924227356910706 325
1784237842927 0.36735862493515015 326
1784237842942 0.7160204648971558 327
1784237842957 0.5437568426132202 328
1784237842973 0.4635481536388397 329
1784237842987 0.6560715436935425 330
1784237843001 0.19206874072551727 331
1784237843014 0.17414042353630066 332
1784237843028 0.3373253047466278 333
1784237843042 0.3918097913265228 334
1784237843055 0.5781199932098389 335
1784237843072 0.4500104486942291 336
1784237843085 0.6024194955825806 337
1784237843098 0.36714109778404236 338
1784237843112 0.3404346704483032 339
1784237843128 0.4253208339214325 340
1784237843144 0.42708832025527954 341
1784237843161 0.12315543740987778 342
1784237843175 0.34143486618995667 343
1784237843190 0.37624067068099976 344
1784237843206 0.41200247406959534 345
1784237843220 0.15047778189182281 346
1784237843236 0.4503900408744812 347
1784237843251 0.37633058428764343 348
1784237843267 0.6397787928581238 349
1784237843283 0.23885208368301392 350
1784237843298 0.33735913038253784 351
1784237843312 0.39784228801727295 352
1784237843327 0.28392159938812256 353
1784237843343 0.13751819729804993 354
1784237843359 0.2314443141222 355
1784237843376 0.20303577184677124 356
1784237843392 0.6611296534538269 357
1784237843406 0.18806195259094238 358
1784237843421 0.4005361497402191 359
1784237843437 0.3470352590084076 360
1784237843453 0.507597029209137 361
1784237843468 0.1780463308095932 362
1784237843487 0.5607861280441284 363
1784237843506 0.6983761191368103 364
1784237843521 0.5397491455078125 365
1784237843542 0.22857558727264404 366
1784237843559 0.6473478078842163 367
1784237843576 0.33346039056777954 368
1784237843592 0.4775219261646271 369
1784237843608 0.036671292036771774 370
1784237843625 0.24123594164848328 371
1784237843641 0.37550774216651917 372
1784237843655 0.3830379247665405 373
1784237843671 0.23435929417610168 374
1784237843688 0.5595076084136963 375
1784237843705 0.30301761627197266 376
1784237843720 0.3584291636943817 377
1784237843736 0.33920037746429443 378
1784237843752 0.3532065153121948 379
1784237843767 0.5522004961967468 380
1784237843784 0.17336107790470123 381
1784237843800 0.2219092845916748 382
1784237843816 0.22022980451583862 383
1784237843832 0.44813504815101624 384
1784237843847 0.089362733066082 385
1784237843862 0.44850078225135803 386
1784237843878 0.4138531982898712 387
1784237843894 0.25014346837997437 388
1784237843910 0.2523062229156494 389
1784237843924 0.37751856446266174 390
1784237843939 0.4345111548900604 391
1784237843954 0.47758370637893677 392
1784237843969 0.47812142968177795 393
1784237843983 0.37867218255996704 394
1784237843998 0.1191735789179802 395
1784237844013 0.28509172797203064 396
1784237844029 0.600858747959137 397
1784237844047 0.24547722935676575 398
1784237844062 0.3660318851470947 399
1784237844077 0.16795486211776733 400
1784237844090 0.23013713955879211 401
1784237844104 0.20816266536712646 402
1784237844119 0.18208912014961243 403
1784237844135 0.3195762634277344 404
1784237844148 0.265002965927124 405
1784237844162 0.3193676769733429 406
1784237844177 0.1676296591758728 407
1784237844192 0.1352500319480896 408
1784237844207 0.5803972482681274 409
1784237844224 0.14150936901569366 410
1784237844238 0.4759448766708374 411
1784237844256 0.28759244084358215 412
1784237844273 0.3726520240306854 413
1784237844287 0.5784475207328796 414
1784237844303 0.4619709253311157 415
1784237844318 0.31705087423324585 416
1784237844334 0.3062483072280884 417
1784237844422 0.49048545956611633 418
1784237844449 0.6211696863174438 419
1784237844464 0.25460490584373474 420
1784237844480 0.2838158905506134 421
1784237844498 0.5286455154418945 422
1784237844514 0.1906977891921997 423
1784237844530 0.5003241300582886 424
1784237844545 0.25395798683166504 425
1784237844569 0.17063061892986298 426
1784237844585 0.44052034616470337 427
1784237844601 0.308890163898468 428
1784237844616 0.6958904266357422 429
1784237844634 0.18998932838439941 430
1784237844656 0.2910901606082916 431
1784237844673 0.718802809715271 432
1784237844689 0.46531179547309875 433
1784237844708 0.2781776487827301 434
1784237844726 0.6002950668334961 435
1784237844742 0.13854117691516876 436
1784237844758 0.16483713686466217 437
1784237844775 0.1690707802772522 438
1784237844792 0.27058491110801697 439
1784237844808 0.42721110582351685 440
1784237844823 0.1485731154680252 441
1784237844839 0.6352518200874329 442
1784237844856 0.2024502009153366 443
1784237844873 0.47393715381622314 444
1784237844889 0.4021715521812439 445
1784237844905 0.41378551721572876 446
1784237844920 0.26344844698905945 447
1784237844937 0.4009972810745239 448
1784237844954 0.28152745962142944 449
1784237844970 0.42042845487594604 450
1784237844985 0.3757440447807312 451
1784237845000 0.25320976972579956 452
1784237845015 0.2624448537826538 453
1784237845032 0.07519548386335373 454
1784237845048 0.1837739795446396 455
1784237845063 0.33928924798965454 456
1784237845078 0.9384182691574097 457
1784237845094 0.25625598430633545 458
1784237845109 0.4165709912776947 459
1784237845126 0.23803234100341797 460
1784237845143 0.2790738344192505 461
1784237845160 0.3814750909805298 462
1784237845176 0.24224305152893066 463
1784237845193 0.23618119955062866 464
1784237845209 0.2486172765493393 465
1784237845226 0.3284693956375122 466
1784237845243 0.3547452688217163 467
1784237845261 0.42624226212501526 468
1784237845277 0.5298672914505005 469
1784237845293 0.3193272650241852 470
1784237845311 0.3666134774684906 471
1784237845326 0.3402465283870697 472
1784237845340 0.2026427835226059 473
1784237845353 0.149247944355011 474
1784237845367 0.30099695920944214 475
1784237845384 0.13282954692840576 476
1784237845399 0.2621529996395111 477
1784237845416 0.2259511649608612 478
1784237845430 0.708958089351654 479
1784237845446 0.2969258427619934 480
1784237845462 0.23440471291542053 481
1784237845478 0.31031861901283264 482
1784237845494 0.24194681644439697 483
1784237845510 0.17162035405635834 484
1784237845526 0.5497074127197266 485
1784237845541 0.3649735152721405 486
1784237845555 0.6635249257087708 487
1784237845571 0.44945818185806274 488
1784237845586 0.5295594930648804 489
1784237845602 0.4211532175540924 490
1784237845617 0.5672773122787476 491
1784237845632 0.1281312108039856 492
1784237845645 0.20312613248825073 493
1784237845661 0.4379366338253021 494
1784237845677 0.3160776197910309 495
1784237845693 0.2904053032398224 496
1784237845709 0.584266185760498 497
1784237845724 0.2975727915763855 498
1784237845739 0.4124821722507477 499
1784237845754 0.14389973878860474 500
1784237845768 0.3438580334186554 501
1784237845784 0.3659869134426117 502
1784237845801 0.23861226439476013 503
1784237845814 0.5924600958824158 504
1784237845826 0.1752660870552063 505
1784237845839 0.3142584264278412 506
1784237845853 0.32656100392341614 507
1784237845869 0.25721317529678345 508
1784237845885 0.4844024181365967 509
1784237845900 0.42620649933815 510
1784237845915 0.4995315968990326 511
1784237845928 0.4578866958618164 512
1784237845943 0.3771098852157593 513
1784237845958 0.1227513924241066 514
1784237845974 0.25730833411216736 515
1784237845988 0.6030809879302979 516
1784237846003 0.06502071768045425 517
1784237846017 0.23347096145153046 518
1784237846032 0.12971195578575134 519
1784237846049 0.15780578553676605 520
1784237846063 0.29830387234687805 521
1784237846079 0.1791752278804779 522
1784237846094 0.705960750579834 523
1784237846108 0.387882262468338 524
1784237846122 0.3380798399448395 525
1784237846137 0.14615634083747864 526
1784237846154 0.2445008009672165 527
1784237846169 0.3925688564777374 528
1784237846184 0.40484946966171265 529
1784237846199 0.26227062940597534 530
1784237846214 0.5565270781517029 531
1784237846226 0.18982550501823425 532
1784237846241 0.5414708256721497 533
1784237846256 0.4931041896343231 534
1784237846273 0.2622883915901184 535
1784237846289 0.3786308765411377 536
1784237846303 0.1929192990064621 537
1784237846319 0.23118770122528076 538
1784237846334 0.3552260994911194 539
1784237846349 0.4320186972618103 540
1784237846366 0.3300268352031708 541
1784237846381 0.7104896903038025 542
1784237846395 0.31858304142951965 543
1784237846410 0.41474902629852295 544
1784237846425 0.2592482566833496 545
1784237846441 0.25576403737068176 546
1784237846456 0.3811085522174835 547
1784237846472 0.1616806536912918 548
1784237846487 0.5647181272506714 549
1784237846503 0.3895799517631531 550
1784237846518 0.27081671357154846 551
1784237846533 0.3014463186264038 552
1784237846549 0.47526678442955017 553
1784237846565 0.1921556144952774 554
1784237846581 0.20834098756313324 555
1784237846597 0.13216552138328552 556
1784237846613 0.3729289770126343 557
1784237846628 0.31067413091659546 558
1784237846644 0.2718583345413208 559
1784237846660 0.16729667782783508 560
1784237846677 0.26953575015068054 561
1784237846694 0.1775745302438736 562
1784237846709 0.32265785336494446 563
1784237846723 0.2576944828033447 564
1784237846738 0.2511463761329651 565
1784237846752 0.23945792019367218 566
1784237846767 0.412288099527359 567
1784237846781 0.47809019684791565 568
1784237846797 0.11914560943841934 569
1784237846813 0.2832518219947815 570
1784237846829 0.1688166856765747 571
1784237846844 0.36571988463401794 572
1784237846861 0.39853620529174805 573
1784237846885 0.29782044887542725 574
1784237846902 0.3353559672832489 575
1784237846920 0.5475544333457947 576
1784237846940 0.18592382967472076 577
1784237846956 0.2865794003009796 578
1784237846972 0.11333315074443817 579
1784237846985 0.20344862341880798 580
1784237846999 0.23169076442718506 581
1784237847016 0.11432018131017685 582
1784237847032 0.224248468875885 583
1784237847046 0.09347566217184067 584
1784237847063 0.2116822749376297 585
1784237847079 0.2224365770816803 586
1784237847095 0.42117220163345337 587
1784237847111 0.28594091534614563 588
1784237847127 0.11275198310613632 589
1784237847142 0.23902878165245056 590
1784237847156 0.07774575054645538 591
1784237847173 0.1529138833284378 592
1784237847187 0.2320789098739624 593
1784237847203 0.4886228144168854 594
1784237847218 0.08176541328430176 595
1784237847233 0.29242178797721863 596
1784237847248 0.5276139378547668 597
1784237847264 0.1934056133031845 598
1784237847279 0.38900285959243774 599
1784237847294 0.13852465152740479 600
1784237847308 0.4953320026397705 601
1784237847323 0.09039706736803055 602
1784237847339 0.2839065194129944 603
1784237847355 0.2365739941596985 604
1784237847370 0.37356019020080566 605
1784237847386 0.08104501664638519 606
1784237847402 0.18543197214603424 607
1784237847416 0.138711079955101 608
1784237847431 0.24667611718177795 609
1784237847448 0.53136146068573 610
1784237847464 0.13856981694698334 611
1784237847478 0.5399171113967896 612
1784237847493 0.07742545753717422 613
1784237847509 0.30622702836990356 614
1784237847524 0.1746228188276291 615
1784237847539 0.36594972014427185 616
1784237847560 0.14491741359233856 617
1784237847578 0.31261110305786133 618
1784237847593 0.17494258284568787 619
1784237847609 0.1682378202676773 620
1784237847625 0.3468257486820221 621
1784237847641 0.35125747323036194 622
1784237847656 0.18887220323085785 623
1784237847671 0.3555965721607208 624
1784237847687 0.3832146227359772 625
1784237847702 0.07558328658342361 626
1784237847717 0.07975023239850998 627
1784237847733 0.40665581822395325 628
1784237847749 0.29312458634376526 629
1784237847762 0.2919737994670868 630
1784237847779 0.1846330612897873 631
1784237847795 0.1551247239112854 632
1784237847808 0.08214551955461502 633
1784237847826 0.29688355326652527 634
1784237847841 0.2256394475698471 635
1784237847858 0.311888724565506 636
1784237847875 0.289694607257843 637
1784237847891 0.13582894206047058 638
1784237847908 0.04413856938481331 639
1784237847926 0.09231676161289215 640
1784237847942 0.35267284512519836 641
1784237847957 0.2720979154109955 642
1784237847972 0.4075744152069092 643
1784237847988 0.26866140961647034 644
1784237848002 0.10452638566493988 645
1784237848018 0.18240004777908325 646
1784237848034 0.4489215910434723 647
1784237848050 0.4184889793395996 648
1784237848067 0.22065605223178864 649
1784237848084 0.4718529284000397 650
1784237848100 0.18809106945991516 651
1784237848117 0.5199725031852722 652
1784237848132 0.25373440980911255 653
1784237848149 0.47459718585014343 654
1784237848165 0.1698838770389557 655
1784237848183 0.5484052896499634 656
1784237848197 0.2605797350406647 657
1784237848210 0.20882020890712738 658
1784237848224 0.45356786251068115 659
1784237848239 0.5931435227394104 660
1784237848254 0.12230638414621353 661
1784237848269 0.34056854248046875 662
1784237848285 0.6225831508636475 663
1784237848300 0.3554646670818329 664
1784237848315 0.10556583851575851 665
1784237848333 0.11250121146440506 666
1784237848352 0.09074006974697113 667
1784237848368 0.13582320511341095 668
1784237848384 0.3805354833602905 669
1784237848400 0.4002383351325989 670
1784237848414 0.3258253335952759 671
1784237848429 0.140777587890625 672
1784237848446 0.2089725285768509 673
1784237848461 0.3617735505104065 674
1784237848478 0.2776688039302826 675
1784237848492 0.05809790641069412 676
1784237848508 0.45471400022506714 677
1784237848523 0.06494235247373581 678
1784237848538 0.18838821351528168 679
1784237848553 0.13415926694869995 680
1784237848567 0.21794982254505157 681
1784237848582 0.17451852560043335 682
1784237848598 0.1586759090423584 683
1784237848614 0.3448333740234375 684
1784237848630 0.23152479529380798 685
1784237848646 0.41052281856536865 686
1784237848661 0.2974061369895935 687
1784237848677 0.22284790873527527 688
1784237848692 0.09800268709659576 689
1784237848708 0.29606392979621887 690
1784237848721 0.1455938220024109 691
1784237848739 0.3732607364654541 692
1784237848755 0.21966290473937988 693
1784237848770 0.14388199150562286 694
1784237848786 0.18831172585487366 695
1784237848801 0.1131078451871872 696
1784237848816 0.2123047560453415 697
1784237848831 0.245114266872406 698
1784237848846 0.3915921449661255 699
1784237848861 0.1291877180337906 700
1784237848876 0.5669577717781067 701
1784237848893 0.3927798271179199 702
1784237848914 0.36285659670829773 703
1784237848930 0.29903244972229004 704
1784237848948 0.2239697277545929 705
1784237848965 0.30216121673583984 706
1784237848981 0.18459105491638184 707
1784237848994 0.3312467634677887 708
1784237849008 0.4164939522743225 709
1784237849020 0.16619907319545746 710
1784237849034 0.1078224778175354 711
1784237849048 0.5663066506385803 712
1784237849064 0.31174808740615845 713
1784237849079 0.5689018368721008 714
1784237849097 0.3966519236564636 715
1784237849118 0.7253873348236084 716
1784237849133 0.21886807680130005 717
1784237849153 0.6672797203063965 718
1784237849172 0.06610529124736786 719
1784237849188 0.27028071880340576 720
1784237849204 0.4343723952770233 721
1784237849220 0.197328120470047 722
1784237849237 0.12011454999446869 723
1784237849254 0.42187222838401794 724
1784237849269 0.3607471287250519 725
1784237849285 0.10829366743564606 726
1784237849302 0.6121811270713806 727
1784237849318 0.9355450868606567 728
1784237849334 0.3791370093822479 729
1784237849350 0.37033066153526306 730
1784237849366 0.3895238935947418 731
1784237849382 0.49938613176345825 732
1784237849396 0.36156901717185974 733
1784237849410 0.16424240171909332 734
1784237849425 0.3388291895389557 735
1784237849440 0.23367565870285034 736
1784237849455 0.26799121499061584 737
1784237849468 0.1483251005411148 738
1784237849483 0.5079019665718079 739
1784237849499 0.45344072580337524 740
1784237849515 0.22861593961715698 741
1784237849530 0.09787976741790771 742
1784237849545 0.3634660840034485 743
1784237849560 0.16900405287742615 744
1784237849576 0.18082912266254425 745
1784237849610 0.5918943881988525 746
1784237849625 0.3248555660247803 747
1784237849640 0.15352915227413177 748
1784237849656 0.23966249823570251 749
1784237849672 0.35117289423942566 750
1784237849688 0.11991859972476959 751
1784237849703 0.17710895836353302 752
1784237849718 0.48053547739982605 753
1784237849733 0.1851828694343567 754
1784237849749 0.19736461341381073 755
1784237849763 0.32051756978034973 756
1784237849779 0.2244872748851776 757
1784237849796 0.14944949746131897 758
1784237849809 0.24981170892715454 759
1784237849823 0.3123544752597809 760
1784237849839 0.3322979509830475 761
1784237849854 0.4007658064365387 762
1784237849868 0.4668160080909729 763
1784237849885 0.32760730385780334 764
1784237849902 0.34198346734046936 765
1784237849916 0.23085740208625793 766
1784237849932 0.19986021518707275 767
1784237849949 0.3338494300842285 768
1784237849968 0.04849384352564812 769
1784237849986 0.25568798184394836 770
1784237850001 0.19773024320602417 771
1784237850018 0.3055312931537628 772
1784237850034 0.0979456901550293 773
1784237850050 0.11091030389070511 774
1784237850065 0.4200212061405182 775
1784237850083 0.1624431163072586 776
1784237850101 0.47698459029197693 777
1784237850117 0.5121135115623474 778
1784237850133 0.13962909579277039 779
1784237850148 0.30261874198913574 780
1784237850162 0.15185324847698212 781
1784237850180 0.49454283714294434 782
1784237850200 0.2559721767902374 783
1784237850216 0.14340589940547943 784
1784237850232 0.5241931676864624 785
1784237850249 0.2217796891927719 786
1784237850265 0.35560402274131775 787
1784237850283 0.15483251214027405 788
1784237850300 0.2532004415988922 789
1784237850317 0.5808115005493164 790
1784237850333 0.32810690999031067 791
1784237850349 0.6375465989112854 792
1784237850367 0.557468593120575 793
1784237850381 0.28241878747940063 794
1784237850399 0.037846487015485764 795
1784237850414 0.2766772508621216 796
1784237850429 0.13907486200332642 797
1784237850446 0.07419629395008087 798
1784237850462 0.09314008057117462 799
1784237850478 0.15385118126869202 800
1784237850493 0.38927170634269714 801
1784237850509 0.2748723328113556 802
1784237850523 0.371465265750885 803
1784237850538 0.3841285705566406 804
1784237850554 0.20009082555770874 805
1784237850569 0.45116138458251953 806
1784237850584 0.40085384249687195 807
1784237850602 0.32636040449142456 808
1784237850616 0.08358184248209 809
1784237850631 0.14630231261253357 810
1784237850647 0.2325214445590973 811
1784237850664 0.24202992022037506 812
1784237850679 0.10561719536781311 813
1784237850695 0.22127416729927063 814
1784237850710 0.3315342962741852 815
1784237850724 0.059058889746665955 816
1784237850737 0.24126365780830383 817
1784237850752 0.16476820409297943 818
1784237850768 0.1700315624475479 819
1784237850784 0.16318896412849426 820
1784237850799 0.21921306848526 821
1784237850814 0.35473692417144775 822
1784237850829 0.08606960624456406 823
1784237850844 0.27497193217277527 824
1784237850859 0.10018420219421387 825
1784237850875 0.21661944687366486 826
1784237850890 0.09277511388063431 827
1784237850906 0.10742528736591339 828
1784237850921 0.10293199121952057 829
1784237850936 0.07817284762859344 830
1784237850951 0.20339736342430115 831
1784237850966 0.24014927446842194 832
1784237850979 0.3170110285282135 833
1784237850995 0.1194709986448288 834
1784237851010 0.10768751800060272 835
1784237851024 0.10454011708498001 836
1784237851036 0.15620703995227814 837
1784237851052 0.04068867489695549 838
1784237851067 0.10814113169908524 839
1784237851081 0.2130906730890274 840
1784237851096 0.11141054332256317 841
1784237851113 0.49340930581092834 842
1784237851129 0.3270007371902466 843
1784237851145 0.2727181017398834 844
1784237851159 0.03352474048733711 845
1784237851174 0.1349269449710846 846
1784237851189 0.29337555170059204 847
1784237851204 0.1553715020418167 848
1784237851219 0.14560477435588837 849
1784237851234 0.5398090481758118 850
1784237851249 0.12121021747589111 851
1784237851263 0.5715271830558777 852
1784237851278 0.6447811126708984 853
1784237851295 0.4194847643375397 854
1784237851311 0.017773626372218132 855
1784237851329 0.10346187651157379 856
1784237851348 0.13936416804790497 857
1784237851365 0.5284151434898376 858
1784237851382 0.39946290850639343 859
1784237851400 0.09105173498392105 860
1784237851418 0.40065112709999084 861
1784237851434 0.3456253707408905 862
1784237851451 0.427354097366333 863
1784237851466 0.27661973237991333 864
1784237851483 0.28982529044151306 865
1784237851499 0.18967710435390472 866
1784237851514 0.36889588832855225 867
1784237851530 0.42643994092941284 868
1784237851542 0.4755241870880127 869
1784237851556 0.4476577639579773 870
1784237851570 0.32733774185180664 871
1784237851585 0.8145355582237244 872
1784237851601 0.19234341382980347 873
1784237851616 0.17281588912010193 874
1784237851633 0.10607854276895523 875
1784237851650 0.12655231356620789 876
1784237851665 0.15348100662231445 877
1784237851681 0.14728784561157227 878
1784237851696 0.12084192037582397 879
1784237851711 0.2484368234872818 880
1784237851726 0.4104570150375366 881
1784237851743 0.16765493154525757 882
1784237851756 0.3934667706489563 883
1784237851771 0.23125192523002625 884
1784237851785 0.5717080235481262 885
1784237851801 0.22515089809894562 886
1784237851816 0.3355967104434967 887
1784237851830 0.44384902715682983 888
1784237851845 0.5125023722648621 889
1784237851861 0.12634140253067017 890
1784237851877 0.2899065613746643 891
1784237851893 0.07696199417114258 892
1784237851909 0.2291393131017685 893
1784237851925 0.037269227206707 894
1784237851939 0.2919633388519287 895
1784237851954 0.6090440154075623 896
1784237851970 0.3062063157558441 897
1784237851984 0.25717878341674805 898
1784237851997 0.41359350085258484 899
1784237852012 0.1626523733139038 900
1784237852026 0.4457314908504486 901
1784237852042 0.20601893961429596 902
1784237852058 0.08974029123783112 903
1784237852072 0.19250841438770294 904
1784237852089 0.04894372448325157 905
1784237852104 0.33721500635147095 906
1784237852118 0.47489240765571594 907
1784237852133 0.4983808994293213 908
1784237852150 0.2506667375564575 909
1784237852163 0.18649502098560333 910
1784237852177 0.27971628308296204 911
1784237852194 0.13107004761695862 912
1784237852209 0.34862086176872253 913
1784237852224 0.2556912899017334 914
1784237852239 0.4277501702308655 915
1784237852254 0.3460894823074341 916
1784237852269 0.25265446305274963 917
1784237852284 0.2712326943874359 918
1784237852300 0.20565183460712433 919
1784237852314 0.24614585936069489 920
1784237852329 0.3189159631729126 921
1784237852344 0.13708841800689697 922
1784237852361 0.13059844076633453 923
1784237852376 0.15443994104862213 924
1784237852390 0.5390939116477966 925
1784237852406 0.2491520494222641 926
1784237852420 0.0801033154129982 927
1784237852436 0.185113325715065 928
1784237852452 0.17730681598186493 929
1784237852467 0.26953423023223877 930
1784237852482 0.13232174515724182 931
1784237852497 0.2949804663658142 932
1784237852510 0.3366853892803192 933
1784237852524 0.1293097734451294 934
1784237852539 0.1252724677324295 935
1784237852558 0.1873694211244583 936
1784237852576 0.105292908847332 937
1784237852592 0.249855175614357 938
1784237852610 0.35542625188827515 939
1784237852633 0.28903335332870483 940
1784237852649 0.043392207473516464 941
1784237852668 0.30152130126953125 942
1784237852683 0.1428707242012024 943
1784237852697 0.2267165631055832 944
1784237852712 0.27298450469970703 945
1784237852726 0.1656711995601654 946
1784237852744 0.3406869173049927 947
1784237852759 0.19419331848621368 948
1784237852772 0.20019792020320892 949
1784237852787 0.08394468575716019 950
1784237852803 0.3148549795150757 951
1784237852818 0.21387258172035217 952
1784237852833 0.20959578454494476 953
1784237852849 0.33802899718284607 954
1784237852866 0.08529576659202576 955
1784237852881 0.18624427914619446 956
1784237852898 0.27778786420822144 957
1784237852910 0.2684035301208496 958
1784237852925 0.2740921974182129 959
1784237852941 0.36272740364074707 960
1784237852959 0.14663252234458923 961
1784237852975 0.2807314395904541 962
1784237852991 0.31731316447257996 963
1784237853007 0.25823915004730225 964
1784237853023 0.12650053203105927 965
1784237853040 0.33652934432029724 966
1784237853056 0.10925634950399399 967
1784237853074 0.15905696153640747 968
1784237853090 0.09209752827882767 969
1784237853105 0.20178869366645813 970
1784237853123 0.4859720468521118 971
1784237853139 0.24118424952030182 972
1784237853157 0.11294817179441452 973
1784237853174 0.26245906949043274 974
1784237853191 0.11226843297481537 975
1784237853207 0.14283739030361176 976
1784237853224 0.24491390585899353 977
1784237853240 0.17838336527347565 978
1784237853257 0.3186841905117035 979
1784237853275 0.11152122914791107 980
1784237853291 0.28992927074432373 981
1784237853308 0.21485599875450134 982
1784237853325 0.12021687626838684 983
1784237853338 0.07015270739793777 984
1784237853355 0.7353010177612305 985
1784237853370 0.28776097297668457 986
1784237853386 0.3951716423034668 987
1784237853401 0.21864117681980133 988
1784237853417 0.22847819328308105 989
1784237853433 0.13374297320842743 990
1784237853448 0.37218743562698364 991
1784237853464 0.26129060983657837 992
1784237853480 0.3186834752559662 993
1784237853497 0.18731975555419922 994
1784237853509 0.5142766833305359 995
1784237853524 0.25266048312187195 996
1784237853539 0.061270277947187424 997
1784237853558 0.2764934003353119 998
1784237853577 0.22726522386074066 999
1784237853594 0.1483093500137329 1000
1784237853611 0.373653382062912 1001
1784237853629 0.18792271614074707 1002
1784237853646 0.11120304465293884 1003
1784237853662 0.23177702724933624 1004
1784237853678 0.07296329736709595 1005
1784237853691 0.2212471216917038 1006
1784237853705 0.22193053364753723 1007
1784237853721 0.19272030889987946 1008
1784237853736 0.1102418377995491 1009
1784237853752 0.3117811679840088 1010
1784237853768 0.09149341285228729 1011
1784237853786 0.3027704358100891 1012
1784237853800 0.35922399163246155 1013
1784237853814 0.10592827200889587 1014
1784237853826 0.25696495175361633 1015
1784237853841 0.2445351481437683 1016
1784237853858 0.17280910909175873 1017
1784237853875 0.3918260633945465 1018
1784237853891 0.07990267872810364 1019
1784237853904 0.06552861630916595 1020
1784237853920 0.2899573743343353 1021
1784237853936 0.18337106704711914 1022
1784237853952 0.17306920886039734 1023
1784237853968 0.16556644439697266 1024
1784237853982 0.2051110416650772 1025
1784237853997 0.2823353409767151 1026
1784237854011 0.12169519066810608 1027
1784237854026 0.2917899787425995 1028
1784237854040 0.23306883871555328 1029
1784237854055 0.08984525501728058 1030
1784237854071 0.2891472280025482 1031
1784237854086 0.1317964345216751 1032
1784237854101 0.17245303094387054 1033
1784237854116 0.23251543939113617 1034
1784237854131 0.09522229433059692 1035
1784237854147 0.251468300819397 1036
1784237854160 0.2771952748298645 1037
1784237854176 0.1154145747423172 1038
1784237854190 0.24611055850982666 1039
1784237854203 0.037095990031957626 1040
1784237854217 0.49398332834243774 1041
1784237854233 0.10015470534563065 1042
1784237854247 0.26576265692710876 1043
1784237854261 0.18254883587360382 1044
1784237854279 0.5446574091911316 1045
1784237854293 0.48766034841537476 1046
1784237854309 0.35016515851020813 1047
1784237854325 0.19112764298915863 1048
1784237854341 0.046599701046943665 1049
1784237854356 0.2827019691467285 1050
1784237854371 0.3234000504016876 1051
1784237854386 0.33990418910980225 1052
1784237854401 0.29148000478744507 1053
1784237854416 0.12993451952934265 1054
1784237854433 0.4540618658065796 1055
1784237854449 0.5305052995681763 1056
1784237854464 0.13784974813461304 1057
1784237854479 0.08247728645801544 1058
1784237854495 0.17851431667804718 1059
1784237854510 0.35524559020996094 1060
1784237854526 0.1465090960264206 1061
1784237854541 0.17730744183063507 1062
1784237854557 0.2657514214515686 1063
1784237854572 0.14639687538146973 1064
1784237854588 0.22427985072135925 1065
1784237854602 0.17323161661624908 1066
1784237854615 0.1542830914258957 1067
1784237854628 0.3051321804523468 1068
1784237854645 0.21497972309589386 1069
1784237854660 0.47774937748908997 1070
1784237854675 0.24203252792358398 1071
1784237854692 0.16149653494358063 1072
1784237854706 0.16409385204315186 1073
1784237854720 0.03919645771384239 1074
1784237854736 0.2435973584651947 1075
1784237854751 0.07239796221256256 1076
1784237854767 0.11681360751390457 1077
1784237854782 0.29672062397003174 1078
1784237854797 0.22058075666427612 1079
1784237854812 0.10861155390739441 1080
1784237854826 0.18968063592910767 1081
1784237854840 0.18294177949428558 1082
1784237854855 0.18325994908809662 1083
1784237854870 0.17663031816482544 1084
1784237854886 0.20331935584545135 1085
1784237854901 0.09100496768951416 1086
1784237854917 0.6095492839813232 1087
1784237854933 0.16919460892677307 1088
1784237854946 0.024404549971222878 1089
1784237854961 0.18649914860725403 1090
1784237854978 0.07443131506443024 1091
1784237854995 0.40793994069099426 1092
1784237855009 0.2692042589187622 1093
1784237855025 0.19929131865501404 1094
1784237855039 0.1603635847568512 1095
1784237855056 0.32486245036125183 1096
1784237855070 0.24559563398361206 1097
1784237855085 0.10724548995494843 1098
1784237855101 0.06462585926055908 1099
1784237855116 0.07431180775165558 1100
1784237855132 0.19353841245174408 1101
1784237855147 0.08105820417404175 1102
1784237855162 0.41038426756858826 1103
1784237855177 0.25886455178260803 1104
1784237855192 0.1354823112487793 1105
1784237855209 0.21756228804588318 1106
1784237855224 0.11161788552999496 1107
1784237855240 0.2991229295730591 1108
1784237855255 0.3887622058391571 1109
1784237855271 0.20530733466148376 1110
1784237855286 0.06700464338064194 1111
1784237855301 0.21185781061649323 1112
1784237855316 0.09270941466093063 1113
1784237855331 0.08992414176464081 1114
1784237855347 0.3693915605545044 1115
1784237855362 0.2602842450141907 1116
1784237855377 0.15864330530166626 1117
1784237855393 0.1354997158050537 1118
1784237855407 0.1763596385717392 1119
1784237855422 0.03380374610424042 1120
1784237855437 0.5054709315299988 1121
1784237855452 0.4894901216030121 1122
1784237855467 0.27529096603393555 1123
1784237855484 0.11919049173593521 1124
1784237855499 0.1652493178844452 1125
1784237855514 0.10469263792037964 1126
1784237855529 0.2653069794178009 1127
1784237855544 0.12432084232568741 1128
1784237855559 0.052162643522024155 1129
1784237855580 0.18255849182605743 1130
1784237855595 0.2112453281879425 1131
1784237855609 0.22565226256847382 1132
1784237855623 0.28677088022232056 1133
1784237855639 0.34492960572242737 1134
1784237855653 0.2650444209575653 1135
1784237855668 0.04353279992938042 1136
1784237855683 0.24447768926620483 1137
1784237855697 0.4620184898376465 1138
1784237855712 0.14382816851139069 1139
1784237855727 0.10569301247596741 1140
1784237855743 0.049168456345796585 1141
1784237855758 0.08518380671739578 1142
1784237855775 0.18056723475456238 1143
1784237855795 0.33042481541633606 1144
1784237855813 0.27233752608299255 1145
1784237855833 0.299282044172287 1146
1784237855852 0.02136436104774475 1147
1784237855868 0.1774267703294754 1148
1784237855885 0.027588332071900368 1149
1784237855900 0.12061384320259094 1150
1784237855917 0.146193265914917 1151
1784237855934 0.2189837098121643 1152
1784237855951 0.05852659419178963 1153
1784237855966 0.25922396779060364 1154
1784237855984 0.2026016265153885 1155
1784237856001 0.05083366483449936 1156
1784237856017 0.08193866163492203 1157
1784237856035 0.10351362079381943 1158
1784237856052 0.2643401622772217 1159
1784237856069 0.1742461621761322 1160
1784237856086 0.1290946751832962 1161
1784237856104 0.053648240864276886 1162
1784237856121 0.15064837038516998 1163
1784237856138 0.08243972808122635 1164
1784237856155 0.12786611914634705 1165
1784237856172 0.1264132261276245 1166
1784237856188 0.054408568888902664 1167
1784237856206 0.17702259123325348 1168
1784237856223 0.45107874274253845 1169
1784237856239 0.13261419534683228 1170
1784237856257 0.17198431491851807 1171
1784237856276 0.32219210267066956 1172
1784237856293 0.2250213623046875 1173
1784237856307 0.05655693635344505 1174
1784237856323 0.1968695968389511 1175
1784237856339 0.4302363395690918 1176
1784237856353 0.2509644329547882 1177
1784237856367 0.32762542366981506 1178
1784237856381 0.040425047278404236 1179
1784237856395 0.06644022464752197 1180
1784237856411 0.0828932672739029 1181
1784237856425 0.2387388050556183 1182
1784237856440 0.1401951014995575 1183
1784237856456 0.26229581236839294 1184
1784237856474 0.12723012268543243 1185
1784237856489 0.06376775354146957 1186
1784237856505 0.3139720559120178 1187
1784237856523 0.2183361053466797 1188
1784237856538 0.25246497988700867 1189
1784237856555 0.14579829573631287 1190
1784237856570 0.2682414650917053 1191
1784237856586 0.2791925370693207 1192
1784237856602 0.43390437960624695 1193
1784237856617 0.37159138917922974 1194
1784237856632 0.2865137755870819 1195
1784237856648 0.08627211302518845 1196
1784237856662 0.13902884721755981 1197
1784237856676 0.05228148028254509 1198
1784237856691 0.39122551679611206 1199
1784237856704 0.15643629431724548 1200
1784237856717 0.24648526310920715 1201
1784237856732 0.32759973406791687 1202
1784237856748 0.07400178164243698 1203
1784237856762 0.10427232831716537 1204
1784237856778 0.07545541226863861 1205
1784237856791 0.15435093641281128 1206
1784237856806 0.4473208487033844 1207
1784237856821 0.31786513328552246 1208
1784237856835 0.15716752409934998 1209
1784237856849 0.3568086326122284 1210
1784237856864 0.2689569890499115 1211
1784237856878 0.13811400532722473 1212
1784237856894 0.07903639227151871 1213
1784237856910 0.40243443846702576 1214
1784237856926 0.16102717816829681 1215
1784237856941 0.07556261122226715 1216
1784237856957 0.20366910099983215 1217
1784237856972 0.22204412519931793 1218
1784237856988 0.31609439849853516 1219
1784237857002 0.38004305958747864 1220
1784237857019 0.2447584867477417 1221
1784237857033 0.1742696762084961 1222
1784237857048 0.08480343967676163 1223
1784237857064 0.2808580696582794 1224
1784237857079 0.21552686393260956 1225
1784237857092 0.15341490507125854 1226
1784237857105 0.3231205642223358 1227
1784237857118 0.33698734641075134 1228
1784237857135 0.15538690984249115 1229
1784237857150 0.093173086643219 1230
1784237857166 0.19951131939888 1231
1784237857180 0.2318837195634842 1232
1784237857195 0.5198633670806885 1233
1784237857209 0.12622247636318207 1234
1784237857224 0.25298282504081726 1235
1784237857240 0.1302250325679779 1236
1784237857256 0.5410534143447876 1237
1784237857273 0.3386542499065399 1238
1784237857287 0.18702024221420288 1239
1784237857301 0.30613210797309875 1240
1784237857317 0.3426157832145691 1241
1784237857333 0.44854065775871277 1242
1784237857348 0.1427609771490097 1243
1784237857362 0.30644935369491577 1244
1784237857376 0.1653517782688141 1245
1784237857390 0.1568080484867096 1246
1784237857406 0.11883102357387543 1247
1784237857421 0.21211901307106018 1248
1784237857435 0.23078443109989166 1249
1784237857451 0.1733764261007309 1250
1784237857466 0.24084094166755676 1251
1784237857481 0.17554400861263275 1252
1784237857496 0.3308517038822174 1253
1784237857513 0.5101894736289978 1254
1784237857548 0.17281988263130188 1255
1784237857564 0.3854263722896576 1256
1784237857580 0.17444467544555664 1257
1784237857594 0.332852840423584 1258
1784237857609 0.2509816884994507 1259
1784237857626 0.29391488432884216 1260
1784237857642 0.379489541053772 1261
1784237857656 0.24591493606567383 1262
1784237857670 0.1376785933971405 1263
1784237857685 0.2080456167459488 1264
1784237857700 0.2632210850715637 1265
1784237857716 0.22685806453227997 1266
1784237857731 0.29453223943710327 1267
1784237857747 0.2976011037826538 1268
1784237857763 0.10631789267063141 1269
1784237857779 0.06283554434776306 1270
1784237857796 0.20300769805908203 1271
1784237857815 0.1578834354877472 1272
1784237857834 0.1089182049036026 1273
1784237857852 0.328214168548584 1274
1784237857868 0.08867990970611572 1275
1784237857884 0.14596010744571686 1276
1784237857899 0.13320302963256836 1277
1784237857917 0.05036303028464317 1278
1784237857933 0.15392130613327026 1279
1784237857950 0.21252045035362244 1280
1784237857966 0.14186419546604156 1281
1784237857983 0.08262211829423904 1282
1784237858002 0.2523961365222931 1283
1784237858021 0.30652865767478943 1284
1784237858040 0.164272740483284 1285
1784237858056 0.37846115231513977 1286
1784237858073 0.258688747882843 1287
1784237858089 0.296390175819397 1288
1784237858105 0.7193393707275391 1289
1784237858121 0.2910141050815582 1290
1784237858136 0.049535058438777924 1291
1784237858152 0.09460033476352692 1292
1784237858168 0.31109619140625 1293
1784237858184 0.0971696749329567 1294
1784237858201 0.25681018829345703 1295
1784237858219 0.27452296018600464 1296
1784237858236 0.14445821940898895 1297
1784237858253 0.16926346719264984 1298
1784237858271 0.23013700544834137 1299
1784237858286 0.15960969030857086 1300
1784237858300 0.08838248997926712 1301
1784237858316 0.3209010660648346 1302
1784237858331 0.28929322957992554 1303
1784237858350 0.25263720750808716 1304
1784237858367 0.03876935690641403 1305
1784237858383 0.29282066226005554 1306
1784237858398 0.11627241969108582 1307
1784237858413 0.46928808093070984 1308
1784237858429 0.2974141836166382 1309
1784237858445 0.0821673646569252 1310
1784237858458 0.11538105458021164 1311
1784237858473 0.4186396300792694 1312
1784237858488 0.13407352566719055 1313
1784237858505 0.29410770535469055 1314
1784237858523 0.3219076693058014 1315
1784237858538 0.08200773596763611 1316
1784237858551 0.2512612044811249 1317
1784237858566 0.14960426092147827 1318
1784237858580 0.17910027503967285 1319
1784237858596 0.14157702028751373 1320
1784237858609 0.21120697259902954 1321
1784237858626 0.1364607959985733 1322
1784237858640 0.22679166495800018 1323
1784237858656 0.04383771866559982 1324
1784237858676 0.06527744233608246 1325
1784237858690 0.18829433619976044 1326
1784237858706 0.06904537975788116 1327
1784237858720 0.12019244581460953 1328
1784237858736 0.3265722393989563 1329
1784237858751 0.3733116388320923 1330
1784237858768 0.24214808642864227 1331
1784237858784 0.19288811087608337 1332
1784237858800 0.1677868515253067 1333
1784237858816 0.13397371768951416 1334
1784237858831 0.24857141077518463 1335
1784237858847 0.08264905214309692 1336
1784237858862 0.047206033021211624 1337
1784237858879 0.25706401467323303 1338
1784237858892 0.49117833375930786 1339
1784237858908 0.09566523134708405 1340
1784237858922 0.23871579766273499 1341
1784237858940 0.031384240835905075 1342
1784237858954 0.22923581302165985 1343
1784237858969 0.26165807247161865 1344
1784237858985 0.25386688113212585 1345
1784237859000 0.09097171574831009 1346
1784237859016 0.10849107801914215 1347
1784237859031 0.09235916286706924 1348
1784237859045 0.09543012082576752 1349
1784237859059 0.17466169595718384 1350
1784237859075 0.0534331277012825 1351
1784237859090 0.19978727400302887 1352
1784237859107 0.23110856115818024 1353
1784237859122 0.3725901246070862 1354
1784237859138 0.17235928773880005 1355
1784237859154 0.09117421507835388 1356
1784237859169 0.25424376130104065 1357
1784237859184 0.1517113745212555 1358
1784237859199 0.18674665689468384 1359
1784237859214 0.21750807762145996 1360
1784237859230 0.3832806348800659 1361
1784237859246 0.17570799589157104 1362
1784237859261 0.39507994055747986 1363
1784237859278 0.33942335844039917 1364
1784237859292 0.08564693480730057 1365
1784237859304 0.2857908010482788 1366
1784237859321 0.5387052893638611 1367
1784237859336 0.15732441842556 1368
1784237859352 0.13713997602462769 1369
1784237859365 0.4460590183734894 1370
1784237859379 0.3129962682723999 1371
1784237859395 0.06614718586206436 1372
1784237859409 0.4045535922050476 1373
1784237859424 0.273455411195755 1374
1784237859437 0.31587910652160645 1375
1784237859451 0.27028927206993103 1376
1784237859466 0.38323795795440674 1377
1784237859483 0.15344884991645813 1378
1784237859499 0.20255708694458008 1379
1784237859514 0.1986771821975708 1380
1784237859531 0.25118061900138855 1381
1784237859545 0.2571497857570648 1382
1784237859562 0.16128186881542206 1383
1784237859580 0.46696043014526367 1384
1784237859595 0.24403853714466095 1385
1784237859609 0.13976643979549408 1386
1784237859626 0.23573759198188782 1387
1784237859643 0.06703269481658936 1388
1784237859658 0.338668555021286 1389
1784237859676 0.43911659717559814 1390
1784237859692 0.11001748591661453 1391
1784237859709 0.35880720615386963 1392
1784237859729 0.21554474532604218 1393
1784237859745 0.25710615515708923 1394
1784237859761 0.2922905683517456 1395
1784237859850 0.09827639162540436 1396
1784237859883 0.10700210928916931 1397
1784237859901 0.07906880974769592 1398
1784237859918 0.011899217963218689 1399
1784237859935 0.26004526019096375 1400
1784237859951 0.29347360134124756 1401
1784237859973 0.6507114171981812 1402
1784237859991 0.22646820545196533 1403
1784237860009 0.1439022272825241 1404
1784237860027 0.047408655285835266 1405
1784237860049 0.1662093847990036 1406
1784237860067 0.39700809121131897 1407
1784237860085 0.16093696653842926 1408
1784237860102 0.09877785295248032 1409
1784237860118 0.3600165545940399 1410
1784237860136 0.26179271936416626 1411
1784237860154 0.19307227432727814 1412
1784237860169 0.29203224182128906 1413
1784237860184 0.13254386186599731 1414
1784237860202 0.33511990308761597 1415
1784237860220 0.15476596355438232 1416
1784237860236 0.18529613316059113 1417
1784237860255 0.056025780737400055 1418
1784237860275 0.13217668235301971 1419
1784237860296 0.4139411151409149 1420
1784237860316 0.26866239309310913 1421
1784237860337 0.14990729093551636 1422
1784237860353 0.09056363999843597 1423
1784237860374 0.0865301862359047 1424
1784237860391 0.23648111522197723 1425
1784237860406 0.09901305288076401 1426
1784237860422 0.25710758566856384 1427
1784237860444 0.31180474162101746 1428
1784237860464 0.07018307596445084 1429
1784237860482 0.12229586392641068 1430
1784237860499 0.05688420683145523 1431
1784237860515 0.46353012323379517 1432
1784237860542 0.10251587629318237 1433
1784237860559 0.1471816897392273 1434
1784237860578 0.10962174832820892 1435
1784237860596 0.32354286313056946 1436
1784237860612 0.016502559185028076 1437
1784237860630 0.12179609388113022 1438
1784237860647 0.09049376845359802 1439
1784237860665 0.08900944143533707 1440
1784237860682 0.09546859562397003 1441
1784237860699 0.4367517828941345 1442
1784237860716 0.14162412285804749 1443
1784237860734 0.10463853180408478 1444
1784237860750 0.012883736751973629 1445
1784237860768 0.21613898873329163 1446
1784237860785 0.2211313396692276 1447
1784237860803 0.2019917517900467 1448
1784237860821 0.1263630986213684 1449
1784237860840 0.23166295886039734 1450
1784237860858 0.13060927391052246 1451
1784237860877 0.33294689655303955 1452
1784237860895 0.28261202573776245 1453
1784237860914 0.0789284035563469 1454
1784237860932 0.12928149104118347 1455
1784237860952 0.12344128638505936 1456
1784237860971 0.32909712195396423 1457
1784237860990 0.2467711865901947 1458
1784237861008 0.15847960114479065 1459
1784237861025 0.06711413711309433 1460
1784237861045 0.12269618362188339 1461
1784237861063 0.08669155836105347 1462
1784237861085 0.40472865104675293 1463
1784237861106 0.2063611000776291 1464
1784237861124 0.4459476172924042 1465
1784237861142 0.09411291778087616 1466
1784237861162 0.1313164383172989 1467
1784237861180 0.2990915775299072 1468
1784237861198 0.1344977766275406 1469
1784237861218 0.21045351028442383 1470
1784237861236 0.16775113344192505 1471
1784237861253 0.3567361533641815 1472
1784237861272 0.33877187967300415 1473
1784237861291 0.416570246219635 1474
1784237861306 0.15785430371761322 1475
1784237861323 0.16877354681491852 1476
1784237861341 0.047421522438526154 1477
1784237861356 0.1914294809103012 1478
1784237861374 0.2589983642101288 1479
1784237861392 0.04920051619410515 1480
1784237861409 0.2673715651035309 1481
1784237861424 0.10361335426568985 1482
1784237861439 0.19839689135551453 1483
1784237861456 0.5036342144012451 1484
1784237861473 0.34776803851127625 1485
1784237861490 0.24962401390075684 1486
1784237861506 0.21261079609394073 1487
1784237861522 0.29355254769325256 1488
1784237861537 0.255840003490448 1489
1784237861554 0.08427710086107254 1490
1784237861571 0.1406925916671753 1491
1784237861588 0.3370344936847687 1492
1784237861603 0.40081876516342163 1493
1784237861617 0.4245901107788086 1494
1784237861632 0.2181652933359146 1495
1784237861649 0.42426109313964844 1496
1784237861666 0.06893769651651382 1497
1784237861683 0.02779863402247429 1498
1784237861698 0.34119826555252075 1499
1784237861714 0.2326318323612213 1500
1784237861730 0.15025600790977478 1501
1784237861747 0.1841871589422226 1502
1784237861763 0.07476823031902313 1503
1784237861779 0.14442214369773865 1504
1784237861793 0.18255241215229034 1505
1784237861809 0.19960680603981018 1506
1784237861824 0.2743687927722931 1507
1784237861842 0.08246274292469025 1508
1784237861858 0.009329665452241898 1509
1784237861876 0.20074282586574554 1510
1784237861893 0.3651021420955658 1511
1784237861908 0.2392454892396927 1512
1784237861924 0.30174463987350464 1513
1784237861939 0.10740979015827179 1514
1784237861954 0.25659164786338806 1515
1784237861969 0.14026331901550293 1516
1784237861986 0.03647398203611374 1517
1784237862002 0.05254146456718445 1518
1784237862018 0.10501332581043243 1519
1784237862035 0.08993951231241226 1520
1784237862051 0.2727073132991791 1521
1784237862068 0.1723119467496872 1522
1784237862083 0.07864172756671906 1523
1784237862100 0.2540333867073059 1524
1784237862116 0.4407592713832855 1525
1784237862133 0.2904323935508728 1526
1784237862150 0.23246730864048004 1527
1784237862167 0.577492892742157 1528
1784237862183 0.09569966793060303 1529
1784237862199 0.24966704845428467 1530
1784237862216 0.2645140290260315 1531
1784237862233 0.37373265624046326 1532
1784237862248 0.13891132175922394 1533
1784237862266 0.18967635929584503 1534
1784237862281 0.2516556680202484 1535
1784237862295 0.09185950458049774 1536
1784237862311 0.13995662331581116 1537
1784237862325 0.15289424359798431 1538
1784237862342 0.12214089930057526 1539
1784237862356 0.06378302723169327 1540
1784237862370 0.15343821048736572 1541
1784237862385 0.1234438419342041 1542
1784237862401 0.3041521906852722 1543
1784237862417 0.12973010540008545 1544
1784237862433 0.3545338213443756 1545
1784237862449 0.028312206268310547 1546
1784237862463 0.04102196916937828 1547
1784237862482 0.33105242252349854 1548
1784237862499 0.240641787648201 1549
1784237862519 0.20634725689888 1550
1784237862535 0.16757948696613312 1551
1784237862553 0.2470969706773758 1552
1784237862569 0.17411164939403534 1553
1784237862589 0.033188264816999435 1554
1784237862606 0.21245433390140533 1555
1784237862623 0.2359897941350937 1556
1784237862639 0.1362290382385254 1557
1784237862654 0.11642209440469742 1558
1784237862669 0.3640497028827667 1559
1784237862686 0.06003361940383911 1560
1784237862705 0.12315355986356735 1561
1784237862724 0.2876403331756592 1562
1784237862745 0.15550504624843597 1563
1784237862765 0.1264294534921646 1564
1784237862786 0.1916436403989792 1565
1784237862805 0.17064842581748962 1566
1784237862823 0.13508620858192444 1567
1784237862848 0.13343465328216553 1568
1784237862863 0.24418231844902039 1569
1784237862880 0.2566888630390167 1570
1784237862895 0.042021144181489944 1571
1784237862910 0.04706352576613426 1572
1784237862928 0.1173761636018753 1573
1784237862954 0.11725810170173645 1574
1784237862973 0.144441157579422 1575
1784237862991 0.13057254254817963 1576
1784237863011 0.3393383324146271 1577
1784237863031 0.0924500823020935 1578
1784237863053 0.17939715087413788 1579
1784237863072 0.2502361238002777 1580
1784237863088 0.043662942945957184 1581
1784237863107 0.5961102247238159 1582
1784237863124 0.470935583114624 1583
1784237863142 0.1403752565383911 1584
1784237863158 0.10467231273651123 1585
1784237863176 0.18998609483242035 1586
1784237863194 0.46418309211730957 1587
1784237863217 0.24305424094200134 1588
1784237863238 0.2926044464111328 1589
1784237863259 0.16387616097927094 1590
1784237863277 0.1502927839756012 1591
1784237863295 0.06600653380155563 1592
1784237863310 0.25203457474708557 1593
1784237863328 0.1564984917640686 1594
1784237863344 0.2481553554534912 1595
1784237863361 0.08499336987733841 1596
1784237863385 0.1982545107603073 1597
1784237863404 0.2339276671409607 1598
1784237863421 0.09379822760820389 1599
1784237863442 0.22355538606643677 1600
1784237863460 0.5091886520385742 1601
1784237863483 0.2640526294708252 1602
1784237863499 0.25928744673728943 1603
1784237863517 0.2447049468755722 1604
1784237863534 0.27294009923934937 1605
1784237863549 0.26005980372428894 1606
1784237863567 0.1408798098564148 1607
1784237863583 0.17327791452407837 1608
1784237863614 0.37331002950668335 1609
1784237863631 0.5408852696418762 1610
1784237863647 0.16523541510105133 1611
1784237863660 0.19897004961967468 1612
1784237863678 0.07616083323955536 1613
1784237863695 0.31494268774986267 1614
1784237863711 0.3233097195625305 1615
1784237863727 0.5552890300750732 1616
1784237863747 0.4875147044658661 1617
1784237863764 0.10368820279836655 1618
1784237863783 0.45281022787094116 1619
1784237863799 0.13161568343639374 1620
1784237863818 0.11432022601366043 1621
1784237863839 0.17724484205245972 1622
1784237863854 0.12354707717895508 1623
1784237863868 0.05751742795109749 1624
1784237863894 0.15514697134494781 1625
1784237863910 0.3117879033088684 1626
1784237863930 0.4531926214694977 1627
1784237863947 0.4319750666618347 1628
1784237863965 0.15112434327602386 1629
1784237863983 0.23194552958011627 1630
1784237864004 0.31308943033218384 1631
1784237864022 0.08598937839269638 1632
1784237864044 0.09624198079109192 1633
1784237864061 0.2378108948469162 1634
1784237864077 0.28529858589172363 1635
1784237864103 0.1410917341709137 1636
1784237864123 0.25077563524246216 1637
1784237864145 0.19279474020004272 1638
1784237864164 0.19608598947525024 1639
1784237864181 0.033498287200927734 1640
1784237864197 0.20889241993427277 1641
1784237864215 0.11668914556503296 1642
1784237864237 0.12456278502941132 1643
1784237864258 0.2334469109773636 1644
1784237864278 0.24018494784832 1645
1784237864296 0.27010583877563477 1646
1784237864315 0.16194866597652435 1647
1784237864333 0.22464768588542938 1648
1784237864351 0.12744681537151337 1649
1784237864372 0.13109062612056732 1650
1784237864389 0.6208240389823914 1651
1784237864407 0.10794118791818619 1652
1784237864428 0.4377845823764801 1653
1784237864444 0.11724593490362167 1654
1784237864462 0.07186879962682724 1655
1784237864479 0.05416058003902435 1656
1784237864495 0.1285681128501892 1657
1784237864510 0.262736439704895 1658
1784237864526 0.034536901861429214 1659
1784237864540 0.4334658682346344 1660
1784237864556 0.16673853993415833 1661
1784237864572 0.1253567934036255 1662
1784237864586 0.3774939775466919 1663
1784237864600 0.06751257181167603 1664
1784237864617 0.08498813211917877 1665
1784237864632 0.11510702967643738 1666
1784237864647 0.23463885486125946 1667
1784237864662 0.09759187698364258 1668
1784237864679 0.12029619514942169 1669
1784237864694 0.17664802074432373 1670
1784237864708 0.1603199988603592 1671
1784237864725 0.14481863379478455 1672
1784237864746 0.08294656127691269 1673
1784237864764 0.42953190207481384 1674
1784237864782 0.17995089292526245 1675
1784237864801 0.16995972394943237 1676
1784237864815 0.06841981410980225 1677
1784237864832 0.1716655194759369 1678
1784237864849 0.15619659423828125 1679
1784237864865 0.18770870566368103 1680
1784237864882 0.06299733370542526 1681
1784237864897 0.1990140974521637 1682
1784237864912 0.3148297667503357 1683
1784237864930 0.1269988864660263 1684
1784237864949 0.0742073804140091 1685
1784237864965 0.059141457080841064 1686
1784237864980 0.1690165400505066 1687
1784237864995 0.04115142673254013 1688
1784237865011 0.19199763238430023 1689
1784237865025 0.22783853113651276 1690
1784237865041 0.2441556453704834 1691
1784237865055 0.22135186195373535 1692
1784237865070 0.13262175023555756 1693
1784237865085 0.1866830289363861 1694
1784237865098 0.15568684041500092 1695
1784237865114 0.03386687859892845 1696
1784237865130 0.36446064710617065 1697
1784237865146 0.30660152435302734 1698
1784237865161 0.18617255985736847 1699
1784237865176 0.061579909175634384 1700
1784237865192 0.19029222428798676 1701
1784237865208 0.2590961456298828 1702
1784237865221 0.32409337162971497 1703
1784237865235 0.10680883377790451 1704
1784237865248 0.2157067507505417 1705
1784237865263 0.011005490086972713 1706
1784237865281 0.3660830855369568 1707
1784237865297 0.12174708396196365 1708
1784237865312 0.12745025753974915 1709
1784237865328 0.13680782914161682 1710
1784237865345 0.09046639502048492 1711
1784237865361 0.104793019592762 1712
1784237865376 0.3199925422668457 1713
1784237865391 0.29278087615966797 1714
1784237865407 0.44341805577278137 1715
1784237865423 0.04098350927233696 1716
1784237865438 0.10539913922548294 1717
1784237865454 0.3216906487941742 1718
1784237865469 0.21356116235256195 1719
1784237865485 0.07493985444307327 1720
1784237865500 0.24675245583057404 1721
1784237865516 0.29048851132392883 1722
1784237865531 0.18798117339611053 1723
1784237865547 0.13945674896240234 1724
1784237865564 0.05872812867164612 1725
1784237865579 0.13033078610897064 1726
1784237865595 0.2199568748474121 1727
1784237865611 0.11613736301660538 1728
1784237865625 0.4115869104862213 1729
1784237865640 0.3496311902999878 1730
1784237865656 0.1257854849100113 1731
1784237865672 0.60600745677948 1732
1784237865689 0.07937043905258179 1733
1784237865703 0.3813551962375641 1734
1784237865719 0.11153613775968552 1735
1784237865733 0.2099616676568985 1736
1784237865766 0.17557977139949799 1737
1784237865782 0.2081003189086914 1738
1784237865797 0.24771274626255035 1739
1784237865812 0.2155207395553589 1740
1784237865827 0.2660585641860962 1741
1784237865842 0.3288050889968872 1742
1784237865857 0.07365559786558151 1743
1784237865872 0.11222297698259354 1744
1784237865888 0.08086607605218887 1745
1784237865903 0.06237266957759857 1746
1784237865920 0.09616466611623764 1747
1784237865935 0.5377803444862366 1748
1784237865951 0.06983830779790878 1749
1784237865967 0.2935558557510376 1750
1784237865981 0.14208203554153442 1751
1784237865996 0.09507115930318832 1752
1784237866014 0.2041633427143097 1753
1784237866030 0.08439579606056213 1754
1784237866048 0.12374111264944077 1755
1784237866064 0.13782469928264618 1756
1784237866081 0.08295737951993942 1757
1784237866097 0.13238945603370667 1758
1784237866113 0.06756976991891861 1759
1784237866129 0.13095340132713318 1760
1784237866146 0.15844975411891937 1761
1784237866165 0.2998349070549011 1762
1784237866182 0.298761785030365 1763
1784237866199 0.2156263142824173 1764
1784237866214 0.04432140663266182 1765
1784237866231 0.19645988941192627 1766
1784237866247 0.2756367623806 1767
1784237866264 0.0718112364411354 1768
1784237866282 0.3972424566745758 1769
1784237866300 0.3237669765949249 1770
1784237866316 0.15582223236560822 1771
1784237866333 0.11561001092195511 1772
1784237866351 0.1526579111814499 1773
1784237866368 0.11071836203336716 1774
1784237866385 0.037317708134651184 1775
1784237866401 0.4083559513092041 1776
1784237866420 0.24457652866840363 1777
1784237866436 0.427081823348999 1778
1784237866453 0.19379140436649323 1779
1784237866469 0.255525141954422 1780
1784237866486 0.1466483622789383 1781
1784237866503 0.3546784520149231 1782
1784237866519 0.2003229856491089 1783
1784237866536 0.2474222481250763 1784
1784237866552 0.09934868663549423 1785
1784237866567 0.188227117061615 1786
1784237866582 0.09685715287923813 1787
1784237866598 0.12725763022899628 1788
1784237866613 0.06760939210653305 1789
1784237866629 0.2038545459508896 1790
1784237866644 0.020410966128110886 1791
1784237866660 0.25179368257522583 1792
1784237866674 0.743655800819397 1793
1784237866692 0.20900645852088928 1794
1784237866710 0.16880835592746735 1795
1784237866724 0.278109073638916 1796
1784237866737 0.05131477862596512 1797
1784237866754 0.21940426528453827 1798
1784237866770 0.0983692929148674 1799
1784237866786 0.09232328832149506 1800
1784237866801 0.20903867483139038 1801
1784237866817 0.31621599197387695 1802
1784237866832 0.17931199073791504 1803
1784237866847 0.19925549626350403 1804
1784237866861 0.058673109859228134 1805
1784237866877 0.38060784339904785 1806
1784237866892 0.04542450234293938 1807
1784237866906 0.28211644291877747 1808
1784237866923 0.05374203622341156 1809
1784237866940 0.25134533643722534 1810
1784237866960 0.2589729130268097 1811
1784237866979 0.2043302357196808 1812
1784237866997 0.14136430621147156 1813
1784237867012 0.030637841671705246 1814
1784237867031 0.20530474185943604 1815
1784237867049 0.07528020441532135 1816
1784237867066 0.19131425023078918 1817
1784237867082 0.5726015567779541 1818
1784237867097 0.06763120740652084 1819
1784237867112 0.09745960682630539 1820
1784237867127 0.11632844805717468 1821
1784237867141 0.12821291387081146 1822
1784237867157 0.031846389174461365 1823
1784237867174 0.16927853226661682 1824
1784237867189 0.294216513633728 1825
1784237867205 0.06188324838876724 1826
1784237867221 0.12648622691631317 1827
1784237867237 0.18563055992126465 1828
1784237867250 0.14499516785144806 1829
1784237867266 0.18937431275844574 1830
1784237867279 0.09580988436937332 1831
1784237867293 0.0531952828168869 1832
1784237867307 0.0857529416680336 1833
1784237867320 0.1515449583530426 1834
1784237867337 0.2671022117137909 1835
1784237867352 0.11950977146625519 1836
1784237867368 0.2439628392457962 1837
1784237867383 0.09051572531461716 1838
1784237867398 0.14556069672107697 1839
1784237867414 0.09857217222452164 1840
1784237867430 0.49720099568367004 1841
1784237867445 0.34271544218063354 1842
1784237867459 0.2588261663913727 1843
1784237867477 0.09014783799648285 1844
1784237867492 0.045063555240631104 1845
1784237867507 0.1135016605257988 1846
1784237867524 0.13134688138961792 1847
1784237867540 0.46682649850845337 1848
1784237867556 0.2626411020755768 1849
1784237867571 0.12271252274513245 1850
1784237867586 0.01925615966320038 1851
1784237867599 0.12349433451890945 1852
1784237867613 0.46266278624534607 1853
1784237867629 0.07143265753984451 1854
1784237867643 0.21427781879901886 1855
1784237867659 0.16685500741004944 1856
1784237867673 0.06117378920316696 1857
1784237867689 0.4033915102481842 1858
1784237867705 0.25638920068740845 1859
1784237867720 0.20760901272296906 1860
1784237867736 0.14234378933906555 1861
1784237867751 0.11401878297328949 1862
1784237867765 0.09574007242918015 1863
1784237867780 0.1771678328514099 1864
1784237867794 0.1771920770406723 1865
1784237867809 0.033322181552648544 1866
1784237867824 0.037530675530433655 1867
1784237867839 0.19197334349155426 1868
1784237867854 0.11162447184324265 1869
1784237867871 0.19471119344234467 1870
1784237867886 0.030704393982887268 1871
1784237867901 0.07174672931432724 1872
1784237867918 0.2395230531692505 1873
1784237867933 0.04299427941441536 1874
1784237869449 0.036505959928035736 1875
1784237869465 0.07839567214250565 1876
1784237869483 0.22411584854125977 1877
1784237869501 0.12169497460126877 1878
1784237869516 0.19191937148571014 1879
1784237869532 0.07897670567035675 1880
1784237869551 0.11222079396247864 1881
1784237869566 0.28437408804893494 1882
1784237869587 0.039700206369161606 1883
1784237869612 0.13624531030654907 1884
1784237869639 0.09195763617753983 1885
1784237869664 0.061100974678993225 1886
1784237869723 0.342938095331192 1887
1784237869746 0.08985166996717453 1888
1784237869767 0.10716090351343155 1889
1784237869785 0.07318677008152008 1890
1784237869805 0.12831895053386688 1891
1784237869845 0.1240328699350357 1892
1784237869862 0.3495279848575592 1893
1784237869877 0.42499202489852905 1894
1784237869895 0.25580114126205444 1895
1784237869911 0.20120272040367126 1896
1784237869929 0.3097578287124634 1897
1784237869946 0.20114757120609283 1898
1784237869959 0.09043461084365845 1899
1784237869974 0.20456138253211975 1900
1784237869990 0.17190584540367126 1901
1784237870005 0.07685213536024094 1902
1784237870020 0.2281152904033661 1903
1784237870036 0.12727874517440796 1904
1784237870056 0.0917537659406662 1905
1784237870071 0.03537553921341896 1906
1784237870085 0.13363662362098694 1907
1784237870101 0.021889688447117805 1908
1784237870116 0.09608674794435501 1909
1784237870132 0.2773621380329132 1910
1784237870147 0.11028305441141129 1911
1784237870162 0.06525085866451263 1912
1784237870177 0.0476561076939106 1913
1784237870196 0.11905498802661896 1914
1784237870210 0.069828100502491 1915
1784237870224 0.7025445699691772 1916
1784237870239 0.08789487183094025 1917
1784237870254 0.1871207356452942 1918
1784237870270 0.20669347047805786 1919
1784237870286 0.03248318284749985 1920
1784237870303 0.09306274354457855 1921
1784237870388 0.21858760714530945 1922
1784237870407 0.036671243607997894 1923
1784237870425 0.06462384015321732 1924
1784237870441 0.16358821094036102 1925
1784237870458 0.3488224148750305 1926
1784237870474 0.2745872437953949 1927
1784237870489 0.11484064906835556 1928
1784237870503 0.2077205628156662 1929
1784237870517 0.01950790546834469 1930
1784237870534 0.02249939925968647 1931
1784237870550 0.18671497702598572 1932
1784237870566 0.16274268925189972 1933
1784237870582 0.05748758465051651 1934
1784237870595 0.04783402383327484 1935
1784237870612 0.14809134602546692 1936
1784237870626 0.10543078184127808 1937
1784237870642 0.11083557456731796 1938
1784237870658 0.13173609972000122 1939
1784237870675 0.10094834119081497 1940
1784237870689 0.11234530806541443 1941
1784237870704 0.36935698986053467 1942
1784237870718 0.04876846820116043 1943
1784237870731 0.011527822352945805 1944
1784237870747 0.0683526024222374 1945
1784237870765 0.0758303701877594 1946
1784237870782 0.05626872926950455 1947
1784237870796 0.04177454113960266 1948
1784237870813 0.336990088224411 1949
1784237870828 0.05050263926386833 1950
1784237870843 0.08714240044355392 1951
1784237870859 0.08384108543395996 1952
1784237870874 0.3400171399116516 1953
1784237870890 0.09166567772626877 1954
1784237870909 0.3469415605068207 1955
1784237870924 0.151256263256073 1956
1784237870939 0.30913540720939636 1957
1784237870954 0.1085546538233757 1958
1784237870971 0.08068656921386719 1959
1784237870985 0.20240885019302368 1960
1784237871000 0.03171931207180023 1961
1784237871015 0.2974207103252411 1962
1784237871031 0.27107083797454834 1963
1784237871047 0.026041338220238686 1964
1784237871062 0.3589622974395752 1965
1784237871077 0.0461113303899765 1966
1784237871092 0.20645971596240997 1967
1784237871113 0.06150611490011215 1968
1784237871128 0.059013161808252335 1969
1784237871144 0.07776963710784912 1970
1784237871158 0.0982569232583046 1971
1784237871173 0.20860543847084045 1972
1784237871187 0.11698848754167557 1973
1784237871202 0.556052565574646 1974
1784237871218 0.08878353238105774 1975
1784237871232 0.08678005635738373 1976
1784237871247 0.1288793534040451 1977
1784237871265 0.5593845248222351 1978
1784237871281 0.14151708781719208 1979
1784237871296 0.1530962586402893 1980
1784237871312 0.13578245043754578 1981
1784237871328 0.141281396150589 1982
1784237871343 0.10557637363672256 1983
1784237871358 0.1268414705991745 1984
1784237871373 0.047886960208415985 1985
1784237871388 0.2896786332130432 1986
1784237871415 0.09767621755599976 1987
1784237871434 0.033963363617658615 1988
1784237871453 0.19192305207252502 1989
1784237871472 0.2060731202363968 1990
1784237871491 0.1401875913143158 1991
1784237871508 0.24588370323181152 1992
1784237871522 0.03767786920070648 1993
1784237871545 0.36794573068618774 1994
1784237871566 0.09152548760175705 1995
1784237871583 0.043477289378643036 1996
1784237871599 0.09214974194765091 1997
1784237871615 0.3140127956867218 1998
1784237871631 0.26457270979881287 1999
1784237871647 0.06034759059548378 2000
1784237871663 0.15452761948108673 2001
1784237871678 0.14886796474456787 2002
1784237871694 0.3606742322444916 2003
1784237871709 0.3198322653770447 2004
1784237871725 0.16960391402244568 2005
1784237871740 0.0513407364487648 2006
1784237871755 0.1798364669084549 2007
1784237871770 0.13279028236865997 2008
1784237871785 0.21578632295131683 2009
1784237871800 0.038120318204164505 2010
1784237871813 0.21905578672885895 2011
1784237871829 0.13577502965927124 2012
1784237871850 0.11232385039329529 2013
1784237871866 0.15321360528469086 2014
1784237871879 0.15399715304374695 2015
1784237871895 0.04495212808251381 2016
1784237871911 0.14355140924453735 2017
1784237871925 0.2001943290233612 2018
1784237871941 0.29074475169181824 2019
1784237871955 0.16771060228347778 2020
1784237871971 0.2542032301425934 2021
1784237871986 0.17528289556503296 2022
1784237872001 0.3390476107597351 2023
1784237872018 0.10911934822797775 2024
1784237872034 0.4059302806854248 2025
1784237872050 0.07515356689691544 2026
1784237872066 0.19737575948238373 2027
1784237872079 0.1292017549276352 2028
1784237872094 0.0914415717124939 2029
1784237872108 0.03359757363796234 2030
1784237872123 0.028973989188671112 2031
1784237872139 0.1174326092004776 2032
1784237872157 0.07525859028100967 2033
1784237872174 0.23253384232521057 2034
1784237872188 0.020907342433929443 2035
1784237872203 0.050251591950654984 2036
1784237872218 0.05999431386590004 2037
1784237872232 0.03573914244771004 2038
1784237872246 0.40631622076034546 2039
1784237872262 0.09724906831979752 2040
1784237872277 0.14883820712566376 2041
1784237872290 0.1143798902630806 2042
1784237872306 0.3142533004283905 2043
1784237872319 0.3150317072868347 2044
1784237872332 0.07804352790117264 2045
1784237872346 0.24215176701545715 2046
1784237872362 0.5386286377906799 2047
1784237872377 0.10614985972642899 2048
1784237872392 0.11544977128505707 2049
1784237872408 0.0474802702665329 2050
1784237872425 0.28593406081199646 2051
1784237872441 0.08953526616096497 2052
1784237872455 0.17269225418567657 2053
1784237872472 0.046492960304021835 2054
1784237872486 0.2888006269931793 2055
1784237872501 0.35984423756599426 2056
1784237872518 0.09827728569507599 2057
1784237872533 0.133999764919281 2058
1784237872548 0.2158166617155075 2059
1784237872562 0.3065091073513031 2060
1784237872577 0.18562692403793335 2061
1784237872592 0.1781279742717743 2062
1784237872609 0.1977531760931015 2063
1784237872624 0.12914243340492249 2064
1784237872639 0.2923322916030884 2065
1784237872653 0.1974067986011505 2066
1784237872669 0.027591116726398468 2067
1784237872684 0.11865298449993134 2068
1784237872700 0.17122584581375122 2069
1784237872716 0.29379042983055115 2070
1784237872731 0.24031466245651245 2071
1784237872746 0.04908246174454689 2072
1784237872765 0.17997248470783234 2073
1784237872780 0.026494640856981277 2074
1784237872795 0.35210636258125305 2075
1784237872811 0.14827702939510345 2076
1784237872826 0.15258684754371643 2077
1784237872841 0.06488925218582153 2078
1784237872858 0.4132815897464752 2079
1784237872875 0.1482967585325241 2080
1784237872890 0.0737246572971344 2081
1784237872904 0.030657101422548294 2082
1784237872921 0.08591098338365555 2083
1784237872937 0.1731559932231903 2084
1784237872952 0.07221318036317825 2085
1784237872968 0.34086868166923523 2086
1784237872984 0.043090805411338806 2087
1784237872999 0.23447397351264954 2088
1784237873015 0.14116054773330688 2089
1784237873031 0.0957699790596962 2090
1784237873047 0.06821117550134659 2091
1784237873062 0.07661513239145279 2092
1784237873076 0.1475582867860794 2093
1784237873089 0.14851798117160797 2094
1784237873105 0.10247574746608734 2095
1784237873121 0.0772663876414299 2096
1784237873136 0.28145265579223633 2097
1784237873151 0.3129855990409851 2098
1784237873166 0.32988372445106506 2099
1784237873181 0.24380159378051758 2100
1784237873197 0.04181007295846939 2101
1784237873212 0.07397603988647461 2102
1784237873226 0.08912288397550583 2103
1784237873241 0.06695949286222458 2104
1784237873258 0.23118740320205688 2105
1784237873272 0.15579748153686523 2106
1784237873288 0.2524731755256653 2107
1784237873308 0.25385987758636475 2108
1784237873324 0.32364729046821594 2109
1784237873341 0.07895293086767197 2110
1784237873358 0.03121323138475418 2111
1784237873373 0.23410773277282715 2112
1784237873388 0.10967966914176941 2113
1784237873404 0.053603045642375946 2114
1784237873421 0.18220193684101105 2115
1784237873441 0.12088536471128464 2116
1784237873459 0.16330532729625702 2117
1784237873474 0.06752888858318329 2118
1784237873492 0.048720598220825195 2119
1784237873508 0.08672129362821579 2120
1784237873533 0.08993902057409286 2121
1784237873549 0.06216387450695038 2122
1784237873565 0.10603130608797073 2123
1784237873578 0.02489664778113365 2124
1784237873592 0.2119588851928711 2125
1784237873610 0.19921395182609558 2126
1784237873625 0.17541876435279846 2127
1784237873641 0.25604841113090515 2128
1784237873656 0.17312438786029816 2129
1784237873672 0.10498395562171936 2130
1784237873693 0.11638398468494415 2131
1784237873712 0.03265015408396721 2132
1784237873732 0.06039884686470032 2133
1784237873749 0.48404181003570557 2134
1784237873768 0.051711246371269226 2135
1784237873785 0.26945871114730835 2136
1784237873801 0.012747998349368572 2137
1784237873818 0.14624063670635223 2138
1784237873836 0.04276227205991745 2139
1784237873852 0.015435642562806606 2140
1784237873867 0.17439396679401398 2141
1784237873883 0.09264834970235825 2142
1784237873900 0.2926452159881592 2143
1784237873916 0.033027276396751404 2144
1784237873931 0.1071067675948143 2145
1784237873948 0.09732700139284134 2146
1784237873963 0.02768954448401928 2147
1784237873978 0.1222064420580864 2148
1784237873995 0.09246836602687836 2149
1784237874011 0.05967610701918602 2150
1784237874027 0.10429124534130096 2151
1784237874043 0.22286692261695862 2152
1784237874056 0.20831352472305298 2153
1784237874070 0.20263205468654633 2154
1784237874085 0.06693077832460403 2155
1784237874099 0.1987069994211197 2156
1784237874112 0.1608903408050537 2157
1784237874125 0.11920883506536484 2158
1784237874139 0.07275642454624176 2159
1784237874156 0.41546711325645447 2160
1784237874172 0.22814300656318665 2161
1784237874186 0.20452691614627838 2162
1784237874204 0.10424153506755829 2163
1784237874221 0.18770313262939453 2164
1784237874238 0.061166130006313324 2165
1784237874252 0.23980726301670074 2166
1784237874267 0.05227600410580635 2167
1784237874282 0.12260172516107559 2168
1784237874297 0.34145402908325195 2169
1784237874313 0.11652099341154099 2170
1784237874328 0.12398747354745865 2171
1784237874343 0.07327312976121902 2172
1784237874358 0.2881399393081665 2173
1784237874372 0.043868690729141235 2174
1784237874387 0.27005985379219055 2175
1784237874402 0.18382114171981812 2176
1784237874416 0.2923274636268616 2177
1784237874433 0.17609882354736328 2178
1784237874449 0.21209150552749634 2179
1784237874465 0.16864894330501556 2180
1784237874480 0.4920457899570465 2181
1784237874495 0.1809457689523697 2182
1784237874510 0.06030329689383507 2183
1784237874527 0.18583276867866516 2184
1784237874544 0.2813393473625183 2185
1784237874560 0.14845061302185059 2186
1784237874575 0.009400194510817528 2187
1784237874589 0.20577381551265717 2188
1784237874605 0.10062448680400848 2189
1784237874618 0.16899967193603516 2190
1784237874633 0.06402140110731125 2191
1784237874648 0.3149154484272003 2192
1784237874663 0.09888650476932526 2193
1784237874678 0.16123129427433014 2194
1784237874692 0.02640334703028202 2195
1784237874708 0.1676340401172638 2196
1784237874721 0.2521548867225647 2197
1784237874735 0.08598301559686661 2198
1784237874752 0.1260707825422287 2199
1784237874769 0.10775355994701385 2200
1784237874783 0.10457369685173035 2201
1784237874798 0.33142828941345215 2202
1784237874813 0.19709539413452148 2203
1784237874829 0.06429589539766312 2204
1784237874844 0.0237184539437294 2205
1784237874860 0.15931805968284607 2206
1784237874875 0.1107230857014656 2207
1784237874888 0.15517134964466095 2208
1784237874903 0.042791951447725296 2209
1784237874918 0.2530117630958557 2210
1784237874934 0.11762063205242157 2211
1784237874949 0.13560031354427338 2212
1784237874979 0.05923331901431084 2213
1784237874996 0.027968553826212883 2214
1784237875012 0.09592539072036743 2215
1784237875027 0.033618465065956116 2216
1784237875043 0.08079499751329422 2217
1784237875058 0.19307079911231995 2218
1784237875074 0.14288346469402313 2219
1784237875089 0.09897339344024658 2220
1784237875104 0.498635470867157 2221
1784237875119 0.02505265735089779 2222
1784237875135 0.15623758733272552 2223
1784237875150 0.09981659054756165 2224
1784237875165 0.4956957995891571 2225
1784237875180 0.22213144600391388 2226
1784237875196 0.1340217888355255 2227
1784237875213 0.06733885407447815 2228
1784237875228 0.23733389377593994 2229
1784237875244 0.18721018731594086 2230
1784237875260 0.21852724254131317 2231
1784237875275 0.09858646988868713 2232
1784237875289 0.09941381216049194 2233
1784237875305 0.19749781489372253 2234
1784237875321 0.03884967416524887 2235
1784237875334 0.09685763716697693 2236
1784237875349 0.1492484211921692 2237
1784237875365 0.12743748724460602 2238
1784237875380 0.06471902132034302 2239
1784237875395 0.22068414092063904 2240
1784237875411 0.48398423194885254 2241
1784237875427 0.4285021424293518 2242
1784237875443 0.02406356669962406 2243
1784237875457 0.24874132871627808 2244
1784237875473 0.05051859840750694 2245
1784237875487 0.12489987164735794 2246
1784237875503 0.10487005859613419 2247
1784237875518 0.12723569571971893 2248
1784237875534 0.20956236124038696 2249
1784237875550 0.03332482650876045 2250
1784237875565 0.0727151557803154 2251
1784237875581 0.13878391683101654 2252
1784237875596 0.27365177869796753 2253
1784237875611 0.0982959121465683 2254
1784237875626 0.03421783819794655 2255
1784237875642 0.10399983078241348 2256
1784237875656 0.15948985517024994 2257
1784237875670 0.07440478354692459 2258
1784237875685 0.047492630779743195 2259
1784237875699 0.11000774055719376 2260
1784237875715 0.028256073594093323 2261
1784237875732 0.292393296957016 2262
1784237875746 0.27789032459259033 2263
1784237875763 0.1361241489648819 2264
1784237875778 0.10079316794872284 2265
1784237875792 0.1618329882621765 2266
1784237875807 0.21996256709098816 2267
1784237875822 0.082146055996418 2268
1784237875839 0.16568349301815033 2269
1784237875854 0.2700447738170624 2270
1784237875869 0.03742412477731705 2271
1784237875885 0.0693371444940567 2272
1784237875903 0.1875186562538147 2273
1784237875922 0.16553173959255219 2274
1784237875941 0.14691796898841858 2275
1784237875962 0.03946572169661522 2276
1784237875979 0.1698431670665741 2277
1784237875997 0.22268128395080566 2278
1784237876016 0.3979206681251526 2279
1784237876032 0.19256824254989624 2280
1784237876048 0.22126568853855133 2281
1784237876063 0.010142713785171509 2282
1784237876080 0.10176388919353485 2283
1784237876096 0.04421328753232956 2284
1784237876112 0.03610723093152046 2285
1784237876128 0.3550163209438324 2286
1784237876145 0.1617324948310852 2287
1784237876162 0.034431591629981995 2288
1784237876178 0.04766763374209404 2289
1784237876195 0.08412764221429825 2290
1784237876211 0.13865447044372559 2291
1784237876227 0.043501488864421844 2292
1784237876245 0.03672270476818085 2293
1784237876263 0.09390395879745483 2294
1784237876279 0.12113258987665176 2295
1784237876294 0.3908405900001526 2296
1784237876313 0.010968283750116825 2297
1784237876332 0.07447033375501633 2298
1784237876348 0.05728033185005188 2299
1784237876365 0.06900830566883087 2300
1784237876381 0.015930546447634697 2301
1784237876397 0.16959336400032043 2302
1784237876413 0.12695465981960297 2303
1784237876431 0.13264712691307068 2304
1784237876449 0.46891096234321594 2305
1784237876466 0.20110464096069336 2306
1784237876481 0.0308453980833292 2307
1784237876498 0.07605601102113724 2308
1784237876515 0.17274107038974762 2309
1784237876531 0.1553465873003006 2310
1784237876547 0.3089863061904907 2311
1784237876565 0.10433035343885422 2312
1784237876582 0.025075877085328102 2313
1784237876599 0.06006213277578354 2314
1784237876615 0.20071366429328918 2315
1784237876632 0.26190000772476196 2316
1784237876649 0.12210776656866074 2317
1784237876665 0.19777531921863556 2318
1784237876682 0.37722137570381165 2319
1784237876698 0.08572573959827423 2320
1784237876715 0.17762331664562225 2321
1784237876731 0.12572360038757324 2322
1784237876747 0.021651295945048332 2323
1784237876760 0.030545998364686966 2324
1784237876774 0.07305324822664261 2325
1784237876786 0.0719483345746994 2326
1784237876800 0.16226047277450562 2327
1784237876814 0.027335070073604584 2328
1784237876830 0.09997978806495667 2329
1784237876845 0.020817624405026436 2330
1784237876861 0.37212732434272766 2331
1784237876877 0.203219473361969 2332
1784237876891 0.045468322932720184 2333
1784237876906 0.23288682103157043 2334
1784237876923 0.1799817830324173 2335
1784237876936 0.09270220249891281 2336
1784237876950 0.1779058575630188 2337
1784237876966 0.1339363008737564 2338
1784237876981 0.08557640016078949 2339
1784237876998 0.0772818922996521 2340
1784237877013 0.2049691081047058 2341
1784237877030 0.06817837804555893 2342
1784237877045 0.3505757451057434 2343
1784237877060 0.12583473324775696 2344
1784237877077 0.26143068075180054 2345
1784237877092 0.2518487572669983 2346
1784237877106 0.08861847221851349 2347
1784237877121 0.07856155186891556 2348
1784237877137 0.03336961567401886 2349
1784237877155 0.16358526051044464 2350
1784237877171 0.1982049196958542 2351
1784237877187 0.3013582229614258 2352
1784237877203 0.0978035032749176 2353
1784237877220 0.018344229087233543 2354
1784237877234 0.25283297896385193 2355
1784237877252 0.05796501785516739 2356
1784237877268 0.13108950853347778 2357
1784237877284 0.27825507521629333 2358
1784237877298 0.22192253172397614 2359
1784237877313 0.17239175736904144 2360
1784237877328 0.17143316566944122 2361
1784237877343 0.2705408036708832 2362
1784237877359 0.16497020423412323 2363
1784237877375 0.06325569748878479 2364
1784237877390 0.11162491887807846 2365
1784237877404 0.07395509630441666 2366
1784237877419 0.068226657807827 2367
1784237877433 0.15794874727725983 2368
1784237877449 0.2886955142021179 2369
1784237877464 0.20291467010974884 2370
1784237877480 0.017121288925409317 2371
1784237877494 0.26351824402809143 2372
1784237877509 0.02434515580534935 2373
1784237877525 0.1065552681684494 2374
1784237877540 0.12192035466432571 2375
1784237877555 0.22933362424373627 2376
1784237877570 0.40512749552726746 2377
1784237877586 0.24476666748523712 2378
1784237877601 0.1439688801765442 2379
1784237877617 0.16018304228782654 2380
1784237877632 0.1467777043581009 2381
1784237877647 0.08869495242834091 2382
1784237877662 0.06311384588479996 2383
1784237877677 0.1375003606081009 2384
1784237877692 0.06457512080669403 2385
1784237877706 0.3694867491722107 2386
1784237877723 0.1328546553850174 2387
1784237877737 0.17730407416820526 2388
1784237877751 0.31292974948883057 2389
1784237877766 0.013716144487261772 2390
1784237877781 0.24819454550743103 2391
1784237877795 0.1338362842798233 2392
1784237877810 0.13165509700775146 2393
1784237877824 0.14389550685882568 2394
1784237877839 0.14042477309703827 2395
1784237877853 0.22553211450576782 2396
1784237877868 0.3759770691394806 2397
1784237877883 0.5714254379272461 2398
1784237877897 0.26984703540802 2399
1784237877912 0.09413661062717438 2400
1784237877928 0.12086521089076996 2401
1784237877943 0.10203786939382553 2402
1784237877959 0.3916378617286682 2403
1784237877975 0.10758906602859497 2404
1784237877990 0.06434348970651627 2405
1784237878005 0.17050033807754517 2406
1784237878019 0.12205589562654495 2407
1784237878035 0.07122046500444412 2408
1784237878051 0.16564986109733582 2409
1784237878066 0.06831938028335571 2410
1784237878080 0.05407946929335594 2411
1784237878097 0.16834093630313873 2412
1784237878115 0.10242066532373428 2413
1784237878131 0.14193864166736603 2414
1784237878147 0.05630698427557945 2415
1784237878167 0.1250930279493332 2416
1784237878182 0.27605152130126953 2417
1784237878201 0.26066282391548157 2418
1784237878219 0.10922299325466156 2419
1784237878236 0.05341150984168053 2420
1784237878254 0.08238991349935532 2421
1784237878272 0.21247825026512146 2422
1784237878287 0.12662747502326965 2423
1784237878303 0.10304958373308182 2424
1784237878319 0.07716276496648788 2425
1784237878333 0.1394204944372177 2426
1784237878348 0.06114666163921356 2427
1784237878364 0.33019325137138367 2428
1784237878384 0.08818351477384567 2429
1784237878398 0.20013688504695892 2430
1784237878412 0.14884495735168457 2431
1784237878428 0.18032385408878326 2432
1784237878444 0.02466255985200405 2433
1784237878457 0.08178216964006424 2434
1784237878472 0.0748734325170517 2435
1784237878487 0.04933372512459755 2436
1784237878503 0.02016749605536461 2437
1784237878517 0.3382777273654938 2438
1784237878532 0.07390565425157547 2439
1784237878547 0.18687014281749725 2440
1784237878564 0.09855181723833084 2441
1784237878578 0.12065187841653824 2442
1784237878594 0.4646253287792206 2443
1784237878609 0.01572529412806034 2444
1784237878625 0.029120173305273056 2445
1784237878640 0.15204238891601562 2446
1784237878654 0.1824786216020584 2447
1784237878670 0.031544968485832214 2448
1784237878684 0.032140783965587616 2449
1784237878700 0.07183180004358292 2450
1784237878714 0.12209442257881165 2451
1784237878728 0.024378366768360138 2452
1784237878744 0.23781226575374603 2453
1784237878759 0.13004012405872345 2454
1784237878774 0.18129116296768188 2455
1784237878788 0.10240250825881958 2456
1784237878804 0.025326140224933624 2457
1784237878819 0.41695746779441833 2458
1784237878834 0.040883708745241165 2459
1784237878849 0.1336202472448349 2460
1784237878863 0.014877386391162872 2461
1784237878877 0.09927985817193985 2462
1784237878891 0.1597735434770584 2463
1784237878906 0.27302390336990356 2464
1784237878920 0.4150662124156952 2465
1784237878935 0.1930593103170395 2466
1784237878952 0.03281312435865402 2467
1784237878968 0.19405987858772278 2468
1784237878986 0.10542592406272888 2469
1784237879002 0.3393699824810028 2470
1784237879025 0.06742914021015167 2471
1784237879042 0.2356310486793518 2472
1784237879057 0.09174009412527084 2473
1784237879072 0.044047869741916656 2474
1784237879088 0.16884319484233856 2475
1784237879102 0.03300068899989128 2476
1784237879117 0.3908444941043854 2477
1784237879132 0.02226289175450802 2478
1784237879149 0.13100992143154144 2479
1784237879163 0.06488470733165741 2480
1784237879178 0.07399509102106094 2481
1784237879194 0.038981273770332336 2482
1784237879209 0.18518944084644318 2483
1784237879225 0.3420642018318176 2484
1784237879240 0.015870559960603714 2485
1784237879257 0.09580124169588089 2486
1784237879273 0.12951268255710602 2487
1784237879288 0.06572173535823822 2488
1784237879304 0.24777773022651672 2489
1784237879318 0.06793110072612762 2490
1784237879333 0.07041367888450623 2491
1784237879348 0.030352840200066566 2492
1784237879365 0.3610151410102844 2493
1784237879379 0.08998014032840729 2494
1784237879393 0.24873606860637665 2495
1784237879408 0.10080556571483612 2496
1784237879421 0.06169798970222473 2497
1784237879436 0.1786561906337738 2498
1784237879451 0.12635503709316254 2499
1784237879467 0.06921391189098358 2500
1784237879480 0.07015269249677658 2501
1784237879495 0.15354229509830475 2502
1784237879511 0.23367367684841156 2503
1784237879524 0.13340754806995392 2504
1784237879539 0.01553923636674881 2505
1784237879555 0.21571031212806702 2506
1784237879570 0.20598511397838593 2507
1784237879585 0.16056907176971436 2508
1784237879600 0.02023852989077568 2509
1784237879614 0.2059694230556488 2510
1784237879629 0.32922908663749695 2511
1784237879645 0.016189411282539368 2512
1784237879660 0.047617439180612564 2513
1784237879676 0.3795987665653229 2514
1784237879692 0.0793590173125267 2515
1784237879708 0.5282395482063293 2516
1784237879723 0.01064403634518385 2517
1784237879738 0.04659085348248482 2518
1784237879754 0.09428270161151886 2519
1784237879769 0.019270263612270355 2520
1784237879784 0.1834244430065155 2521
1784237879799 0.15897342562675476 2522
1784237879814 0.2477189004421234 2523
1784237879829 0.107088603079319 2524
1784237879845 0.13274553418159485 2525
1784237879860 0.1986783742904663 2526
1784237879874 0.1139153465628624 2527
1784237879888 0.29530227184295654 2528
1784237879904 0.21745863556861877 2529
1784237879920 0.06465554237365723 2530
1784237879938 0.003082579467445612 2531
1784237879953 0.007658775895833969 2532
1784237879968 0.05821783468127251 2533
1784237879983 0.22084614634513855 2534
1784237879997 0.069754458963871 2535
1784237880014 0.09468343108892441 2536
1784237880033 0.13498425483703613 2537
1784237880051 0.07236533612012863 2538
1784237880067 0.10362346470355988 2539
1784237880083 0.037339042872190475 2540
1784237880100 0.13994912803173065 2541
1784237880115 0.06369589269161224 2542
1784237880131 0.015024768188595772 2543
1784237880147 0.20559360086917877 2544
1784237880163 0.10736866295337677 2545
1784237880180 0.2772217094898224 2546
1784237880197 0.06769915670156479 2547
1784237880213 0.03929245099425316 2548
1784237880229 0.13788913190364838 2549
1784237880244 0.2334834188222885 2550
1784237880261 0.2715505063533783 2551
1784237880277 0.04769614711403847 2552
1784237880294 0.12299065291881561 2553
1784237880310 0.09555038809776306 2554
1784237880324 0.11918913573026657 2555
1784237880342 0.029384516179561615 2556
1784237880359 0.04220587760210037 2557
1784237880375 0.21897150576114655 2558
1784237880391 0.27350232005119324 2559
1784237880407 0.23523090779781342 2560
1784237880425 0.0497937947511673 2561
1784237880444 0.04118950292468071 2562
1784237880461 0.309896856546402 2563
1784237880481 0.11570291966199875 2564
1784237880498 0.17520801723003387 2565
1784237880516 0.3111889362335205 2566
1784237880532 0.16585765779018402 2567
1784237880548 0.08599740266799927 2568
1784237880565 0.07165978848934174 2569
1784237880582 0.1542430967092514 2570
1784237880599 0.17960253357887268 2571
1784237880617 0.3073697090148926 2572
1784237880634 0.1681187003850937 2573
1784237880650 0.10918349027633667 2574
1784237880665 0.10641376674175262 2575
1784237880679 0.04381857439875603 2576
1784237880693 0.06121448799967766 2577
1784237880708 0.30571475625038147 2578
1784237880723 0.06394114345312119 2579
1784237880738 0.34413236379623413 2580
1784237880757 0.08091102540493011 2581
1784237880774 0.06006596237421036 2582
1784237880790 0.10376325994729996 2583
1784237880808 0.07324081659317017 2584
1784237880824 0.07033515721559525 2585
1784237880839 0.11902224272489548 2586
1784237880854 0.252180814743042 2587
1784237880870 0.09462404251098633 2588
1784237880885 0.10318177938461304 2589
1784237880900 0.006771180313080549 2590
1784237880916 0.28337377309799194 2591
1784237880933 0.06874001026153564 2592
1784237880948 0.21476490795612335 2593
1784237880963 0.07507142424583435 2594
1784237880979 0.08935067057609558 2595
1784237880994 0.01695292256772518 2596
1784237881010 0.11294127255678177 2597
1784237881026 0.05241534113883972 2598
1784237881042 0.07683480530977249 2599
1784237881058 0.06453587114810944 2600
1784237881073 0.12060646712779999 2601
1784237881087 0.25299960374832153 2602
1784237881103 0.10836215317249298 2603
1784237881119 0.0675022080540657 2604
1784237881133 0.15001115202903748 2605
1784237881149 0.2829076945781708 2606
1784237881165 0.11091677844524384 2607
1784237881179 0.07589690387248993 2608
1784237881192 0.08221321552991867 2609
1784237881210 0.07206851989030838 2610
1784237881231 0.24306854605674744 2611
1784237881247 0.08195237815380096 2612
1784237881262 0.030974848195910454 2613
1784237881278 0.074916310608387 2614
1784237881294 0.012126369401812553 2615
1784237881311 0.043722569942474365 2616
1784237881327 0.1669698804616928 2617
1784237881344 0.13631358742713928 2618
1784237881361 0.24971984326839447 2619
1784237881376 0.14247359335422516 2620
1784237881392 0.11287868022918701 2621
1784237881409 0.06316935271024704 2622
1784237881424 0.1565203219652176 2623
1784237881440 0.02892797440290451 2624
1784237881455 0.043577857315540314 2625
1784237881471 0.29128238558769226 2626
1784237881486 0.40374118089675903 2627
1784237881502 0.04513131082057953 2628
1784237881517 0.19525498151779175 2629
1784237881531 0.15220056474208832 2630
1784237881547 0.09229851514101028 2631
1784237881563 0.16369867324829102 2632
1784237881578 0.7238060235977173 2633
1784237881594 0.26151490211486816 2634
1784237881609 0.15783552825450897 2635
1784237881624 0.17876020073890686 2636
1784237881639 0.008924977853894234 2637
1784237881656 0.11817733943462372 2638
1784237881670 0.21582205593585968 2639
1784237881685 0.14436742663383484 2640
1784237881701 0.20387543737888336 2641
1784237881718 0.27750861644744873 2642
1784237881735 0.13521569967269897 2643
1784237881751 0.2571268379688263 2644
1784237881766 0.044171448796987534 2645
1784237881780 0.14412149786949158 2646
1784237881796 0.19964265823364258 2647
1784237881812 0.16091197729110718 2648
1784237881827 0.15079174935817719 2649
1784237881843 0.2202475219964981 2650
1784237881859 0.18349289894104004 2651
1784237881874 0.15701141953468323 2652
1784237881888 0.13594894111156464 2653
1784237881903 0.18318192660808563 2654
1784237881918 0.0831456333398819 2655
1784237881933 0.2018224596977234 2656
1784237881949 0.05169111490249634 2657
1784237881963 0.0999620258808136 2658
1784237881976 0.19908703863620758 2659
1784237881990 0.1974053829908371 2660
1784237882006 0.13256165385246277 2661
1784237882021 0.06241298094391823 2662
1784237882037 0.03274136036634445 2663
1784237882051 0.09337200224399567 2664
1784237882068 0.22037549316883087 2665
1784237882083 0.188266322016716 2666
1784237882099 0.045660730451345444 2667
1784237882115 0.021389760076999664 2668
1784237882131 0.1389142870903015 2669
1784237882147 0.013380477204918861 2670
1784237882162 0.16467197239398956 2671
1784237882176 0.2936915457248688 2672
1784237882192 0.25148651003837585 2673
1784237882207 0.11069803684949875 2674
1784237882222 0.03251776471734047 2675
1784237882239 0.17639118432998657 2676
1784237882253 0.18652701377868652 2677
1784237882269 0.11165162175893784 2678
1784237882284 0.0827680230140686 2679
1784237882300 0.19717225432395935 2680
1784237882315 0.27115997672080994 2681
1784237882329 0.05589241907000542 2682
1784237882343 0.03735034540295601 2683
1784237882358 0.07819061726331711 2684
1784237882372 0.22934119403362274 2685
1784237882385 0.09367085248231888 2686
1784237882400 0.10433560609817505 2687
1784237882415 0.01811661198735237 2688
1784237882434 0.4473034739494324 2689
1784237882449 0.022876612842082977 2690
1784237882464 0.19366681575775146 2691
1784237882479 0.30642300844192505 2692
1784237882493 0.38724708557128906 2693
1784237882508 0.03137525916099548 2694
1784237882525 0.34554728865623474 2695
1784237882541 0.10138807445764542 2696
1784237882555 0.06818144023418427 2697
1784237882571 0.29851964116096497 2698
1784237882587 0.07933066785335541 2699
1784237882602 0.30556854605674744 2700
1784237882617 0.08026387542486191 2701
1784237882633 0.10463559627532959 2702
1784237882652 0.0986030325293541 2703
1784237882670 0.14374959468841553 2704
1784237882686 0.20117805898189545 2705
1784237882703 0.04968535155057907 2706
1784237882720 0.10352344810962677 2707
1784237882737 0.16792809963226318 2708
1784237882755 0.24897076189517975 2709
1784237882771 0.23024483025074005 2710
1784237882786 0.166474387049675 2711
1784237882803 0.19374795258045197 2712
1784237882819 0.41793617606163025 2713
1784237882835 0.1067684069275856 2714
1784237882852 0.04987356811761856 2715
1784237882866 0.019614409655332565 2716
1784237882879 0.050422489643096924 2717
1784237882894 0.12327544391155243 2718
1784237882909 0.15386953949928284 2719
1784237882926 0.09307616204023361 2720
1784237882942 0.239053875207901 2721
1784237882957 0.11332660913467407 2722
1784237882972 0.2598453164100647 2723
1784237882986 0.20637795329093933 2724
1784237883001 0.049305420368909836 2725
1784237883017 0.018750905990600586 2726
1784237883032 0.10490844398736954 2727
1784237883048 0.1445039063692093 2728
1784237883070 0.5263761878013611 2729
1784237883086 0.30166804790496826 2730
1784237883102 0.024985291063785553 2731
1784237883117 0.20289836823940277 2732
1784237883132 0.07196418941020966 2733
1784237883147 0.3107348680496216 2734
1784237883162 0.049101416021585464 2735
1784237883178 0.138602152466774 2736
1784237883192 0.08135498315095901 2737
1784237883208 0.04860652610659599 2738
1784237883224 0.06355604529380798 2739
1784237883242 0.2613043487071991 2740
1784237883257 0.04517665505409241 2741
1784237883273 0.14683657884597778 2742
1784237883289 0.015182025730609894 2743
1784237883304 0.028223898261785507 2744
1784237883318 0.06971628963947296 2745
1784237883335 0.22745439410209656 2746
1784237883349 0.19563600420951843 2747
1784237883364 0.018722299486398697 2748
1784237883378 0.21475830674171448 2749
1784237883394 0.2032061517238617 2750
1784237883410 0.10435300320386887 2751
1784237883425 0.1790582537651062 2752
1784237883440 0.32272055745124817 2753
1784237883456 0.22314494848251343 2754
1784237883472 0.02860628068447113 2755
1784237883486 0.1569465696811676 2756
1784237883499 0.08908986300230026 2757
1784237883512 0.12174836546182632 2758
1784237883527 0.0841708779335022 2759
1784237883543 0.1324445605278015 2760
1784237883558 0.027263542637228966 2761
1784237883574 0.15801802277565002 2762
1784237883590 0.007696826010942459 2763
1784237883603 0.07625653594732285 2764
1784237883621 0.11814748495817184 2765
1784237883637 0.03492806479334831 2766
1784237883653 0.10986162722110748 2767
1784237883667 0.11705135554075241 2768
1784237883681 0.016414117068052292 2769
1784237883695 0.14869098365306854 2770
1784237883710 0.057309117168188095 2771
1784237883725 0.09383930265903473 2772
1784237883741 0.047478605061769485 2773
1784237883755 0.14283598959445953 2774
1784237883769 0.03884414583444595 2775
1784237883785 0.05436885729432106 2776
1784237883801 0.19568531215190887 2777
1784237883818 0.15010607242584229 2778
1784237883833 0.03153364732861519 2779
1784237883850 0.33345019817352295 2780
1784237883864 0.1118631511926651 2781
1784237883878 0.10056375712156296 2782
1784237883892 0.1930892914533615 2783
1784237883907 0.11567624658346176 2784
1784237883922 0.11390355229377747 2785
1784237883936 0.23823919892311096 2786
1784237883952 0.07214273512363434 2787
1784237883966 0.3186805248260498 2788
1784237883981 0.15089796483516693 2789
1784237883996 0.12609685957431793 2790
1784237884011 0.203524649143219 2791
1784237884027 0.036509208381175995 2792
1784237884043 0.14165522158145905 2793
1784237884058 0.0382356271147728 2794
1784237884073 0.13846886157989502 2795
1784237884088 0.3224750757217407 2796
1784237884104 0.15696945786476135 2797
1784237884119 0.04552428424358368 2798
1784237884136 0.05012150853872299 2799
1784237884151 0.14151941239833832 2800
1784237884165 0.0557684451341629 2801
1784237884178 0.15283507108688354 2802
1784237884192 0.00740403076633811 2803
1784237884208 0.14443081617355347 2804
1784237884222 0.04991666600108147 2805
1784237884237 0.05708467215299606 2806
1784237884252 0.12119612842798233 2807
1784237884268 0.0625203400850296 2808
1784237884283 0.022798290476202965 2809
1784237884298 0.2720041275024414 2810
1784237884313 0.09394330531358719 2811
1784237884329 0.15658465027809143 2812
1784237884345 0.1940908432006836 2813
1784237884363 0.18169136345386505 2814
1784237884379 0.2898104786872864 2815
1784237884395 0.08381730318069458 2816
1784237884411 0.07591329514980316 2817
1784237884426 0.06806738674640656 2818
1784237884442 0.13242584466934204 2819
1784237884458 0.33559420704841614 2820
1784237884473 0.11912927776575089 2821
1784237884490 0.23777331411838531 2822
1784237884507 0.024445176124572754 2823
1784237884524 0.05288466438651085 2824
1784237884541 0.014611066319048405 2825
1784237884558 0.12823350727558136 2826
1784237884575 0.08064942061901093 2827
1784237884592 0.02373259887099266 2828
1784237884609 0.406003475189209 2829
1784237884626 0.23558568954467773 2830
1784237884643 0.0703548714518547 2831
1784237884659 0.06239030510187149 2832
1784237884675 0.045738544315099716 2833
1784237884692 0.0977899432182312 2834
1784237884708 0.26705965399742126 2835
1784237884726 0.36393997073173523 2836
1784237884743 0.1465550810098648 2837
1784237884759 0.16282877326011658 2838
1784237884775 0.009153214283287525 2839
1784237884792 0.28106769919395447 2840
1784237884809 0.09994050860404968 2841
1784237884823 0.10059834271669388 2842
1784237884841 0.033899132162332535 2843
1784237884860 0.1396186202764511 2844
1784237884879 0.26662734150886536 2845
1784237884907 0.012272220104932785 2846
1784237884925 0.05233591049909592 2847
1784237884943 0.15525029599666595 2848
1784237884959 0.028024600818753242 2849
1784237884977 0.1074199229478836 2850
1784237884993 0.2493426352739334 2851
1784237885008 0.4379637539386749 2852
1784237885025 0.020636610686779022 2853
1784237885042 0.18905699253082275 2854
1784237885060 0.12423243373632431 2855
1784237885079 0.13017384707927704 2856
1784237885098 0.27416807413101196 2857
1784237885115 0.2448105663061142 2858
1784237885132 0.12531952559947968 2859
1784237885148 0.06681995093822479 2860
1784237885164 0.1323959231376648 2861
1784237885181 0.08415692299604416 2862
1784237885198 0.08369483798742294 2863
1784237885215 0.08432293683290482 2864
1784237885232 0.35751578211784363 2865
1784237885248 0.034533701837062836 2866
1784237885265 0.010840571485459805 2867
1784237885356 0.020585551857948303 2868
1784237885387 0.09689962863922119 2869
1784237885403 0.006200861651450396 2870
1784237885420 0.3349395990371704 2871
1784237885437 0.013818246312439442 2872
1784237885454 0.06744235008955002 2873
1784237885471 0.007997981272637844 2874
1784237885488 0.09781558066606522 2875
1784237885505 0.10321316868066788 2876
1784237885523 0.09450960904359818 2877
1784237885541 0.2865428924560547 2878
1784237885558 0.07254207879304886 2879
1784237885575 0.13862206041812897 2880
1784237885592 0.0930180773139 2881
1784237885610 0.09833233058452606 2882
1784237885628 0.04736879840493202 2883
1784237885645 0.05574997887015343 2884
1784237885664 0.07413215935230255 2885
1784237885681 0.13061100244522095 2886
1784237885696 0.1170472577214241 2887
1784237885713 0.32170894742012024 2888
1784237885731 0.18554402887821198 2889
1784237885748 0.05621369183063507 2890
1784237885765 0.0777212381362915 2891
1784237885783 0.06767866015434265 2892
1784237885799 0.027418509125709534 2893
1784237885818 0.1476827710866928 2894
1784237885835 0.3610100746154785 2895
1784237885849 0.02550235576927662 2896
1784237885868 0.2246508002281189 2897
1784237885885 0.1380552053451538 2898
1784237885902 0.06798240542411804 2899
1784237885918 0.28256434202194214 2900
1784237885934 0.10762017965316772 2901
1784237885949 0.02417217195034027 2902
1784237885964 0.17315660417079926 2903
1784237885979 0.1970517635345459 2904
1784237885995 0.3402830958366394 2905
1784237886011 0.08496607840061188 2906
1784237886044 0.16553527116775513 2907
1784237886059 0.1030665934085846 2908
1784237886074 0.17812922596931458 2909
1784237886090 0.08488161861896515 2910
1784237886106 0.03445461019873619 2911
1784237886121 0.19118623435497284 2912
1784237886136 0.045152463018894196 2913
1784237886151 0.07219704240560532 2914
1784237886167 0.08421903103590012 2915
1784237886183 0.06256153434515 2916
1784237886199 0.11326763033866882 2917
1784237886214 0.15830208361148834 2918
1784237886230 0.00621492974460125 2919
1784237886245 0.13547824323177338 2920
1784237886259 0.06056864187121391 2921
1784237886274 0.04914310202002525 2922
1784237886290 0.19157379865646362 2923
1784237886304 0.014076326973736286 2924
1784237886320 0.05493008717894554 2925
1784237886335 0.11885879933834076 2926
1784237886351 0.12249267101287842 2927
1784237886367 0.10903073847293854 2928
1784237886382 0.03610057383775711 2929
1784237886397 0.33750173449516296 2930
1784237886412 0.028113264590501785 2931
1784237886427 0.042277056723833084 2932
1784237886443 0.03246517851948738 2933
1784237886460 0.01714087277650833 2934
1784237886475 0.38097381591796875 2935
1784237886491 0.3988862931728363 2936
1784237886507 0.159647136926651 2937
1784237886522 0.18267706036567688 2938
1784237886537 0.24155688285827637 2939
1784237886553 0.14257942140102386 2940
1784237886568 0.005843568593263626 2941
1784237886582 0.21255941689014435 2942
1784237886598 0.07536745816469193 2943
1784237886615 0.15304410457611084 2944
1784237886629 0.01432934682816267 2945
1784237886644 0.036105938255786896 2946
1784237886659 0.3146148920059204 2947
1784237886674 0.011424590833485126 2948
1784237886689 0.11702504754066467 2949
1784237886703 0.13750958442687988 2950
1784237886719 0.0728202611207962 2951
1784237886734 0.13047079741954803 2952
1784237886749 0.04466649144887924 2953
1784237886762 0.22534283995628357 2954
1784237886777 0.21568357944488525 2955
1784237886791 0.004697590600699186 2956
1784237886806 0.15060262382030487 2957
1784237886820 0.039095938205718994 2958
1784237886835 0.11079160124063492 2959
1784237886852 0.1898196041584015 2960
1784237886867 0.14689648151397705 2961
1784237886882 0.19899170100688934 2962
1784237886897 0.061226923018693924 2963
1784237886913 0.032030023634433746 2964
1784237886928 0.22032463550567627 2965
1784237886944 0.022194044664502144 2966
1784237886959 0.012420040555298328 2967
1784237886974 0.15635456144809723 2968
1784237886989 0.19674304127693176 2969
1784237887003 0.16250401735305786 2970
1784237887016 0.16985119879245758 2971
1784237887032 0.26452013850212097 2972
1784237887047 0.026388926431536674 2973
1784237887062 0.18498314917087555 2974
1784237887076 0.09807896614074707 2975
1784237887092 0.28895342350006104 2976
1784237887112 0.04280196875333786 2977
1784237887130 0.32121193408966064 2978
1784237887148 0.025606323033571243 2979
1784237887168 0.15584860742092133 2980
1784237887185 0.007024040911346674 2981
1784237887202 0.22431796789169312 2982
1784237887218 0.4687795042991638 2983
1784237887235 0.09217516332864761 2984
1784237887252 0.10899945348501205 2985
1784237887267 0.16023561358451843 2986
1784237887283 0.10649172961711884 2987
1784237887299 0.023692557588219643 2988
1784237887316 0.058206599205732346 2989
1784237887331 0.3348828852176666 2990
1784237887348 0.17742414772510529 2991
1784237887364 0.3010904788970947 2992
1784237887379 0.3314533233642578 2993
1784237887395 0.3378607928752899 2994
1784237887411 0.11169572174549103 2995
1784237887426 0.18794918060302734 2996
1784237887443 0.1388484388589859 2997
1784237887460 0.23100553452968597 2998
1784237887477 0.09840616583824158 2999
1784237887492 0.04685721546411514 3000
1784237887509 0.16374057531356812 3001
1784237887526 0.3588411808013916 3002
1784237887542 0.05247623100876808 3003
1784237887559 0.07201981544494629 3004
1784237887576 0.1766068935394287 3005
1784237887593 0.22873127460479736 3006
1784237887610 0.2672255039215088 3007
1784237887626 0.07700584828853607 3008
1784237887642 0.04334820806980133 3009
1784237887659 0.0833992213010788 3010
1784237887676 0.0774165689945221 3011
1784237887694 0.18435242772102356 3012
1784237887710 0.12562881410121918 3013
1784237887726 0.13617433607578278 3014
1784237887742 0.2263658046722412 3015
1784237887761 0.06624174863100052 3016
1784237887776 0.09552325308322906 3017
1784237887792 0.11498342454433441 3018
1784237887808 0.07127513736486435 3019
1784237887823 0.06509513407945633 3020
1784237887838 0.05839814990758896 3021
1784237887853 0.12177161127328873 3022
1784237887869 0.07053935527801514 3023
1784237887884 0.25218072533607483 3024
1784237887898 0.05759693682193756 3025
1784237887912 0.0329463928937912 3026
1784237887927 0.2297070473432541 3027
1784237887942 0.04199135676026344 3028
1784237887956 0.15990345180034637 3029
1784237887972 0.08801013231277466 3030
1784237887986 0.1364942044019699 3031
1784237888003 0.16034871339797974 3032
1784237888019 0.05789075791835785 3033
1784237888036 0.007246475666761398 3034
1784237888051 0.1151261255145073 3035
1784237888066 0.09126932919025421 3036
1784237888082 0.19612491130828857 3037
1784237888098 0.23298877477645874 3038
1784237888114 0.03760765120387077 3039
1784237888130 0.21683403849601746 3040
1784237888146 0.1647731512784958 3041
1784237888161 0.02036386728286743 3042
1784237888177 0.24818474054336548 3043
1784237888192 0.09545204043388367 3044
1784237888209 0.22333785891532898 3045
1784237888224 0.08075129240751266 3046
1784237888241 0.2126111388206482 3047
1784237888257 0.0373975969851017 3048
1784237888270 0.01565341092646122 3049
1784237888285 0.057006023824214935 3050
1784237888300 0.05918845906853676 3051
1784237888316 0.042096853256225586 3052
1784237888332 0.19159863889217377 3053
1784237888347 0.035292986780405045 3054
1784237888363 0.43182751536369324 3055
1784237888377 0.061648812144994736 3056
1784237888393 0.18877768516540527 3057
1784237888410 0.045478127896785736 3058
1784237888425 0.11199190467596054 3059
1784237888441 0.16440314054489136 3060
1784237888457 0.27777597308158875 3061
1784237888472 0.2075905054807663 3062
1784237888486 0.11375777423381805 3063
1784237888502 0.0416991300880909 3064
1784237888517 0.032532043755054474 3065
1784237888533 0.01678614318370819 3066
1784237888549 0.09788119792938232 3067
1784237888564 0.06224941834807396 3068
1784237888578 0.3632299602031708 3069
1784237888592 0.18847103416919708 3070
1784237888606 0.0768965631723404 3071
1784237888623 0.08037512749433517 3072
1784237888638 0.2741449177265167 3073
1784237888653 0.09827686846256256 3074
1784237888669 0.1807832270860672 3075
1784237888685 0.01100966613739729 3076
1784237888699 0.09389515221118927 3077
1784237888715 0.028987804427742958 3078
1784237888731 0.07536481320858002 3079
1784237888745 0.03235064819455147 3080
1784237888760 0.15313735604286194 3081
1784237888774 0.013487689197063446 3082
1784237888790 0.2664026916027069 3083
1784237888805 0.09318948537111282 3084
1784237888822 0.14166630804538727 3085
1784237888837 0.05443629249930382 3086
1784237888853 0.03762124478816986 3087
1784237888867 0.0042601097375154495 3088
1784237888882 0.40196144580841064 3089
1784237888898 0.09127765148878098 3090
1784237888912 0.017414405941963196 3091
1784237888926 0.05020739883184433 3092
1784237888943 0.026451261714100838 3093
1784237888958 0.24905329942703247 3094
1784237888972 0.061305105686187744 3095
1784237888987 0.15929418802261353 3096
1784237889001 0.0868193730711937 3097
1784237889017 0.15357451140880585 3098
1784237889031 0.08870766311883926 3099
1784237889045 0.08735083043575287 3100
1784237889057 0.22387585043907166 3101
1784237889071 0.2700462341308594 3102
1784237889084 0.11545766144990921 3103
1784237889099 0.01502182800322771 3104
1784237889114 0.10454384237527847 3105
1784237889129 0.3476414978504181 3106
1784237889146 0.07306143641471863 3107
1784237889161 0.1568402647972107 3108
1784237889176 0.20109005272388458 3109
1784237889192 0.04690954089164734 3110
1784237889208 0.08083423227071762 3111
1784237889223 0.18064115941524506 3112
1784237889240 0.01422558631747961 3113
1784237889254 0.1569720059633255 3114
1784237889269 0.2441004365682602 3115
1784237889284 0.07732725143432617 3116
1784237889300 0.12915396690368652 3117
1784237889316 0.07205140590667725 3118
1784237889339 0.034835826605558395 3119
1784237889358 0.03770609200000763 3120
1784237889377 0.14280177652835846 3121
1784237889395 0.06840094178915024 3122
1784237889414 0.004666995257139206 3123
1784237889431 0.052677202969789505 3124
1784237889448 0.1463412344455719 3125
1784237889464 0.40217483043670654 3126
1784237889479 0.19214338064193726 3127
1784237889495 0.06811708211898804 3128
1784237889510 0.18311086297035217 3129
1784237889526 0.35919156670570374 3130
1784237889543 0.09524065256118774 3131
1784237889558 0.05277766287326813 3132
1784237889574 0.11960513144731522 3133
1784237889589 0.13527223467826843 3134
1784237889604 0.0840459018945694 3135
1784237889620 0.1388479769229889 3136
1784237889636 0.18152597546577454 3137
1784237889651 0.023420730605721474 3138
1784237889665 0.04838291183114052 3139
1784237889680 0.08519254624843597 3140
1784237889695 0.32657334208488464 3141
1784237889710 0.13068470358848572 3142
1784237889722 0.03431476280093193 3143
1784237889738 0.07867978513240814 3144
1784237889752 0.1671891212463379 3145
1784237889768 0.09450895339250565 3146
1784237889784 0.10609172284603119 3147
1784237889799 0.3751409351825714 3148
1784237889817 0.11741892993450165 3149
1784237889833 0.02238512970507145 3150
1784237889849 0.08116502314805984 3151
1784237889863 0.07306915521621704 3152
1784237889882 0.05672204867005348 3153
1784237889899 0.0630798190832138 3154
1784237889912 0.20855960249900818 3155
1784237889929 0.08950674533843994 3156
1784237889945 0.0847954973578453 3157
1784237889962 0.3819226622581482 3158
1784237889977 0.10404052585363388 3159
1784237889994 0.12304184585809708 3160
1784237890009 0.1412603259086609 3161
1784237890032 0.19149312376976013 3162
1784237890047 0.17918473482131958 3163
1784237890063 0.06151426583528519 3164
1784237890078 0.03979972004890442 3165
1784237890093 0.06153664365410805 3166
1784237890109 0.28569287061691284 3167
1784237890124 0.3866827189922333 3168
1784237890139 0.24263010919094086 3169
1784237890156 0.17734070122241974 3170
1784237890170 0.16026994585990906 3171
1784237890187 0.043162960559129715 3172
1784237890203 0.22289074957370758 3173
1784237890219 0.11908722668886185 3174
1784237890235 0.2054513692855835 3175
1784237890251 0.0767119899392128 3176
1784237890265 0.014992081560194492 3177
1784237890280 0.34795132279396057 3178
1784237890296 0.1742345541715622 3179
1784237890311 0.030453335493803024 3180
1784237890327 0.03714389353990555 3181
1784237890341 0.06517475843429565 3182
1784237890356 0.033723607659339905 3183
1784237890372 0.16379985213279724 3184
1784237890388 0.28032997250556946 3185
1784237890403 0.16207240521907806 3186
1784237890417 0.13821426033973694 3187
1784237890433 0.04068953916430473 3188
1784237890449 0.04609525203704834 3189
1784237890465 0.04696647822856903 3190
1784237890482 0.04986686259508133 3191
1784237890497 0.009743459522724152 3192
1784237890511 0.0938912183046341 3193
1784237890525 0.24129442870616913 3194
1784237890538 0.031148212030529976 3195
1784237890553 0.11453671008348465 3196
1784237890569 0.036618538200855255 3197
1784237890584 0.03372605890035629 3198
1784237890601 0.08586401492357254 3199
1784237890618 0.11633042991161346 3200
1784237890632 0.33989956974983215 3201
1784237890645 0.025413455441594124 3202
1784237890661 0.1896854043006897 3203
1784237890676 0.23330263793468475 3204
1784237890692 0.16744597256183624 3205
1784237890707 0.05395450443029404 3206
1784237890723 0.0556376650929451 3207
1784237890739 0.12428435683250427 3208
1784237890754 0.035777222365140915 3209
1784237890768 0.2248501181602478 3210
1784237890784 0.15994180738925934 3211
1784237890800 0.14950646460056305 3212
1784237890815 0.20220966637134552 3213
1784237890830 0.0855109691619873 3214
1784237890846 0.08767671138048172 3215
1784237890860 0.050358518958091736 3216
1784237890876 0.31524720788002014 3217
1784237890892 0.08700361102819443 3218
1784237890907 0.2163003534078598 3219
1784237890919 0.02852523885667324 3220
1784237890935 0.022120481356978416 3221
1784237890949 0.0991213470697403 3222
1784237890965 0.23823530972003937 3223
1784237890981 0.03920164704322815 3224
1784237890996 0.24137219786643982 3225
1784237891010 0.2703382074832916 3226
1784237891024 0.11530229449272156 3227
1784237891039 0.1230684146285057 3228
1784237891054 0.03288939222693443 3229
1784237891070 0.17033392190933228 3230
1784237891084 0.05151072517037392 3231
1784237891099 0.348116397857666 3232
1784237891114 0.024357615038752556 3233
1784237891128 0.07421166449785233 3234
1784237891143 0.1617526262998581 3235
1784237891158 0.18378061056137085 3236
1784237891173 0.2397785633802414 3237
1784237891188 0.2195381373167038 3238
1784237891201 0.050154440104961395 3239
1784237891217 0.3581750690937042 3240
1784237891233 0.009717026725411415 3241
1784237891247 0.09097926318645477 3242
1784237891262 0.043023139238357544 3243
1784237891278 0.24797798693180084 3244
1784237891295 0.20922845602035522 3245
1784237891312 0.1593710035085678 3246
1784237891328 0.535574734210968 3247
1784237891345 0.12466078996658325 3248
1784237891361 0.0365169420838356 3249
1784237891378 0.11463292688131332 3250
1784237891395 0.017562316730618477 3251
1784237891411 0.29118111729621887 3252
1784237891429 0.02382744289934635 3253
1784237891445 0.09290177375078201 3254
1784237891462 0.18524804711341858 3255
1784237891478 0.11651682108640671 3256
1784237891494 0.1295941174030304 3257
1784237891509 0.3796446919441223 3258
1784237891523 0.1838674694299698 3259
1784237891541 0.10424242168664932 3260
1784237891560 0.27066290378570557 3261
1784237891580 0.1304515302181244 3262
1784237891602 0.06457453221082687 3263
1784237891622 0.1215798482298851 3264
1784237891641 0.05081840232014656 3265
1784237891659 0.18363752961158752 3266
1784237891680 0.07252462208271027 3267
1784237891697 0.3157846927642822 3268
1784237891714 0.33854028582572937 3269
1784237891731 0.09326421469449997 3270
1784237891746 0.11117617040872574 3271
1784237891763 0.2021421641111374 3272
1784237891779 0.6178815364837646 3273
1784237891796 0.05095956474542618 3274
1784237891812 0.15051545202732086 3275
1784237891828 0.08478102087974548 3276
1784237891844 0.13005836308002472 3277
1784237891860 0.07464729994535446 3278
1784237891875 0.14692720770835876 3279
1784237891890 0.046520333737134933 3280
1784237891905 0.13301855325698853 3281
1784237891922 0.04883353039622307 3282
1784237891936 0.08044096827507019 3283
1784237891953 0.0375746451318264 3284
1784237891967 0.09600962698459625 3285
1784237891984 0.039752114564180374 3286
1784237891999 0.11969325691461563 3287
1784237892015 0.2727372348308563 3288
1784237892032 0.09419877827167511 3289
1784237892048 0.04461321607232094 3290
1784237892062 0.031496983021497726 3291
1784237892079 0.28252264857292175 3292
1784237892095 0.007483638357371092 3293
1784237892110 0.18924292922019958 3294
1784237892126 0.11572076380252838 3295
1784237892142 0.22650790214538574 3296
1784237892157 0.02669082209467888 3297
1784237892172 0.24636255204677582 3298
1784237892185 0.01858685351908207 3299
1784237892201 0.3034626543521881 3300
1784237892217 0.3609464764595032 3301
1784237892231 0.04738268628716469 3302
1784237892247 0.010172119364142418 3303
1784237892261 0.18582281470298767 3304
1784237892277 0.1926998496055603 3305
1784237892292 0.03169546276330948 3306
1784237892307 0.08561410009860992 3307
1784237892324 0.2662041187286377 3308
1784237892340 0.09752566367387772 3309
1784237892355 0.10751980543136597 3310
1784237892371 0.09956470131874084 3311
1784237892385 0.1574273556470871 3312
1784237892401 0.07420258224010468 3313
1784237892416 0.07687724381685257 3314
1784237892431 0.07666340470314026 3315
1784237892448 0.5155041813850403 3316
1784237892462 0.16703882813453674 3317
1784237892477 0.1657717376947403 3318
1784237892492 0.06480593234300613 3319
1784237892508 0.05611554533243179 3320
1784237892522 0.08843627572059631 3321
1784237892537 0.119020976126194 3322
1784237892553 0.15901155769824982 3323
1784237892569 0.2709701955318451 3324
1784237892582 0.025020930916070938 3325
1784237892597 0.32895711064338684 3326
1784237892613 0.12395396083593369 3327
1784237892628 0.03577939048409462 3328
1784237892643 0.06689757108688354 3329
1784237892658 0.11219228059053421 3330
1784237892674 0.10859867930412292 3331
1784237892690 0.1179158091545105 3332
1784237892705 0.03794797509908676 3333
1784237892721 0.3382890224456787 3334
1784237892735 0.09372449666261673 3335
1784237892750 0.1837998628616333 3336
1784237892764 0.06087471544742584 3337
1784237892779 0.15190604329109192 3338
1784237892794 0.20018984377384186 3339
1784237892811 0.7366568446159363 3340
1784237892826 0.1532619297504425 3341
1784237892841 0.09720687568187714 3342
1784237892856 0.1749732792377472 3343
1784237892870 0.10716839879751205 3344
1784237892885 0.12035568803548813 3345
1784237892900 0.15768501162528992 3346
1784237892915 0.4814002811908722 3347
1784237892929 0.04817407578229904 3348
1784237892944 0.05070604756474495 3349
1784237892959 0.113848477602005 3350
1784237892974 0.18238747119903564 3351
1784237892992 0.426866352558136 3352
1784237893008 0.15841838717460632 3353
1784237893025 0.2359658032655716 3354
1784237893042 0.13148413598537445 3355
1784237893058 0.10588183254003525 3356
1784237893072 0.09804884344339371 3357
1784237893087 0.05561896786093712 3358
1784237893104 0.0755249559879303 3359
1784237893119 0.09458712488412857 3360
1784237893134 0.17723944783210754 3361
1784237893149 0.17847396433353424 3362
1784237893163 0.19893503189086914 3363
1784237893179 0.16364431381225586 3364
1784237893193 0.025537384673953056 3365
1784237893209 0.155317485332489 3366
1784237893223 0.2983471155166626 3367
1784237893238 0.06873156875371933 3368
1784237893253 0.08391132205724716 3369
1784237893267 0.26759234070777893 3370
1784237893283 0.01810034178197384 3371
1784237893298 0.2716776132583618 3372
1784237893313 0.1577066332101822 3373
1784237893328 0.18469583988189697 3374
1784237893345 0.04440032318234444 3375
1784237893359 0.15193727612495422 3376
1784237893374 0.17624472081661224 3377
1784237893387 0.502572774887085 3378
1784237893402 0.032168202102184296 3379
1784237893417 0.19065280258655548 3380
1784237893432 0.2883113622665405 3381
1784237893448 0.36474722623825073 3382
1784237893467 0.2690182030200958 3383
1784237893489 0.14317873120307922 3384
1784237893510 0.3119807839393616 3385
1784237893530 0.22863034904003143 3386
1784237893553 0.0704813227057457 3387
1784237893573 0.14286857843399048 3388
1784237893596 0.18866880238056183 3389
1784237893615 0.17887885868549347 3390
1784237893631 0.32201138138771057 3391
1784237893648 0.1770927906036377 3392
1784237893663 0.2258337289094925 3393
1784237893680 0.3590693771839142 3394
1784237893697 0.0761464536190033 3395
1784237893712 0.0765804797410965 3396
1784237893729 0.11932846158742905 3397
1784237893746 0.06940821558237076 3398
1784237893762 0.06654171645641327 3399
1784237893779 0.6458853483200073 3400
1784237893795 0.015098072588443756 3401
1784237893813 0.18119914829730988 3402
1784237893833 0.08186721056699753 3403
1784237893852 0.08957037329673767 3404
1784237893872 0.13206657767295837 3405
1784237893890 0.26386144757270813 3406
1784237893907 0.22710534930229187 3407
1784237893922 0.3947230279445648 3408
1784237893939 0.06661234050989151 3409
1784237893954 0.019299183040857315 3410
1784237893970 0.025855977088212967 3411
1784237893992 0.18767790496349335 3412
1784237894008 0.10097488015890121 3413
1784237894024 0.20718547701835632 3414
1784237894040 0.14996828138828278 3415
1784237894055 0.1436445266008377 3416
1784237894070 0.4252762198448181 3417
1784237894087 0.0985695868730545 3418
1784237894103 0.023199105635285378 3419
1784237894116 0.287150114774704 3420
1784237894132 0.343936562538147 3421
1784237894151 0.025492804124951363 3422
1784237894166 0.0881204903125763 3423
1784237894181 0.054700832813978195 3424
1784237894196 0.18175017833709717 3425
1784237894211 0.0343395434319973 3426
1784237894228 0.1947076916694641 3427
1784237894245 0.03340110555291176 3428
1784237894262 0.08406753093004227 3429
1784237894282 0.3332062363624573 3430
1784237894298 0.2716809809207916 3431
1784237894313 0.05105578154325485 3432
1784237894328 0.1119779720902443 3433
1784237894343 0.04140589386224747 3434
1784237894359 0.1965363621711731 3435
1784237894375 0.0987279936671257 3436
1784237894393 0.04802052676677704 3437
1784237894409 0.07364124804735184 3438
1784237894426 0.020086873322725296 3439
1784237894443 0.1599755585193634 3440
1784237894460 0.236412912607193 3441
1784237894477 0.04749015346169472 3442
1784237894493 0.11231585592031479 3443
1784237894509 0.30193275213241577 3444
1784237894525 0.3141425848007202 3445
1784237894542 0.08782012015581131 3446
1784237894557 0.36169159412384033 3447
1784237894573 0.07936418801546097 3448
1784237894589 0.030435191467404366 3449
1784237894604 0.029977168887853622 3450
1784237894622 0.059952035546302795 3451
1784237894640 0.06580530852079391 3452
1784237894656 0.10415350645780563 3453
1784237894672 0.05491441488265991 3454
1784237894688 0.08624953031539917 3455
1784237894706 0.09049820899963379 3456
1784237894722 0.16233226656913757 3457
1784237894736 0.10587763041257858 3458
1784237894752 0.1402568221092224 3459
1784237894766 0.042507171630859375 3460
1784237894780 0.022211113944649696 3461
1784237894795 0.04965568333864212 3462
1784237894812 0.008489096537232399 3463
1784237894827 0.07559893280267715 3464
1784237894843 0.14617235958576202 3465
1784237894858 0.20375320315361023 3466
1784237894874 0.541656494140625 3467
1784237894890 0.1525171399116516 3468
1784237894905 0.07163574546575546 3469
1784237894922 0.016687992960214615 3470
1784237894937 0.11577761173248291 3471
1784237894954 0.07246465235948563 3472
1784237894970 0.4378494620323181 3473
1784237894984 0.00582430325448513 3474
1784237894998 0.11996173858642578 3475
1784237895014 0.15181632339954376 3476
1784237895029 0.046450939029455185 3477
1784237895044 0.0888463631272316 3478
1784237895058 0.01431664265692234 3479
1784237895071 0.05857371538877487 3480
1784237895085 0.10581646859645844 3481
1784237895101 0.1884448379278183 3482
1784237895117 0.02370050549507141 3483
1784237895132 0.17981909215450287 3484
1784237895148 0.05072907730937004 3485
1784237895164 0.17308051884174347 3486
1784237895179 0.23632781207561493 3487
1784237895195 0.02329711802303791 3488
1784237895211 0.1362220048904419 3489
1784237895226 0.17274752259254456 3490
1784237895242 0.043489810079336166 3491
1784237895257 0.07236925512552261 3492
1784237895273 0.16005703806877136 3493
1784237895289 0.05181284248828888 3494
1784237895304 0.10734027624130249 3495
1784237895318 0.06351322680711746 3496
1784237895335 0.011969946324825287 3497
1784237895351 0.07744190096855164 3498
1784237895366 0.23650634288787842 3499
1784237895379 0.34311744570732117 3500
1784237895395 0.23626284301280975 3501
1784237895411 0.28974777460098267 3502
1784237895427 0.029989246279001236 3503
1784237895442 0.10486520081758499 3504
1784237895458 0.10281766206026077 3505
1784237895475 0.08109953999519348 3506
1784237895489 0.16957014799118042 3507
1784237895505 0.1819327026605606 3508
1784237895521 0.03624865412712097 3509
1784237895536 0.1463734209537506 3510
1784237895551 0.11953549832105637 3511
1784237895567 0.02053125761449337 3512
1784237895583 0.03212038055062294 3513
1784237895598 0.1836722493171692 3514
1784237895614 0.1664138287305832 3515
1784237895631 0.21417666971683502 3516
1784237895645 0.051196884363889694 3517
1784237895659 0.03468959778547287 3518
1784237895675 0.056817520409822464 3519
1784237895690 0.15057118237018585 3520
1784237895705 0.19014717638492584 3521
1784237895720 0.030387798324227333 3522
1784237895736 0.273175984621048 3523
1784237895750 0.050264280289411545 3524
1784237895764 0.030225951224565506 3525
1784237895780 0.2103738784790039 3526
1784237895793 0.06945384293794632 3527
1784237895808 0.1414397656917572 3528
1784237895821 0.21932560205459595 3529
1784237895837 0.03950965777039528 3530
1784237895853 0.21482707560062408 3531
1784237895867 0.11057282239198685 3532
1784237895884 0.010005323216319084 3533
1784237895900 0.27330663800239563 3534
1784237895921 0.12735311686992645 3535
1784237895952 0.06326322257518768 3536
1784237895968 0.01807934045791626 3537
1784237895983 0.16893048584461212 3538
1784237895997 0.11100780218839645 3539
1784237896012 0.026070671156048775 3540
1784237896027 0.030102374032139778 3541
1784237896044 0.16412630677223206 3542
1784237896061 0.18191231787204742 3543
1784237896078 0.06786330044269562 3544
1784237896094 0.2531554400920868 3545
1784237896111 0.11220068484544754 3546
1784237896129 0.17913667857646942 3547
1784237896145 0.19525979459285736 3548
1784237896160 0.11806445568799973 3549
1784237896175 0.051540620625019073 3550
1784237896190 0.28974562883377075 3551
1784237896204 0.08453229069709778 3552
1784237896219 0.01131194457411766 3553
1784237896236 0.0312681719660759 3554
1784237896252 0.2949274182319641 3555
1784237896267 0.053433727473020554 3556
1784237896281 0.07047389447689056 3557
1784237896297 0.532461941242218 3558
1784237896311 0.046392910182476044 3559
1784237896327 0.05581846088171005 3560
1784237896341 0.06536819040775299 3561
1784237896356 0.16191039979457855 3562
1784237896370 0.021688563749194145 3563
1784237896384 0.05424240231513977 3564
1784237896399 0.07524024695158005 3565
1784237896417 0.07311860471963882 3566
1784237896434 0.46747201681137085 3567
1784237896454 0.10369351506233215 3568
1784237896472 0.08519478887319565 3569
1784237896488 0.151967391371727 3570
1784237896504 0.02891457825899124 3571
1784237896520 0.16106468439102173 3572
1784237896536 0.19547000527381897 3573
1784237896553 0.2330119013786316 3574
1784237896572 0.1205880343914032 3575
1784237896590 0.06910669803619385 3576
1784237896611 0.02933579310774803 3577
1784237896629 0.19796045124530792 3578
1784237896733 0.194063201546669 3579
1784237896766 0.011826780624687672 3580
1784237896784 0.04542279615998268 3581
1784237896803 0.1011480763554573 3582
1784237896819 0.057227812707424164 3583
1784237896835 0.1047421395778656 3584
1784237896852 0.01786971651017666 3585
1784237896867 0.01808660477399826 3586
1784237896884 0.019083967432379723 3587
1784237896901 0.11669913679361343 3588
1784237896916 0.30030232667922974 3589
1784237896931 0.20723272860050201 3590
1784237896947 0.05143781751394272 3591
1784237896961 0.13319289684295654 3592
1784237896975 0.2561642825603485 3593
1784237896991 0.02217021957039833 3594
1784237897006 0.24765168130397797 3595
1784237897022 0.10278191417455673 3596
1784237897036 0.13566921651363373 3597
1784237897052 0.09514711797237396 3598
1784237897067 0.11366964876651764 3599
1784237897082 0.07787681370973587 3600
1784237897097 0.4576190114021301 3601
1784237897112 0.020158471539616585 3602
1784237897127 0.014019966125488281 3603
1784237897143 0.042948778718709946 3604
1784237897158 0.07132400572299957 3605
1784237897174 0.05565978214144707 3606
1784237897191 0.23327389359474182 3607
1784237897206 0.27668997645378113 3608
1784237897223 0.1373918652534485 3609
1784237897242 0.0545136034488678 3610
1784237897258 0.36624854803085327 3611
1784237897275 0.02118973433971405 3612
1784237897292 0.2831149697303772 3613
1784237897308 0.24416373670101166 3614
1784237897324 0.186805859208107 3615
1784237897341 0.16131745278835297 3616
1784237897357 0.0806807205080986 3617
1784237897373 0.05791584029793739 3618
1784237897389 0.2403869926929474 3619
1784237897407 0.12791769206523895 3620
1784237897423 0.07343894988298416 3621
1784237897440 0.15499912202358246 3622
1784237897457 0.09917353838682175 3623
1784237897475 0.09460385143756866 3624
1784237897492 0.14122703671455383 3625
1784237897510 0.0846804678440094 3626
1784237897527 0.07385192811489105 3627
1784237897543 0.23294037580490112 3628
1784237897561 0.1227293312549591 3629
1784237897578 0.3565061092376709 3630
1784237897595 0.04586705192923546 3631
1784237897610 0.028269857168197632 3632
1784237897626 0.07603825628757477 3633
1784237897642 0.0652349516749382 3634
1784237897658 0.18366894125938416 3635
1784237897674 0.17971213161945343 3636
1784237897690 0.2690574526786804 3637
1784237897706 0.16042111814022064 3638
1784237897722 0.12797166407108307 3639
1784237897736 0.18366393446922302 3640
1784237897751 0.015548868104815483 3641
1784237897766 0.07179968059062958 3642
1784237897781 0.41945844888687134 3643
1784237897797 0.0648975521326065 3644
1784237897813 0.04397081211209297 3645
1784237897829 0.07918284833431244 3646
1784237897842 0.3411024510860443 3647
1784237897858 0.1647586077451706 3648
1784237897873 0.1448134332895279 3649
1784237897886 0.1307707279920578 3650
1784237897903 0.4107394516468048 3651
1784237897918 0.1803806722164154 3652
1784237897934 0.23073986172676086 3653
1784237897950 0.18853551149368286 3654
1784237897965 0.12192798405885696 3655
1784237897980 0.11383738368749619 3656
1784237897995 0.03793588653206825 3657
1784237898011 0.22756782174110413 3658
1784237898026 0.3632604479789734 3659
1784237898041 0.042655494064092636 3660
1784237898056 0.11560750007629395 3661
1784237898072 0.010721191763877869 3662
1784237898088 0.0581187978386879 3663
1784237898104 0.12673413753509521 3664
1784237898121 0.08225838094949722 3665
1784237898138 0.3091626763343811 3666
1784237898154 0.11514591425657272 3667
1784237898168 0.02519744262099266 3668
1784237898183 0.031143363565206528 3669
1784237898196 0.2557038366794586 3670
1784237898211 0.13359075784683228 3671
1784237898227 0.03505475074052811 3672
1784237898243 0.03280027583241463 3673
1784237898259 0.20613957941532135 3674
1784237898279 0.009846718981862068 3675
1784237898297 0.00878257304430008 3676
1784237898315 0.37662047147750854 3677
1784237898332 0.048108696937561035 3678
1784237898348 0.043889790773391724 3679
1784237898366 0.041536178439855576 3680
1784237898379 0.22159919142723083 3681
1784237898393 0.07423218339681625 3682
1784237898407 0.2066979855298996 3683
1784237898420 0.12694844603538513 3684
1784237898436 0.25318360328674316 3685
1784237898450 0.0419706292450428 3686
1784237898466 0.37049630284309387 3687
1784237898481 0.021674292162060738 3688
1784237898496 0.017706984654068947 3689
1784237898511 0.006278343498706818 3690
1784237898526 0.09394550323486328 3691
1784237898542 0.1496749371290207 3692
1784237898557 0.01910632662475109 3693
1784237898573 0.08924022316932678 3694
1784237898589 0.012704727239906788 3695
1784237898605 0.12979568541049957 3696
1784237898619 0.12310218065977097 3697
1784237898634 0.014482163824141026 3698
1784237898650 0.2851533889770508 3699
1784237898664 0.159144788980484 3700
1784237898676 0.10941638797521591 3701
1784237898690 0.13355503976345062 3702
1784237898705 0.07269085943698883 3703
1784237898720 0.06555504351854324 3704
1784237898735 0.25712940096855164 3705
1784237898751 0.07990265637636185 3706
1784237898765 0.0726192519068718 3707
1784237898780 0.09155037999153137 3708
1784237898795 0.12338884174823761 3709
1784237898810 0.26027911901474 3710
1784237898825 0.040927235037088394 3711
1784237898841 0.024789735674858093 3712
1784237898854 0.12484894692897797 3713
1784237898869 0.24272845685482025 3714
1784237898884 0.19642287492752075 3715
1784237898898 0.049790702760219574 3716
1784237898915 0.05501111224293709 3717
1784237898931 0.2734602987766266 3718
1784237898945 0.04163161292672157 3719
1784237898960 0.33809176087379456 3720
1784237898975 0.03877398371696472 3721
1784237898990 0.06162499263882637 3722
1784237899005 0.05590575933456421 3723
1784237899020 0.03400048241019249 3724
1784237899037 0.3159236013889313 3725
1784237899053 0.02925647422671318 3726
1784237899067 0.06002259626984596 3727
1784237899082 0.05893055722117424 3728
1784237899099 0.06410421431064606 3729
1784237899115 0.12744452059268951 3730
1784237899130 0.029752086848020554 3731
1784237899147 0.10892294347286224 3732
1784237899162 0.012643877416849136 3733
1784237899176 0.030200228095054626 3734
1784237899191 0.434783399105072 3735
1784237899208 0.08155527710914612 3736
1784237899223 0.0505339540541172 3737
1784237899238 0.28671374917030334 3738
1784237899254 0.01049533486366272 3739
1784237899272 0.4126335382461548 3740
1784237899287 0.19485671818256378 3741
1784237899299 0.23059043288230896 3742
1784237899315 0.0376044325530529 3743
1784237899331 0.09335605800151825 3744
1784237899346 0.31533125042915344 3745
1784237899363 0.1366521120071411 3746
1784237899377 0.19036686420440674 3747
1784237899393 0.04315340891480446 3748
1784237899408 0.39823776483535767 3749
1784237900862 0.09059933573007584 3750
1784237900880 0.051004163920879364 3751
1784237900903 0.29831546545028687 3752
1784237900921 0.01933780126273632 3753
1784237900942 0.05342128127813339 3754
1784237900959 0.31069961190223694 3755
1784237900977 0.06854475289583206 3756
1784237900992 0.054699771106243134 3757
1784237901009 0.2330196052789688 3758
1784237901025 0.012438608333468437 3759
1784237901041 0.21230366826057434 3760
1784237901059 0.035834044218063354 3761
1784237901076 0.10472456365823746 3762
1784237901094 0.23695307970046997 3763
1784237901110 0.07079210877418518 3764
1784237901126 0.051814883947372437 3765
1784237901142 0.05561918020248413 3766
1784237901155 0.1553313136100769 3767
1784237901170 0.28340211510658264 3768
1784237901186 0.02155311033129692 3769
1784237901204 0.1295655071735382 3770
1784237901216 0.07226482033729553 3771
1784237901233 0.03989141434431076 3772
1784237901249 0.09485745429992676 3773
1784237901266 0.11410484462976456 3774
1784237901284 0.22834964096546173 3775
1784237901300 0.130947083234787 3776
1784237901315 0.18848483264446259 3777
1784237901331 0.03168381750583649 3778
1784237901348 0.16568052768707275 3779
1784237901365 0.13412624597549438 3780
1784237901382 0.012507716193795204 3781
1784237901397 0.042088136076927185 3782
1784237901414 0.005304396152496338 3783
1784237901431 0.28720638155937195 3784
1784237901448 0.27737361192703247 3785
1784237901463 0.0701107382774353 3786
1784237901480 0.07924764603376389 3787
1784237901496 0.16623343527317047 3788
1784237901513 0.24408233165740967 3789
1784237901529 0.19001640379428864 3790
1784237901546 0.011158797889947891 3791
1784237901565 0.1162082850933075 3792
1784237901582 0.13602764904499054 3793
1784237901597 0.115696981549263 3794
1784237901613 0.005203313194215298 3795
1784237901629 0.04012323170900345 3796
1784237901644 0.05419091507792473 3797
1784237901658 0.03285446763038635 3798
1784237901672 0.12071884423494339 3799
1784237901687 0.0417642779648304 3800
1784237901702 0.23877999186515808 3801
1784237901719 0.008018714375793934 3802
1784237901734 0.08807740360498428 3803
1784237901746 0.2452203929424286 3804
1784237901762 0.014038240537047386 3805
1784237901777 0.072504423558712 3806
1784237901792 0.22899770736694336 3807
1784237901807 0.1436242014169693 3808
1784237901823 0.03736496344208717 3809
1784237901838 0.11179555952548981 3810
1784237901853 0.26972830295562744 3811
1784237901870 0.19508366286754608 3812
1784237901887 0.10093936324119568 3813
1784237901903 0.0565311424434185 3814
1784237901919 0.14458680152893066 3815
1784237901939 0.07481527328491211 3816
1784237901953 0.07338697463274002 3817
1784237901968 0.03770681470632553 3818
1784237901984 0.030851144343614578 3819
1784237902000 0.14407837390899658 3820
1784237902014 0.05141456425189972 3821
1784237902031 0.18104764819145203 3822
1784237902044 0.14947712421417236 3823
1784237902059 0.04292411357164383 3824
1784237902073 0.01590474136173725 3825
1784237902087 0.16253100335597992 3826
1784237902103 0.04148169979453087 3827
1784237902118 0.00854115653783083 3828
1784237902132 0.023578517138957977 3829
1784237902148 0.27333810925483704 3830
1784237902165 0.1259453445672989 3831
1784237902181 0.22830624878406525 3832
1784237902194 0.024600790813565254 3833
1784237902209 0.09444624185562134 3834
1784237902223 0.07722854614257812 3835
1784237902238 0.11811144649982452 3836
1784237902254 0.19448474049568176 3837
1784237902270 0.24856992065906525 3838
1784237902287 0.05111007019877434 3839
1784237902303 0.011927884072065353 3840
1784237902318 0.1450309008359909 3841
1784237902333 0.1539398580789566 3842
1784237902347 0.2804134488105774 3843
1784237902362 0.004880827851593494 3844
1784237902378 0.031508274376392365 3845
1784237902393 0.020803118124604225 3846
1784237902409 0.0578186921775341 3847
1784237902424 0.03425074368715286 3848
1784237902439 0.030405348166823387 3849
1784237902454 0.024744603782892227 3850
1784237902468 0.013607134111225605 3851
1784237902483 0.04841408506035805 3852
1784237902498 0.12476202845573425 3853
1784237902515 0.1044219508767128 3854
1784237902532 0.17928935587406158 3855
1784237902546 0.028641188517212868 3856
1784237902562 0.032478950917720795 3857
1784237902577 0.29029208421707153 3858
1784237902592 0.15513823926448822 3859
1784237902606 0.21270646154880524 3860
1784237902619 0.03526724874973297 3861
1784237902634 0.05954970791935921 3862
1784237902648 0.2987609803676605 3863
1784237902663 0.1727854311466217 3864
1784237902679 0.16320064663887024 3865
1784237902695 0.1402018517255783 3866
1784237902711 0.17027226090431213 3867
1784237902726 0.08817548304796219 3868
1784237902743 0.2577279508113861 3869
1784237902764 0.03179187700152397 3870
1784237902782 0.010567210614681244 3871
1784237902802 0.0907120406627655 3872
1784237902822 0.22544699907302856 3873
1784237902839 0.028652077540755272 3874
1784237902856 0.20661018788814545 3875
1784237902873 0.03596651926636696 3876
1784237902889 0.012711022980511189 3877
1784237902905 0.02294212579727173 3878
1784237902920 0.008532317355275154 3879
1784237902935 0.04193473607301712 3880
1784237902952 0.15080298483371735 3881
1784237902967 0.019277049228549004 3882
1784237902981 0.03011304698884487 3883
1784237902997 0.02596784196794033 3884
1784237903013 0.03840046748518944 3885
1784237903027 0.0326138474047184 3886
1784237903040 0.05766014754772186 3887
1784237903058 0.20606929063796997 3888
1784237903073 0.056420788168907166 3889
1784237903086 0.1559016853570938 3890
1784237903100 0.04417484626173973 3891
1784237903114 0.21970288455486298 3892
1784237903130 0.007729595061391592 3893
1784237903147 0.020822186022996902 3894
1784237903163 0.07501720637083054 3895
1784237903180 0.022950777783989906 3896
1784237903194 0.014054385013878345 3897
1784237903209 0.04342260584235191 3898
1784237903224 0.05495315045118332 3899
1784237903240 0.025104615837335587 3900
1784237903255 0.047300320118665695 3901
1784237903270 0.06989743560552597 3902
1784237903286 0.025122545659542084 3903
1784237903302 0.07929741591215134 3904
1784237903315 0.09370437264442444 3905
1784237903331 0.14087499678134918 3906
1784237903346 0.06077851727604866 3907
1784237903361 0.20207415521144867 3908
1784237903376 0.11608130484819412 3909
1784237903392 0.07593008130788803 3910
1784237903407 0.09777742624282837 3911
1784237903422 0.04763619601726532 3912
1784237903436 0.038069456815719604 3913
1784237903450 0.024743564426898956 3914
1784237903466 0.10575751960277557 3915
1784237903481 0.13802702724933624 3916
1784237903497 0.09355206042528152 3917
1784237903512 0.18465521931648254 3918
1784237903525 0.04400468245148659 3919
1784237903539 0.30730122327804565 3920
1784237903555 0.00902782753109932 3921
1784237903570 0.0391756147146225 3922
1784237903585 0.13392841815948486 3923
1784237903602 0.06813226640224457 3924
1784237903615 0.021602332592010498 3925
1784237903632 0.05810705944895744 3926
1784237903647 0.09984380751848221 3927
1784237903662 0.08995302021503448 3928
1784237903677 0.013659417629241943 3929
1784237903692 0.10220886021852493 3930
1784237903708 0.09597168862819672 3931
1784237903722 0.07944844663143158 3932
1784237903737 0.014868302270770073 3933
1784237903750 0.027148950845003128 3934
1784237903765 0.21565356850624084 3935
1784237903780 0.018097393214702606 3936
1784237903795 0.14619269967079163 3937
1784237903809 0.07810329645872116 3938
1784237903824 0.13724370300769806 3939
1784237903837 0.04129599779844284 3940
1784237903852 0.010987882502377033 3941
1784237903865 0.007833672687411308 3942
1784237903888 0.09668092429637909 3943
1784237903903 0.017326125875115395 3944
1784237903919 0.044151220470666885 3945
1784237903935 0.02924741618335247 3946
1784237903948 0.024005448445677757 3947
1784237903965 0.18064071238040924 3948
1784237903980 0.23439949750900269 3949
1784237903996 0.013207852840423584 3950
1784237904010 0.007712267339229584 3951
1784237904023 0.042017482221126556 3952
1784237904036 0.2212279736995697 3953
1784237904049 0.013339115306735039 3954
1784237904062 0.12957416474819183 3955
1784237904077 0.26014819741249084 3956
1784237904091 0.05639057233929634 3957
1784237904107 0.15833403170108795 3958
1784237904121 0.07741902023553848 3959
1784237904135 0.04922768473625183 3960
1784237904149 0.11707667261362076 3961
1784237904164 0.04973046854138374 3962
1784237904180 0.24230773746967316 3963
1784237904195 0.06899940967559814 3964
1784237904208 0.20047211647033691 3965
1784237904222 0.06974666565656662 3966
1784237904238 0.051133960485458374 3967
1784237904255 0.107302725315094 3968
1784237904269 0.029505344107747078 3969
1784237904283 0.03818006440997124 3970
1784237904297 0.16962948441505432 3971
1784237904312 0.09450764209032059 3972
1784237904328 0.13398335874080658 3973
1784237904343 0.13920052349567413 3974
1784237904358 0.11293637007474899 3975
1784237904374 0.34250906109809875 3976
1784237904389 0.15926115214824677 3977
1784237904406 0.14142505824565887 3978
1784237904422 0.0601571723818779 3979
1784237904436 0.1498313546180725 3980
1784237904452 0.058152396231889725 3981
1784237904468 0.11018059402704239 3982
1784237904484 0.038927290588617325 3983
1784237904500 0.050395481288433075 3984
1784237904515 0.18736466765403748 3985
1784237904531 0.29710230231285095 3986
1784237904547 0.029316088184714317 3987
1784237904564 0.031734637916088104 3988
1784237904579 0.2661378085613251 3989
1784237904595 0.19091998040676117 3990
1784237904611 0.010610277764499187 3991
1784237904626 0.12025786191225052 3992
1784237904642 0.02798977866768837 3993
1784237904657 0.040603380650281906 3994
1784237904672 0.10020469129085541 3995
1784237904690 0.023964082822203636 3996
1784237904705 0.0419820100069046 3997
1784237904721 0.10078243911266327 3998
1784237904735 0.09608441591262817 3999
1784237904751 0.028183339163661003 4000
1784237904766 0.1262010782957077 4001
1784237904782 0.12080498039722443 4002
1784237904799 0.17136412858963013 4003
1784237904814 0.005766596179455519 4004
1784237904829 0.06238704174757004 4005
1784237904844 0.07653699815273285 4006
1784237904857 0.1616045981645584 4007
1784237904877 0.04396112263202667 4008
1784237904892 0.13304199278354645 4009
1784237904906 0.024699890986084938 4010
1784237904922 0.01940993033349514 4011
1784237904938 0.012242808006703854 4012
1784237904954 0.08102861791849136 4013
1784237904971 0.02946120873093605 4014
1784237904989 0.051407620310783386 4015
1784237905010 0.27600523829460144 4016
1784237905027 0.008530701510608196 4017
1784237905047 0.6037683486938477 4018
1784237905065 0.008682063780725002 4019
1784237905082 0.1530006229877472 4020
1784237905098 0.152486190199852 4021
1784237905114 0.04344021528959274 4022
1784237905130 0.04425626993179321 4023
1784237905144 0.1461111307144165 4024
1784237905161 0.1931602656841278 4025
1784237905179 0.10545001178979874 4026
1784237905195 0.053265754133462906 4027
1784237905211 0.05225347727537155 4028
1784237905228 0.08660417050123215 4029
1784237905244 0.010809807106852531 4030
1784237905260 0.28818804025650024 4031
1784237905277 0.09599614143371582 4032
1784237905295 0.1907208412885666 4033
1784237905311 0.028677230700850487 4034
1784237905328 0.5399335622787476 4035
1784237905345 0.18796932697296143 4036
1784237905361 0.0940173789858818 4037
1784237905377 0.12802211940288544 4038
1784237905393 0.22537508606910706 4039
1784237905409 0.08497319370508194 4040
1784237905425 0.1352611929178238 4041
1784237905441 0.029745282605290413 4042
1784237905458 0.11557016521692276 4043
1784237905474 0.17339454591274261 4044
1784237905578 0.18382710218429565 4045
1784237905608 0.09060440212488174 4046
1784237905625 0.035535890609025955 4047
1784237905642 0.02015526033937931 4048
1784237905658 0.027652384713292122 4049
1784237905673 0.04124752804636955 4050
1784237905691 0.13770443201065063 4051
1784237905707 0.0474235936999321 4052
1784237905723 0.03420315682888031 4053
1784237905739 0.021403418853878975 4054
1784237905754 0.18387015163898468 4055
1784237905770 0.08505063503980637 4056
1784237905782 0.03841409459710121 4057
1784237905797 0.18163426220417023 4058
1784237905812 0.17360243201255798 4059
1784237905827 0.11710496246814728 4060
1784237905843 0.08383313566446304 4061
1784237905855 0.12158581614494324 4062
1784237905872 0.093238465487957 4063
1784237905888 0.2638166844844818 4064
1784237905903 0.1760598123073578 4065
1784237905915 0.054900653660297394 4066
1784237905930 0.040607985109090805 4067
1784237905944 0.07038991898298264 4068
1784237905957 0.12479884177446365 4069
1784237905973 0.24090170860290527 4070
1784237905988 0.113611601293087 4071
1784237906004 0.09576106816530228 4072
1784237906017 0.3624645471572876 4073
1784237906033 0.2593495547771454 4074
1784237906048 0.05028405040502548 4075
1784237906063 0.14037904143333435 4076
1784237906079 0.10629919916391373 4077
1784237906095 0.13590948283672333 4078
1784237906112 0.08677959442138672 4079
1784237906127 0.03808032348752022 4080
1784237906143 0.029790762811899185 4081
1784237906158 0.06000528857111931 4082
1784237906174 0.0560690313577652 4083
1784237906191 0.05428529530763626 4084
1784237906206 0.08060283213853836 4085
1784237906222 0.09295643121004105 4086
1784237906237 0.29830479621887207 4087
1784237906251 0.07913409173488617 4088
1784237906275 0.41182759404182434 4089
1784237906291 0.049587417393922806 4090
1784237906309 0.0703558400273323 4091
1784237906325 0.015465671196579933 4092
1784237906340 0.06224977225065231 4093
1784237906355 0.12055560946464539 4094
1784237906371 0.13112227618694305 4095
1784237906386 0.10845541954040527 4096
1784237906401 0.07650818675756454 4097
1784237906415 0.23581437766551971 4098
1784237906432 0.1369641125202179 4099
1784237906446 0.11489184945821762 4100
1784237906461 0.24571426212787628 4101
1784237906476 0.03563592955470085 4102
1784237906492 0.04915952309966087 4103
1784237906507 0.09090860188007355 4104
1784237906523 0.011597981676459312 4105
1784237906538 0.02838372252881527 4106
1784237906553 0.049228426069021225 4107
1784237906568 0.0691126361489296 4108
1784237906585 0.07353264838457108 4109
1784237906601 0.008373445831239223 4110
1784237906616 0.030894355848431587 4111
1784237906631 0.05419423058629036 4112
1784237906647 0.29198622703552246 4113
1784237906661 0.05641959235072136 4114
1784237906677 0.013943221420049667 4115
1784237906693 0.32266467809677124 4116
1784237906708 0.29901766777038574 4117
1784237906723 0.02114160917699337 4118
1784237906738 0.031115515157580376 4119
1784237906753 0.15048545598983765 4120
1784237906767 0.08837218582630157 4121
1784237906784 0.21994400024414062 4122
1784237906796 0.4151196777820587 4123
1784237906810 0.0859721302986145 4124
1784237906826 0.042190685868263245 4125
1784237906842 0.09534015506505966 4126
1784237906858 0.13398484885692596 4127
1784237906873 0.09496872127056122 4128
1784237906888 0.1483026146888733 4129
1784237906921 0.04519777372479439 4130
1784237906935 0.30684006214141846 4131
1784237906951 0.3059238791465759 4132
1784237906965 0.10951223969459534 4133
1784237906981 0.11130063235759735 4134
1784237906997 0.2572881579399109 4135
1784237907012 0.10488896071910858 4136
1784237907027 0.22541548311710358 4137
1784237907042 0.09663186222314835 4138
1784237907057 0.01672886312007904 4139
1784237907073 0.05582796782255173 4140
1784237907088 0.17714647948741913 4141
1784237907103 0.02226586639881134 4142
1784237907117 0.586572527885437 4143
1784237907131 0.18117864429950714 4144
1784237907147 0.2858164310455322 4145
1784237907162 0.08480410277843475 4146
1784237907175 0.07430244982242584 4147
1784237907190 0.012568935751914978 4148
1784237907209 0.1861317753791809 4149
1784237907228 0.14150109887123108 4150
1784237907245 0.061085544526576996 4151
1784237907264 0.09324625879526138 4152
1784237907282 0.03734959289431572 4153
1784237907300 0.0866861641407013 4154
1784237907316 0.08757099509239197 4155
1784237907331 0.15555034577846527 4156
1784237907344 0.1859188973903656 4157
1784237907357 0.17956431210041046 4158
1784237907374 0.05350340157747269 4159
1784237907390 0.02666258066892624 4160
1784237907406 0.030650416389107704 4161
1784237907424 0.03295068070292473 4162
1784237907439 0.03209483623504639 4163
1784237907454 0.041670672595500946 4164
1784237907470 0.06104150041937828 4165
1784237907485 0.08995861560106277 4166
1784237907501 0.09162242710590363 4167
1784237907515 0.06507398188114166 4168
1784237907532 0.01700938120484352 4169
1784237907547 0.035422563552856445 4170
1784237907562 0.0631098821759224 4171
1784237907576 0.05330733582377434 4172
1784237907591 0.07345686852931976 4173
1784237907606 0.06647200137376785 4174
1784237907623 0.13802793622016907 4175
1784237907637 0.03501079976558685 4176
1784237907653 0.12310925871133804 4177
1784237907666 0.0225381962954998 4178
1784237907680 0.17183144390583038 4179
1784237907692 0.016799693927168846 4180
1784237907706 0.09044948220252991 4181
1784237907720 0.24829016625881195 4182
1784237907735 0.038733869791030884 4183
1784237907750 0.25268372893333435 4184
1784237907765 0.35137638449668884 4185
1784237907779 0.015851888805627823 4186
1784237907793 0.0037199847865849733 4187
1784237907807 0.06576292216777802 4188
1784237907822 0.07588609308004379 4189
1784237907835 0.23548302054405212 4190
1784237907848 0.007943833246827126 4191
1784237907862 0.1523848921060562 4192
1784237907877 0.015265200287103653 4193
1784237907890 0.029790448024868965 4194
1784237907904 0.05114087462425232 4195
1784237907919 0.08790215849876404 4196
1784237907931 0.11892810463905334 4197
1784237907946 0.11845019459724426 4198
1784237907961 0.018014658242464066 4199
1784237907977 0.1267596334218979 4200
1784237907991 0.18033891916275024 4201
1784237908007 0.14791324734687805 4202
1784237908022 0.10130526125431061 4203
1784237908037 0.21507371962070465 4204
1784237908051 0.10516292601823807 4205
1784237908065 0.10696320980787277 4206
1784237908079 0.10222966223955154 4207
1784237908096 0.09920202195644379 4208
1784237908112 0.048519667237997055 4209
1784237908129 0.050203628838062286 4210
1784237908145 0.3468252122402191 4211
1784237908162 0.3182695806026459 4212
1784237908178 0.06422355026006699 4213
1784237908196 0.06622439622879028 4214
1784237908213 0.06855769455432892 4215
1784237908229 0.05625021457672119 4216
1784237908245 0.0494026355445385 4217
1784237908261 0.15846456587314606 4218
1784237908278 0.45421653985977173 4219
1784237908296 0.175893634557724 4220
1784237908313 0.0566256083548069 4221
1784237908329 0.23362226784229279 4222
1784237908345 0.1324530839920044 4223
1784237908361 0.18382002413272858 4224
1784237908378 0.010717908851802349 4225
1784237908393 0.22258567810058594 4226
1784237908409 0.06416209787130356 4227
1784237908428 0.03117644600570202 4228
1784237908446 0.06443846225738525 4229
1784237908467 0.05358022078871727 4230
1784237908482 0.14420221745967865 4231
1784237908499 0.06582271307706833 4232
1784237908516 0.04414095729589462 4233
1784237908533 0.023655667901039124 4234
1784237908549 0.004279995337128639 4235
1784237908565 0.055937509983778 4236
1784237908581 0.11905337870121002 4237
1784237908598 0.09177808463573456 4238
1784237908614 0.26287224888801575 4239
1784237908630 0.054706476628780365 4240
1784237908645 0.07409443706274033 4241
1784237908662 0.20672495663166046 4242
1784237908679 0.04724253714084625 4243
1784237908694 0.08307765424251556 4244
1784237908709 0.1663873791694641 4245
1784237908725 0.22341713309288025 4246
1784237908740 0.04450690746307373 4247
1784237908755 0.23590901494026184 4248
1784237908770 0.027294136583805084 4249
1784237908785 0.042239803820848465 4250
1784237908800 0.10666095465421677 4251
1784237908814 0.01567106693983078 4252
1784237908830 0.10837496072053909 4253
1784237908844 0.09877277165651321 4254
1784237908860 0.10624469816684723 4255
1784237908876 0.27765727043151855 4256
1784237908892 0.020385993644595146 4257
1784237908907 0.009952250868082047 4258
1784237908922 0.2076840102672577 4259
1784237908936 0.11666539311408997 4260
1784237908951 0.09770684689283371 4261
1784237908967 0.012091056443750858 4262
1784237908982 0.21040675044059753 4263
1784237908995 0.06953532993793488 4264
1784237909009 0.11213482171297073 4265
1784237909025 0.19259795546531677 4266
1784237909039 0.04540887102484703 4267
1784237909055 0.04043653607368469 4268
1784237909071 0.14192049205303192 4269
1784237909087 0.1687389314174652 4270
1784237909103 0.06556015461683273 4271
1784237909119 0.042262446135282516 4272
1784237909133 0.0687311515212059 4273
1784237909149 0.0057108099572360516 4274
1784237909165 0.014878666028380394 4275
1784237909181 0.044967688620090485 4276
1784237909197 0.09848420321941376 4277
1784237909211 0.3688012659549713 4278
1784237909226 0.03400646895170212 4279
1784237909239 0.1451641321182251 4280
1784237909254 0.18534384667873383 4281
1784237909269 0.047110240906476974 4282
1784237909284 0.18872004747390747 4283
1784237909298 0.05788562446832657 4284
1784237909314 0.048193126916885376 4285
1784237909328 0.011343919672071934 4286
1784237909342 0.12989284098148346 4287
1784237909356 0.04973035678267479 4288
1784237909372 0.08349219709634781 4289
1784237909386 0.14303258061408997 4290
1784237909401 0.04461962729692459 4291
1784237909419 0.026359595358371735 4292
1784237909435 0.06915359199047089 4293
1784237909454 0.18671546876430511 4294
1784237909473 0.14361678063869476 4295
1784237909491 0.043349482119083405 4296
1784237909506 0.022716892883181572 4297
1784237909525 0.025483012199401855 4298
1784237909540 0.07705526053905487 4299
1784237909556 0.2088135927915573 4300
1784237909572 0.01251637376844883 4301
1784237909587 0.05181799829006195 4302
1784237909603 0.07959423959255219 4303
1784237909621 0.09785651415586472 4304
1784237909636 0.12136189639568329 4305
1784237909651 0.09748835861682892 4306
1784237909663 0.16569051146507263 4307
1784237909679 0.051571059972047806 4308
1784237909693 0.040475379675626755 4309
1784237909708 0.14586126804351807 4310
1784237909724 0.052268482744693756 4311
1784237909739 0.01980641670525074 4312
1784237909755 0.026657795533537865 4313
1784237909770 0.3599723279476166 4314
1784237909785 0.032444775104522705 4315
1784237909801 0.008803997188806534 4316
1784237909814 0.055357180535793304 4317
1784237909829 0.004276089835911989 4318
1784237909844 0.02119184099137783 4319
1784237909859 0.18280133605003357 4320
1784237909874 0.09140989184379578 4321
1784237909890 0.008424506522715092 4322
1784237909905 0.12506386637687683 4323
1784237909921 0.042802393436431885 4324
1784237909936 0.060889218002557755 4325
1784237909952 0.08204587548971176 4326
1784237909968 0.03845775127410889 4327
1784237909983 0.1485847532749176 4328
1784237909999 0.04904915392398834 4329
1784237910014 0.01377007458359003 4330
1784237910030 0.12018393725156784 4331
1784237910044 0.10983333736658096 4332
1784237910059 0.011419755406677723 4333
1784237910074 0.24713334441184998 4334
1784237910088 0.12466928362846375 4335
1784237910105 0.016559330746531487 4336
1784237910124 0.03266535699367523 4337
1784237910143 0.023290948942303658 4338
1784237910158 0.04413469508290291 4339
1784237910177 0.22502931952476501 4340
1784237910198 0.33007943630218506 4341
1784237910220 0.02470649965107441 4342
1784237910235 0.2385542094707489 4343
1784237910250 0.10990756005048752 4344
1784237910264 0.18335328996181488 4345
1784237910280 0.006619551219046116 4346
1784237910296 0.24991048872470856 4347
1784237910312 0.066190704703331 4348
1784237910327 0.014986581169068813 4349
1784237910342 0.41999271512031555 4350
1784237910358 0.21210844814777374 4351
1784237910372 0.04244191199541092 4352
1784237910388 0.026321513578295708 4353
1784237910404 0.15157060325145721 4354
1784237910418 0.05687481164932251 4355
1784237910435 0.39747369289398193 4356
1784237910451 0.0404159352183342 4357
1784237910466 0.018735773861408234 4358
1784237910481 0.056068893522024155 4359
1784237910498 0.07813677936792374 4360
1784237910513 0.12501375377178192 4361
1784237910529 0.20986825227737427 4362
1784237910544 0.1240437924861908 4363
1784237910559 0.19120116531848907 4364
1784237910574 0.11584603786468506 4365
1784237910589 0.022442040964961052 4366
1784237910604 0.033091042190790176 4367
1784237910619 0.32158800959587097 4368
1784237910634 0.39642810821533203 4369
1784237910649 0.04416922107338905 4370
1784237910663 0.019073717296123505 4371
1784237910679 0.0434471033513546 4372
1784237910695 0.25905218720436096 4373
1784237910712 0.027093587443232536 4374
1784237910728 0.06949323415756226 4375
1784237910742 0.05389779806137085 4376
1784237910758 0.16969074308872223 4377
1784237910774 0.007952874526381493 4378
1784237910790 0.13717670738697052 4379
1784237910803 0.12793664634227753 4380
1784237910816 0.1317814737558365 4381
1784237910833 0.15455122292041779 4382
1784237910848 0.1369563490152359 4383
1784237910863 0.1054995208978653 4384
1784237910885 0.1792396456003189 4385
1784237910901 0.026669174432754517 4386
1784237910918 0.0256050918251276 4387
1784237910935 0.1030389592051506 4388
1784237910951 0.12191583961248398 4389
1784237910966 0.14868447184562683 4390
1784237910980 0.3675743639469147 4391
1784237910996 0.06489449739456177 4392
1784237911011 0.027288969606161118 4393
1784237911026 0.03898223862051964 4394
1784237911038 0.06965760886669159 4395
1784237911053 0.2826291024684906 4396
1784237911068 0.12177799642086029 4397
1784237911083 0.19485792517662048 4398
1784237911097 0.32713577151298523 4399
1784237911112 0.09896715730428696 4400
1784237911128 0.016430210322141647 4401
1784237911143 0.2050115317106247 4402
1784237911160 0.03274749964475632 4403
1784237911174 0.0293150432407856 4404
1784237911190 0.11590795964002609 4405
1784237911207 0.03910341113805771 4406
1784237911224 0.02904439903795719 4407
1784237911240 0.39956945180892944 4408
1784237911255 0.10879673808813095 4409
1784237911271 0.10104241222143173 4410
1784237911288 0.04666620492935181 4411
1784237911305 0.07258747518062592 4412
1784237911322 0.10086805373430252 4413
1784237911338 0.13635368645191193 4414
1784237911355 0.11036383360624313 4415
1784237911371 0.2997283339500427 4416
1784237911387 0.11410313099622726 4417
1784237911404 0.0938122570514679 4418
1784237911420 0.12643779814243317 4419
1784237911436 0.03630789741873741 4420
1784237911455 0.026854561641812325 4421
1784237911471 0.1158764511346817 4422
1784237911488 0.03342471271753311 4423
1784237911505 0.1985972672700882 4424
1784237911521 0.05492018163204193 4425
1784237911537 0.29010850191116333 4426
1784237911553 0.042364899069070816 4427
1784237911569 0.11300989240407944 4428
1784237911583 0.19508489966392517 4429
1784237911601 0.38378652930259705 4430
1784237911617 0.07495778799057007 4431
1784237911633 0.015046920627355576 4432
1784237911651 0.09606977552175522 4433
1784237911671 0.11778295785188675 4434
1784237911687 0.18347294628620148 4435
1784237911705 0.12709644436836243 4436
1784237911721 0.22443796694278717 4437
1784237911740 0.11187160760164261 4438
1784237911757 0.05785364657640457 4439
1784237911773 0.11612056940793991 4440
1784237911788 0.05074131116271019 4441
1784237911805 0.3280288875102997 4442
1784237911819 0.035048630088567734 4443
1784237911833 0.01984119601547718 4444
1784237911850 0.1733679175376892 4445
1784237911863 0.08550810813903809 4446
1784237911877 0.035224057734012604 4447
1784237911894 0.18919509649276733 4448
1784237911910 0.17647311091423035 4449
1784237911925 0.3340112566947937 4450
1784237911939 0.06306444108486176 4451
1784237911953 0.2949065864086151 4452
1784237911967 0.0710902139544487 4453
1784237911981 0.04154762998223305 4454
1784237911995 0.2012377679347992 4455
1784237912010 0.018268384039402008 4456
1784237912027 0.03268447518348694 4457
1784237912042 0.18408161401748657 4458
1784237912057 0.1740679293870926 4459
1784237912076 0.11145417392253876 4460
1784237912091 0.01276872307062149 4461
1784237912105 0.019310560077428818 4462
1784237912121 0.013892538845539093 4463
1784237912140 0.13339446485042572 4464
1784237912154 0.17129692435264587 4465
1784237912169 0.10401459783315659 4466
1784237912185 0.02865481562912464 4467
1784237912199 0.031353387981653214 4468
1784237912216 0.03038637898862362 4469
1784237912231 0.07917103916406631 4470
1784237912246 0.11445897072553635 4471
1784237912261 0.10359963774681091 4472
1784237912278 0.01127663254737854 4473
1784237912294 0.19267520308494568 4474
1784237912309 0.01226259209215641 4475
1784237912325 0.37639522552490234 4476
1784237912340 0.13280710577964783 4477
1784237912353 0.05167918652296066 4478
1784237912366 0.14191964268684387 4479
1784237912381 0.1551811546087265 4480
1784237912395 0.22319148480892181 4481
1784237912409 0.24278970062732697 4482
1784237912423 0.21283236145973206 4483
1784237912436 0.1419365555047989 4484
1784237912451 0.07423300296068192 4485
1784237912466 0.19128717482089996 4486
1784237912481 0.2826147675514221 4487
1784237912496 0.10592533648014069 4488
1784237912513 0.10239865630865097 4489
1784237912529 0.23491179943084717 4490
1784237912546 0.07622934877872467 4491
1784237912561 0.4157775938510895 4492
1784237912576 0.0491810142993927 4493
1784237912591 0.0500878244638443 4494
1784237912605 0.0228610597550869 4495
1784237912620 0.0961175337433815 4496
1784237912639 0.11320091784000397 4497
1784237912653 0.10135127604007721 4498
1784237912666 0.05992637574672699 4499
1784237912684 0.0652855709195137 4500
1784237912700 0.049052104353904724 4501
1784237912717 0.19321928918361664 4502
1784237912733 0.22214534878730774 4503
1784237912748 0.16040389239788055 4504
1784237912763 0.005995703861117363 4505
1784237912777 0.058854930102825165 4506
1784237912793 0.15611571073532104 4507
1784237912811 0.02886817790567875 4508
1784237912827 0.07659020274877548 4509
1784237912842 0.2427893579006195 4510
1784237912856 0.033667098730802536 4511
1784237912871 0.0211190115660429 4512
1784237912886 0.24336464703083038 4513
1784237912901 0.010336051695048809 4514
1784237912919 0.006861032452434301 4515
1784237912933 0.4992463290691376 4516
1784237912947 0.09125430881977081 4517
1784237912960 0.021532854065299034 4518
1784237912973 0.08069039136171341 4519
1784237912987 0.06550217419862747 4520
1784237913002 0.05366535112261772 4521
1784237913017 0.09688541293144226 4522
1784237913032 0.06549935042858124 4523
1784237913045 0.2487221658229828 4524
1784237913060 0.1369456946849823 4525
1784237913075 0.018977465108036995 4526
1784237913090 0.1407577097415924 4527
1784237913106 0.09404103457927704 4528
1784237913122 0.02590036205947399 4529
1784237913137 0.042009659111499786 4530
1784237913152 0.05134165287017822 4531
1784237913168 0.03176988288760185 4532
1784237913185 0.012378731742501259 4533
1784237913197 0.06312458217144012 4534
1784237913213 0.02308649756014347 4535
1784237913229 0.07817293703556061 4536
1784237913243 0.22628331184387207 4537
1784237913258 0.11496601998806 4538
1784237913274 0.08922235667705536 4539
1784237913289 0.11607752740383148 4540
1784237913305 0.05713941529393196 4541
1784237913321 0.1608058661222458 4542
1784237913334 0.15199865400791168 4543
1784237913349 0.08294934034347534 4544
1784237913365 0.08600954711437225 4545
1784237913380 0.27890560030937195 4546
1784237913396 0.1587757170200348 4547
1784237913412 0.058361247181892395 4548
1784237913427 0.07082382589578629 4549
1784237913441 0.05467677116394043 4550
1784237913456 0.1012808233499527 4551
1784237913472 0.10453184694051743 4552
1784237913488 0.0669587254524231 4553
1784237913504 0.29627054929733276 4554
1784237913518 0.04051371291279793 4555
1784237913533 0.15358377993106842 4556
1784237913548 0.2022532969713211 4557
1784237913565 0.019937735050916672 4558
1784237913580 0.05288054794073105 4559
1784237913594 0.11624059081077576 4560
1784237913608 0.03440195322036743 4561
1784237913624 0.03393257409334183 4562
1784237913637 0.033409830182790756 4563
1784237913653 0.14082668721675873 4564
1784237913668 0.17829687893390656 4565
1784237913682 0.014761910773813725 4566
1784237913697 0.013033976778388023 4567
1784237913712 0.10431981086730957 4568
1784237913727 0.04567635804414749 4569
1784237913742 0.20317186415195465 4570
1784237913756 0.06908128410577774 4571
1784237913772 0.030976004898548126 4572
1784237913787 0.11163004487752914 4573
1784237913804 0.09116008132696152 4574
1784237913820 0.026804475113749504 4575
1784237913835 0.07048357278108597 4576
1784237913849 0.05924168974161148 4577
1784237913867 0.20081426203250885 4578
1784237913885 0.07448801398277283 4579
1784237913910 0.21601563692092896 4580
1784237913929 0.15667885541915894 4581
1784237913946 0.11414036154747009 4582
1784237913963 0.07101311534643173 4583
1784237913982 0.016284845769405365 4584
1784237913999 0.20806635916233063 4585
1784237914013 0.06157192587852478 4586
1784237914029 0.11560117453336716 4587
1784237914045 0.03283814340829849 4588
1784237914060 0.2570551335811615 4589
1784237914077 0.17803409695625305 4590
1784237914092 0.5993992686271667 4591
1784237914107 0.086764857172966 4592
1784237914123 0.018547721207141876 4593
1784237914136 0.00919411052018404 4594
1784237914150 0.21504274010658264 4595
1784237914164 0.16734810173511505 4596
1784237914179 0.19183306396007538 4597
1784237914196 0.09336163848638535 4598
1784237914213 0.13583439588546753 4599
1784237914230 0.08146986365318298 4600
1784237914245 0.0846225842833519 4601
1784237914259 0.05660144239664078 4602
1784237914276 0.17205369472503662 4603
1784237914290 0.20965267717838287 4604
1784237914306 0.01109535712748766 4605
1784237914321 0.20411090552806854 4606
1784237914337 0.03519287332892418 4607
1784237914353 0.03886231407523155 4608
1784237914368 0.1230289563536644 4609
1784237914384 0.1904715895652771 4610
1784237914399 0.08015310764312744 4611
1784237914414 0.06900747120380402 4612
1784237914428 0.3600098490715027 4613
1784237914444 0.2084648758172989 4614
1784237914459 0.06359309703111649 4615
1784237914474 0.02743096463382244 4616
1784237914489 0.308113694190979 4617
1784237914505 0.2769572138786316 4618
1784237914520 0.19349290430545807 4619
1784237914535 0.1527266949415207 4620
1784237914550 0.047934286296367645 4621
1784237914565 0.10172915458679199 4622
1784237914583 0.03525640070438385 4623
1784237914597 0.11262466013431549 4624
1784237914614 0.0944218784570694 4625
1784237914630 0.28195932507514954 4626
1784237914645 0.07332997769117355 4627
1784237914661 0.09023983031511307 4628
1784237914675 0.04180106893181801 4629
1784237914691 0.018142327666282654 4630
1784237914705 0.10257025063037872 4631
1784237914722 0.11552777141332626 4632
1784237914738 0.2270159125328064 4633
1784237914753 0.0993114784359932 4634
1784237914768 0.03634472191333771 4635
1784237914781 0.032289616763591766 4636
1784237914797 0.3991281986236572 4637
1784237914811 0.04484321177005768 4638
1784237914826 0.08182477205991745 4639
1784237914840 0.007196215447038412 4640
1784237914856 0.015662701800465584 4641
1784237914872 0.029075637459754944 4642
1784237914887 0.04141755402088165 4643
1784237914903 0.0914251059293747 4644
1784237914919 0.0508226677775383 4645
1784237914934 0.062027160078287125 4646
1784237914949 0.045115549117326736 4647
1784237914963 0.22208106517791748 4648
1784237914978 0.017883848398923874 4649
1784237914994 0.12365321815013885 4650
1784237915010 0.051391635090112686 4651
1784237915026 0.24999073147773743 4652
1784237915040 0.0758221223950386 4653
1784237915055 0.031998585909605026 4654
1784237915071 0.3542320728302002 4655
1784237915086 0.044643692672252655 4656
1784237915102 0.15870651602745056 4657
1784237915114 0.06899910420179367 4658
1784237915129 0.07000388205051422 4659
1784237915143 0.07910068333148956 4660
1784237915155 0.10278502106666565 4661
1784237915172 0.13127529621124268 4662
1784237915188 0.030259277671575546 4663
1784237915203 0.10187730193138123 4664
1784237915219 0.13902823626995087 4665
1784237915236 0.13171270489692688 4666
1784237915254 0.12566153705120087 4667
1784237915270 0.17159409821033478 4668
1784237915287 0.028141992166638374 4669
1784237915304 0.09056193381547928 4670
1784237915320 0.012890826910734177 4671
1784237915336 0.08386863768100739 4672
1784237915352 0.1132466271519661 4673
1784237915368 0.24404774606227875 4674
1784237915384 0.049879200756549835 4675
1784237915401 0.10059361904859543 4676
1784237915419 0.08338382840156555 4677
1784237915436 0.22137637436389923 4678
1784237915452 0.01788506656885147 4679
1784237915470 0.03925124555826187 4680
1784237915487 0.3088266849517822 4681
1784237915504 0.0059138573706150055 4682
1784237915521 0.01943220943212509 4683
1784237915538 0.14072301983833313 4684
1784237915554 0.0209633931517601 4685
1784237915570 0.2701878845691681 4686
1784237915587 0.025769049301743507 4687
1784237915604 0.01819649338722229 4688
1784237915620 0.2266705185174942 4689
1784237915636 0.06995034962892532 4690
1784237915651 0.20633967220783234 4691
1784237915664 0.018351249396800995 4692
1784237915681 0.2564418315887451 4693
1784237915698 0.0860326737165451 4694
1784237915711 0.2568291425704956 4695
1784237915727 0.07264914363622665 4696
1784237915742 0.184017613530159 4697
1784237915758 0.009611948393285275 4698
1784237915771 0.06042855605483055 4699
1784237915788 0.05029379576444626 4700
1784237915806 0.04262838140130043 4701
1784237915821 0.026492569595575333 4702
1784237915836 0.26735928654670715 4703
1784237915852 0.01240475568920374 4704
1784237915868 0.006279686000198126 4705
1784237915883 0.1303766965866089 4706
1784237915898 0.03515569120645523 4707
1784237915913 0.04207771643996239 4708
1784237915928 0.3280036151409149 4709
1784237915943 0.14492708444595337 4710
1784237915958 0.08996071666479111 4711
1784237915974 0.20105235278606415 4712
1784237915988 0.0037141479551792145 4713
1784237916003 0.025354012846946716 4714
1784237916018 0.23632578551769257 4715
1784237916034 0.1630740761756897 4716
1784237916048 0.07438809424638748 4717
1784237916062 0.010881532914936543 4718
1784237916082 0.022900685667991638 4719
1784237916100 0.3133823275566101 4720
1784237916118 0.07260176539421082 4721
1784237916135 0.48215457797050476 4722
1784237916154 0.1203342005610466 4723
1784237916172 0.027828864753246307 4724
1784237916190 0.035425830632448196 4725
1784237916206 0.22369542717933655 4726
1784237916223 0.07271051406860352 4727
1784237916238 0.03864957392215729 4728
1784237916254 0.0727514699101448 4729
1784237916270 0.10551036149263382 4730
1784237916286 0.4957800507545471 4731
1784237916302 0.023983681574463844 4732
1784237916318 0.06873796135187149 4733
1784237916332 0.02161182463169098 4734
1784237916348 0.19817383587360382 4735
1784237916367 0.09052953124046326 4736
1784237916381 0.10761374235153198 4737
1784237916397 0.03183010593056679 4738
1784237916413 0.06247996538877487 4739
1784237916429 0.17790710926055908 4740
1784237916444 0.20345520973205566 4741
1784237916459 0.17770542204380035 4742
1784237916476 0.1550767421722412 4743
1784237916492 0.005476170685142279 4744
1784237916508 0.018178895115852356 4745
1784237916521 0.047410301864147186 4746
1784237916537 0.0639185905456543 4747
1784237916552 0.015688316896557808 4748
1784237916567 0.126125305891037 4749
1784237916582 0.09337785094976425 4750
1784237916598 0.03178436681628227 4751
1784237916612 0.2320672869682312 4752
1784237916627 0.2314404845237732 4753
1784237916642 0.02174963615834713 4754
1784237916656 0.12188486754894257 4755
1784237916671 0.005354182329028845 4756
1784237916687 0.14199918508529663 4757
1784237916702 0.17674271762371063 4758
1784237916717 0.06438851356506348 4759
1784237916732 0.018208809196949005 4760
1784237916746 0.18701715767383575 4761
1784237916762 0.007722948677837849 4762
1784237916778 0.10457780957221985 4763
1784237916793 0.13014496862888336 4764
1784237916809 0.028125207871198654 4765
1784237916825 0.2120886594057083 4766
1784237916840 0.05892624706029892 4767
1784237916873 0.031070658937096596 4768
1784237916889 0.036406442523002625 4769
1784237916904 0.12837569415569305 4770
1784237916919 0.09323809295892715 4771
1784237916934 0.2269163429737091 4772
1784237916950 0.029850563034415245 4773
1784237916965 0.12101008743047714 4774
1784237916980 0.016684221103787422 4775
1784237916995 0.06904551386833191 4776
1784237917010 0.02860485389828682 4777
1784237917024 0.01705523021519184 4778
1784237917038 0.22251732647418976 4779
1784237917054 0.1011749729514122 4780
1784237917069 0.08561308681964874 4781
1784237917084 0.10725396126508713 4782
1784237917098 0.11387093365192413 4783
1784237917111 0.08421535789966583 4784
1784237917126 0.03464554250240326 4785
1784237917142 0.23014622926712036 4786
1784237917155 0.05034228786826134 4787
1784237917172 0.05728338658809662 4788
1784237917188 0.02769431844353676 4789
1784237917204 0.1807861626148224 4790
1784237917220 0.11248760670423508 4791
1784237917235 0.044796090573072433 4792
1784237917251 0.07071634382009506 4793
1784237917263 0.0463661253452301 4794
1784237917280 0.17412729561328888 4795
1784237917295 0.12274588644504547 4796
1784237917311 0.008845508098602295 4797
1784237917327 0.05952310189604759 4798
1784237917343 0.06661416590213776 4799
1784237917359 0.08173846453428268 4800
1784237917374 0.2670961022377014 4801
1784237917391 0.02691011130809784 4802
1784237917406 0.12680108845233917 4803
1784237917420 0.03500501811504364 4804
1784237917433 0.035511214286088943 4805
1784237917447 0.0852297842502594 4806
1784237917462 0.12130621820688248 4807
1784237917478 0.004622302483767271 4808
1784237917491 0.11933276057243347 4809
1784237917504 0.23247510194778442 4810
1784237917516 0.08178453892469406 4811
1784237917530 0.08024872839450836 4812
1784237917545 0.24369847774505615 4813
1784237917560 0.08365935832262039 4814
1784237917575 0.010374913923442364 4815
1784237917589 0.17211592197418213 4816
1784237917603 0.2606877088546753 4817
1784237917618 0.1174551323056221 4818
1784237917632 0.1283019483089447 4819
1784237917646 0.009735003113746643 4820
1784237917660 0.23863904178142548 4821
1784237917674 0.01939229480922222 4822
1784237917687 0.227274090051651 4823
1784237917700 0.10401444137096405 4824
1784237917714 0.20925864577293396 4825
1784237917728 0.6425614356994629 4826
1784237917744 0.21046128869056702 4827
1784237917757 0.1514713615179062 4828
1784237917771 0.2268504500389099 4829
1784237917787 0.28345751762390137 4830
1784237917802 0.1720593273639679 4831
1784237917817 0.03804172948002815 4832
1784237917831 0.16115736961364746 4833
1784237917844 0.07474645972251892 4834
1784237917858 0.024222804233431816 4835
1784237917874 0.28095290064811707 4836
1784237917889 0.09080643951892853 4837
1784237917905 0.17819851636886597 4838
1784237917920 0.024480391293764114 4839
1784237917935 0.014049605466425419 4840
1784237917951 0.04060676321387291 4841
1784237917966 0.10872344672679901 4842
1784237917980 0.26911622285842896 4843
1784237917996 0.06157888472080231 4844
1784237918012 0.1064697653055191 4845
1784237918025 0.06071510538458824 4846
1784237918039 0.21485544741153717 4847
1784237918054 0.03570864722132683 4848
1784237918067 0.16606298089027405 4849
1784237918082 0.2280745506286621 4850
1784237918098 0.20259498059749603 4851
1784237918112 0.27989333868026733 4852
1784237918129 0.1694820672273636 4853
1784237918145 0.061953190714120865 4854
1784237918159 0.08887185901403427 4855
1784237918173 0.1323966532945633 4856
1784237918188 0.02187732793390751 4857
1784237918203 0.067423515021801 4858
1784237918220 0.04114655405282974 4859
1784237918236 0.16832202672958374 4860
1784237918255 0.04822207987308502 4861
1784237918273 0.12445433437824249 4862
1784237918289 0.04480401426553726 4863
1784237918306 0.14668752253055573 4864
1784237918324 0.08106061816215515 4865
1784237918344 0.03498530387878418 4866
1784237918366 0.1539381593465805 4867
1784237918385 0.03548470139503479 4868
1784237918405 0.373008668422699 4869
1784237918425 0.06521212309598923 4870
1784237918442 0.070988230407238 4871
1784237918459 0.08712267875671387 4872
1784237918476 0.03858491778373718 4873
1784237918494 0.24721398949623108 4874
1784237918511 0.2765272855758667 4875
1784237918526 0.06559914350509644 4876
1784237918544 0.09540017694234848 4877
1784237918560 0.04830218851566315 4878
1784237918576 0.10086800158023834 4879
1784237918590 0.08967273682355881 4880
1784237918607 0.12339772284030914 4881
1784237918624 0.05258447304368019 4882
1784237918641 0.017612159252166748 4883
1784237918657 0.060801487416028976 4884
1784237918674 0.22305366396903992 4885
1784237918689 0.11887042224407196 4886
1784237918704 0.011644149199128151 4887
1784237918720 0.1010749489068985 4888
1784237918736 0.03293601796030998 4889
1784237918751 0.009731692261993885 4890
1784237918767 0.06320665776729584 4891
1784237918782 0.06957292556762695 4892
1784237918796 0.28781604766845703 4893
1784237918812 0.008992676623165607 4894
1784237918826 0.19751614332199097 4895
1784237918841 0.07019508630037308 4896
1784237918856 0.018391676247119904 4897
1784237918871 0.003296945709735155 4898
1784237918887 0.03204140067100525 4899
1784237918902 0.1327059268951416 4900
1784237918918 0.055116213858127594 4901
1784237918933 0.03438306227326393 4902
1784237918949 0.2121763527393341 4903
1784237918964 0.023496456444263458 4904
1784237918979 0.1033235415816307 4905
1784237918995 0.05392125993967056 4906
1784237919009 0.21206915378570557 4907
1784237919026 0.09558580815792084 4908
1784237919042 0.4198616147041321 4909
1784237919058 0.010602278634905815 4910
1784237919077 0.01524105854332447 4911
1784237919090 0.07900375872850418 4912
1784237919104 0.022202251479029655 4913
1784237919119 0.03396013751626015 4914
1784237919134 0.2782612144947052 4915
1784237919149 0.03590267524123192 4916
1784237919163 0.1800537407398224 4917
1784237919179 0.017432671040296555 4918
1784237919194 0.15129755437374115 4919
1784237919210 0.016070693731307983 4920
1784237919226 0.10088144242763519 4921
1784237919242 0.05246904492378235 4922
1784237919257 0.008022082969546318 4923
1784237919273 0.05471786484122276 4924
1784237919288 0.13309034705162048 4925
1784237919303 0.1006036326289177 4926
1784237919318 0.08607415854930878 4927
1784237919333 0.1570061594247818 4928
1784237919347 0.20879249274730682 4929
1784237919362 0.004523629322648048 4930
1784237919378 0.07515642791986465 4931
1784237919394 0.07667998969554901 4932
1784237919410 0.18007603287696838 4933
1784237919424 0.06332182139158249 4934
1784237919441 0.03597836196422577 4935
1784237919458 0.2125742882490158 4936
1784237919472 0.05818433314561844 4937
1784237919487 0.15889711678028107 4938
1784237919503 0.03742556646466255 4939
1784237919518 0.007639072835445404 4940
1784237919533 0.1597934514284134 4941
1784237919548 0.15717434883117676 4942
1784237919563 0.13768921792507172 4943
1784237919579 0.058457113802433014 4944
1784237919595 0.01795218698680401 4945
1784237919612 0.030259395018219948 4946
1784237919626 0.16100694239139557 4947
1784237919642 0.14556284248828888 4948
1784237919657 0.028409067541360855 4949
1784237919673 0.008076426573097706 4950
1784237919688 0.24466830492019653 4951
1784237919704 0.0480780154466629 4952
1784237919719 0.06922400742769241 4953
1784237919732 0.09232404083013535 4954
1784237919746 0.11496932804584503 4955
1784237919761 0.1339968889951706 4956
1784237919777 0.05263751000165939 4957
1784237919793 0.14418384432792664 4958
1784237919809 0.2709174156188965 4959
1784237919823 0.07501786947250366 4960
1784237919838 0.012546684592962265 4961
1784237919853 0.004959162324666977 4962
1784237919868 0.13045893609523773 4963
1784237919886 0.028520191088318825 4964
1784237919902 0.038681790232658386 4965
1784237919917 0.10334419459104538 4966
1784237919932 0.22866223752498627 4967
1784237919946 0.05082710459828377 4968
1784237919963 0.23600324988365173 4969
1784237919977 0.010514125227928162 4970
1784237919994 0.054419487714767456 4971
1784237920010 0.08071904629468918 4972
1784237920025 0.053613677620887756 4973
1784237920040 0.02783873677253723 4974
1784237920055 0.06595905870199203 4975
1784237920070 0.0539957620203495 4976
1784237920084 0.051193512976169586 4977
1784237920100 0.0030783736146986485 4978
1784237920114 0.026750199496746063 4979
1784237920129 0.02474142424762249 4980
1784237920144 0.09933756291866302 4981
1784237920160 0.1231817677617073 4982
1784237920175 0.20604823529720306 4983
1784237920188 0.07591013610363007 4984
1784237920202 0.03082665614783764 4985
1784237920216 0.26052311062812805 4986
1784237920232 0.11996743083000183 4987
1784237920248 0.02951243333518505 4988
1784237920264 0.07699467241764069 4989
1784237920280 0.08089778572320938 4990
1784237920295 0.033389899879693985 4991
1784237920312 0.1351137012243271 4992
1784237920326 0.11128125339746475 4993
1784237920340 0.021682891994714737 4994
1784237920353 0.04135478287935257 4995
1784237920369 0.19044391810894012 4996
1784237920385 0.0364253930747509 4997
1784237920400 0.25245651602745056 4998
1784237920416 0.35556304454803467 4999
1784237920430 0.028146442025899887 5000
1784237920444 0.046421654522418976 5001
1784237920459 0.2646655738353729 5002
1784237920475 0.03071882762014866 5003
1784237920491 0.2707533538341522 5004
1784237920506 0.06227225437760353 5005
1784237920521 0.04407760128378868 5006
1784237920537 0.044836338609457016 5007
1784237920555 0.09575986117124557 5008
1784237920573 0.030357535928487778 5009
1784237920592 0.20435185730457306 5010
1784237920610 0.14551110565662384 5011
1784237920629 0.19880862534046173 5012
1784237920646 0.3810536861419678 5013
1784237920670 0.0689544677734375 5014
1784237920687 0.0602189302444458 5015
1784237920703 0.025629907846450806 5016
1784237920719 0.25341737270355225 5017
1784237920733 0.03733634203672409 5018
1784237920751 0.15941177308559418 5019
1784237920768 0.25336506962776184 5020
1784237920783 0.30813461542129517 5021
1784237920798 0.0996057540178299 5022
1784237920813 0.20321379601955414 5023
1784237920827 0.04282399266958237 5024
1784237920875 0.15838083624839783 5025
1784237920945 0.10561823099851608 5026
1784237920975 0.2733401954174042 5027
1784237920993 0.11669337749481201 5028
1784237921009 0.11573942005634308 5029
1784237921025 0.21390703320503235 5030
1784237921039 0.34267541766166687 5031
1784237921055 0.03239813819527626 5032
1784237921072 0.19518250226974487 5033
1784237921089 0.33429399132728577 5034
1784237921105 0.07695505023002625 5035
1784237921121 0.0889054536819458 5036
1784237921137 0.12554574012756348 5037
1784237921154 0.09464004635810852 5038
1784237921170 0.0800226628780365 5039
1784237921186 0.07179641723632812 5040
1784237921203 0.0175784919410944 5041
1784237921222 0.03960767388343811 5042
1784237921240 0.19027790427207947 5043
1784237921261 0.07883478701114655 5044
1784237921278 0.16004276275634766 5045
1784237921295 0.021645987406373024 5046
1784237921311 0.18929678201675415 5047
1784237921329 0.07666604220867157 5048
1784237921346 0.016481826081871986 5049
1784237921362 0.1286395639181137 5050
1784237921380 0.1512402594089508 5051
1784237921397 0.23080973327159882 5052
1784237921414 0.00873071514070034 5053
1784237921428 0.12313554435968399 5054
1784237921445 0.10946320742368698 5055
1784237921460 0.0433715283870697 5056
1784237921474 0.2487347573041916 5057
1784237921489 0.3281261920928955 5058
1784237921503 0.38114428520202637 5059
1784237921518 0.015670601278543472 5060
1784237921534 0.01764031872153282 5061
1784237921546 0.030645880848169327 5062
1784237921562 0.024370506405830383 5063
1784237921576 0.10587630420923233 5064
1784237921590 0.22553452849388123 5065
1784237921605 0.05093790963292122 5066
1784237921620 0.16040903329849243 5067
1784237921636 0.07020020484924316 5068
1784237921651 0.1020260602235794 5069
1784237921667 0.04610208794474602 5070
1784237921685 0.3677644729614258 5071
1784237921700 0.1559123694896698 5072
1784237921715 0.24579457938671112 5073
1784237921729 0.006755492649972439 5074
1784237921744 0.047719646245241165 5075
1784237921759 0.07219213247299194 5076
1784237921774 0.18663527071475983 5077
1784237921789 0.18692626059055328 5078
1784237921804 0.22480559349060059 5079
1784237921819 0.08547393232584 5080
1784237921833 0.09539174288511276 5081
1784237921848 0.13148769736289978 5082
1784237921864 0.011372308246791363 5083
1784237921879 0.010586395859718323 5084
1784237921894 0.13850991427898407 5085
1784237921909 0.06742426007986069 5086
1784237921923 0.09700694680213928 5087
1784237921940 0.28394803404808044 5088
1784237921955 0.15263651311397552 5089
1784237921972 0.017932116985321045 5090
1784237921987 0.07783572375774384 5091
1784237922003 0.21696370840072632 5092
1784237922019 0.06806879490613937 5093
1784237922033 0.14626024663448334 5094
1784237922048 0.020149867981672287 5095
1784237922063 0.06277832388877869 5096
1784237922077 0.15895956754684448 5097
1784237922092 0.17052896320819855 5098
1784237922107 0.05185617506504059 5099
1784237922123 0.23890560865402222 5100
1784237922139 0.07175538688898087 5101
1784237922154 0.04855075106024742 5102
1784237922169 0.19816841185092926 5103
1784237922185 0.27209144830703735 5104
1784237922200 0.060272522270679474 5105
1784237922214 0.00821874663233757 5106
1784237922228 0.12871932983398438 5107
1784237922243 0.015702834352850914 5108
1784237922257 0.10485498607158661 5109
1784237922272 0.19786638021469116 5110
1784237922287 0.021731683984398842 5111
1784237922302 0.09278418868780136 5112
1784237922317 0.009019681252539158 5113
1784237922333 0.032927028834819794 5114
1784237922347 0.21417927742004395 5115
1784237922363 0.003876125905662775 5116
1784237922380 0.09837407618761063 5117
1784237922398 0.1646663248538971 5118
1784237922414 0.022927340120077133 5119
1784237922428 0.0804426372051239 5120
1784237922443 0.05929683893918991 5121
1784237922457 0.07047072798013687 5122
1784237922473 0.2328309565782547 5123
1784237922488 0.11184177547693253 5124
1784237922504 0.22875994443893433 5125
1784237922518 0.15069156885147095 5126
1784237922534 0.20116834342479706 5127
1784237922550 0.3906565010547638 5128
1784237922565 0.2946014702320099 5129
1784237922582 0.09697631746530533 5130
1784237922597 0.07893425971269608 5131
1784237922612 0.04416312277317047 5132
1784237922626 0.2311217337846756 5133
1784237922641 0.028450271114706993 5134
1784237922655 0.005718536209315062 5135
1784237922669 0.15353454649448395 5136
1784237922685 0.011855017393827438 5137
1784237922701 0.033566951751708984 5138
1784237922717 0.10234727710485458 5139
1784237922732 0.24981018900871277 5140
1784237922747 0.10272509604692459 5141
1784237922762 0.18125183880329132 5142
1784237922777 0.10355709493160248 5143
1784237922794 0.18128198385238647 5144
1784237922814 0.11496879160404205 5145
1784237922832 0.1617637276649475 5146
1784237922852 0.019424036145210266 5147
1784237922870 0.005189207382500172 5148
1784237922888 0.03448454290628433 5149
1784237922903 0.12364442646503448 5150
1784237922918 0.040252067148685455 5151
1784237922933 0.013356518000364304 5152
1784237922950 0.09504471719264984 5153
1784237922964 0.027069339528679848 5154
1784237922979 0.03847172111272812 5155
1784237922996 0.04530486464500427 5156
1784237923012 0.059683967381715775 5157
1784237923027 0.1932601034641266 5158
1784237923043 0.2033076137304306 5159
1784237923057 0.015523341484367847 5160
1784237923070 0.012651246041059494 5161
1784237923084 0.02825336344540119 5162
1784237923098 0.12282034754753113 5163
1784237923113 0.0476972721517086 5164
1784237923127 0.2600601315498352 5165
1784237923142 0.024940166622400284 5166
1784237923157 0.1300266534090042 5167
1784237923173 0.05009409040212631 5168
1784237923188 0.024463484063744545 5169
1784237923203 0.2253360152244568 5170
1784237923219 0.07035382837057114 5171
1784237923234 0.059637896716594696 5172
1784237923248 0.1138484999537468 5173
1784237923265 0.11335598677396774 5174
1784237923281 0.038868267089128494 5175
1784237923297 0.010276746936142445 5176
1784237923313 0.022567370906472206 5177
1784237923327 0.14482708275318146 5178
1784237923342 0.06453178822994232 5179
1784237923358 0.17459221184253693 5180
1784237923373 0.08240887522697449 5181
1784237923389 0.02745877206325531 5182
1784237923405 0.03824533149600029 5183
1784237923420 0.039167676120996475 5184
1784237923435 0.10407735407352448 5185
1784237923450 0.04292600229382515 5186
1784237923464 0.04444873705506325 5187
1784237923479 0.12084982544183731 5188
1784237923492 0.11358840018510818 5189
1784237923507 0.09132152795791626 5190
1784237923522 0.055688247084617615 5191
1784237923537 0.12980985641479492 5192
1784237923552 0.025668125599622726 5193
1784237923568 0.02263605035841465 5194
1784237923582 0.016790643334388733 5195
1784237923597 0.10221224278211594 5196
1784237923611 0.2426799088716507 5197
1784237923627 0.04308600723743439 5198
1784237923640 0.08044792711734772 5199
1784237923653 0.09021981805562973 5200
1784237923669 0.12878449261188507 5201
1784237923683 0.027412816882133484 5202
1784237923704 0.039521828293800354 5203
1784237923720 0.03312111645936966 5204
1784237923735 0.04053405299782753 5205
1784237923751 0.0054807234555482864 5206
1784237923766 0.2107786238193512 5207
1784237923780 0.11569376289844513 5208
1784237923794 0.008820803835988045 5209
1784237923807 0.0398116372525692 5210
1784237923822 0.020444180816411972 5211
1784237923837 0.2879374623298645 5212
1784237923853 0.09018293023109436 5213
1784237923869 0.11339034885168076 5214
1784237923884 0.06446979939937592 5215
1784237923900 0.008912486955523491 5216
1784237923914 0.07440000027418137 5217
1784237923929 0.01656782440841198 5218
1784237923942 0.07298185676336288 5219
1784237923958 0.1330990195274353 5220
1784237923973 0.044776249676942825 5221
1784237923988 0.14273935556411743 5222
1784237924003 0.018976252526044846 5223
1784237924018 0.059398576617240906 5224
1784237924032 0.00789440143853426 5225
1784237924046 0.21901392936706543 5226
1784237924061 0.06752429157495499 5227
1784237924079 0.050864920020103455 5228
1784237924094 0.0679590180516243 5229
1784237924109 0.26968178153038025 5230
1784237924124 0.037724871188402176 5231
1784237924140 0.33466991782188416 5232
1784237924157 0.12223291397094727 5233
1784237924171 0.06698436290025711 5234
1784237924187 0.14416342973709106 5235
1784237924202 0.030740128830075264 5236
1784237924217 0.04465207830071449 5237
1784237924231 0.15717428922653198 5238
1784237924246 0.07804776728153229 5239
1784237924261 0.005621615331619978 5240
1784237924277 0.14395968616008759 5241
1784237924292 0.1878000795841217 5242
1784237924308 0.09331914782524109 5243
1784237924322 0.2329745888710022 5244
1784237924336 0.02662714757025242 5245
1784237924349 0.056759003549814224 5246
1784237924364 0.030240366235375404 5247
1784237924379 0.050068892538547516 5248
1784237924396 0.05559515208005905 5249
1784237924411 0.006647581234574318 5250
1784237924427 0.030199415981769562 5251
1784237924441 0.14063669741153717 5252
1784237924457 0.010845647193491459 5253
1784237924471 0.04822962358593941 5254
1784237924486 0.04323241859674454 5255
1784237924503 0.039601098746061325 5256
1784237924518 0.051696281880140305 5257
1784237924533 0.03746431693434715 5258
1784237924548 0.043224792927503586 5259
1784237924563 0.04707279056310654 5260
1784237924578 0.07738709449768066 5261
1784237924594 0.17977412045001984 5262
1784237924609 0.024758102372288704 5263
1784237924624 0.014822821132838726 5264
1784237924639 0.11250556260347366 5265
1784237924655 0.10453136265277863 5266
1784237924671 0.032219354063272476 5267
1784237924686 0.011430701240897179 5268
1784237924701 0.17615650594234467 5269
1784237924714 0.26705995202064514 5270
1784237924726 0.1811511367559433 5271
1784237924741 0.053962524980306625 5272
1784237924757 0.01315600611269474 5273
1784237924770 0.03615806624293327 5274
1784237924786 0.08824128657579422 5275
1784237924801 0.13028118014335632 5276
1784237924817 0.030393818393349648 5277
1784237924832 0.012163273990154266 5278
1784237924849 0.007483037654310465 5279
1784237924863 0.1148938238620758 5280
1784237924878 0.03583830967545509 5281
1784237924893 0.07771266251802444 5282
1784237924909 0.00455461535602808 5283
1784237924926 0.08956015110015869 5284
1784237924943 0.08323246985673904 5285
1784237924960 0.18063883483409882 5286
1784237924975 0.019359683617949486 5287
1784237924990 0.005411374382674694 5288
1784237925008 0.053440194576978683 5289
1784237925024 0.03609953820705414 5290
1784237925044 0.05965417996048927 5291
1784237925063 0.03438086435198784 5292
1784237925083 0.062485236674547195 5293
1784237925103 0.00946894008666277 5294
1784237925121 0.3141815662384033 5295
1784237925138 0.20464816689491272 5296
1784237925155 0.11870434135198593 5297
1784237925172 0.22648726403713226 5298
1784237925187 0.005642612464725971 5299
1784237925204 0.0356438085436821 5300
1784237925221 0.06439495086669922 5301
1784237925237 0.10505319386720657 5302
1784237925254 0.20549991726875305 5303
1784237925269 0.14053146541118622 5304
1784237925286 0.051564060151576996 5305
1784237925302 0.17598813772201538 5306
1784237925317 0.13067539036273956 5307
1784237925334 0.03425257280468941 5308
1784237925352 0.2369261384010315 5309
1784237925369 0.018172383308410645 5310
1784237925386 0.044150255620479584 5311
1784237925402 0.10619441419839859 5312
1784237925418 0.004126783926039934 5313
1784237925437 0.37114495038986206 5314
1784237925454 0.05871090292930603 5315
1784237925472 0.579939067363739 5316
1784237925488 0.008134685456752777 5317
1784237925504 0.005914510227739811 5318
1784237925520 0.013589859940111637 5319
1784237925536 0.08487814664840698 5320
1784237925551 0.2104380577802658 5321
1784237925567 0.04389087110757828 5322
1784237925582 0.01941993087530136 5323
1784237925597 0.35065072774887085 5324
1784237925611 0.08883444219827652 5325
1784237925626 0.2224770039319992 5326
1784237925641 0.06467011570930481 5327
1784237925656 0.2541654109954834 5328
1784237925671 0.0429227314889431 5329
1784237925684 0.0972708910703659 5330
1784237925699 0.09934041649103165 5331
1784237925714 0.07220631837844849 5332
1784237925728 0.134626105427742 5333
1784237925743 0.2375679314136505 5334
1784237925758 0.13013455271720886 5335
1784237925774 0.15874043107032776 5336
1784237925789 0.11877025663852692 5337
1784237925805 0.021155567839741707 5338
1784237925820 0.03219174966216087 5339
1784237925835 0.0958106517791748 5340
1784237925850 0.2352457493543625 5341
1784237925867 0.08362004905939102 5342
1784237925882 0.06215346232056618 5343
1784237925898 0.017420759424567223 5344
1784237925913 0.13344720005989075 5345
1784237925927 0.09101630002260208 5346
1784237925943 0.21529725193977356 5347
1784237925958 0.0659579485654831 5348
1784237925973 0.20698657631874084 5349
1784237925988 0.046918533742427826 5350
1784237926003 0.0059924256056547165 5351
1784237926018 0.01092558540403843 5352
1784237926032 0.11603835225105286 5353
1784237926048 0.15056543052196503 5354
1784237926062 0.15469427406787872 5355
1784237926079 0.2525160610675812 5356
1784237926092 0.36188915371894836 5357
1784237926105 0.1878385990858078 5358
1784237926119 0.12144853174686432 5359
1784237926134 0.07234726846218109 5360
1784237926150 0.0721168965101242 5361
1784237926167 0.15699614584445953 5362
1784237926183 0.0996384546160698 5363
1784237926198 0.12913884222507477 5364
1784237926212 0.06836824119091034 5365
1784237926227 0.014717547222971916 5366
1784237926242 0.03044498711824417 5367
1784237926257 0.015173641964793205 5368
1784237926273 0.0810413733124733 5369
1784237926288 0.1369093805551529 5370
1784237926304 0.024489978328347206 5371
1784237926320 0.1548340618610382 5372
1784237926334 0.3214437663555145 5373
1784237926350 0.015588006004691124 5374
1784237926365 0.060225702822208405 5375
1784237926380 0.18872137367725372 5376
1784237926398 0.04451235756278038 5377
1784237926413 0.007879266515374184 5378
1784237926429 0.13012367486953735 5379
1784237926444 0.0563778281211853 5380
1784237926459 0.009088099002838135 5381
1784237926475 0.010522022843360901 5382
1784237926493 0.24965521693229675 5383
1784237926507 0.35706672072410583 5384
1784237926519 0.11907844245433807 5385
1784237926532 0.17751522362232208 5386
1784237926544 0.11002730578184128 5387
1784237926557 0.13142403960227966 5388
1784237926569 0.06603386253118515 5389
1784237926585 0.17351655662059784 5390
1784237926601 0.12005351483821869 5391
1784237926615 0.08453064411878586 5392
1784237926630 0.0518956333398819 5393
1784237926643 0.10352274775505066 5394
1784237926659 0.022193903103470802 5395
1784237926673 0.029830370098352432 5396
1784237926685 0.10889390856027603 5397
1784237926699 0.09276791661977768 5398
1784237926729 0.13086619973182678 5399
1784237926743 0.08878564834594727 5400
1784237926758 0.025659864768385887 5401
1784237926772 0.2633468806743622 5402
1784237926787 0.1815684735774994 5403
1784237926803 0.034090761095285416 5404
1784237926818 0.14830423891544342 5405
1784237926834 0.03497660532593727 5406
1784237926848 0.1562374234199524 5407
1784237926862 0.04688611999154091 5408
1784237926876 0.021875977516174316 5409
1784237926890 0.24262648820877075 5410
1784237926905 0.06047600507736206 5411
1784237926920 0.2519274950027466 5412
1784237926936 0.3372608721256256 5413
1784237926952 0.02640424855053425 5414
1784237926968 0.350803405046463 5415
1784237926983 0.06379609555006027 5416
1784237926999 0.02920173481106758 5417
1784237927014 0.02036919817328453 5418
1784237927028 0.36379706859588623 5419
1784237927043 0.09513109922409058 5420
1784237927058 0.07950497418642044 5421
1784237927072 0.01367886271327734 5422
1784237927086 0.15682660043239594 5423
1784237927102 0.22125712037086487 5424
1784237927116 0.10376676917076111 5425
1784237927131 0.06580942124128342 5426
1784237927148 0.15005704760551453 5427
1784237927162 0.0656939223408699 5428
1784237927177 0.04151168093085289 5429
1784237927191 0.04501356929540634 5430
1784237927205 0.07853821665048599 5431
1784237927221 0.1512620747089386 5432
1784237927240 0.04115057736635208 5433
1784237927258 0.05734747648239136 5434
1784237927278 0.06309238076210022 5435
1784237927296 0.050771813839673996 5436
1784237927315 0.023666732013225555 5437
1784237927331 0.2003261148929596 5438
1784237927349 0.04544515162706375 5439
1784237927365 0.07954051345586777 5440
1784237927381 0.0731247067451477 5441
1784237927394 0.00672914506867528 5442
1784237927409 0.02379147708415985 5443
1784237927423 0.1310202032327652 5444
1784237927439 0.30292266607284546 5445
1784237927457 0.0065556182526052 5446
1784237927472 0.06922595947980881 5447
1784237927487 0.19504272937774658 5448
1784237927503 0.03424464911222458 5449
1784237927517 0.010166521184146404 5450
1784237927532 0.3954414129257202 5451
1784237927547 0.5191330909729004 5452
1784237927563 0.02141822688281536 5453
1784237927577 0.033089473843574524 5454
1784237927592 0.2412426769733429 5455
1784237927608 0.0434507392346859 5456
1784237927623 0.0990704894065857 5457
1784237927638 0.0694773718714714 5458
1784237927653 0.1510971635580063 5459
1784237927669 0.1326204240322113 5460
1784237927684 0.17354167997837067 5461
1784237927700 0.034815143793821335 5462
1784237927715 0.021979214623570442 5463
1784237927731 0.03960317000746727 5464
1784237927745 0.028301391750574112 5465
1784237927761 0.28181329369544983 5466
1784237927775 0.1553039699792862 5467
1784237927791 0.17599184811115265 5468
1784237927806 0.11628998816013336 5469
1784237927822 0.0649566799402237 5470
1784237927835 0.03122461959719658 5471
1784237927851 0.06830278038978577 5472
1784237927864 0.2954864203929901 5473
1784237927879 0.17635537683963776 5474
1784237927894 0.010255793109536171 5475
1784237927910 0.11538314819335938 5476
1784237927924 0.08158449083566666 5477
1784237927939 0.021598398685455322 5478
1784237927952 0.16074910759925842 5479
1784237927967 0.0559672974050045 5480
1784237927982 0.16400569677352905 5481
1784237927997 0.402015745639801 5482
1784237928013 0.06781494617462158 5483
1784237928026 0.08458384871482849 5484
1784237928042 0.10596603900194168 5485
1784237928060 0.24130888283252716 5486
1784237928076 0.03190810605883598 5487
1784237928093 0.10345881432294846 5488
1784237928110 0.11894741654396057 5489
1784237928126 0.5090295672416687 5490
1784237928143 0.09525734931230545 5491
1784237928163 0.05448313429951668 5492
1784237928183 0.14514479041099548 5493
1784237928198 0.18252424895763397 5494
1784237928214 0.09400995075702667 5495
1784237928231 0.0075118206441402435 5496
1784237928248 0.23677530884742737 5497
1784237928265 0.06863609701395035 5498
1784237928282 0.08068444579839706 5499
1784237928299 0.08524234592914581 5500
1784237928315 0.05598708242177963 5501
1784237928332 0.009474219754338264 5502
1784237928349 0.0510573647916317 5503
1784237928366 0.04718219116330147 5504
1784237928383 0.09767773747444153 5505
1784237928399 0.2173181176185608 5506
1784237928416 0.006038710009306669 5507
1784237928432 0.03206394612789154 5508
1784237928451 0.3026956021785736 5509
1784237928468 0.0661638155579567 5510
1784237928484 0.1277168244123459 5511
1784237928500 0.01803060993552208 5512
1784237928517 0.06633854657411575 5513
1784237928534 0.14753687381744385 5514
1784237928548 0.1545562446117401 5515
1784237928560 0.18271753191947937 5516
1784237928576 0.04849746450781822 5517
1784237928591 0.13017955422401428 5518
1784237928606 0.0708886981010437 5519
1784237928622 0.04566999897360802 5520
1784237928636 0.08671547472476959 5521
1784237928651 0.18555867671966553 5522
1784237928665 0.21363592147827148 5523
1784237928679 0.11800026893615723 5524
1784237928695 0.008451933041214943 5525
1784237928712 0.04806045815348625 5526
1784237928727 0.020365018397569656 5527
1784237928744 0.07270876318216324 5528
1784237928759 0.09617098420858383 5529
1784237928774 0.078708715736866 5530
1784237928790 0.10075352340936661 5531
1784237928806 0.09635967016220093 5532
1784237928822 0.14103670418262482 5533
1784237928838 0.23115254938602448 5534
1784237928852 0.2286086082458496 5535
1784237928869 0.08075953274965286 5536
1784237928886 0.01998373679816723 5537
1784237928903 0.13143064081668854 5538
1784237928918 0.03484280779957771 5539
1784237928935 0.12551435828208923 5540
1784237928953 0.07916848361492157 5541
1784237928971 0.01910879835486412 5542
1784237928988 0.08506926149129868 5543
1784237929003 0.05455667898058891 5544
1784237929018 0.008122889325022697 5545
1784237929035 0.02062935009598732 5546
1784237929050 0.027361590415239334 5547
1784237929064 0.06651296466588974 5548
1784237929079 0.10228047519922256 5549
1784237929096 0.010744347237050533 5550
1784237929109 0.0045313541777431965 5551
1784237929124 0.3869728446006775 5552
1784237929140 0.07813704758882523 5553
1784237929155 0.010378504171967506 5554
1784237929171 0.03733191639184952 5555
1784237929186 0.25219470262527466 5556
1784237929200 0.09339503198862076 5557
1784237929213 0.2375718206167221 5558
1784237929228 0.1785108745098114 5559
1784237929244 0.2118198722600937 5560
1784237929259 0.310952365398407 5561
1784237929274 0.013707445003092289 5562
1784237929289 0.07888561487197876 5563
1784237929305 0.21601393818855286 5564
1784237929319 0.059808142483234406 5565
1784237929334 0.16452759504318237 5566
1784237929350 0.1454460620880127 5567
1784237929365 0.00868869386613369 5568
1784237929380 0.04231030121445656 5569
1784237929393 0.07887547463178635 5570
1784237929407 0.08077679574489594 5571
1784237929422 0.2529143989086151 5572
1784237929437 0.013378799892961979 5573
1784237929453 0.07734563201665878 5574
1784237929471 0.05931856483221054 5575
1784237929490 0.016373256221413612 5576
1784237929508 0.053711965680122375 5577
1784237929526 0.07600919902324677 5578
1784237929545 0.19397960603237152 5579
1784237929563 0.05081643909215927 5580
1784237929579 0.013349359855055809 5581
1784237929595 0.15650637447834015 5582
1784237929610 0.159268319606781 5583
1784237929626 0.28245121240615845 5584
1784237929641 0.0925101563334465 5585
1784237929656 0.04257746413350105 5586
1784237929673 0.03265107050538063 5587
1784237929689 0.04588571935892105 5588
1784237929704 0.0027701235376298428 5589
1784237929718 0.10341774672269821 5590
1784237929734 0.1145857572555542 5591
1784237929750 0.005486424081027508 5592
1784237929765 0.18656198680400848 5593
1784237929779 0.03131973743438721 5594
1784237929794 0.007344916928559542 5595
1784237929808 0.005077645182609558 5596
1784237929824 0.20612986385822296 5597
1784237929839 0.09933789074420929 5598
1784237929854 0.18825361132621765 5599
1784237929869 0.08048691600561142 5600
1784237929884 0.31754270195961 5601
1784237929900 0.010575651191174984 5602
1784237929916 0.04219154268503189 5603
1784237929931 0.06308621913194656 5604
1784237929944 0.01769074611365795 5605
1784237929959 0.11612007021903992 5606
1784237929974 0.3662927746772766 5607
1784237929990 0.3205903470516205 5608
1784237930006 0.006113260053098202 5609
1784237930020 0.08495461195707321 5610
1784237930036 0.01961921527981758 5611
1784237930051 0.009352372027933598 5612
1784237930067 0.022977691143751144 5613
1784237930084 0.09811068326234818 5614
1784237930100 0.0501689612865448 5615
1784237930114 0.1335456669330597 5616
1784237930128 0.012612833641469479 5617
1784237930143 0.036657825112342834 5618
1784237930160 0.13537532091140747 5619
1784237930175 0.15629573166370392 5620
1784237930191 0.027794037014245987 5621
1784237930206 0.02733878418803215 5622
1784237930220 0.02676686830818653 5623
1784237930236 0.15186750888824463 5624
1784237931667 0.13167087733745575 5625
1784237931685 0.06880278140306473 5626
1784237931705 0.055981289595365524 5627
1784237931731 0.06909479200839996 5628
1784237931751 0.007958539761602879 5629
1784237931775 0.01288222149014473 5630
1784237931796 0.006295842118561268 5631
1784237931814 0.015511749312281609 5632
1784237931830 0.010136761702597141 5633
1784237931846 0.023086436092853546 5634
1784237931862 0.04925191402435303 5635
1784237931879 0.16660864651203156 5636
1784237931895 0.07329230010509491 5637
1784237931911 0.03950650617480278 5638
1784237931928 0.017045659944415092 5639
1784237931944 0.25289809703826904 5640
1784237931959 0.20633259415626526 5641
1784237931974 0.04505723714828491 5642
1784237932072 0.04409134387969971 5643
1784237932103 0.00798119232058525 5644
1784237932121 0.1668110340833664 5645
1784237932137 0.032920826226472855 5646
1784237932154 0.029163341969251633 5647
1784237932171 0.14381463825702667 5648
1784237932186 0.012037386186420918 5649
1784237932201 0.05081632733345032 5650
1784237932218 0.039198823273181915 5651
1784237932234 0.050047870725393295 5652
1784237932250 0.03070107288658619 5653
1784237932265 0.013240285217761993 5654
1784237932281 0.010806833393871784 5655
1784237932294 0.010107260197401047 5656
1784237932308 0.0647185817360878 5657
1784237932325 0.026821373030543327 5658
1784237932342 0.06637731939554214 5659
1784237932359 0.035043057054281235 5660
1784237932375 0.27429503202438354 5661
1784237932391 0.007012856658548117 5662
1784237932407 0.040713150054216385 5663
1784237932424 0.03942204266786575 5664
1784237932441 0.014307685196399689 5665
1784237932457 0.1301458179950714 5666
1784237932472 0.1703481525182724 5667
1784237932488 0.008111884817481041 5668
1784237932504 0.06879351288080215 5669
1784237932519 0.0457603819668293 5670
1784237932537 0.03446987271308899 5671
1784237932553 0.10889402031898499 5672
1784237932569 0.15404029190540314 5673
1784237932584 0.2503965497016907 5674
1784237932599 0.03694041818380356 5675
1784237932614 0.005360085051506758 5676
1784237932629 0.1423296332359314 5677
1784237932645 0.1755855679512024 5678
1784237932661 0.004312522709369659 5679
1784237932676 0.04836408421397209 5680
1784237932692 0.13762395083904266 5681
1784237932706 0.11658495664596558 5682
1784237932721 0.02022092044353485 5683
1784237932736 0.017927898094058037 5684
1784237932751 0.06044796481728554 5685
1784237932768 0.08702117204666138 5686
1784237932784 0.05276057496666908 5687
1784237932797 0.0393364243209362 5688
1784237932810 0.019307002425193787 5689
1784237932826 0.0308810044080019 5690
1784237932841 0.034295015037059784 5691
1784237932858 0.15174727141857147 5692
1784237932875 0.02531980350613594 5693
1784237932892 0.08181940019130707 5694
1784237932904 0.02901824377477169 5695
1784237932919 0.15027381479740143 5696
1784237932934 0.02725992538034916 5697
1784237932950 0.09280073642730713 5698
1784237932965 0.019561240449547768 5699
1784237932979 0.23288846015930176 5700
1784237932994 0.0874917209148407 5701
1784237933007 0.07105416804552078 5702
1784237933024 0.06914618611335754 5703
1784237933039 0.04334713891148567 5704
1784237933055 0.007923408411443233 5705
1784237933070 0.018467895686626434 5706
1784237933085 0.11378747224807739 5707
1784237933099 0.04305793717503548 5708
1784237933113 0.06419795006513596 5709
1784237933129 0.0677393302321434 5710
1784237933144 0.22682103514671326 5711
1784237933159 0.05533801019191742 5712
1784237933174 0.023569205775856972 5713
1784237933190 0.06441567838191986 5714
1784237933204 0.01900196261703968 5715
1784237933219 0.09239614754915237 5716
1784237933235 0.23353227972984314 5717
1784237933248 0.2507997453212738 5718
1784237933263 0.03307608142495155 5719
1784237933280 0.021912382915616035 5720
1784237933295 0.2314857393503189 5721
1784237933311 0.013800988905131817 5722
1784237933327 0.018589496612548828 5723
1784237933342 0.058509401977062225 5724
1784237933357 0.07432173192501068 5725
1784237933372 0.009094884619116783 5726
1784237933388 0.012974143959581852 5727
1784237933405 0.03409314155578613 5728
1784237933421 0.12124408036470413 5729
1784237933436 0.028592193499207497 5730
1784237933451 0.020467184484004974 5731
1784237933466 0.02851817198097706 5732
1784237933481 0.052879173308610916 5733
1784237933496 0.09651894867420197 5734
1784237933513 0.007637867704033852 5735
1784237933527 0.023997975513339043 5736
1784237933543 0.05917168781161308 5737
1784237933560 0.013468945398926735 5738
1784237933573 0.037613216787576675 5739
1784237933589 0.025784404948353767 5740
1784237933603 0.0029759861063212156 5741
1784237933619 0.010019192472100258 5742
1784237933634 0.10484448820352554 5743
1784237933649 0.04072050005197525 5744
1784237933667 0.08062177151441574 5745
1784237933682 0.3366709053516388 5746
1784237933698 0.02272348292171955 5747
1784237933713 0.12041954696178436 5748
1784237933727 0.18733257055282593 5749
1784237933743 0.07971476018428802 5750
1784237933757 0.2376711666584015 5751
1784237933771 0.012716228142380714 5752
1784237933787 0.003781458828598261 5753
1784237933802 0.12508493661880493 5754
1784237933817 0.02441551350057125 5755
1784237933833 0.1677231639623642 5756
1784237933848 0.06842079013586044 5757
1784237933861 0.05198943614959717 5758
1784237933877 0.01426274050027132 5759
1784237933893 0.03667072951793671 5760
1784237933906 0.058424901217222214 5761
1784237933922 0.09938327968120575 5762
1784237933938 0.18688225746154785 5763
1784237933955 0.2023431658744812 5764
1784237933976 0.08642616868019104 5765
1784237933992 0.29687803983688354 5766
1784237934007 0.009326890110969543 5767
1784237934026 0.2766202986240387 5768
1784237934044 0.39255011081695557 5769
1784237934061 0.12161576747894287 5770
1784237934074 0.04357437416911125 5771
1784237934089 0.008735908195376396 5772
1784237934105 0.0016607260331511497 5773
1784237934121 0.038411062210798264 5774
1784237934135 0.010168262757360935 5775
1784237934152 0.18641577661037445 5776
1784237934168 0.03708832338452339 5777
1784237934184 0.048378702253103256 5778
1784237934199 0.15872938930988312 5779
1784237934213 0.011467804200947285 5780
1784237934228 0.15335261821746826 5781
1784237934243 0.1837778240442276 5782
1784237934259 0.10590062290430069 5783
1784237934275 0.1537991166114807 5784
1784237934289 0.02384200692176819 5785
1784237934305 0.012418475933372974 5786
1784237934319 0.043497610837221146 5787
1784237934334 0.010823233984410763 5788
1784237934348 0.01959170587360859 5789
1784237934364 0.07475381344556808 5790
1784237934379 0.021827690303325653 5791
1784237934393 0.07430385798215866 5792
1784237934406 0.03371329605579376 5793
1784237934421 0.08000586926937103 5794
1784237934437 0.03111969120800495 5795
1784237934451 0.0803389698266983 5796
1784237934467 0.03536410629749298 5797
1784237934483 0.0942070409655571 5798
1784237934498 0.07831075042486191 5799
1784237934513 0.06679348647594452 5800
1784237934529 0.014047552831470966 5801
1784237934545 0.06530066579580307 5802
1784237934560 0.18552730977535248 5803
1784237934577 0.03644081950187683 5804
1784237934592 0.019862905144691467 5805
1784237934609 0.018147902563214302 5806
1784237934624 0.15834036469459534 5807
1784237934639 0.026061492040753365 5808
1784237934655 0.00436394801363349 5809
1784237934669 0.022577663883566856 5810
1784237934685 0.041170135140419006 5811
1784237934701 0.03190374746918678 5812
1784237934717 0.00661629531532526 5813
1784237934732 0.22146636247634888 5814
1784237934747 0.00802378449589014 5815
1784237934762 0.08909883350133896 5816
1784237934785 0.2742118239402771 5817
1784237934799 0.007847526110708714 5818
1784237934814 0.011095530353486538 5819
1784237934828 0.1185491755604744 5820
1784237934844 0.09976742416620255 5821
1784237934861 0.011037304066121578 5822
1784237934876 0.637507438659668 5823
1784237934892 0.07471662759780884 5824
1784237934907 0.002754158340394497 5825
1784237934922 0.2003609538078308 5826
1784237934938 0.0998932272195816 5827
1784237934953 0.23891785740852356 5828
1784237934969 0.07551104575395584 5829
1784237934985 0.003729770891368389 5830
1784237935000 0.24250435829162598 5831
1784237935016 0.05445268750190735 5832
1784237935031 0.0731140673160553 5833
1784237935046 0.01422665361315012 5834
1784237935061 0.062147073447704315 5835
1784237935076 0.03563427925109863 5836
1784237935093 0.04054199159145355 5837
1784237935107 0.09807734936475754 5838
1784237935122 0.12914447486400604 5839
1784237935137 0.027988731861114502 5840
1784237935153 0.1283702552318573 5841
1784237935167 0.007606394588947296 5842
1784237935183 0.016897188499569893 5843
1784237935199 0.10963991284370422 5844
1784237935213 0.014838650822639465 5845
1784237935229 0.07033466547727585 5846
1784237935248 0.052672334015369415 5847
1784237935265 0.10684792697429657 5848
1784237935281 0.08070358633995056 5849
1784237935295 0.07768016308546066 5850
1784237935308 0.05548318848013878 5851
1784237935321 0.13123609125614166 5852
1784237935336 0.015551399439573288 5853
1784237935354 0.05889974161982536 5854
1784237935369 0.05551714450120926 5855
1784237935385 0.14002814888954163 5856
1784237935401 0.06557322293519974 5857
1784237935416 0.04904304817318916 5858
1784237935431 0.012062884867191315 5859
1784237935445 0.04108789190649986 5860
1784237935458 0.021696817129850388 5861
1784237935474 0.049529220908880234 5862
1784237935489 0.015495842322707176 5863
1784237935504 0.10045222193002701 5864
1784237935520 0.0336078517138958 5865
1784237935535 0.1067628338932991 5866
1784237935552 0.03387917950749397 5867
1784237935568 0.0038607267197221518 5868
1784237935584 0.008512638509273529 5869
1784237935599 0.23086179792881012 5870
1784237935616 0.06283684819936752 5871
1784237935631 0.02602248825132847 5872
1784237935646 0.08493386954069138 5873
1784237935661 0.018895557150244713 5874
1784237935679 0.006954604759812355 5875
1784237935696 0.09248675405979156 5876
1784237935711 0.05397817865014076 5877
1784237935728 0.07561790943145752 5878
1784237935744 0.13341450691223145 5879
1784237935759 0.20407454669475555 5880
1784237935773 0.023296011611819267 5881
1784237935790 0.24723376333713531 5882
1784237935805 0.036149512976408005 5883
1784237935821 0.006426612846553326 5884
1784237935835 0.12546685338020325 5885
1784237935851 0.10873361676931381 5886
1784237935865 0.008371340110898018 5887
1784237935877 0.09484440833330154 5888
1784237935893 0.18419249355793 5889
1784237935907 0.10138998925685883 5890
1784237935922 0.010683457367122173 5891
1784237935937 0.02069142647087574 5892
1784237935952 0.057522255927324295 5893
1784237935968 0.01914132386445999 5894
1784237935985 0.0951652079820633 5895
1784237936000 0.5478619337081909 5896
1784237936015 0.14243635535240173 5897
1784237936029 0.2253160923719406 5898
1784237936044 0.011804841458797455 5899
1784237936060 0.011024768464267254 5900
1784237936077 0.22373948991298676 5901
1784237936093 0.0392649807035923 5902
1784237936110 0.14150206744670868 5903
1784237936126 0.15570604801177979 5904
1784237936143 0.0773354172706604 5905
1784237936158 0.1548389047384262 5906
1784237936176 0.07865221053361893 5907
1784237936199 0.06316500157117844 5908
1784237936219 0.3173257112503052 5909
1784237936239 0.04509530961513519 5910
1784237936260 0.0944795086979866 5911
1784237936280 0.068782739341259 5912
1784237936297 0.14072617888450623 5913
1784237936314 0.06842821836471558 5914
1784237936328 0.09647026658058167 5915
1784237936342 0.18648482859134674 5916
1784237936360 0.18429034948349 5917
1784237936375 0.12185271829366684 5918
1784237936392 0.15637487173080444 5919
1784237936406 0.09796009212732315 5920
1784237936420 0.046858351677656174 5921
1784237936437 0.1218198910355568 5922
1784237936452 0.04549458250403404 5923
1784237936467 0.07831630855798721 5924
1784237936485 0.1952935755252838 5925
1784237936501 0.22316467761993408 5926
1784237936519 0.04715434089303017 5927
1784237936535 0.13989593088626862 5928
1784237936552 0.10203658789396286 5929
1784237936569 0.02846580743789673 5930
1784237936586 0.0216435045003891 5931
1784237936603 0.23919150233268738 5932
1784237936618 0.08742585778236389 5933
1784237936633 0.03335285186767578 5934
1784237936650 0.23840980231761932 5935
1784237936665 0.03618311882019043 5936
1784237936681 0.179745152592659 5937
1784237936697 0.16570471227169037 5938
1784237936713 0.04709804430603981 5939
1784237936727 0.02898012101650238 5940
1784237936740 0.3032536506652832 5941
1784237936756 0.17357203364372253 5942
1784237936771 0.00948405358940363 5943
1784237936785 0.14267003536224365 5944
1784237936800 0.2747252583503723 5945
1784237936816 0.05719662085175514 5946
1784237936832 0.014800399541854858 5947
1784237936847 0.23771339654922485 5948
1784237936861 0.13764183223247528 5949
1784237936876 0.019893145188689232 5950
1784237936891 0.050834041088819504 5951
1784237936905 0.04336623474955559 5952
1784237936919 0.15427570044994354 5953
1784237936934 0.12006144970655441 5954
1784237936950 0.25176069140434265 5955
1784237936966 0.2544281482696533 5956
1784237936982 0.1135188564658165 5957
1784237936998 0.01274013053625822 5958
1784237937013 0.07873813062906265 5959
1784237937028 0.03423389419913292 5960
1784237937043 0.004798416513949633 5961
1784237937059 0.0196092426776886 5962
1784237937073 0.17285874485969543 5963
1784237937088 0.09207570552825928 5964
1784237937102 0.03768828511238098 5965
1784237937118 0.19826963543891907 5966
1784237937134 0.03154747560620308 5967
1784237937148 0.05372811481356621 5968
1784237937161 0.014165167696774006 5969
1784237937176 0.09044557809829712 5970
1784237937190 0.029183411970734596 5971
1784237937205 0.08835044503211975 5972
1784237937220 0.003303598379716277 5973
1784237937235 0.028161445632576942 5974
1784237937251 0.2991349399089813 5975
1784237937267 0.07111801207065582 5976
1784237937283 0.3820890486240387 5977
1784237937297 0.20566700398921967 5978
1784237937311 0.1209879070520401 5979
1784237937325 0.023719340562820435 5980
1784237937341 0.06457848101854324 5981
1784237937357 0.12861129641532898 5982
1784237937372 0.2358212172985077 5983
1784237937388 0.10179576277732849 5984
1784237937402 0.13630859553813934 5985
1784237937417 0.06310766190290451 5986
1784237937431 0.05254418030381203 5987
1784237937446 0.12273775786161423 5988
1784237937462 0.059143148362636566 5989
1784237937478 0.008223223499953747 5990
1784237937494 0.0032067722640931606 5991
1784237937508 0.036775801330804825 5992
1784237937523 0.2319837212562561 5993
1784237937539 0.06699498742818832 5994
1784237937555 0.29052430391311646 5995
1784237937569 0.1298682987689972 5996
1784237937584 0.2225262075662613 5997
1784237937598 0.30015748739242554 5998
1784237937613 0.15420778095722198 5999
1784237937626 0.04550475254654884 6000
1784237937642 0.013235826976597309 6001
1784237937658 0.028174037113785744 6002
1784237937673 0.062054652720689774 6003
1784237937689 0.07027998566627502 6004
1784237937703 0.030427483841776848 6005
1784237937718 0.12106586992740631 6006
1784237937733 0.15823614597320557 6007
1784237937748 0.050062187016010284 6008
1784237937761 0.13783729076385498 6009
1784237937777 0.0108216917142272 6010
1784237937790 0.010985429398715496 6011
1784237937804 0.15358351171016693 6012
1784237937818 0.026059627532958984 6013
1784237937848 0.002928871428593993 6014
1784237937864 0.005234970711171627 6015
1784237937879 0.060446325689554214 6016
1784237937894 0.06991002708673477 6017
1784237937908 0.10512594878673553 6018
1784237937923 0.13239224255084991 6019
1784237937938 0.22359469532966614 6020
1784237937953 0.04856547713279724 6021
1784237937969 0.33016571402549744 6022
1784237937984 0.06804250925779343 6023
1784237937997 0.3102816343307495 6024
1784237938012 0.049340106546878815 6025
1784237938029 0.16084344685077667 6026
1784237938042 0.17628681659698486 6027
1784237938056 0.0761742815375328 6028
1784237938072 0.00867138896137476 6029
1784237938087 0.34806638956069946 6030
1784237938103 0.1423361897468567 6031
1784237938120 0.3635532259941101 6032
1784237938137 0.00876660831272602 6033
1784237938153 0.048382245004177094 6034
1784237938170 0.020157262682914734 6035
1784237938187 0.1940830498933792 6036
1784237938204 0.06402113288640976 6037
1784237938221 0.0334470197558403 6038
1784237938236 0.012015778571367264 6039
1784237938252 0.004229180049151182 6040
1784237938269 0.089177206158638 6041
1784237938286 0.040147263556718826 6042
1784237938303 0.2356608659029007 6043
1784237938319 0.07914108783006668 6044
1784237938336 0.054002147167921066 6045
1784237938353 0.06475505977869034 6046
1784237938369 0.08434545993804932 6047
1784237938386 0.0875745564699173 6048
1784237938402 0.2248845249414444 6049
1784237938420 0.034044574946165085 6050
1784237938438 0.31431257724761963 6051
1784237938457 0.05425695329904556 6052
1784237938476 0.004533576313406229 6053
1784237938498 0.01784953847527504 6054
1784237938516 0.09134866297245026 6055
1784237938534 0.07056424021720886 6056
1784237938553 0.08012314885854721 6057
1784237938569 0.19984929263591766 6058
1784237938584 0.050313398241996765 6059
1784237938599 0.007068284321576357 6060
1784237938614 0.10451437532901764 6061
1784237938631 0.04470713064074516 6062
1784237938648 0.28490254282951355 6063
1784237938664 0.11863528192043304 6064
1784237938680 0.16570623219013214 6065
1784237938695 0.07162947952747345 6066
1784237938709 0.04332607612013817 6067
1784237938724 0.01370459794998169 6068
1784237938741 0.017082201316952705 6069
1784237938757 0.07371019572019577 6070
1784237938773 0.009129860438406467 6071
1784237938789 0.0645533949136734 6072
1784237938806 0.15789592266082764 6073
1784237938821 0.08391673117876053 6074
1784237938838 0.626772940158844 6075
1784237938852 0.1051754355430603 6076
1784237938867 0.12828034162521362 6077
1784237938881 0.05174735188484192 6078
1784237938894 0.14847242832183838 6079
1784237938906 0.09834706038236618 6080
1784237938926 0.011007108725607395 6081
1784237938944 0.12402083724737167 6082
1784237938961 0.14945434033870697 6083
1784237938978 0.03998417407274246 6084
1784237938993 0.20727911591529846 6085
1784237939008 0.03527875989675522 6086
1784237939023 0.395052045583725 6087
1784237939039 0.43706178665161133 6088
1784237939054 0.5828144550323486 6089
1784237939068 0.04147590696811676 6090
1784237939083 0.08143509924411774 6091
1784237939096 0.3802203834056854 6092
1784237939110 0.1695891171693802 6093
1784237939125 0.02835467830300331 6094
1784237939140 0.020301982760429382 6095
1784237939156 0.03899719566106796 6096
1784237939171 0.04751834273338318 6097
1784237939186 0.11411260068416595 6098
1784237939202 0.39461979269981384 6099
1784237939217 0.06147854030132294 6100
1784237939232 0.04375816881656647 6101
1784237939248 0.026541994884610176 6102
1784237939262 0.027970733121037483 6103
1784237939279 0.015811003744602203 6104
1784237939294 0.08488927781581879 6105
1784237939309 0.06901189684867859 6106
1784237939324 0.18171535432338715 6107
1784237939340 0.11738789826631546 6108
1784237939355 0.13758260011672974 6109
1784237939369 0.03645649924874306 6110
1784237939384 0.09963033348321915 6111
1784237939399 0.09637084603309631 6112
1784237939415 0.11223345249891281 6113
1784237939430 0.05479973554611206 6114
1784237939445 0.12861303985118866 6115
1784237939461 0.2584690749645233 6116
1784237939474 0.022846747189760208 6117
1784237939489 0.012359870597720146 6118
1784237939504 0.03970343619585037 6119
1784237939518 0.07530684024095535 6120
1784237939534 0.19657528400421143 6121
1784237939550 0.316109299659729 6122
1784237939563 0.02454676292836666 6123
1784237939578 0.07875173538923264 6124
1784237939592 0.019296392798423767 6125
1784237939608 0.042671188712120056 6126
1784237939623 0.09148421883583069 6127
1784237939638 0.04264514893293381 6128
1784237939652 0.40320712327957153 6129
1784237939667 0.026528330519795418 6130
1784237939682 0.011811796575784683 6131
1784237939698 0.05759511888027191 6132
1784237939713 0.025263406336307526 6133
1784237939728 0.02525075525045395 6134
1784237939743 0.0851193368434906 6135
1784237939758 0.1689516305923462 6136
1784237939775 0.037524182349443436 6137
1784237939790 0.14512304961681366 6138
1784237939805 0.13904646039009094 6139
1784237939820 0.04902239143848419 6140
1784237939837 0.0381462499499321 6141
1784237939852 0.08666298538446426 6142
1784237939866 0.13479667901992798 6143
1784237939881 0.10187797993421555 6144
1784237939896 0.15243610739707947 6145
1784237939910 0.19866444170475006 6146
1784237939924 0.24435405433177948 6147
1784237939939 0.11461847275495529 6148
1784237939954 0.03342261537909508 6149
1784237939970 0.16445805132389069 6150
1784237939985 0.01618526317179203 6151
1784237939999 0.00845413189381361 6152
1784237940014 0.034890856593847275 6153
1784237940030 0.1251152604818344 6154
1784237940045 0.1306360810995102 6155
1784237940059 0.040080998092889786 6156
1784237940073 0.07479248195886612 6157
1784237940089 0.029326055198907852 6158
1784237940105 0.003835819661617279 6159
1784237940119 0.285389244556427 6160
1784237940135 0.02791430987417698 6161
1784237940152 0.01533990167081356 6162
1784237940170 0.10460559278726578 6163
1784237940187 0.019222721457481384 6164
1784237940203 0.03683324158191681 6165
1784237940218 0.021326111629605293 6166
1784237940234 0.13209594786167145 6167
1784237940250 0.082532599568367 6168
1784237940265 0.16409112513065338 6169
1784237940280 0.10057199001312256 6170
1784237940295 0.0217239111661911 6171
1784237940310 0.06727580726146698 6172
1784237940326 0.11655294895172119 6173
1784237940339 0.1260024458169937 6174
1784237940355 0.06470796465873718 6175
1784237940370 0.01590222492814064 6176
1784237940385 0.0199884083122015 6177
1784237940401 0.04897142946720123 6178
1784237940416 0.02656465582549572 6179
1784237940431 0.128265842795372 6180
1784237940448 0.1991870105266571 6181
1784237940465 0.03462677448987961 6182
1784237940481 0.06659481674432755 6183
1784237940496 0.039768852293491364 6184
1784237940510 0.0934629961848259 6185
1784237940524 0.006545009091496468 6186
1784237940540 0.04161495342850685 6187
1784237940555 0.04544453322887421 6188
1784237940571 0.27130281925201416 6189
1784237940587 0.11249802261590958 6190
1784237940604 0.06664630025625229 6191
1784237940617 0.020428841933608055 6192
1784237940633 0.012993969023227692 6193
1784237940649 0.13936524093151093 6194
1784237940667 0.006043447647243738 6195
1784237940690 0.02184893563389778 6196
1784237940707 0.02784566394984722 6197
1784237940725 0.03528199344873428 6198
1784237940743 0.06956455856561661 6199
1784237940761 0.26078304648399353 6200
1784237940777 0.2925325334072113 6201
1784237940794 0.014499841257929802 6202
1784237940807 0.009858433157205582 6203
1784237940830 0.027451694011688232 6204
1784237940843 0.01364544965326786 6205
1784237940856 0.13453641533851624 6206
1784237940874 0.013879908248782158 6207
1784237940889 0.08559412509202957 6208
1784237940905 0.026116373017430305 6209
1784237940922 0.03676839545369148 6210
1784237940938 0.025755830109119415 6211
1784237940954 0.002218092093244195 6212
1784237940968 0.08254939317703247 6213
1784237940982 0.008721807971596718 6214
1784237940998 0.08664233237504959 6215
1784237941014 0.050597649067640305 6216
1784237941029 0.05531473830342293 6217
1784237941045 0.0115713682025671 6218
1784237941062 0.15868443250656128 6219
1784237941079 0.0174676813185215 6220
1784237941094 0.02053154818713665 6221
1784237941109 0.13738270103931427 6222
1784237941124 0.030361788347363472 6223
1784237941140 0.20939788222312927 6224
1784237941156 0.11167210340499878 6225
1784237941172 0.24864734709262848 6226
1784237941189 0.11108830571174622 6227
1784237941203 0.22781939804553986 6228
1784237941219 0.014684600755572319 6229
1784237941234 0.2672821581363678 6230
1784237941249 0.06987331807613373 6231
1784237941267 0.007500689476728439 6232
1784237941283 0.03970317542552948 6233
1784237941301 0.10433053225278854 6234
1784237941318 0.030718866735696793 6235
1784237941335 0.03659895807504654 6236
1784237941351 0.0035846689715981483 6237
1784237941368 0.11970735341310501 6238
1784237941385 0.019339624792337418 6239
1784237941402 0.01994987577199936 6240
1784237941418 0.01698792353272438 6241
1784237941432 0.27090322971343994 6242
1784237941448 0.014835460111498833 6243
1784237941463 0.009470565244555473 6244
1784237941481 0.0072809988632798195 6245
1784237941495 0.17311540246009827 6246
1784237941513 0.019223997369408607 6247
1784237941529 0.20180051028728485 6248
1784237941544 0.06409662216901779 6249
1784237941561 0.016714435070753098 6250
1784237941574 0.07588625699281693 6251
1784237941589 0.1067061647772789 6252
1784237941603 0.1484885811805725 6253
1784237941617 0.2629510164260864 6254
1784237941632 0.04190501943230629 6255
1784237941647 0.06237731873989105 6256
1784237941663 0.04955560714006424 6257
1784237941676 0.06383424997329712 6258
1784237941692 0.009742134250700474 6259
1784237941706 0.13790263235569 6260
1784237941719 0.3461328446865082 6261
1784237941734 0.015708401799201965 6262
1784237941750 0.10471329092979431 6263
1784237941765 0.012374542653560638 6264
1784237941779 0.01489312294870615 6265
1784237941794 0.014802202582359314 6266
1784237941809 0.027189534157514572 6267
1784237941823 0.02184322476387024 6268
1784237941840 0.11166077107191086 6269
1784237941855 0.004079265985637903 6270
1784237941871 0.03091258555650711 6271
1784237941885 0.2501075863838196 6272
1784237941900 0.12317270785570145 6273
1784237941916 0.026319041848182678 6274
1784237941931 0.284758985042572 6275
1784237941947 0.06056404486298561 6276
1784237941963 0.10426042228937149 6277
1784237941977 0.060211122035980225 6278
1784237941994 0.023679031059145927 6279
1784237942008 0.02674759551882744 6280
1784237942024 0.043064046651124954 6281
1784237942039 0.15792490541934967 6282
1784237942055 0.21547360718250275 6283
1784237942071 0.057197049260139465 6284
1784237942087 0.02409973181784153 6285
1784237942102 0.054828330874443054 6286
1784237942116 0.005920619238168001 6287
1784237942133 0.19135257601737976 6288
1784237942148 0.03470435366034508 6289
1784237942163 0.0748998373746872 6290
1784237942179 0.1326064020395279 6291
1784237942193 0.16743874549865723 6292
1784237942210 0.13825279474258423 6293
1784237942223 0.026943672448396683 6294
1784237942239 0.1144338920712471 6295
1784237942253 0.2235795557498932 6296
1784237942268 0.026340477168560028 6297
1784237942283 0.04859425127506256 6298
1784237942298 0.129826620221138 6299
1784237942314 0.013455338776111603 6300
1784237942330 0.2917560636997223 6301
1784237942345 0.3672807514667511 6302
1784237942359 0.05890063941478729 6303
1784237942373 0.04172578454017639 6304
1784237942388 0.033815063536167145 6305
1784237942406 0.19589877128601074 6306
1784237942423 0.2710173428058624 6307
1784237942436 0.3286149501800537 6308
1784237942450 0.1082225888967514 6309
1784237942465 0.02805083617568016 6310
1784237942477 0.0322582870721817 6311
1784237942491 0.09176339954137802 6312
1784237942504 0.13676734268665314 6313
1784237942519 0.08056816458702087 6314
1784237942534 0.037238311022520065 6315
1784237942549 0.10953405499458313 6316
1784237942566 0.08607541024684906 6317
1784237942581 0.14347867667675018 6318
1784237942596 0.048866551369428635 6319
1784237942612 0.008966682478785515 6320
1784237942627 0.0062743439339101315 6321
1784237942642 0.1226368322968483 6322
1784237942655 0.02093677967786789 6323
1784237942669 0.01649499498307705 6324
1784237942682 0.03401587903499603 6325
1784237942696 0.303374707698822 6326
1784237942710 0.07515537738800049 6327
1784237942725 0.03718690574169159 6328
1784237942741 0.1183212548494339 6329
1784237942756 0.02396204136312008 6330
1784237942771 0.008881006389856339 6331
1784237942787 0.15382124483585358 6332
1784237942802 0.10874684900045395 6333
1784237942818 0.015995876863598824 6334
1784237942833 0.0289992094039917 6335
1784237942849 0.09788033366203308 6336
1784237942865 0.24512964487075806 6337
1784237942882 0.06766533851623535 6338
1784237942899 0.0018720590742304921 6339
1784237942917 0.11473798751831055 6340
1784237942935 0.020146891474723816 6341
1784237942953 0.02483217976987362 6342
1784237942973 0.0851006954908371 6343
1784237942992 0.025937318801879883 6344
1784237943008 0.22183631360530853 6345
1784237943021 0.1585443615913391 6346
1784237943037 0.4388868808746338 6347
1784237943053 0.02555239573121071 6348
1784237943067 0.01087026298046112 6349
1784237943085 0.008467292413115501 6350
1784237943099 0.04293567314743996 6351
1784237943116 0.07545298337936401 6352
1784237943132 0.08760467171669006 6353
1784237943148 0.07168364524841309 6354
1784237943163 0.11715681105852127 6355
1784237943179 0.05483933538198471 6356
1784237943195 0.23152253031730652 6357
1784237943210 0.015502247028052807 6358
1784237943225 0.019657278433442116 6359
1784237943241 0.02322923019528389 6360
1784237943257 0.055656395852565765 6361
1784237943274 0.017280682921409607 6362
1784237943293 0.03144657984375954 6363
1784237943308 0.005035362672060728 6364
1784237943322 0.014961672946810722 6365
1784237943338 0.10805220156908035 6366
1784237943353 0.003163149580359459 6367
1784237943368 0.02771083265542984 6368
1784237943383 0.11327730864286423 6369
1784237943399 0.07181654870510101 6370
1784237943416 0.006987056229263544 6371
1784237943431 0.0034782341681420803 6372
1784237943448 0.008078329265117645 6373
1784237943463 0.020450301468372345 6374
1784237943477 0.031827930361032486 6375
1784237943493 0.10400661826133728 6376
1784237943507 0.21612559258937836 6377
1784237943522 0.0194860752671957 6378
1784237943538 0.19044089317321777 6379
1784237943553 0.29265376925468445 6380
1784237943568 0.1581651121377945 6381
1784237943583 0.014191458001732826 6382
1784237943596 0.018667317926883698 6383
1784237943609 0.2932857573032379 6384
1784237943623 0.060988448560237885 6385
1784237943638 0.0025225880090147257 6386
1784237943651 0.10906127840280533 6387
1784237943667 0.005482891108840704 6388
1784237943682 0.06795864552259445 6389
1784237943697 0.10694755613803864 6390
1784237943711 0.014269743114709854 6391
1784237943724 0.05933047831058502 6392
1784237943738 0.3028429448604584 6393
1784237943753 0.006785332225263119 6394
1784237943773 0.15618619322776794 6395
1784237943789 0.10777343064546585 6396
1784237943804 0.32911595702171326 6397
1784237943818 0.04219088330864906 6398
1784237943902 0.19505317509174347 6399
1784237943929 0.11496837437152863 6400
1784237943944 0.05217590183019638 6401
1784237943960 0.010224081575870514 6402
1784237943973 0.05094004422426224 6403
1784237943988 0.03567041456699371 6404
1784237944002 0.005038224160671234 6405
1784237944015 0.10437392443418503 6406
1784237944028 0.1902967244386673 6407
1784237944045 0.04645271971821785 6408
1784237944060 0.07000617682933807 6409
1784237944077 0.11766241490840912 6410
1784237944096 0.029859744012355804 6411
1784237944114 0.13355571031570435 6412
1784237944130 0.05103331059217453 6413
1784237944147 0.1359802931547165 6414
1784237944164 0.06550049036741257 6415
1784237944182 0.36228179931640625 6416
1784237944201 0.022758210077881813 6417
1784237944215 0.33080318570137024 6418
1784237944230 0.3668745756149292 6419
1784237944247 0.12214018404483795 6420
1784237944264 0.09844185411930084 6421
1784237944282 0.12509849667549133 6422
1784237944298 0.0683763325214386 6423
1784237944314 0.009639212861657143 6424
1784237944331 0.049024082720279694 6425
1784237944349 0.011562158353626728 6426
1784237944368 0.012401316314935684 6427
1784237944384 0.22808679938316345 6428
1784237944400 0.055744826793670654 6429
1784237944416 0.07496237009763718 6430
1784237944434 0.013042425736784935 6431
1784237944451 0.019427618011832237 6432
1784237944468 0.03770940378308296 6433
1784237944484 0.02875448390841484 6434
1784237944503 0.10955099761486053 6435
1784237944519 0.013145381584763527 6436
1784237944536 0.10022277384996414 6437
1784237944550 0.12788070738315582 6438
1784237944565 0.03144297003746033 6439
1784237944582 0.02366527169942856 6440
1784237944597 0.04544844105839729 6441
1784237944612 0.34864622354507446 6442
1784237944628 0.044111449271440506 6443
1784237944644 0.15836936235427856 6444
1784237944658 0.07638542354106903 6445
1784237944672 0.209324449300766 6446
1784237944688 0.011952684260904789 6447
1784237944702 0.2761518955230713 6448
1784237944717 0.1445370763540268 6449
1784237944733 0.062840037047863 6450
1784237944749 0.007059351075440645 6451
1784237944764 0.13697928190231323 6452
1784237944779 0.010903900489211082 6453
1784237944796 0.024564243853092194 6454
1784237944810 0.06556914746761322 6455
1784237944825 0.004212341271340847 6456
1784237944841 0.08906178921461105 6457
1784237944855 0.2618088126182556 6458
1784237944868 0.1226968914270401 6459
1784237944883 0.016955452039837837 6460
1784237944897 0.09936899691820145 6461
1784237944912 0.2546727955341339 6462
1784237944928 0.09685645252466202 6463
1784237944943 0.21799419820308685 6464
1784237944958 0.00814422219991684 6465
1784237944972 0.12297829985618591 6466
1784237944988 0.04101826623082161 6467
1784237945004 0.0589376762509346 6468
1784237945019 0.19288688898086548 6469
1784237945034 0.06932339817285538 6470
1784237945051 0.15873153507709503 6471
1784237945066 0.27895620465278625 6472
1784237945082 0.1419801563024521 6473
1784237945097 0.04558180645108223 6474
1784237945112 0.04788590222597122 6475
1784237945130 0.2066497802734375 6476
1784237945149 0.5126610398292542 6477
1784237945166 0.02698136866092682 6478
1784237945185 0.00830171350389719 6479
1784237945201 0.008594313636422157 6480
1784237945216 0.2883315086364746 6481
1784237945234 0.037709593772888184 6482
1784237945251 0.13776859641075134 6483
1784237945265 0.11126114428043365 6484
1784237945281 0.17621831595897675 6485
1784237945295 0.04661377891898155 6486
1784237945310 0.035431113094091415 6487
1784237945325 0.1277262568473816 6488
1784237945342 0.06694170087575912 6489
1784237945359 0.019128846004605293 6490
1784237945374 0.05301758646965027 6491
1784237945390 0.06449329853057861 6492
1784237945404 0.10161416977643967 6493
1784237945419 0.10878497362136841 6494
1784237945434 0.04012557119131088 6495
1784237945450 0.04188041761517525 6496
1784237945466 0.01852736622095108 6497
1784237945482 0.022441184148192406 6498
1784237945497 0.11351019889116287 6499
1784237945512 0.06753739714622498 6500
1784237945529 0.1469441056251526 6501
1784237945546 0.08528368175029755 6502
1784237945561 0.11902815848588943 6503
1784237945577 0.017155027016997337 6504
1784237945590 0.010395495221018791 6505
1784237945606 0.07914602011442184 6506
1784237945622 0.34883448481559753 6507
1784237945637 0.007953577674925327 6508
1784237945651 0.2708625793457031 6509
1784237945667 0.009398974478244781 6510
1784237945681 0.15530674159526825 6511
1784237945696 0.05284280329942703 6512
1784237945712 0.05328979715704918 6513
1784237945729 0.1452004313468933 6514
1784237945744 0.29297035932540894 6515
1784237945760 0.01982959173619747 6516
1784237945777 0.056942738592624664 6517
1784237945792 0.16447748243808746 6518
1784237945824 0.007016305811703205 6519
1784237945840 0.0626988336443901 6520
1784237945855 0.1243501603603363 6521
1784237945871 0.022300543263554573 6522
1784237945886 0.0891016498208046 6523
1784237945901 0.045308612287044525 6524
1784237945916 0.05383560061454773 6525
1784237945932 0.013639637269079685 6526
1784237945948 0.0968351662158966 6527
1784237945963 0.3537905216217041 6528
1784237945979 0.2531617283821106 6529
1784237945993 0.03427312895655632 6530
1784237946007 0.14406374096870422 6531
1784237946023 0.044449638575315475 6532
1784237946038 0.02515699900686741 6533
1784237946053 0.15996956825256348 6534
1784237946068 0.03128913417458534 6535
1784237946082 0.10253813117742538 6536
1784237946100 0.18345819413661957 6537
1784237946116 0.015023106709122658 6538
1784237946132 0.021784652024507523 6539
1784237946148 0.1949874609708786 6540
1784237946164 0.122146375477314 6541
1784237946181 0.2822251617908478 6542
1784237946197 0.05385148525238037 6543
1784237946213 0.014865661039948463 6544
1784237946229 0.21277916431427002 6545
1784237946245 0.08263732492923737 6546
1784237946262 0.24518360197544098 6547
1784237946280 0.06719870120286942 6548
1784237946296 0.048257015645504 6549
1784237946312 0.14264556765556335 6550
1784237946328 0.046700846403837204 6551
1784237946345 0.07357393205165863 6552
1784237946362 0.0880337655544281 6553
1784237946378 0.07979840040206909 6554
1784237946394 0.027949467301368713 6555
1784237946412 0.009394753724336624 6556
1784237946425 0.013190053403377533 6557
1784237946440 0.036283791065216064 6558
1784237946457 0.06739966571331024 6559
1784237946473 0.01827271841466427 6560
1784237946491 0.05080398544669151 6561
1784237946507 0.2432236671447754 6562
1784237946523 0.02205622009932995 6563
1784237946538 0.03649594262242317 6564
1784237946554 0.08090607821941376 6565
1784237946571 0.2227637618780136 6566
1784237946584 0.0972859263420105 6567
1784237946600 0.1044565960764885 6568
1784237946616 0.06443357467651367 6569
1784237946632 0.009541606530547142 6570
1784237946647 0.02066786028444767 6571
1784237946662 0.017214104533195496 6572
1784237946676 0.008454231545329094 6573
1784237946692 0.10511235892772675 6574
1784237946707 0.2797836363315582 6575
1784237946722 0.11954156309366226 6576
1784237946738 0.009618304669857025 6577
1784237946755 0.0993979349732399 6578
1784237946770 0.06674517691135406 6579
1784237946786 0.014531498774886131 6580
1784237946801 0.013211499899625778 6581
1784237946816 0.014120408333837986 6582
1784237946833 0.04568614438176155 6583
1784237946847 0.08749812841415405 6584
1784237946861 0.22318540513515472 6585
1784237946877 0.06448964774608612 6586
1784237946891 0.025779008865356445 6587
1784237946906 0.006961258128285408 6588
1784237946919 0.030636275187134743 6589
1784237946934 0.13139712810516357 6590
1784237946949 0.08062725514173508 6591
1784237946964 0.33840060234069824 6592
1784237946978 0.09396166354417801 6593
1784237946991 0.039574310183525085 6594
1784237947004 0.07726909220218658 6595
1784237947019 0.013734474778175354 6596
1784237947033 0.02971085160970688 6597
1784237947049 0.015192382037639618 6598
1784237947065 0.23776273429393768 6599
1784237947080 0.16227684915065765 6600
1784237947093 0.03335382789373398 6601
1784237947105 0.010930798947811127 6602
1784237947119 0.055569492280483246 6603
1784237947134 0.11388827115297318 6604
1784237947150 0.09456849098205566 6605
1784237947166 0.08635934442281723 6606
1784237947181 0.3527815639972687 6607
1784237947197 0.02464761957526207 6608
1784237947213 0.041521795094013214 6609
1784237947229 0.10809247195720673 6610
1784237947244 0.06618259102106094 6611
1784237947259 0.25683215260505676 6612
1784237947274 0.025883033871650696 6613
1784237947290 0.013557171449065208 6614
1784237947304 0.07464081048965454 6615
1784237947320 0.0332028865814209 6616
1784237947335 0.09501662105321884 6617
1784237947350 0.09378805756568909 6618
1784237947366 0.0829724669456482 6619
1784237947383 0.42230305075645447 6620
1784237947401 0.06783230602741241 6621
1784237947416 0.10578630864620209 6622
1784237947432 0.042201392352581024 6623
1784237947447 0.1028296947479248 6624
1784237947462 0.14324495196342468 6625
1784237947480 0.031836505979299545 6626
1784237947495 0.10280652344226837 6627
1784237947513 0.19525423645973206 6628
1784237947529 0.24065294861793518 6629
1784237947546 0.051087699830532074 6630
1784237947562 0.03207138180732727 6631
1784237947578 0.02520850859582424 6632
1784237947595 0.060025960206985474 6633
1784237947612 0.021996254101395607 6634
1784237947628 0.04904048889875412 6635
1784237947644 0.0795888751745224 6636
1784237947658 0.014654532074928284 6637
1784237947673 0.057665739208459854 6638
1784237947686 0.033272843807935715 6639
1784237947700 0.017542874440550804 6640
1784237947715 0.14804692566394806 6641
1784237947730 0.09788986295461655 6642
1784237947746 0.040028128772974014 6643
1784237947760 0.010307148098945618 6644
1784237947773 0.13034631311893463 6645
1784237947788 0.3227405846118927 6646
1784237947803 0.01857299730181694 6647
1784237947819 0.1271200180053711 6648
1784237947834 0.039695654064416885 6649
1784237947848 0.08700502663850784 6650
1784237947864 0.003296992275863886 6651
1784237947878 0.08567333221435547 6652
1784237947894 0.008658817037940025 6653
1784237947909 0.05314406752586365 6654
1784237947925 0.007257584482431412 6655
1784237947940 0.021395040675997734 6656
1784237947954 0.016316942870616913 6657
1784237947969 0.006406668573617935 6658
1784237947983 0.06427115201950073 6659
1784237947999 0.043550219386816025 6660
1784237948014 0.12794144451618195 6661
1784237948030 0.3014896512031555 6662
1784237948046 0.19803054630756378 6663
1784237948061 0.05407467111945152 6664
1784237948075 0.03453186899423599 6665
1784237948089 0.04340803995728493 6666
1784237948108 0.35979151725769043 6667
1784237948125 0.015848487615585327 6668
1784237948141 0.059628527611494064 6669
1784237948157 0.06672694534063339 6670
1784237948173 0.010784030891954899 6671
1784237948188 0.032118361443281174 6672
1784237948203 0.12760032713413239 6673
1784237948218 0.11209051311016083 6674
1784237948233 0.06410212069749832 6675
1784237948249 0.021050848066806793 6676
1784237948264 0.029931314289569855 6677
1784237948278 0.11089371144771576 6678
1784237948293 0.019185610115528107 6679
1784237948306 0.07429704815149307 6680
1784237948320 0.06987952440977097 6681
1784237948336 0.014093460515141487 6682
1784237948352 0.1567968875169754 6683
1784237948368 0.044957831501960754 6684
1784237948383 0.2324754297733307 6685
1784237948398 0.025479821488261223 6686
1784237948413 0.10326147079467773 6687
1784237948428 0.08126193284988403 6688
1784237948444 0.10791639983654022 6689
1784237948458 0.02186330035328865 6690
1784237948474 0.31796538829803467 6691
1784237948489 0.12310673296451569 6692
1784237948504 0.012797286733984947 6693
1784237948517 0.11663903295993805 6694
1784237948534 0.11568519473075867 6695
1784237948549 0.23168349266052246 6696
1784237948563 0.02703706920146942 6697
1784237948578 0.02951282262802124 6698
1784237948594 0.10541154444217682 6699
1784237948609 0.040463101118803024 6700
1784237948625 0.07669690251350403 6701
1784237948640 0.09970340877771378 6702
1784237948654 0.23002155125141144 6703
1784237948668 0.06811904907226562 6704
1784237948683 0.036812108010053635 6705
1784237948697 0.29900237917900085 6706
1784237948712 0.0811157375574112 6707
1784237948730 0.21322767436504364 6708
1784237948745 0.01989937759935856 6709
1784237948761 0.006503022741526365 6710
1784237948782 0.0592472217977047 6711
1784237948795 0.02255263179540634 6712
1784237948810 0.060653869062662125 6713
1784237948828 0.12425929307937622 6714
1784237948843 0.04340268298983574 6715
1784237948857 0.10140521079301834 6716
1784237948872 0.029442522674798965 6717
1784237948886 0.08233556151390076 6718
1784237948902 0.12319186329841614 6719
1784237948919 0.23795892298221588 6720
1784237948934 0.08112725615501404 6721
1784237948950 0.023390984162688255 6722
1784237948964 0.17450328171253204 6723
1784237948977 0.014580762945115566 6724
1784237948992 0.13776499032974243 6725
1784237949006 0.27594050765037537 6726
1784237949023 0.08683638274669647 6727
1784237949040 0.040142375975847244 6728
1784237949057 0.09182088077068329 6729
1784237949074 0.11101672798395157 6730
1784237949091 0.1535959392786026 6731
1784237949107 0.019266244024038315 6732
1784237949123 0.07565392553806305 6733
1784237949137 0.2404845952987671 6734
1784237949152 0.014338298700749874 6735
1784237949168 0.013282760046422482 6736
1784237949183 0.01907053403556347 6737
1784237949200 0.11224779486656189 6738
1784237949216 0.0162300206720829 6739
1784237949234 0.07567398250102997 6740
1784237949248 0.051821019500494 6741
1784237949264 0.16906431317329407 6742
1784237949280 0.09034889191389084 6743
1784237949297 0.04912345111370087 6744
1784237949313 0.09080539643764496 6745
1784237949331 0.003738745115697384 6746
1784237949347 0.06277952343225479 6747
1784237949364 0.0889911875128746 6748
1784237949380 0.02434437908232212 6749
1784237949397 0.017136145383119583 6750
1784237949414 0.013281318359076977 6751
1784237949431 0.0033645641524344683 6752
1784237949447 0.0790267288684845 6753
1784237949464 0.047000784426927567 6754
1784237949480 0.027720876038074493 6755
1784237949496 0.013739797286689281 6756
1784237949512 0.2992575168609619 6757
1784237949528 0.02350260131061077 6758
1784237949544 0.07184819877147675 6759
1784237949561 0.09143949300050735 6760
1784237949576 0.054465822875499725 6761
1784237949592 0.11780013144016266 6762
1784237949608 0.07480797171592712 6763
1784237949628 0.028060859069228172 6764
1784237949645 0.03890751302242279 6765
1784237949663 0.18521557748317719 6766
1784237949681 0.008447053842246532 6767
1784237949699 0.003787563880905509 6768
1784237949715 0.029643015936017036 6769
1784237949731 0.045173369348049164 6770
1784237949747 0.055768851190805435 6771
1784237949764 0.05907715484499931 6772
1784237949780 0.09804218262434006 6773
1784237949794 0.024729665368795395 6774
1784237949811 0.019937193021178246 6775
1784237949826 0.09440948814153671 6776
1784237949842 0.049687936902046204 6777
1784237949855 0.09144914150238037 6778
1784237949870 0.12361272424459457 6779
1784237949885 0.007628589402884245 6780
1784237949901 0.05748600885272026 6781
1784237949916 0.19224120676517487 6782
1784237949932 0.008994393981993198 6783
1784237949947 0.13705171644687653 6784
1784237949962 0.08442455530166626 6785
1784237949976 0.06350668519735336 6786
1784237949992 0.04579561948776245 6787
1784237950006 0.046448156237602234 6788
1784237950022 0.04159960895776749 6789
1784237950037 0.020297059789299965 6790
1784237950051 0.038459524512290955 6791
1784237950066 0.08626142144203186 6792
1784237950081 0.017448240891098976 6793
1784237950098 0.008085925132036209 6794
1784237950114 0.1106460765004158 6795
1784237950130 0.06066914275288582 6796
1784237950146 0.04145184904336929 6797
1784237950162 0.11296631395816803 6798
1784237950175 0.3086651563644409 6799
1784237950192 0.08072583377361298 6800
1784237950206 0.029080377891659737 6801
1784237950220 0.025911984965205193 6802
1784237950235 0.12602564692497253 6803
1784237950251 0.11220613867044449 6804
1784237950265 0.058912452310323715 6805
1784237950281 0.03516899421811104 6806
1784237950296 0.12079151719808578 6807
1784237950311 0.03265717625617981 6808
1784237950325 0.01648586429655552 6809
1784237950341 0.05785170942544937 6810
1784237950356 0.01945929042994976 6811
1784237950373 0.028118697926402092 6812
1784237950388 0.047471366822719574 6813
1784237950402 0.2367347776889801 6814
1784237950417 0.13427534699440002 6815
1784237950432 0.13200005888938904 6816
1784237950447 0.019133392721414566 6817
1784237950463 0.01598411053419113 6818
1784237950477 0.04022080451250076 6819
1784237950492 0.09472239017486572 6820
1784237950506 0.32084956765174866 6821
1784237950525 0.0578262098133564 6822
1784237950541 0.20776687562465668 6823
1784237950557 0.03929489478468895 6824
1784237950573 0.1326579600572586 6825
1784237950588 0.1225334107875824 6826
1784237950602 0.03212888166308403 6827
1784237950618 0.34742358326911926 6828
1784237950634 0.06608699262142181 6829
1784237950650 0.15227490663528442 6830
1784237950664 0.3391583263874054 6831
1784237950679 0.1340067833662033 6832
1784237950694 0.17079755663871765 6833
1784237950709 0.2957148253917694 6834
1784237950723 0.23382607102394104 6835
1784237950739 0.07006079703569412 6836
1784237950754 0.0379604734480381 6837
1784237950768 0.17264480888843536 6838
1784237950783 0.09527143836021423 6839
1784237950797 0.18358778953552246 6840
1784237950812 0.028109759092330933 6841
1784237950826 0.024811800569295883 6842
1784237950843 0.219217911362648 6843
1784237950858 0.07478933781385422 6844
1784237950874 0.09110908210277557 6845
1784237950889 0.0832204669713974 6846
1784237950904 0.06200843304395676 6847
1784237950920 0.4532013535499573 6848
1784237950935 0.016332058236002922 6849
1784237950950 0.007903676480054855 6850
1784237950966 0.1070983037352562 6851
1784237950982 0.045133039355278015 6852
1784237950998 0.049374260008335114 6853
1784237951013 0.15029413998126984 6854
1784237951029 0.04073091596364975 6855
1784237951045 0.02764810621738434 6856
1784237951063 0.0027575320564210415 6857
1784237951078 0.03668872267007828 6858
1784237951092 0.007691641338169575 6859
1784237951106 0.13131769001483917 6860
1784237951121 0.015862777829170227 6861
1784237951136 0.0190202035009861 6862
1784237951152 0.08867017179727554 6863
1784237951167 0.08505480736494064 6864
1784237951181 0.009350022301077843 6865
1784237951197 0.011984866112470627 6866
1784237951213 0.03338554874062538 6867
1784237951228 0.13522478938102722 6868
1784237951243 0.11296787112951279 6869
1784237951260 0.023989293724298477 6870
1784237951274 0.0988091230392456 6871
1784237951289 0.049559421837329865 6872
1784237951304 0.16120900213718414 6873
1784237951319 0.07627519965171814 6874
1784237951333 0.04522915929555893 6875
1784237951348 0.006942010950297117 6876
1784237951364 0.03793714568018913 6877
1784237951380 0.023361530154943466 6878
1784237951394 0.006620364263653755 6879
1784237951409 0.052577923983335495 6880
1784237951424 0.007874039933085442 6881
1784237951439 0.002753989305347204 6882
1784237951455 0.11439064890146255 6883
1784237951470 0.01671113632619381 6884
1784237951487 0.15634644031524658 6885
1784237951501 0.009768259711563587 6886
1784237951516 0.4523501396179199 6887
1784237951531 0.10907125473022461 6888
1784237951545 0.13620886206626892 6889
1784237951560 0.044424161314964294 6890
1784237951575 0.01638277806341648 6891
1784237951590 0.01816197857260704 6892
1784237951605 0.01687287725508213 6893
1784237951621 0.027984168380498886 6894
1784237951635 0.08802909404039383 6895
1784237951651 0.08465767651796341 6896
1784237951667 0.01427191961556673 6897
1784237951682 0.004518656991422176 6898
1784237951697 0.2853223979473114 6899
1784237951713 0.009057541377842426 6900
1784237951728 0.04077116400003433 6901
1784237951744 0.004593394696712494 6902
1784237951758 0.06190914288163185 6903
1784237951774 0.019790254533290863 6904
1784237951795 0.0048364438116550446 6905
1784237951811 0.02967027947306633 6906
1784237951828 0.1999884992837906 6907
1784237951846 0.2905457317829132 6908
1784237951864 0.004855804145336151 6909
1784237951882 0.009203779511153698 6910
1784237951899 0.0315154530107975 6911
1784237951916 0.018851764500141144 6912
1784237951933 0.08574454486370087 6913
1784237951948 0.14397090673446655 6914
1784237951964 0.060635004192590714 6915
1784237951980 0.10485200583934784 6916
1784237951996 0.03163138031959534 6917
1784237952012 0.1513216197490692 6918
1784237952030 0.29572218656539917 6919
1784237952046 0.08201198279857635 6920
1784237952063 0.010130500420928001 6921
1784237952080 0.061833105981349945 6922
1784237952097 0.08515244722366333 6923
1784237952115 0.10477113723754883 6924
1784237952131 0.17009277641773224 6925
1784237952150 0.10270807147026062 6926
1784237952167 0.008522260002791882 6927
1784237952184 0.07742894440889359 6928
1784237952201 0.13596270978450775 6929
1784237952217 0.00579302292317152 6930
1784237952234 0.06869026273488998 6931
1784237952251 0.11466465890407562 6932
1784237952267 0.11937937885522842 6933
1784237952285 0.409976601600647 6934
1784237952301 0.05098991468548775 6935
1784237952318 0.16643042862415314 6936
1784237952334 0.020149171352386475 6937
1784237952351 0.01158058736473322 6938
1784237952367 0.17574645578861237 6939
1784237952384 0.0836249440908432 6940
1784237952400 0.022279731929302216 6941
1784237952417 0.025757767260074615 6942
1784237952434 0.11002489924430847 6943
1784237952451 0.16248178482055664 6944
1784237952467 0.00697131035849452 6945
1784237952484 0.00872840266674757 6946
1784237952500 0.08008158206939697 6947
1784237952516 0.21124167740345 6948
1784237952533 0.20452076196670532 6949
1784237952549 0.029370341449975967 6950
1784237952564 0.04415210708975792 6951
1784237952579 0.01296120323240757 6952
1784237952595 0.04982724040746689 6953
1784237952610 0.4250525236129761 6954
1784237952623 0.028553402051329613 6955
1784237952638 0.01211640890687704 6956
1784237952654 0.054326459765434265 6957
1784237952668 0.09306807070970535 6958
1784237952681 0.15178194642066956 6959
1784237952694 0.0028127310797572136 6960
1784237952707 0.15133056044578552 6961
1784237952721 0.0010079039493575692 6962
1784237952738 0.05386805161833763 6963
1784237952753 0.03999916836619377 6964
1784237952768 0.17620430886745453 6965
1784237952783 0.008433030918240547 6966
1784237952798 0.17124058306217194 6967
1784237952812 0.1724228411912918 6968
1784237952827 0.05496063455939293 6969
1784237952844 0.16710279881954193 6970
1784237952858 0.33665207028388977 6971
1784237952871 0.061095964163541794 6972
1784237952887 0.09855201095342636 6973
1784237952900 0.018764952197670937 6974
1784237952915 0.12216036766767502 6975
1784237952929 0.007551414426416159 6976
1784237952942 0.047403495758771896 6977
1784237952954 0.05160185322165489 6978
1784237952970 0.20939697325229645 6979
1784237952985 0.028188686817884445 6980
1784237952999 0.02075614407658577 6981
1784237953014 0.09772595018148422 6982
1784237953028 0.020695628598332405 6983
1784237953042 0.013458960689604282 6984
1784237953059 0.022261429578065872 6985
1784237953074 0.008898759260773659 6986
1784237953089 0.032494138926267624 6987
1784237953105 0.11854659765958786 6988
1784237953121 0.28416702151298523 6989
1784237953135 0.04077862203121185 6990
1784237953150 0.08166133612394333 6991
1784237953166 0.008498362265527248 6992
1784237953181 0.05567111447453499 6993
1784237953195 0.14782389998435974 6994
1784237953210 0.12248007953166962 6995
1784237953227 0.1030072271823883 6996
1784237953241 0.05197547748684883 6997
1784237953256 0.020848046988248825 6998
1784237953272 0.02082950249314308 6999
1784237953289 0.0783887505531311 7000
1784237953304 0.006711493246257305 7001
1784237953320 0.349337637424469 7002
1784237953336 0.1684981882572174 7003
1784237953351 0.022878913208842278 7004
1784237953365 0.06476876884698868 7005
1784237953380 0.023561082780361176 7006
1784237953395 0.05251180753111839 7007
1784237953409 0.032967157661914825 7008
1784237953422 0.03285784646868706 7009
1784237953436 0.02557160146534443 7010
1784237953452 0.013079815544188023 7011
1784237953468 0.050908412784338 7012
1784237953483 0.0048589808866381645 7013
1784237953497 0.003491027047857642 7014
1784237953513 0.0768415704369545 7015
1784237953528 0.03648556023836136 7016
1784237953543 0.1387973576784134 7017
1784237953558 0.01982947625219822 7018
1784237953572 0.1901647448539734 7019
1784237953588 0.25854605436325073 7020
1784237953602 0.21604740619659424 7021
1784237953618 0.005581231787800789 7022
1784237953634 0.19423773884773254 7023
1784237953649 0.0032044416293501854 7024
1784237953665 0.015170265920460224 7025
1784237953678 0.2440551370382309 7026
1784237953693 0.05762970447540283 7027
1784237953708 0.014165404252707958 7028
1784237953721 0.03170255199074745 7029
1784237953736 0.032420746982097626 7030
1784237953769 0.006722205318510532 7031
1784237953783 0.17037074267864227 7032
1784237953798 0.006558836437761784 7033
1784237953813 0.04293613135814667 7034
1784237953828 0.03071538358926773 7035
1784237953845 0.0047264969907701015 7036
1784237953859 0.013851504772901535 7037
1784237953874 0.009686197154223919 7038
1784237953892 0.015356505289673805 7039
1784237953915 0.0372840091586113 7040
1784237953933 0.011081872507929802 7041
1784237953951 0.09711816161870956 7042
1784237953971 0.14564645290374756 7043
1784237953994 0.044859953224658966 7044
1784237954015 0.005095241591334343 7045
1784237954035 0.012547845020890236 7046
1784237954064 0.023626456037163734 7047
1784237954084 0.041962385177612305 7048
1784237954111 0.011201459914445877 7049
1784237954131 0.1720259189605713 7050
1784237954151 0.17816145718097687 7051
1784237954170 0.009842603467404842 7052
1784237954187 0.09098141640424728 7053
1784237954204 0.1317361444234848 7054
1784237954221 0.02144712209701538 7055
1784237954239 0.0227670781314373 7056
1784237954256 0.09383536875247955 7057
1784237954276 0.1899329572916031 7058
1784237954292 0.09254735708236694 7059
1784237954310 0.04757257178425789 7060
1784237954325 0.10624267160892487 7061
1784237954344 0.2441827952861786 7062
1784237954360 0.10325734317302704 7063
1784237954375 0.013692044652998447 7064
1784237954391 0.20171025395393372 7065
1784237954406 0.02945670858025551 7066
1784237954421 0.11243103444576263 7067
1784237954438 0.22991211712360382 7068
1784237954454 0.04598565772175789 7069
1784237954472 0.1556454598903656 7070
1784237954488 0.14217539131641388 7071
1784237954505 0.049600664526224136 7072
1784237954526 0.09192624688148499 7073
1784237954542 0.033116843551397324 7074
1784237954558 0.08471883088350296 7075
1784237954576 0.21226345002651215 7076
1784237954593 0.10634269565343857 7077
1784237954609 0.09176532179117203 7078
1784237954624 0.030532367527484894 7079
1784237954642 0.2051325887441635 7080
1784237954656 0.04674576595425606 7081
1784237954671 0.08998686820268631 7082
1784237954688 0.0898725613951683 7083
1784237954705 0.19991713762283325 7084
1784237954720 0.005244732368737459 7085
1784237954737 0.04344404116272926 7086
1784237954754 0.06715984642505646 7087
1784237954776 0.22111892700195312 7088
1784237954791 0.09593841433525085 7089
1784237954807 0.20712578296661377 7090
1784237954826 0.14798018336296082 7091
1784237954844 0.08019734174013138 7092
1784237954865 0.12371401488780975 7093
1784237954880 0.11017657816410065 7094
1784237954898 0.05869730934500694 7095
1784237954918 0.2790745198726654 7096
1784237954940 0.03654803708195686 7097
1784237954959 0.17852924764156342 7098
1784237954984 0.013934683986008167 7099
1784237955005 0.0685635358095169 7100
1784237955026 0.045095402747392654 7101
1784237955046 0.11308398097753525 7102
1784237955071 0.06347600370645523 7103
1784237955090 0.08280733227729797 7104
1784237955111 0.15862944722175598 7105
1784237955132 0.07511403411626816 7106
1784237955152 0.018399279564619064 7107
1784237955172 0.3792007267475128 7108
1784237955190 0.09575733542442322 7109
1784237955207 0.04704948887228966 7110
1784237955226 0.060338880866765976 7111
1784237955243 0.22827592492103577 7112
1784237955259 0.011805964633822441 7113
1784237955279 0.0023260763846337795 7114
1784237955304 0.241580992937088 7115
1784237955334 0.06848867982625961 7116
1784237955359 0.06289000809192657 7117
1784237955384 0.014200758188962936 7118
1784237955411 0.08859364688396454 7119
1784237955437 0.10773524641990662 7120
1784237955557 0.07210275530815125 7121
1784237955583 0.02280384488403797 7122
1784237955603 0.10861359536647797 7123
1784237955639 0.15442654490470886 7124
1784237955665 0.032613180577754974 7125
1784237955691 0.10224582254886627 7126
1784237955712 0.14898909628391266 7127
1784237955731 0.12373888492584229 7128
1784237955750 0.00585891492664814 7129
1784237955768 0.07433771342039108 7130
1784237955787 0.016962610185146332 7131
1784237955810 0.015782862901687622 7132
1784237955829 0.1154545247554779 7133
1784237955848 0.0973609983921051 7134
1784237955868 0.25471141934394836 7135
1784237955886 0.0009428322082385421 7136
1784237955904 0.1673390418291092 7137
1784237955925 0.01714194379746914 7138
1784237955946 0.004909269046038389 7139
1784237955966 0.0024813665077090263 7140
1784237955984 0.10354410856962204 7141
1784237956002 0.032675281167030334 7142
1784237956022 0.0016014244174584746 7143
1784237956040 0.06002982333302498 7144
1784237956061 0.02351503074169159 7145
1784237956080 0.005757645703852177 7146
1784237956097 0.14182238280773163 7147
1784237956114 0.0027874396182596684 7148
1784237956132 0.3153754472732544 7149
1784237956151 0.08653993904590607 7150
1784237956168 0.11231306195259094 7151
1784237956185 0.07529168576002121 7152
1784237956203 0.09806912392377853 7153
1784237956222 0.024933557957410812 7154
1784237956239 0.11960162967443466 7155
1784237956256 0.16347448527812958 7156
1784237956278 0.049549251794815063 7157
1784237956302 0.07851369678974152 7158
1784237956322 0.06967537850141525 7159
1784237956345 0.02237660624086857 7160
1784237956364 0.01041583064943552 7161
1784237956382 0.08978329598903656 7162
1784237956399 0.2462715357542038 7163
1784237956417 0.001598559319972992 7164
1784237956436 0.30168452858924866 7165
1784237956452 0.13640883564949036 7166
1784237956470 0.04673076793551445 7167
1784237956488 0.2225194126367569 7168
1784237956510 0.06729921698570251 7169
1784237956529 0.12186276912689209 7170
1784237956548 0.0016303842421621084 7171
1784237956565 0.12254185974597931 7172
1784237956585 0.02107332833111286 7173
1784237956602 0.09427454322576523 7174
1784237956622 0.19767983257770538 7175
1784237956643 0.17315827310085297 7176
1784237956662 0.24335479736328125 7177
1784237956681 0.20890730619430542 7178
1784237956699 0.01412988267838955 7179
1784237956714 0.004127089865505695 7180
1784237956729 0.0792015865445137 7181
1784237956745 0.045053377747535706 7182
1784237956762 0.49757322669029236 7183
1784237956785 0.23483549058437347 7184
1784237956800 0.13911856710910797 7185
1784237956815 0.01012448687106371 7186
1784237956830 0.01913795992732048 7187
1784237956846 0.24969373643398285 7188
1784237956861 0.0412784181535244 7189
1784237956877 0.024133147671818733 7190
1784237956892 0.2551017701625824 7191
1784237956908 0.04531586542725563 7192
1784237956925 0.0372634120285511 7193
1784237956941 0.027589591220021248 7194
1784237956957 0.08530126512050629 7195
1784237956971 0.14203910529613495 7196
1784237956985 0.019711704924702644 7197
1784237956998 0.03646580129861832 7198
1784237957014 0.10170932859182358 7199
1784237957029 0.008081735111773014 7200
1784237957046 0.1717080920934677 7201
1784237957063 0.13922369480133057 7202
1784237957078 0.003641098737716675 7203
1784237957092 0.2598514258861542 7204
1784237957109 0.0817570760846138 7205
1784237957127 0.023029446601867676 7206
1784237957144 0.008372734300792217 7207
1784237957161 0.027065297588706017 7208
1784237957179 0.06337745487689972 7209
1784237957195 0.09778459370136261 7210
1784237957211 0.1511327028274536 7211
1784237957228 0.4146113693714142 7212
1784237957244 0.3764680027961731 7213
1784237957261 0.044433001428842545 7214
1784237957277 0.05445143207907677 7215
1784237957294 0.20748433470726013 7216
1784237957311 0.025225775316357613 7217
1784237957328 0.031228551641106606 7218
1784237957348 0.011141657829284668 7219
1784237957364 0.40541234612464905 7220
1784237957381 0.03686526417732239 7221
1784237957398 0.004363060928881168 7222
1784237957415 0.06205498427152634 7223
1784237957432 0.01257156953215599 7224
1784237957451 0.05970330908894539 7225
1784237957468 0.05241069942712784 7226
1784237957485 0.1483439952135086 7227
1784237957501 0.03863280639052391 7228
1784237957518 0.10107740759849548 7229
1784237957533 0.02939191274344921 7230
1784237957549 0.17537464201450348 7231
1784237957565 0.04506036266684532 7232
1784237957580 0.09504628926515579 7233
1784237957595 0.05784012749791145 7234
1784237957612 0.027611143887043 7235
1784237957627 0.019425025209784508 7236
1784237957642 0.0964970588684082 7237
1784237957657 0.017887210473418236 7238
1784237957672 0.0031425294000655413 7239
1784237957686 0.22177475690841675 7240
1784237957701 0.03292298689484596 7241
1784237957720 0.16928556561470032 7242
1784237957737 0.049976784735918045 7243
1784237957753 0.07064523547887802 7244
1784237957768 0.05136861652135849 7245
1784237957783 0.29046133160591125 7246
1784237957799 0.0035034215543419123 7247
1784237957815 0.018101263791322708 7248
1784237957830 0.1326887309551239 7249
1784237957846 0.10951314121484756 7250
1784237957862 0.00845426507294178 7251
1784237957875 0.07391832768917084 7252
1784237957887 0.0659651979804039 7253
1784237957903 0.07411203533411026 7254
1784237957920 0.02093447372317314 7255
1784237957935 0.003777442965656519 7256
1784237957951 0.04417945817112923 7257
1784237957967 0.090837262570858 7258
1784237957982 0.04267590492963791 7259
1784237957997 0.1031246930360794 7260
1784237958013 0.11688095331192017 7261
1784237958028 0.014571260660886765 7262
1784237958043 0.06024204567074776 7263
1784237958060 0.005252443253993988 7264
1784237958074 0.02388446405529976 7265
1784237958089 0.028486020863056183 7266
1784237958103 0.050457973033189774 7267
1784237958117 0.03836730122566223 7268
1784237958131 0.05566215515136719 7269
1784237958145 0.004939214792102575 7270
1784237958159 0.006944976281374693 7271
1784237958174 0.4297083020210266 7272
1784237958188 0.06387627869844437 7273
1784237958203 0.05016670376062393 7274
1784237958218 0.008977862074971199 7275
1784237958233 0.028193745762109756 7276
1784237958247 0.12156296521425247 7277
1784237958263 0.0038080131635069847 7278
1784237958280 0.01766093261539936 7279
1784237958295 0.01831173337996006 7280
1784237958311 0.07114747911691666 7281
1784237958326 0.006084177643060684 7282
1784237958342 0.023511651903390884 7283
1784237958358 0.14277316629886627 7284
1784237958372 0.18886645138263702 7285
1784237958387 0.1564144641160965 7286
1784237958402 0.015731513500213623 7287
1784237958416 0.012485329993069172 7288
1784237958430 0.06317547708749771 7289
1784237958446 0.00277295196428895 7290
1784237958461 0.04626438394188881 7291
1784237958477 0.0587146170437336 7292
1784237958493 0.018278352916240692 7293
1784237958507 0.129954993724823 7294
1784237958523 0.25327345728874207 7295
1784237958544 0.10315199941396713 7296
1784237958562 0.16820970177650452 7297
1784237958579 0.08762360364198685 7298
1784237958597 0.0305390115827322 7299
1784237958614 0.2005930244922638 7300
1784237958630 0.08058475703001022 7301
1784237958646 0.04818541556596756 7302
1784237958662 0.12629245221614838 7303
1784237958678 0.3971981406211853 7304
1784237958694 0.15617190301418304 7305
1784237958710 0.012128738686442375 7306
1784237958726 0.14507894217967987 7307
1784237958744 0.07011908292770386 7308
1784237958759 0.2136344313621521 7309
1784237958774 0.10642756521701813 7310
1784237958790 0.022849008440971375 7311
1784237958805 0.1875731348991394 7312
1784237958822 0.0029844301752746105 7313
1784237958837 0.029486117884516716 7314
1784237958852 0.07183815538883209 7315
1784237958866 0.025629466399550438 7316
1784237958882 0.05947454273700714 7317
1784237958897 0.15857809782028198 7318
1784237958913 0.0901426374912262 7319
1784237958929 0.15859270095825195 7320
1784237958944 0.050276074558496475 7321
1784237958960 0.13572312891483307 7322
1784237958975 0.2156369835138321 7323
1784237958990 0.006701651494950056 7324
1784237959004 0.1274363249540329 7325
1784237959019 0.3410560190677643 7326
1784237959034 0.008472731336951256 7327
1784237959049 0.00766540365293622 7328
1784237959065 0.19630366563796997 7329
1784237959079 0.08428122848272324 7330
1784237959093 0.3627564311027527 7331
1784237959109 0.01692028157413006 7332
1784237959123 0.07694124430418015 7333
1784237959138 0.040395524352788925 7334
1784237959154 0.23088766634464264 7335
1784237959169 0.06042769178748131 7336
1784237959184 0.14019261300563812 7337
1784237959199 0.11706238985061646 7338
1784237959214 0.03879498317837715 7339
1784237959230 0.005947278346866369 7340
1784237959246 0.013084858655929565 7341
1784237959263 0.23050513863563538 7342
1784237959279 0.013505619019269943 7343
1784237959295 0.04056725278496742 7344
1784237959310 0.014660423621535301 7345
1784237959324 0.0676165372133255 7346
1784237959338 0.18535202741622925 7347
1784237959354 0.1259312778711319 7348
1784237959370 0.07481089234352112 7349
1784237959386 0.036275215446949005 7350
1784237959402 0.08316992968320847 7351
1784237959416 0.2183230072259903 7352
1784237959431 0.0753486305475235 7353
1784237959446 0.1936654895544052 7354
1784237959462 0.18452590703964233 7355
1784237959478 0.05900462344288826 7356
1784237959494 0.06252747029066086 7357
1784237959508 0.015402771532535553 7358
1784237959523 0.1335342824459076 7359
1784237959538 0.30710476636886597 7360
1784237959552 0.22276721894741058 7361
1784237959569 0.018296442925930023 7362
1784237959582 0.03464198112487793 7363
1784237959597 0.09606988728046417 7364
1784237959612 0.17993460595607758 7365
1784237959627 0.04492736980319023 7366
1784237959642 0.07763485610485077 7367
1784237959659 0.35787513852119446 7368
1784237959673 0.28746578097343445 7369
1784237959689 0.014344297349452972 7370
1784237959704 0.024192769080400467 7371
1784237959720 0.09626045823097229 7372
1784237959743 0.060012925416231155 7373
1784237959757 0.12076043337583542 7374
1784237959771 0.007433438207954168 7375
1784237959787 0.12772098183631897 7376
1784237959801 0.044076599180698395 7377
1784237959814 0.3150821924209595 7378
1784237959829 0.05648680403828621 7379
1784237959844 0.05687553435564041 7380
1784237959857 0.1800045520067215 7381
1784237959873 0.40461766719818115 7382
1784237959888 0.11694961041212082 7383
1784237959903 0.04139711707830429 7384
1784237959918 0.3507842421531677 7385
1784237959935 0.0732991024851799 7386
1784237959950 0.10644331574440002 7387
1784237959964 0.03868095576763153 7388
1784237959978 0.08799825608730316 7389
1784237959994 0.03729214891791344 7390
1784237960010 0.09376876056194305 7391
1784237960025 0.05728114768862724 7392
1784237960041 0.08519229292869568 7393
1784237960061 0.012080928310751915 7394
1784237960075 0.06618652492761612 7395
1784237960092 0.09550470113754272 7396
1784237960108 0.12210489809513092 7397
1784237960124 0.2162880301475525 7398
1784237960140 0.039423853158950806 7399
1784237960160 0.025799216702580452 7400
1784237960173 0.057043809443712234 7401
1784237960188 0.008550312370061874 7402
1784237960204 0.2541886866092682 7403
1784237960220 0.28573793172836304 7404
1784237960237 0.005724568385630846 7405
1784237960253 0.025398794561624527 7406
1784237960269 0.02449588105082512 7407
1784237960282 0.040748678147792816 7408
1784237960296 0.15621602535247803 7409
1784237960311 0.09748446941375732 7410
1784237960327 0.19992689788341522 7411
1784237960344 0.167782723903656 7412
1784237960360 0.020971687510609627 7413
1784237960376 0.21227389574050903 7414
1784237960393 0.21857978403568268 7415
1784237960410 0.3013502359390259 7416
1784237960427 0.07184582203626633 7417
1784237960443 0.05872030556201935 7418
1784237960461 0.07372524589300156 7419
1784237960477 0.007983746007084846 7420
1784237960493 0.056473713368177414 7421
1784237960506 0.09511291980743408 7422
1784237960521 0.030879393219947815 7423
1784237960537 0.06690308451652527 7424
1784237960553 0.02152353711426258 7425
1784237960568 0.22533704340457916 7426
1784237960580 0.09311032295227051 7427
1784237960596 0.017739031463861465 7428
1784237960611 0.054741304367780685 7429
1784237960626 0.14012914896011353 7430
1784237960641 0.1631344109773636 7431
1784237960656 0.1067407950758934 7432
1784237960671 0.04985033720731735 7433
1784237960687 0.025811584666371346 7434
1784237960702 0.20149631798267365 7435
1784237960718 0.05743887275457382 7436
1784237960733 0.022321801632642746 7437
1784237960750 0.014798954129219055 7438
1784237960768 0.0593622624874115 7439
1784237960786 0.020450640469789505 7440
1784237960802 0.11265641450881958 7441
1784237960820 0.04824500530958176 7442
1784237960838 0.16905106604099274 7443
1784237960855 0.17941610515117645 7444
1784237960874 0.1042112410068512 7445
1784237960890 0.009974386543035507 7446
1784237960907 0.18058328330516815 7447
1784237960919 0.030467530712485313 7448
1784237960935 0.013901840895414352 7449
1784237960951 0.05779559165239334 7450
1784237960968 0.015254238620400429 7451
1784237960983 0.013436144217848778 7452
1784237960999 0.11743412166833878 7453
1784237961015 0.13154180347919464 7454
1784237961029 0.08783978223800659 7455
1784237961046 0.036568354815244675 7456
1784237961061 0.13500897586345673 7457
1784237961076 0.08828006684780121 7458
1784237961091 0.014093193225562572 7459
1784237961106 0.3462032377719879 7460
1784237961123 0.0021864494774490595 7461
1784237961138 0.012710167095065117 7462
1784237961155 0.04131631925702095 7463
1784237961170 0.12554074823856354 7464
1784237961186 0.11931845545768738 7465
1784237961200 0.1317748874425888 7466
1784237961214 0.049728818237781525 7467
1784237961230 0.01995987258851528 7468
1784237961245 0.08120563626289368 7469
1784237961260 0.08240561932325363 7470
1784237961276 0.2380579113960266 7471
1784237961291 0.005792930256575346 7472
1784237961307 0.0186682790517807 7473
1784237961322 0.3444942831993103 7474
1784237961337 0.11366011947393417 7475
1784237961353 0.024375276640057564 7476
1784237961368 0.08647716790437698 7477
1784237961383 0.14809991419315338 7478
1784237961398 0.1755019575357437 7479
1784237961413 0.03380522504448891 7480
1784237961428 0.17894752323627472 7481
1784237961445 0.029106996953487396 7482
1784237961461 0.12718093395233154 7483
1784237961476 0.018985122442245483 7484
1784237961493 0.03438461199402809 7485
1784237961508 0.022947875782847404 7486
1784237961523 0.08615466207265854 7487
1784237961539 0.12181446701288223 7488
1784237961552 0.19558236002922058 7489
1784237961565 0.2161910980939865 7490
1784237961580 0.12268898636102676 7491
1784237961595 0.1387498527765274 7492
1784237961611 0.08449814468622208 7493
1784237961627 0.2880025804042816 7494
1784237961642 0.0074235531501472 7495
1784237961658 0.005775094032287598 7496
1784237961673 0.07946290075778961 7497
1784237961688 0.11470027267932892 7498
1784237961704 0.20846140384674072 7499
1784237963283 0.01318279281258583 7500
1784237963300 0.16133177280426025 7501
1784237963316 0.14747163653373718 7502
1784237963336 0.145323246717453 7503
1784237963355 0.021315881982445717 7504
1784237963372 0.03246200084686279 7505
1784237963389 0.09432358294725418 7506
1784237963404 0.07867079228162766 7507
1784237963419 0.04996936023235321 7508
1784237963435 0.11668199300765991 7509
1784237963452 0.08758705109357834 7510
1784237963468 0.26663899421691895 7511
1784237963485 0.2639288008213043 7512
1784237963501 0.015637174248695374 7513
1784237963517 0.05301126092672348 7514
1784237963534 0.006711790803819895 7515
1784237963550 0.006138352211564779 7516
1784237963565 0.07043049484491348 7517
1784237963580 0.08157100528478622 7518
1784237963596 0.03285131976008415 7519
1784237963612 0.09607814252376556 7520
1784237963627 0.09413575381040573 7521
1784237963640 0.0288129523396492 7522
1784237963654 0.09344303607940674 7523
1784237963669 0.12437806278467178 7524
1784237963685 0.016485700383782387 7525
1784237963700 0.055278368294239044 7526
1784237963717 0.11185383051633835 7527
1784237963733 0.008021910674870014 7528
1784237963749 0.06553440541028976 7529
1784237963763 0.0882151871919632 7530
1784237963778 0.26098257303237915 7531
1784237963794 0.11199767887592316 7532
1784237963809 0.09631631523370743 7533
1784237963825 0.2170037180185318 7534
1784237963841 0.03378951922059059 7535
1784237963856 0.08559151738882065 7536
1784237963872 0.05440583825111389 7537
1784237963888 0.04640018567442894 7538
1784237963904 0.06630811840295792 7539
1784237963918 0.042947918176651 7540
1784237963935 0.06110701709985733 7541
1784237963950 0.011586223728954792 7542
1784237963966 0.23933552205562592 7543
1784237963982 0.03033272549510002 7544
1784237963998 0.03436887636780739 7545
1784237964012 0.022476710379123688 7546
1784237964026 0.07467485219240189 7547
1784237964043 0.24419330060482025 7548
1784237964057 0.1435345858335495 7549
1784237964070 0.11426205188035965 7550
1784237964086 0.03621057793498039 7551
1784237964103 0.09145715087652206 7552
1784237964117 0.16484621167182922 7553
1784237964132 0.030464883893728256 7554
1784237964147 0.025058872997760773 7555
1784237964160 0.03260107338428497 7556
1784237964173 0.004824168514460325 7557
1784237964187 0.03970872610807419 7558
1784237964204 0.08304888755083084 7559
1784237964218 0.05593577027320862 7560
1784237964233 0.12649379670619965 7561
1784237964248 0.2864348292350769 7562
1784237964260 0.06364644318819046 7563
1784237964275 0.16760629415512085 7564
1784237964291 0.08175160735845566 7565
1784237964306 0.02524096518754959 7566
1784237964320 0.02647748775780201 7567
1784237964337 0.03299486264586449 7568
1784237964354 0.044117555022239685 7569
1784237964369 0.06212858483195305 7570
1784237964385 0.030796723440289497 7571
1784237964400 0.043060094118118286 7572
1784237964417 0.07885556668043137 7573
1784237964432 0.05971058830618858 7574
1784237964447 0.09442052245140076 7575
1784237964462 0.020979104563593864 7576
1784237964476 0.1937614530324936 7577
1784237964491 0.0048415809869766235 7578
1784237964506 0.020132197067141533 7579
1784237964519 0.0032544380519539118 7580
1784237964533 0.0910513624548912 7581
1784237964548 0.12560009956359863 7582
1784237964561 0.011928513646125793 7583
1784237964576 0.008480124175548553 7584
1784237964589 0.06840801984071732 7585
1784237964602 0.02605568990111351 7586
1784237964618 0.27956634759902954 7587
1784237964632 0.01788787730038166 7588
1784237964648 0.047754090279340744 7589
1784237964663 0.019843585789203644 7590
1784237964679 0.01196015253663063 7591
1784237964695 0.028331391513347626 7592
1784237964710 0.014731827192008495 7593
1784237964730 0.16966170072555542 7594
1784237964745 0.0648876279592514 7595
1784237964760 0.005715751089155674 7596
1784237964775 0.005373205058276653 7597
1784237964790 0.08079743385314941 7598
1784237964805 0.035850562155246735 7599
1784237964818 0.09811286628246307 7600
1784237964832 0.16500912606716156 7601
1784237964847 0.006313649006187916 7602
1784237964861 0.11886699497699738 7603
1784237964876 0.03893245384097099 7604
1784237964896 0.01679903082549572 7605
1784237964910 0.11981599032878876 7606
1784237964926 0.05578351393342018 7607
1784237964941 0.02902737259864807 7608
1784237964956 0.0030592207331210375 7609
1784237964971 0.08458449691534042 7610
1784237964986 0.0073597002774477005 7611
1784237965002 0.02359067089855671 7612
1784237965019 0.006182696204632521 7613
1784237965035 0.004832749255001545 7614
1784237965053 0.23438920080661774 7615
1784237965068 0.02640225738286972 7616
1784237965085 0.05730809271335602 7617
1784237965100 0.17495036125183105 7618
1784237965117 0.22352735698223114 7619
1784237965131 0.005618496332317591 7620
1784237965147 0.09873181581497192 7621
1784237965162 0.07287457585334778 7622
1784237965176 0.006148106884211302 7623
1784237965193 0.14143024384975433 7624
1784237965207 0.0037860001903027296 7625
1784237965225 0.31178852915763855 7626
1784237965243 0.04208773374557495 7627
1784237965262 0.013776269741356373 7628
1784237965284 0.1357053816318512 7629
1784237965303 0.22288452088832855 7630
1784237965322 0.02751421555876732 7631
1784237965343 0.06877657026052475 7632
1784237965361 0.033631328493356705 7633
1784237965377 0.0022212169133126736 7634
1784237965393 0.13899102807044983 7635
1784237965410 0.007391078397631645 7636
1784237965427 0.2839149832725525 7637
1784237965443 0.052510567009449005 7638
1784237965459 0.01853092946112156 7639
1784237965478 0.002763490192592144 7640
1784237965494 0.005627455189824104 7641
1784237965511 0.05062592774629593 7642
1784237965524 0.0877591148018837 7643
1784237965540 0.061770275235176086 7644
1784237965555 0.033593714237213135 7645
1784237965570 0.024047737941145897 7646
1784237965583 0.0004690619825851172 7647
1784237965597 0.0061891889199614525 7648
1784237965613 0.012709805741906166 7649
1784237965628 0.06890436261892319 7650
1784237965644 0.006066886708140373 7651
1784237965659 0.0066900840029120445 7652
1784237965673 0.14565646648406982 7653
1784237965688 0.03334922343492508 7654
1784237965702 0.026748932898044586 7655
1784237965717 0.028878826647996902 7656
1784237965732 0.026602081954479218 7657
1784237965746 0.0002354331809328869 7658
1784237965762 0.15365678071975708 7659
1784237965777 0.04034670814871788 7660
1784237965793 0.27831128239631653 7661
1784237965809 0.06602407991886139 7662
1784237965825 0.01044443342834711 7663
1784237965840 0.03613985329866409 7664
1784237965855 0.012880943715572357 7665
1784237965869 0.07282103598117828 7666
1784237965885 0.01187368668615818 7667
1784237965902 0.0925433337688446 7668
1784237965917 0.10631286352872849 7669
1784237965933 0.027341604232788086 7670
1784237965946 0.004802762996405363 7671
1784237965960 0.01654045097529888 7672
1784237965976 0.004882763605564833 7673
1784237965993 0.13027113676071167 7674
1784237966008 0.07594643533229828 7675
1784237966023 0.013566316105425358 7676
1784237966039 0.011187531054019928 7677
1784237966052 0.17892557382583618 7678
1784237966068 0.04960447549819946 7679
1784237966084 0.054276540875434875 7680
1784237966101 0.07045356184244156 7681
1784237966118 0.13271567225456238 7682
1784237966133 0.021432066336274147 7683
1784237966150 0.011187667958438396 7684
1784237966165 0.11697554588317871 7685
1784237966179 0.04004477337002754 7686
1784237966193 0.00787912867963314 7687
1784237966209 0.0023261038586497307 7688
1784237966225 0.003268119180575013 7689
1784237966240 0.0331525094807148 7690
1784237966255 0.005452129989862442 7691
1784237966270 0.16631117463111877 7692
1784237966286 0.03635232895612717 7693
1784237966302 0.1789252907037735 7694
1784237966316 0.018010269850492477 7695
1784237966332 0.006747607607394457 7696
1784237966348 0.01882673241198063 7697
1784237966362 0.32071852684020996 7698
1784237966375 0.036993175745010376 7699
1784237966391 0.023776421323418617 7700
1784237966408 0.03753079101443291 7701
1784237966423 0.01089202519506216 7702
1784237966442 0.06279019266366959 7703
1784237966457 0.07675991207361221 7704
1784237966473 0.017120016738772392 7705
1784237966486 0.3597032129764557 7706
1784237966503 0.1715889424085617 7707
1784237966517 0.0029717511497437954 7708
1784237966534 0.07908772677183151 7709
1784237966550 0.009719667956233025 7710
1784237966565 0.1486126333475113 7711
1784237966581 0.008499660529196262 7712
1784237966596 0.12092176079750061 7713
1784237966611 0.04135499149560928 7714
1784237966627 0.04373376816511154 7715
1784237966643 0.012838243506848812 7716
1784237966658 0.023138243705034256 7717
1784237966670 0.054696764796972275 7718
1784237966685 0.14956897497177124 7719
1784237966699 0.006492892745882273 7720
1784237966714 0.12194778770208359 7721
1784237966729 0.1320999711751938 7722
1784237966744 0.0971122607588768 7723
1784237966759 0.047060526907444 7724
1784237966774 0.015285879373550415 7725
1784237966790 0.03562165051698685 7726
1784237966805 0.022800473496317863 7727
1784237966819 0.30745258927345276 7728
1784237966834 0.016174158081412315 7729
1784237966849 0.1285306215286255 7730
1784237966863 0.048186562955379486 7731
1784237966878 0.09665236622095108 7732
1784237966894 0.018791308626532555 7733
1784237966911 0.1696617156267166 7734
1784237966927 0.11663103103637695 7735
1784237966945 0.028191547840833664 7736
1784237966963 0.014993994496762753 7737
1784237966979 0.0033154827542603016 7738
1784237966995 0.16716568171977997 7739
1784237967011 0.017185496166348457 7740
1784237967029 0.021446198225021362 7741
1784237967045 0.007152894511818886 7742
1784237967062 0.018795670941472054 7743
1784237967076 0.0066739940084517 7744
1784237967090 0.017062317579984665 7745
1784237967107 0.025740908458828926 7746
1784237967123 0.08020419627428055 7747
1784237967137 0.006327933166176081 7748
1784237967151 0.022303614765405655 7749
1784237967168 0.11089127510786057 7750
1784237967183 0.08895867317914963 7751
1784237967198 0.12252441793680191 7752
1784237967213 0.10261762142181396 7753
1784237967229 0.03153092414140701 7754
1784237967244 0.23465026915073395 7755
1784237967262 0.012698795646429062 7756
1784237967279 0.04616080969572067 7757
1784237967295 0.06160902976989746 7758
1784237967311 0.05347994714975357 7759
1784237967327 0.02984349988400936 7760
1784237967345 0.08733700215816498 7761
1784237967362 0.013119230978190899 7762
1784237967378 0.12594746053218842 7763
1784237967398 0.17908862233161926 7764
1784237967419 0.10703767836093903 7765
1784237967438 0.01967625692486763 7766
1784237967459 0.24017509818077087 7767
1784237967480 0.140481099486351 7768
1784237967501 0.0275711826980114 7769
1784237967524 0.029690928757190704 7770
1784237967546 0.034425269812345505 7771
1784237967569 0.0034587278496474028 7772
1784237967591 0.2160114347934723 7773
1784237967610 0.05319274589419365 7774
1784237967629 0.20377369225025177 7775
1784237967646 0.05462484806776047 7776
1784237967660 0.019032105803489685 7777
1784237967676 0.017595704644918442 7778
1784237967693 0.006882272660732269 7779
1784237967710 0.04639003425836563 7780
1784237967725 0.11394351720809937 7781
1784237967747 0.07821393758058548 7782
1784237967763 0.2526988685131073 7783
1784237967779 0.02615782618522644 7784
1784237967794 0.0010726358741521835 7785
1784237967810 0.1167248860001564 7786
1784237967825 0.14082546532154083 7787
1784237967839 0.051663585007190704 7788
1784237967853 0.13419365882873535 7789
1784237967867 0.03780708461999893 7790
1784237967884 0.05666167289018631 7791
1784237967899 0.023586168885231018 7792
1784237967916 0.09522570669651031 7793
1784237967931 0.05542996525764465 7794
1784237967946 0.012051662430167198 7795
1784237967961 0.018041053786873817 7796
1784237967976 0.3174140751361847 7797
1784237967989 0.0419229157269001 7798
1784237968004 0.16741475462913513 7799
1784237968019 0.15307781100273132 7800
1784237968036 0.007787467911839485 7801
1784237968053 0.03722475469112396 7802
1784237968068 0.01630573533475399 7803
1784237968084 0.0646250918507576 7804
1784237968101 0.39802053570747375 7805
1784237968118 0.07356404513120651 7806
1784237968134 0.011061270721256733 7807
1784237968152 0.00959120411425829 7808
1784237968168 0.3870432674884796 7809
1784237968186 0.08861420303583145 7810
1784237968205 0.12125315517187119 7811
1784237968224 0.03215353935956955 7812
1784237968240 0.04062339663505554 7813
1784237968254 0.10421540588140488 7814
1784237968268 0.023612163960933685 7815
1784237968283 0.007580210454761982 7816
1784237968300 0.0420028381049633 7817
1784237968317 0.011047020554542542 7818
1784237968335 0.07294607907533646 7819
1784237968350 0.2204749435186386 7820
1784237968369 0.30625730752944946 7821
1784237968386 0.021330097690224648 7822
1784237968403 0.13406813144683838 7823
1784237968420 0.019827358424663544 7824
1784237968436 0.30693987011909485 7825
1784237968454 0.005039849318563938 7826
1784237968470 0.152221217751503 7827
1784237968485 0.17935293912887573 7828
1784237968501 0.08064387738704681 7829
1784237968518 0.08297067880630493 7830
1784237968533 0.1814596951007843 7831
1784237968549 0.12861377000808716 7832
1784237968565 0.07914406806230545 7833
1784237968581 0.11290213465690613 7834
1784237968597 0.03801358491182327 7835
1784237968613 0.3414973318576813 7836
1784237968629 0.07157323509454727 7837
1784237968645 0.07555893808603287 7838
1784237968660 0.007834055460989475 7839
1784237968676 0.03916274011135101 7840
1784237968691 0.22027143836021423 7841
1784237968708 0.10825306922197342 7842
1784237968720 0.03124462068080902 7843
1784237968735 0.0075809769332408905 7844
1784237968750 0.019381985068321228 7845
1784237968765 0.27111387252807617 7846
1784237968780 0.07427989691495895 7847
1784237968795 0.025046734139323235 7848
1784237968810 0.019651569426059723 7849
1784237968825 0.17985738813877106 7850
1784237968841 0.2709783911705017 7851
1784237968856 0.2453455775976181 7852
1784237968869 0.17481189966201782 7853
1784237968886 0.019750528037548065 7854
1784237968903 0.3499266803264618 7855
1784237968921 0.025984670966863632 7856
1784237968937 0.012829046696424484 7857
1784237968951 0.3651372790336609 7858
1784237968967 0.0888071060180664 7859
1784237968981 0.04060104861855507 7860
1784237968995 0.0681585818529129 7861
1784237969011 0.18681198358535767 7862
1784237969028 0.1801561564207077 7863
1784237969044 0.01515621691942215 7864
1784237969059 0.024442585185170174 7865
1784237969074 0.018933888524770737 7866
1784237969087 0.08173787593841553 7867
1784237969100 0.02767782285809517 7868
1784237969115 0.09681527316570282 7869
1784237969128 0.1897680163383484 7870
1784237969143 0.007410240825265646 7871
1784237969158 0.04941737651824951 7872
1784237969171 0.0066451989114284515 7873
1784237969187 0.08158084750175476 7874
1784237969204 0.11548320949077606 7875
1784237969220 0.017354650422930717 7876
1784237969235 0.07779191434383392 7877
1784237969249 0.07258884608745575 7878
1784237969263 0.15400761365890503 7879
1784237969277 0.024970270693302155 7880
1784237969292 0.05829716846346855 7881
1784237969308 0.009404429234564304 7882
1784237969324 0.15236587822437286 7883
1784237969340 0.011624334380030632 7884
1784237969355 0.012556319124996662 7885
1784237969371 0.03420635685324669 7886
1784237969386 0.19431927800178528 7887
1784237969401 0.0573304146528244 7888
1784237969417 0.03789786994457245 7889
1784237969432 0.005804806016385555 7890
1784237969447 0.009338658303022385 7891
1784237969461 0.01484374888241291 7892
1784237969476 0.11671638488769531 7893
1784237969492 0.008304576389491558 7894
1784237969506 0.02747272700071335 7895
1784237969522 0.019930029287934303 7896
1784237969538 0.060699474066495895 7897
1784237969553 0.008655138313770294 7898
1784237969567 0.01306303683668375 7899
1784237969582 0.11848048120737076 7900
1784237969598 0.032273996621370316 7901
1784237969614 0.10982932895421982 7902
1784237969628 0.01882680505514145 7903
1784237969642 0.07652207463979721 7904
1784237969656 0.04362268000841141 7905
1784237969670 0.021091414615511894 7906
1784237969685 0.2610049545764923 7907
1784237969699 0.08542173355817795 7908
1784237969717 0.037811264395713806 7909
1784237969734 0.17869879305362701 7910
1784237969754 0.1627594381570816 7911
1784237969844 0.11221665889024734 7912
1784237969875 0.15092918276786804 7913
1784237969890 0.15303008258342743 7914
1784237969909 0.016235187649726868 7915
1784237969924 0.010365327820181847 7916
1784237969940 0.0650867149233818 7917
1784237969956 0.033618319779634476 7918
1784237969971 0.008739763870835304 7919
1784237969988 0.004291074350476265 7920
1784237970005 0.05777247995138168 7921
1784237970022 0.08686979115009308 7922
1784237970039 0.2299855798482895 7923
1784237970058 0.007601132616400719 7924
1784237970075 0.0519532710313797 7925
1784237970091 0.08428461849689484 7926
1784237970109 0.007507041096687317 7927
1784237970125 0.011188487522304058 7928
1784237970142 0.2732681632041931 7929
1784237970160 0.04008319973945618 7930
1784237970176 0.11735029518604279 7931
1784237970193 0.03034546785056591 7932
1784237970209 0.030300423502922058 7933
1784237970225 0.03205833584070206 7934
1784237970241 0.10319237411022186 7935
1784237970257 0.13179731369018555 7936
1784237970275 0.07307613641023636 7937
1784237970292 0.07396078109741211 7938
1784237970309 0.027077022939920425 7939
1784237970326 0.17088682949543 7940
1784237970343 0.11363128572702408 7941
1784237970358 0.042547810822725296 7942
1784237970376 0.05724729597568512 7943
1784237970393 0.006262273993343115 7944
1784237970410 0.060984835028648376 7945
1784237970427 0.019901465624570847 7946
1784237970444 0.049987826496362686 7947
1784237970460 0.018618112429976463 7948
1784237970475 0.03358231112360954 7949
1784237970493 0.02149353362619877 7950
1784237970510 0.21856793761253357 7951
1784237970526 0.02661535143852234 7952
1784237970542 0.15381713211536407 7953
1784237970558 0.11225266009569168 7954
1784237970572 0.025424199178814888 7955
1784237970586 0.12006167322397232 7956
1784237970601 0.05916417017579079 7957
1784237970615 0.0660063698887825 7958
1784237970629 0.00995783694088459 7959
1784237970645 0.04328066483139992 7960
1784237970659 0.026984337717294693 7961
1784237970674 0.044185321778059006 7962
1784237970689 0.04288941249251366 7963
1784237970705 0.02517560124397278 7964
1784237970721 0.05868610367178917 7965
1784237970735 0.011087648570537567 7966
1784237970750 0.0856911689043045 7967
1784237970764 0.0016451546689495444 7968
1784237970779 0.18062040209770203 7969
1784237970797 0.07856391370296478 7970
1784237970812 0.007242185063660145 7971
1784237970828 0.007908989675343037 7972
1784237970844 0.016324423253536224 7973
1784237970859 0.004899089224636555 7974
1784237970873 0.1717088371515274 7975
1784237970890 0.010693074204027653 7976
1784237970904 0.032773446291685104 7977
1784237970923 0.2506967782974243 7978
1784237970938 0.1817825883626938 7979
1784237970952 0.1039622500538826 7980
1784237970964 0.02009875886142254 7981
1784237970980 0.0026228241622447968 7982
1784237970994 0.06885697692632675 7983
1784237971010 0.021060079336166382 7984
1784237971026 0.0617041140794754 7985
1784237971042 0.13594534993171692 7986
1784237971057 0.09004717320203781 7987
1784237971070 0.03684532269835472 7988
1784237971085 0.021256260573863983 7989
1784237971100 0.0041319839656353 7990
1784237971114 0.03643389046192169 7991
1784237971127 0.0474478080868721 7992
1784237971141 0.006936178542673588 7993
1784237971153 0.14643371105194092 7994
1784237971167 0.021487079560756683 7995
1784237971182 0.007688418962061405 7996
1784237971199 0.04406062513589859 7997
1784237971214 0.0987967848777771 7998
1784237971228 0.004722844809293747 7999
1784237971244 0.2616980969905853 8000
1784237971259 0.023216061294078827 8001
1784237971274 0.04947234317660332 8002
1784237971290 0.030175495892763138 8003
1784237971305 0.018344707787036896 8004
1784237971320 0.022656582295894623 8005
1784237971335 0.011067299172282219 8006
1784237971351 0.024961166083812714 8007
1784237971365 0.04215700924396515 8008
1784237971379 0.003621898125857115 8009
1784237971394 0.06644214689731598 8010
1784237971409 0.017786763608455658 8011
1784237971425 0.027750929817557335 8012
1784237971441 0.012927725911140442 8013
1784237971455 0.033572353422641754 8014
1784237971470 0.0012851025676354766 8015
1784237971486 0.02572535164654255 8016
1784237971502 0.0019026033114641905 8017
1784237971517 0.1253136247396469 8018
1784237971533 0.0032341426704078913 8019
1784237971549 0.06503783911466599 8020
1784237971564 0.007993916049599648 8021
1784237971579 0.004193505272269249 8022
1784237971593 0.051879461854696274 8023
1784237971609 0.006914954632520676 8024
1784237971624 0.004334847442805767 8025
1784237971638 0.02072603814303875 8026
1784237971654 0.03175780549645424 8027
1784237971670 0.009000365622341633 8028
1784237971685 0.030737994238734245 8029
1784237971701 0.028989091515541077 8030
1784237971716 0.06745229661464691 8031
1784237971732 0.004475944675505161 8032
1784237971747 0.10219019651412964 8033
1784237971763 0.15805433690547943 8034
1784237971779 0.09641887992620468 8035
1784237971795 0.01139671728014946 8036
1784237971810 0.09205231815576553 8037
1784237971826 0.1634647399187088 8038
1784237971842 0.041189003735780716 8039
1784237971857 0.11779283732175827 8040
1784237971872 0.06931312382221222 8041
1784237971887 0.019686557352542877 8042
1784237971903 0.024511106312274933 8043
1784237971919 0.4013746976852417 8044
1784237971935 0.02047753892838955 8045
1784237971950 0.056618813425302505 8046
1784237971965 0.07564681768417358 8047
1784237971981 0.02428383380174637 8048
1784237971997 0.12033015489578247 8049
1784237972013 0.004975019488483667 8050
1784237972029 0.018670624122023582 8051
1784237972046 0.09608220309019089 8052
1784237972063 0.01794893480837345 8053
1784237972081 0.2461088001728058 8054
1784237972099 0.0012912699021399021 8055
1784237972117 0.1323222666978836 8056
1784237972136 0.0020266915671527386 8057
1784237972152 0.1055281013250351 8058
1784237972167 0.09497442841529846 8059
1784237972182 0.08046841621398926 8060
1784237972198 0.024310242384672165 8061
1784237972213 0.04343373328447342 8062
1784237972228 0.04385433346033096 8063
1784237972246 0.02145388536155224 8064
1784237972261 0.07047159224748611 8065
1784237972277 0.013639243319630623 8066
1784237972294 0.07511189579963684 8067
1784237972310 0.018997235223650932 8068
1784237972326 0.3474942743778229 8069
1784237972345 0.12257363647222519 8070
1784237972360 0.007358668837696314 8071
1784237972377 0.04450521245598793 8072
1784237972395 0.2688339650630951 8073
1784237972413 0.04837610572576523 8074
1784237972429 0.035397473722696304 8075
1784237972444 0.0019911020062863827 8076
1784237972459 0.06756240874528885 8077
1784237972473 0.12854814529418945 8078
1784237972488 0.02684718742966652 8079
1784237972501 0.9197213649749756 8080
1784237972515 0.01846681721508503 8081
1784237972531 0.07421205937862396 8082
1784237972547 0.13262200355529785 8083
1784237972566 0.3832809329032898 8084
1784237972583 0.11877008527517319 8085
1784237972599 0.00479441974312067 8086
1784237972614 0.09864014387130737 8087
1784237972630 0.10429162532091141 8088
1784237972647 0.21574023365974426 8089
1784237972661 0.16513746976852417 8090
1784237972675 0.12104252725839615 8091
1784237972690 0.21432149410247803 8092
1784237972706 0.005238077137619257 8093
1784237972719 0.008025013841688633 8094
1784237972735 0.031171239912509918 8095
1784237972750 0.006693284027278423 8096
1784237972770 0.07147596776485443 8097
1784237972782 0.1332261860370636 8098
1784237972799 0.11325464397668839 8099
1784237972814 0.05872752144932747 8100
1784237972834 0.08299331367015839 8101
1784237972847 0.1493755429983139 8102
1784237972861 0.05054700747132301 8103
1784237972876 0.15709270536899567 8104
1784237972891 0.15751215815544128 8105
1784237972905 0.159423828125 8106
1784237972920 0.005537413060665131 8107
1784237972938 0.07773811370134354 8108
1784237972953 0.09624148160219193 8109
1784237972968 0.009104352444410324 8110
1784237972982 0.022311164066195488 8111
1784237972998 0.06605926156044006 8112
1784237973014 0.038579799234867096 8113
1784237973029 0.009344305843114853 8114
1784237973043 0.043250299990177155 8115
1784237973059 0.016565319150686264 8116
1784237973076 0.043728433549404144 8117
1784237973093 0.16943061351776123 8118
1784237973106 0.07440582662820816 8119
1784237973120 0.02192477136850357 8120
1784237973137 0.12537336349487305 8121
1784237973154 0.3348369002342224 8122
1784237973170 0.12183579802513123 8123
1784237973187 0.026678550988435745 8124
1784237973203 0.09148614853620529 8125
1784237973218 0.043730754405260086 8126
1784237973234 0.0072114188224077225 8127
1784237973251 0.0023585453163832426 8128
1784237973268 0.0412454791367054 8129
1784237973283 0.16046814620494843 8130
1784237973300 0.06712242215871811 8131
1784237973316 0.04994760453701019 8132
1784237973332 0.05186866596341133 8133
1784237973349 0.03235142305493355 8134
1784237973363 0.06948379427194595 8135
1784237973379 0.008409405127167702 8136
1784237973395 0.07472483068704605 8137
1784237973411 0.030903704464435577 8138
1784237973428 0.01912403665482998 8139
1784237973443 0.11176568269729614 8140
1784237973460 0.0397246778011322 8141
1784237973477 0.02160712145268917 8142
1784237973494 0.009612064808607101 8143
1784237973508 0.03069833293557167 8144
1784237973524 0.03643907979130745 8145
1784237973542 0.08792275190353394 8146
1784237973556 0.3103138506412506 8147
1784237973571 0.021957814693450928 8148
1784237973587 0.024515563622117043 8149
1784237973603 0.05187418684363365 8150
1784237973619 0.09803080558776855 8151
1784237973634 0.0965036004781723 8152
1784237973649 0.021109875291585922 8153
1784237973665 0.04649762809276581 8154
1784237973681 0.002773408079519868 8155
1784237973695 0.10365335643291473 8156
1784237973709 0.42524006962776184 8157
1784237973724 0.0089774951338768 8158
1784237973738 0.16794544458389282 8159
1784237973754 0.014167123474180698 8160
1784237973768 0.05728166177868843 8161
1784237973782 0.05018031969666481 8162
1784237973798 0.08668439835309982 8163
1784237973812 0.040634822100400925 8164
1784237973828 0.01849035918712616 8165
1784237973844 0.06033540517091751 8166
1784237973859 0.05150261148810387 8167
1784237973875 0.11186879128217697 8168
1784237973891 0.05276837944984436 8169
1784237973907 0.046694040298461914 8170
1784237973922 0.02088336832821369 8171
1784237973937 0.1299704611301422 8172
1784237973952 0.008968005888164043 8173
1784237973967 0.047064926475286484 8174
1784237973982 0.022202981635928154 8175
1784237973997 0.0017836218466982245 8176
1784237974013 0.005300941877067089 8177
1784237974028 0.04403655230998993 8178
1784237974043 0.0807972326874733 8179
1784237974058 0.013693751767277718 8180
1784237974077 0.23324573040008545 8181
1784237974093 0.028584986925125122 8182
1784237974108 0.012699401006102562 8183
1784237974123 0.03363759443163872 8184
1784237974138 0.05817398801445961 8185
1784237974154 0.07962869852781296 8186
1784237974168 0.1259288638830185 8187
1784237974182 0.013846402987837791 8188
1784237974198 0.7185184955596924 8189
1784237974212 0.07573682814836502 8190
1784237974228 0.14136193692684174 8191
1784237974243 0.008964541368186474 8192
1784237974261 0.004837240558117628 8193
1784237974277 0.11243551969528198 8194
1784237974295 0.037725917994976044 8195
1784237974311 0.003986005671322346 8196
1784237974328 0.007699846290051937 8197
1784237974344 0.06027958169579506 8198
1784237974360 0.03311413154006004 8199
1784237974375 0.07134336233139038 8200
1784237974392 0.06873489916324615 8201
1784237974409 0.19546101987361908 8202
1784237974424 0.08941149711608887 8203
1784237974440 0.033494219183921814 8204
1784237974455 0.014551718719303608 8205
1784237974473 0.13858629763126373 8206
1784237974486 0.03578508272767067 8207
1784237974501 0.016678081825375557 8208
1784237974517 0.039459940046072006 8209
1784237974532 0.040444500744342804 8210
1784237974547 0.061909131705760956 8211
1784237974562 0.1212770864367485 8212
1784237974576 0.07350020110607147 8213
1784237974590 0.6407188773155212 8214
1784237974607 0.008649826981127262 8215
1784237974623 0.1452496498823166 8216
1784237974638 0.03609878942370415 8217
1784237974651 0.0249771848320961 8218
1784237974666 0.007100525312125683 8219
1784237974683 0.0108755212277174 8220
1784237974698 0.03502865880727768 8221
1784237974713 0.021703241392970085 8222
1784237974726 0.12544864416122437 8223
1784237974739 0.05841389298439026 8224
1784237974756 0.020722929388284683 8225
1784237974771 0.026681313291192055 8226
1784237974786 0.09040351212024689 8227
1784237974800 0.023236695677042007 8228
1784237974817 0.1516568809747696 8229
1784237974831 0.06417644768953323 8230
1784237974844 0.18785050511360168 8231
1784237974857 0.17533501982688904 8232
1784237974872 0.02103254571557045 8233
1784237974887 0.03288508579134941 8234
1784237974901 0.0034057823941111565 8235
1784237974915 0.04559718817472458 8236
1784237974932 0.05709441378712654 8237
1784237974948 0.15054915845394135 8238
1784237974962 0.06284105777740479 8239
1784237974976 0.03303597867488861 8240
1784237974991 0.3146046996116638 8241
1784237975007 0.002179965376853943 8242
1784237975023 0.12802934646606445 8243
1784237975041 0.1301923245191574 8244
1784237975057 0.007026190869510174 8245
1784237975072 0.16217546164989471 8246
1784237975088 0.015144878067076206 8247
1784237975103 0.17581598460674286 8248
1784237975117 0.1808256059885025 8249
1784237975133 0.0727294459939003 8250
1784237975149 0.07854960858821869 8251
1784237975163 0.017810393124818802 8252
1784237975178 0.12904873490333557 8253
1784237975193 0.025554532185196877 8254
1784237975209 0.21313108503818512 8255
1784237975223 0.05347416177392006 8256
1784237975240 0.07825132459402084 8257
1784237975256 0.37601974606513977 8258
1784237975271 0.01663229800760746 8259
1784237975288 0.3501371145248413 8260
1784237975303 0.012018326669931412 8261
1784237975318 0.06307311356067657 8262
1784237975333 0.4629034101963043 8263
1784237975348 0.014030533842742443 8264
1784237975361 0.0465104915201664 8265
1784237975376 0.14979875087738037 8266
1784237975392 0.028047360479831696 8267
1784237975406 0.07323986291885376 8268
1784237975420 0.14732323586940765 8269
1784237975436 0.17899900674819946 8270
1784237975449 0.0874146893620491 8271
1784237975462 0.03282102197408676 8272
1784237975476 0.01895037107169628 8273
1784237975491 0.2268645167350769 8274
1784237975507 0.03250681236386299 8275
1784237975524 0.006066917907446623 8276
1784237975538 0.007662232033908367 8277
1784237975553 0.019727526232600212 8278
1784237975566 0.025754880160093307 8279
1784237975580 0.04639628529548645 8280
1784237975596 0.17258627712726593 8281
1784237975611 0.06060369685292244 8282
1784237975627 0.09697034955024719 8283
1784237975642 0.10213986039161682 8284
1784237975658 0.004849932622164488 8285
1784237975673 0.08622852712869644 8286
1784237975686 0.3828600347042084 8287
1784237975700 0.15070588886737823 8288
1784237975715 0.01894402503967285 8289
1784237975729 0.012708716094493866 8290
1784237975742 0.2941551208496094 8291
1784237975757 0.040108468383550644 8292
1784237975772 0.007097565568983555 8293
1784237975787 0.10480204969644547 8294
1784237975802 0.023093894124031067 8295
1784237975825 0.2776007354259491 8296
1784237975841 0.08227330446243286 8297
1784237975857 0.013221092522144318 8298
1784237975871 0.0021984619088470936 8299
1784237975886 0.03821926191449165 8300
1784237975901 0.1156865656375885 8301
1784237975917 0.045704010874032974 8302
1784237975932 0.02923179417848587 8303
1784237975947 0.2075071930885315 8304
1784237975961 0.05310613662004471 8305
1784237975975 0.0625038892030716 8306
1784237975990 0.18014930188655853 8307
1784237976006 0.02933170646429062 8308
1784237976019 0.029375020414590836 8309
1784237976032 0.007187230978161097 8310
1784237976047 0.06943803280591965 8311
1784237976062 0.02605303004384041 8312
1784237976077 0.366435706615448 8313
1784237976093 0.07915245741605759 8314
1784237976109 0.24498209357261658 8315
1784237976126 0.02617739327251911 8316
1784237976142 0.02238740585744381 8317
1784237976156 0.028967661783099174 8318
1784237976173 0.39978063106536865 8319
1784237976191 0.0516137070953846 8320
1784237976207 0.0018679059576243162 8321
1784237976225 0.05000719055533409 8322
1784237976242 0.04183192923665047 8323
1784237976257 0.16728268563747406 8324
1784237976273 0.0433875247836113 8325
1784237976293 0.1632678061723709 8326
1784237976310 0.05405135080218315 8327
1784237976326 0.059115685522556305 8328
1784237976343 0.08767753094434738 8329
1784237976359 0.08088549971580505 8330
1784237976376 0.29082077741622925 8331
1784237976393 0.08681295067071915 8332
1784237976409 0.029656855389475822 8333
1784237976425 0.01750030927360058 8334
1784237976442 0.020635860040783882 8335
1784237976458 0.06064210087060928 8336
1784237976473 0.07022923231124878 8337
1784237976494 0.0043958318419754505 8338
1784237976513 0.09611480683088303 8339
1784237976532 0.10814239084720612 8340
1784237976549 0.008517971262335777 8341
1784237976567 0.006562104448676109 8342
1784237976585 0.08525291085243225 8343
1784237976604 0.3513035178184509 8344
1784237976620 0.06351454555988312 8345
1784237976635 0.03466074913740158 8346
1784237976652 0.12110602855682373 8347
1784237976664 0.1278386116027832 8348
1784237976680 0.020262062549591064 8349
1784237976697 0.0629708394408226 8350
1784237976712 0.04481957480311394 8351
1784237976727 0.013758223503828049 8352
1784237976742 0.16671323776245117 8353
1784237976758 0.11293274164199829 8354
1784237976774 0.07826340198516846 8355
1784237976789 0.00841746386140585 8356
1784237976805 0.10535042732954025 8357
1784237976819 0.007443171925842762 8358
1784237976835 0.16530929505825043 8359
1784237976851 0.053848233073949814 8360
1784237976865 0.01584624871611595 8361
1784237976881 0.018115170300006866 8362
1784237976896 0.02970971167087555 8363
1784237976911 0.04260723292827606 8364
1784237976926 0.10701773315668106 8365
1784237976943 0.06189796328544617 8366
1784237976958 0.02675754763185978 8367
1784237976974 0.011546503752470016 8368
1784237976988 0.03591245040297508 8369
1784237977005 0.13439223170280457 8370
1784237977023 0.006703444756567478 8371
1784237977039 0.22983665764331818 8372
1784237977055 0.20556825399398804 8373
1784237977070 0.004273755010217428 8374
1784237977084 0.028510786592960358 8375
1784237977098 0.22670790553092957 8376
1784237977113 0.12200647592544556 8377
1784237977128 0.01641826331615448 8378
1784237977143 0.10412135720252991 8379
1784237977158 0.001166517031379044 8380
1784237977173 0.09122131764888763 8381
1784237977188 0.26105326414108276 8382
1784237977202 0.009534351527690887 8383
1784237977217 0.2664050757884979 8384
1784237977233 0.011034888215363026 8385
1784237977250 0.101059190928936 8386
1784237977264 0.04116721823811531 8387
1784237977280 0.1138494610786438 8388
1784237977293 0.09628080576658249 8389
1784237977308 0.017272373661398888 8390
1784237977324 0.13294397294521332 8391
1784237977340 0.007054110988974571 8392
1784237977355 0.22610318660736084 8393
1784237977370 0.04477987438440323 8394
1784237977383 0.11375211179256439 8395
1784237977399 0.024213731288909912 8396
1784237977414 0.3219596743583679 8397
1784237977430 0.030141009017825127 8398
1784237977446 0.03211704641580582 8399
1784237977460 0.009641737677156925 8400
1784237977474 0.12535835802555084 8401
1784237977489 0.007169914897531271 8402
1784237977505 0.00405999505892396 8403
1784237977520 0.09568139165639877 8404
1784237977534 0.0061399382539093494 8405
1784237977551 0.16342374682426453 8406
1784237977564 0.24716860055923462 8407
1784237977579 0.18348848819732666 8408
1784237977593 0.039717577397823334 8409
1784237977609 0.0657915472984314 8410
1784237977624 0.06798964738845825 8411
1784237977639 0.05815625935792923 8412
1784237977655 0.017459744587540627 8413
1784237977669 0.051918014883995056 8414
1784237977683 0.030006257817149162 8415
1784237977698 0.09050918370485306 8416
1784237977715 0.12338851392269135 8417
1784237977731 0.02771252952516079 8418
1784237977765 0.1380264312028885 8419
1784237977780 0.03212563693523407 8420
1784237977794 0.08928737044334412 8421
1784237977810 0.03783144801855087 8422
1784237977825 0.005262832157313824 8423
1784237977841 0.12210795283317566 8424
1784237977856 0.01728994771838188 8425
1784237977869 0.003161601023748517 8426
1784237977883 0.05400051549077034 8427
1784237977900 0.06337446719408035 8428
1784237977914 0.12330584228038788 8429
1784237977929 0.03847025707364082 8430
1784237977943 0.029202114790678024 8431
1784237977958 0.008259061723947525 8432
1784237977973 0.13476648926734924 8433
1784237977989 0.007983820512890816 8434
1784237978005 0.007377845700830221 8435
1784237978022 0.027033956721425056 8436
1784237978040 0.4067556858062744 8437
1784237978058 0.004965787287801504 8438
1784237978074 0.01924782060086727 8439
1784237978090 0.025447409600019455 8440
1784237978105 0.07470168173313141 8441
1784237978122 0.0033559997100383043 8442
1784237978140 0.23598705232143402 8443
1784237978156 0.026283003389835358 8444
1784237978172 0.16676189005374908 8445
1784237978189 0.22369550168514252 8446
1784237978207 0.052100133150815964 8447
1784237978225 0.07631762325763702 8448
1784237978240 0.13820232450962067 8449
1784237978257 0.3906294107437134 8450
1784237978274 0.012441805563867092 8451
1784237978291 0.04003886878490448 8452
1784237978308 0.16059505939483643 8453
1784237978325 0.01262914389371872 8454
1784237978343 0.029477175325155258 8455
1784237978359 0.06931237876415253 8456
1784237978375 0.08148413151502609 8457
1784237978391 0.09188500046730042 8458
1784237978408 0.006152586080133915 8459
1784237978423 0.14907978475093842 8460
1784237978437 0.007958807982504368 8461
1784237978453 0.005693095736205578 8462
1784237978468 0.09604799747467041 8463
1784237978484 0.003547423053532839 8464
1784237978501 0.015608906745910645 8465
1784237978518 0.06412018090486526 8466
1784237978532 0.1472754031419754 8467
1784237978548 0.11541743576526642 8468
1784237978564 0.038941651582717896 8469
1784237978580 0.01837681420147419 8470
1784237978596 0.01793644391000271 8471
1784237978611 0.07075134664773941 8472
1784237978627 0.0059324223548173904 8473
1784237978643 0.016631033271551132 8474
1784237978656 0.01231891568750143 8475
1784237978671 0.09352416545152664 8476
1784237978686 0.03422841802239418 8477
1784237978700 0.009923572652041912 8478
1784237978717 0.0143589423969388 8479
1784237978736 0.00772838806733489 8480
1784237978756 0.4727363884449005 8481
1784237978775 0.005365429911762476 8482
1784237978793 0.035123810172080994 8483
1784237978811 0.09337521344423294 8484
1784237978832 0.10075156390666962 8485
1784237978847 0.029169496148824692 8486
1784237978861 0.12539657950401306 8487
1784237978876 0.13150398433208466 8488
1784237978890 0.021064400672912598 8489
1784237978907 0.07580078393220901 8490
1784237978924 0.05917225033044815 8491
1784237978940 0.039730269461870193 8492
1784237978956 0.26307934522628784 8493
1784237978971 0.13311338424682617 8494
1784237978986 0.020317990332841873 8495
1784237979001 0.0034507547970861197 8496
1784237979018 0.07520020008087158 8497
1784237979033 0.06897193193435669 8498
1784237979049 0.28996577858924866 8499
1784237979063 0.04210611805319786 8500
1784237979079 0.058244332671165466 8501
1784237979095 0.07735180109739304 8502
1784237979110 0.03647278994321823 8503
1784237979125 0.004427843261510134 8504
1784237979140 0.21268004179000854 8505
1784237979155 0.06079554930329323 8506
1784237979169 0.17005522549152374 8507
1784237979185 0.06392184644937515 8508
1784237979200 0.14149537682533264 8509
1784237979215 0.14788734912872314 8510
1784237979230 0.12694385647773743 8511
1784237979246 0.14514170587062836 8512
1784237979260 0.0304105207324028 8513
1784237979276 0.13145214319229126 8514
1784237979291 0.01897469162940979 8515
1784237979308 0.08129578083753586 8516
1784237979324 0.04547424241900444 8517
1784237979340 0.14439870417118073 8518
1784237979354 0.033930134028196335 8519
1784237979369 0.05996092036366463 8520
1784237979382 0.20051966607570648 8521
1784237979396 0.022906774654984474 8522
1784237979409 0.15319907665252686 8523
1784237979424 0.005326197948306799 8524
1784237979439 0.002879439853131771 8525
1784237979454 0.024897500872612 8526
1784237979469 0.03724025562405586 8527
1784237979486 0.16467717289924622 8528
1784237979499 0.008819003589451313 8529
1784237979514 0.0023464288096874952 8530
1784237979529 0.005912451073527336 8531
1784237979544 0.012715181335806847 8532
1784237979558 0.019915854558348656 8533
1784237979575 0.23918992280960083 8534
1784237979590 0.022917773574590683 8535
1784237979606 0.005211924202740192 8536
1784237979621 0.07286902517080307 8537
1784237979637 0.31734904646873474 8538
1784237979652 0.0054818750359117985 8539
1784237979667 0.01161671057343483 8540
1784237979683 0.19034205377101898 8541
1784237979698 0.10627812892198563 8542
1784237979713 0.012368259951472282 8543
1784237979729 0.06849683821201324 8544
1784237979742 0.15335004031658173 8545
1784237979758 0.2877172827720642 8546
1784237979774 0.006850015837699175 8547
1784237979789 0.004918469116091728 8548
1784237979803 0.11919539421796799 8549
1784237979816 0.03831598907709122 8550
1784237979832 0.219671368598938 8551
1784237979846 0.011349023319780827 8552
1784237979861 0.004945555701851845 8553
1784237979877 0.02868400514125824 8554
1784237979892 0.051187340170145035 8555
1784237979908 0.21620377898216248 8556
1784237979923 0.14493544399738312 8557
1784237979937 0.15162359178066254 8558
1784237979952 0.10025617480278015 8559
1784237979965 0.02620626427233219 8560
1784237979981 0.05198507010936737 8561
1784237979996 0.2753012776374817 8562
1784237980012 0.017686914652585983 8563
1784237980028 0.06472661346197128 8564
1784237980042 0.011240502819418907 8565
1784237980057 0.13186576962471008 8566
1784237980073 0.004126405343413353 8567
1784237980089 0.04573533311486244 8568
1784237980103 0.03643293306231499 8569
1784237980118 0.02444378100335598 8570
1784237980135 0.03800780698657036 8571
1784237980150 0.16383251547813416 8572
1784237980164 0.009332600049674511 8573
1784237980177 0.017184371128678322 8574
1784237980192 0.35629335045814514 8575
1784237980207 0.07858168333768845 8576
1784237980222 0.20542150735855103 8577
1784237980237 0.026242533698678017 8578
1784237980252 0.02838948927819729 8579
1784237980266 0.0106402188539505 8580
1784237980280 0.011763273738324642 8581
1784237980295 0.20927949249744415 8582
1784237980310 0.0028145075775682926 8583
1784237980326 0.06102510169148445 8584
1784237980341 0.25313565135002136 8585
1784237980356 0.0027467827312648296 8586
1784237980372 0.018803680315613747 8587
1784237980386 0.022638948634266853 8588
1784237980401 0.10197043418884277 8589
1784237980416 0.04470553249120712 8590
1784237980433 0.011959487572312355 8591
1784237980448 0.019803283736109734 8592
1784237980462 0.006270185112953186 8593
1784237980476 0.030137643218040466 8594
1784237980492 0.06322725117206573 8595
1784237980508 0.04645875096321106 8596
1784237980523 0.1355791687965393 8597
1784237980537 0.0256405808031559 8598
1784237980551 0.0038317956496030092 8599
1784237980567 0.033003069460392 8600
1784237980581 0.10769011825323105 8601
1784237980597 0.13021335005760193 8602
1784237980615 0.007754147052764893 8603
1784237980630 0.027513686567544937 8604
1784237980646 0.05217251554131508 8605
1784237980661 0.01902434416115284 8606
1784237980676 0.01629699021577835 8607
1784237980691 0.005212342366576195 8608
1784237980705 0.09431640803813934 8609
1784237980721 0.008731414563953876 8610
1784237980735 0.004952728748321533 8611
1784237980750 0.01647632196545601 8612
1784237980766 0.16491994261741638 8613
1784237980782 0.16487476229667664 8614
1784237980808 0.12027211487293243 8615
1784237980825 0.29616644978523254 8616
1784237980840 0.05015844851732254 8617
1784237980856 0.004124971106648445 8618
1784237980872 0.1556205451488495 8619
1784237980888 0.012809934094548225 8620
1784237980906 0.004054181277751923 8621
1784237980921 0.13289619982242584 8622
1784237980936 0.017556574195623398 8623
1784237980953 0.057676974684000015 8624
1784237980974 0.05762222409248352 8625
1784237980994 0.3307461142539978 8626
1784237981011 0.26933538913726807 8627
1784237981027 0.036869797855615616 8628
1784237981045 0.032587289810180664 8629
1784237981064 0.1173105537891388 8630
1784237981079 0.09978735446929932 8631
1784237981093 0.022584009915590286 8632
1784237981109 0.05716509744524956 8633
1784237981123 0.00986282154917717 8634
1784237981140 0.03197065740823746 8635
1784237981157 0.17969995737075806 8636
1784237981173 0.03356334567070007 8637
1784237981192 0.06299030035734177 8638
1784237981209 0.008026255294680595 8639
1784237981226 0.03394387662410736 8640
1784237981242 0.02311781793832779 8641
1784237981259 0.006577556952834129 8642
1784237981277 0.03512287512421608 8643
1784237981294 0.011334995739161968 8644
1784237981312 0.03980245813727379 8645
1784237981329 0.07742906361818314 8646
1784237981344 0.022729847580194473 8647
1784237981360 0.18102756142616272 8648
1784237981376 0.021134549751877785 8649
1784237981392 0.06897679716348648 8650
1784237981408 0.050292450934648514 8651
1784237981425 0.022008441388607025 8652
1784237981442 0.00963485799729824 8653
1784237981459 0.12269620597362518 8654
1784237981475 0.030170848593115807 8655
1784237981491 0.027793360874056816 8656
1784237981507 0.20843374729156494 8657
1784237981523 0.05733229219913483 8658
1784237981538 0.05601950362324715 8659
1784237981556 0.007326354272663593 8660
1784237981571 0.08226513117551804 8661
1784237981588 0.06761826574802399 8662
1784237981603 0.036718834191560745 8663
1784237981617 0.22069211304187775 8664
1784237981633 0.13186953961849213 8665
1784237981648 0.030588587746024132 8666
1784237981663 0.03000619076192379 8667
1784237981678 0.0143069326877594 8668
1784237981693 0.09715796262025833 8669
1784237981708 0.021448133513331413 8670
1784237981724 0.010148486122488976 8671
1784237981739 0.2839481830596924 8672
1784237981755 0.011996383778750896 8673
1784237981771 0.20452618598937988 8674
1784237981784 0.010604094713926315 8675
1784237981800 0.08066059648990631 8676
1784237981815 0.014438137412071228 8677
1784237981830 0.015920616686344147 8678
1784237981846 0.05507197603583336 8679
1784237981862 0.16719204187393188 8680
1784237981877 0.05154254660010338 8681
1784237981893 0.0494379848241806 8682
1784237981907 0.15173844993114471 8683
1784237981921 0.15511098504066467 8684
1784237981936 0.03466424345970154 8685
1784237981950 0.09984142333269119 8686
1784237981964 0.06824294477701187 8687
1784237981979 0.07663372904062271 8688
1784237981995 0.004397252574563026 8689
1784237982010 0.18405656516551971 8690
1784237982025 0.03422984853386879 8691
1784237982039 0.06414985656738281 8692
1784237982054 0.07124264538288116 8693
1784237982070 0.11787524819374084 8694
1784237982085 0.27834436297416687 8695
1784237982099 0.00721962982788682 8696
1784237982113 0.008758984506130219 8697
1784237982126 0.06818368285894394 8698
1784237982141 0.047215308994054794 8699
1784237982156 0.011342848651111126 8700
1784237982172 0.07781641185283661 8701
1784237982186 0.03127659484744072 8702
1784237982201 0.05583905056118965 8703
1784237982217 0.02597818896174431 8704
1784237982231 0.03685859963297844 8705
1784237982244 0.02448183111846447 8706
1784237982258 0.1957770735025406 8707
1784237982273 0.012558289803564548 8708
1784237982288 0.11624439805746078 8709
1784237982304 0.019358700141310692 8710
1784237982319 0.07098286598920822 8711
1784237982335 0.009034250862896442 8712
1784237982349 0.05473185330629349 8713
1784237982364 0.006166793871670961 8714
1784237982382 0.007693874649703503 8715
1784237982397 0.05832485482096672 8716
1784237982412 0.052180688828229904 8717
1784237982427 0.015496650710701942 8718
1784237982442 0.12233561277389526 8719
1784237982457 0.034241966903209686 8720
1784237982472 0.03368203341960907 8721
1784237982488 0.07707018405199051 8722
1784237982503 0.11244344711303711 8723
1784237982517 0.054333459585905075 8724
1784237982532 0.04115660488605499 8725
1784237982547 0.07962603867053986 8726
1784237982560 0.019565628841519356 8727
1784237982574 0.042264580726623535 8728
1784237982589 0.0745960995554924 8729
1784237982605 0.0068754940293729305 8730
1784237982620 0.008339420892298222 8731
1784237982634 0.07673193514347076 8732
1784237982649 0.08120553195476532 8733
1784237982663 0.26721081137657166 8734
1784237982678 0.10306297242641449 8735
1784237982693 0.10814851522445679 8736
1784237982708 0.18172842264175415 8737
1784237982723 0.00793698150664568 8738
1784237982738 0.07158385962247849 8739
1784237982753 0.2862674295902252 8740
1784237982768 0.023644164204597473 8741
1784237982784 0.016563670709729195 8742
1784237982800 0.049879059195518494 8743
1784237982816 0.01174378115683794 8744
1784237982831 0.008727701380848885 8745
1784237982845 0.12345056980848312 8746
1784237982861 0.20741604268550873 8747
1784237982877 0.011816849932074547 8748
1784237982890 0.05797848105430603 8749
1784237982904 0.044010620564222336 8750
1784237982916 0.09373864531517029 8751
1784237982930 0.023447655141353607 8752
1784237982946 0.05311525985598564 8753
1784237982961 0.16535384953022003 8754
1784237982978 0.010020275600254536 8755
1784237982993 0.06363428384065628 8756
1784237983009 0.06954224407672882 8757
1784237983026 0.02789456769824028 8758
1784237983041 0.031687479466199875 8759
1784237983057 0.02529837191104889 8760
1784237983071 0.4038306772708893 8761
1784237983087 0.10901855677366257 8762
1784237983102 0.009378890506923199 8763
1784237983121 0.047924451529979706 8764
1784237983136 0.019978348165750504 8765
1784237983152 0.08966362476348877 8766
1784237983167 0.020192954689264297 8767
1784237983183 0.03021080233156681 8768
1784237983201 0.00403095968067646 8769
1784237983220 0.06737862527370453 8770
1784237983239 0.23453299701213837 8771
1784237983260 0.06321267783641815 8772
1784237983276 0.12533867359161377 8773
1784237983293 0.11424687504768372 8774
1784237983311 0.024698782712221146 8775
1784237983326 0.08790231496095657 8776
1784237983341 0.04182150214910507 8777
1784237983357 0.12650182843208313 8778
1784237983372 0.06893250346183777 8779
1784237983389 0.02617873065173626 8780
1784237983405 0.04338572546839714 8781
1784237983420 0.14769932627677917 8782
1784237983435 0.006666617933660746 8783
1784237983449 0.04302888736128807 8784
1784237983465 0.05285223200917244 8785
1784237983480 0.09507393091917038 8786
1784237983496 0.2128111869096756 8787
1784237983512 0.013648711144924164 8788
1784237983527 0.13609471917152405 8789
1784237983542 0.14280706644058228 8790
1784237983559 0.036058083176612854 8791
1784237983574 0.1503898799419403 8792
1784237983589 0.14465495944023132 8793
1784237983605 0.10721293091773987 8794
1784237983621 0.09436962753534317 8795
1784237983637 0.002404221100732684 8796
1784237983651 0.036739762872457504 8797
1784237983667 0.023002369329333305 8798
1784237983683 0.010551540181040764 8799
1784237983698 0.2520160973072052 8800
1784237983714 0.07762984186410904 8801
1784237983729 0.007404664531350136 8802
1784237983743 0.11328773945569992 8803
1784237983759 0.00363653851673007 8804
1784237983779 0.06570430099964142 8805
1784237983796 0.03707112371921539 8806
1784237983811 0.09700755029916763 8807
1784237983826 0.0064152381382882595 8808
1784237983840 0.24472057819366455 8809
1784237983854 0.031072206795215607 8810
1784237983870 0.09524960070848465 8811
1784237983885 0.05902412161231041 8812
1784237983900 0.12710651755332947 8813
1784237983915 0.007863047532737255 8814
1784237983931 0.044955916702747345 8815
1784237983944 0.13218259811401367 8816
1784237983957 0.017425602301955223 8817
1784237983971 0.035180866718292236 8818
1784237983986 0.32502856850624084 8819
1784237984002 0.06077810376882553 8820
1784237984018 0.018899738788604736 8821
1784237984033 0.019136419519782066 8822
1784237984049 0.022731836885213852 8823
1784237984064 0.06051725521683693 8824
1784237984081 0.06683234125375748 8825
1784237984097 0.12949296832084656 8826
1784237984114 0.007670266088098288 8827
1784237984130 0.09895545244216919 8828
1784237984146 0.01156407780945301 8829
1784237984164 0.0605635903775692 8830
1784237984181 0.20849964022636414 8831
1784237984198 0.030957002192735672 8832
1784237984215 0.013940602540969849 8833
1784237984231 0.05084148794412613 8834
1784237984247 0.13249370455741882 8835
1784237984264 0.1116543710231781 8836
1784237984281 0.23609724640846252 8837
1784237984298 0.02803906239569187 8838
1784237984314 0.02617493085563183 8839
1784237984331 0.12150537222623825 8840
1784237984346 0.14190685749053955 8841
1784237984361 0.07861148566007614 8842
1784237984375 0.14746880531311035 8843
1784237984391 0.11380014568567276 8844
1784237984408 0.02923218347132206 8845
1784237984425 0.14668749272823334 8846
1784237984442 0.04012754559516907 8847
1784237984457 0.047270286828279495 8848
1784237984471 0.22170643508434296 8849
1784237984487 0.11707008630037308 8850
1784237984505 0.23742906749248505 8851
1784237984521 0.03421489894390106 8852
1784237984537 0.23730506002902985 8853
1784237984550 0.05382154881954193 8854
1784237984564 0.12007768452167511 8855
1784237984577 0.14729472994804382 8856
1784237984590 0.0576835460960865 8857
1784237984604 0.1862642616033554 8858
1784237984619 0.03763774037361145 8859
1784237984634 0.010275503620505333 8860
1784237984650 0.4134751558303833 8861
1784237984664 0.013029811903834343 8862
1784237984679 0.20350420475006104 8863
1784237984694 0.20843994617462158 8864
1784237984709 0.3755357265472412 8865
1784237984724 0.20803725719451904 8866
1784237984739 0.09358233958482742 8867
1784237984754 0.10006096959114075 8868
1784237984771 0.05026696249842644 8869
1784237984784 0.15755902230739594 8870
1784237984800 0.03410236909985542 8871
1784237984816 0.18542544543743134 8872
1784237984831 0.027057211846113205 8873
1784237984846 0.2145695835351944 8874
1784237984860 0.05516502261161804 8875
1784237984876 0.08246608823537827 8876
1784237984892 0.06657187640666962 8877
1784237984907 0.03175891563296318 8878
1784237984921 0.1591538041830063 8879
1784237984937 0.004028686322271824 8880
1784237984951 0.20562638342380524 8881
1784237984970 0.17329485714435577 8882
1784237984987 0.12225502729415894 8883
1784237985002 0.06731171160936356 8884
1784237985016 0.015708904713392258 8885
1784237985030 0.172993004322052 8886
1784237985045 0.18189142644405365 8887
1784237985062 0.04035406932234764 8888
1784237985078 0.4635445475578308 8889
1784237985094 0.24764439463615417 8890
1784237985111 0.015956290066242218 8891
1784237985126 0.14010672271251678 8892
1784237985141 0.15641555190086365 8893
1784237985156 0.005485753063112497 8894
1784237985171 0.12921017408370972 8895
1784237985186 0.030187029391527176 8896
1784237985199 0.12680912017822266 8897
1784237985213 0.3916419446468353 8898
1784237985226 0.031878601759672165 8899
1784237985241 0.21773496270179749 8900
1784237985256 0.019426720216870308 8901
1784237985272 0.025339515879750252 8902
1784237985286 0.06753329187631607 8903
1784237985302 0.043544165790081024 8904
1784237985315 0.040006235241889954 8905
1784237985330 0.026057569310069084 8906
1784237985345 0.10880649834871292 8907
1784237985360 0.07657701522111893 8908
1784237985375 0.02203933522105217 8909
1784237985391 0.3284512758255005 8910
1784237985407 0.035746630281209946 8911
1784237985423 0.05757693573832512 8912
1784237985441 0.10715128481388092 8913
1784237985459 0.09347641468048096 8914
1784237985476 0.05355440825223923 8915
1784237985494 0.16029250621795654 8916
1784237985510 0.15899312496185303 8917
1784237985527 0.026783524081110954 8918
1784237985540 0.16989979147911072 8919
1784237985556 0.05286753177642822 8920
1784237985571 0.01234767772257328 8921
1784237985587 0.03940913453698158 8922
1784237985603 0.10532458126544952 8923
1784237985618 0.03872593864798546 8924
1784237985632 0.11439027637243271 8925
1784237985645 0.01819332130253315 8926
1784237985658 0.010708056390285492 8927
1784237985709 0.027202412486076355 8928
1784237985768 0.07750003784894943 8929
1784237985790 0.054638784378767014 8930
1784237985824 0.023814944550395012 8931
1784237985839 0.058400169014930725 8932
1784237985855 0.08525194227695465 8933
1784237985871 0.18570394814014435 8934
1784237985887 0.013602259568870068 8935
1784237985904 0.014090138487517834 8936
1784237985920 0.048027992248535156 8937
1784237985933 0.07776893675327301 8938
1784237985949 0.09806570410728455 8939
1784237985962 0.0038133906200528145 8940
1784237985976 0.018902644515037537 8941
1784237985989 0.060970697551965714 8942
1784237986002 0.15489943325519562 8943
1784237986017 0.022537561133503914 8944
1784237986032 0.10977932810783386 8945
1784237986047 0.030807171016931534 8946
1784237986064 0.028852859511971474 8947
1784237986081 0.012348352931439877 8948
1784237986097 0.05541430413722992 8949
1784237986113 0.16888591647148132 8950
1784237986128 0.002887700917199254 8951
1784237986143 0.3530753552913666 8952
1784237986158 0.24459372460842133 8953
1784237986175 0.03458594158291817 8954
1784237986189 0.2110365331172943 8955
1784237986205 0.0035313451662659645 8956
1784237986219 0.043722543865442276 8957
1784237986233 0.09701871126890182 8958
1784237986249 0.006048557348549366 8959
1784237986264 0.3298709988594055 8960
1784237986281 0.18963228166103363 8961
1784237986298 0.10530824959278107 8962
1784237986315 0.29774436354637146 8963
1784237986333 0.035553354769945145 8964
1784237986349 0.0532357320189476 8965
1784237986365 0.08561237901449203 8966
1784237986382 0.062421347945928574 8967
1784237986398 0.008942488580942154 8968
1784237986415 0.031377363950014114 8969
1784237986430 0.051266998052597046 8970
1784237986445 0.09947533160448074 8971
1784237986461 0.21208469569683075 8972
1784237986478 0.24242429435253143 8973
1784237986493 0.0926925539970398 8974
1784237986509 0.006715709809213877 8975
1784237986525 0.04797311872243881 8976
1784237986542 0.06555545330047607 8977
1784237986559 0.015456171706318855 8978
1784237986575 0.06725148856639862 8979
1784237986591 0.29762202501296997 8980
1784237986607 0.23178094625473022 8981
1784237986624 0.09617800265550613 8982
1784237986638 0.1479261964559555 8983
1784237986654 0.0842464417219162 8984
1784237986669 0.01981523260474205 8985
1784237986684 0.05450895428657532 8986
1784237986701 0.10754933208227158 8987
1784237986716 0.060851797461509705 8988
1784237986731 0.09661249816417694 8989
1784237986746 0.020754240453243256 8990
1784237986760 0.0652700662612915 8991
1784237986774 0.03917565569281578 8992
1784237986788 0.1318332701921463 8993
1784237986801 0.08780743926763535 8994
1784237986819 0.0041582947596907616 8995
1784237986834 0.01970641128718853 8996
1784237986848 0.07021687179803848 8997
1784237986864 0.09224936366081238 8998
1784237986880 0.03170695900917053 8999
1784237986895 0.14195820689201355 9000
1784237986910 0.07778540998697281 9001
1784237986924 0.039533235132694244 9002
1784237986939 0.15359030663967133 9003
1784237986955 0.008441220968961716 9004
1784237986970 0.01801551692187786 9005
1784237986988 0.15681959688663483 9006
1784237987003 0.08821748197078705 9007
1784237987018 0.0058974032290279865 9008
1784237987034 0.09248682111501694 9009
1784237987049 0.04939257353544235 9010
1784237987064 0.04068471118807793 9011
1784237987081 0.0026826169341802597 9012
1784237987097 0.01885281316936016 9013
1784237987112 0.012606839649379253 9014
1784237987126 0.018963506445288658 9015
1784237987142 0.007022072561085224 9016
1784237987156 0.01281003188341856 9017
1784237987169 0.09702016413211823 9018
1784237987185 0.08712653815746307 9019
1784237987199 0.01812519133090973 9020
1784237987214 0.042402613908052444 9021
1784237987229 0.005311606917530298 9022
1784237987244 0.029603319242596626 9023
1784237987260 0.024970078840851784 9024
1784237987275 0.012075593695044518 9025
1784237987292 0.04100368544459343 9026
1784237987307 0.07350132614374161 9027
1784237987322 0.035636596381664276 9028
1784237987337 0.0053837657906115055 9029
1784237987353 0.11628016829490662 9030
1784237987369 0.02933661825954914 9031
1784237987384 0.0154323885217309 9032
1784237987397 0.006169462110847235 9033
1784237987413 0.0061882659792900085 9034
1784237987428 0.023348834365606308 9035
1784237987443 0.00754670100286603 9036
1784237987458 0.043417252600193024 9037
1784237987473 0.004528125748038292 9038
1784237987488 0.08372528851032257 9039
1784237987501 0.031310074031353 9040
1784237987514 0.050219133496284485 9041
1784237987527 0.056317463517189026 9042
1784237987541 0.02062622830271721 9043
1784237987554 0.018081657588481903 9044
1784237987569 0.04622400552034378 9045
1784237987582 0.028463922441005707 9046
1784237987598 0.02920788899064064 9047
1784237987612 0.0252077654004097 9048
1784237987629 0.039294544607400894 9049
1784237987645 0.10624871402978897 9050
1784237987665 0.005158810410648584 9051
1784237987683 0.014705991372466087 9052
1784237987703 0.0007879399345256388 9053
1784237987723 0.18584617972373962 9054
1784237987741 0.03718041256070137 9055
1784237987757 0.020642301067709923 9056
1784237987772 0.0510016530752182 9057
1784237987788 0.08863998204469681 9058
1784237987804 0.10065066069364548 9059
1784237987821 0.024823561310768127 9060
1784237987837 0.025612564757466316 9061
1784237987854 0.08090000599622726 9062
1784237987868 0.16996453702449799 9063
1784237987882 0.012837679125368595 9064
1784237987897 0.07819491624832153 9065
1784237987911 0.012781224213540554 9066
1784237987927 0.020050253719091415 9067
1784237987941 0.28794652223587036 9068
1784237987955 0.043451011180877686 9069
1784237987971 0.0238676555454731 9070
1784237987986 0.0016742389416322112 9071
1784237988001 0.08987017720937729 9072
1784237988016 0.06071620061993599 9073
1784237988031 0.0190830510109663 9074
1784237988043 0.037160295993089676 9075
1784237988062 0.012379119172692299 9076
1784237988078 0.039520423859357834 9077
1784237988093 0.017563285306096077 9078
1784237988107 0.10684904456138611 9079
1784237988122 0.012995662167668343 9080
1784237988137 0.2233133465051651 9081
1784237988150 0.008158956654369831 9082
1784237988164 0.002954973839223385 9083
1784237988178 0.16370125114917755 9084
1784237988194 0.0507517084479332 9085
1784237988211 0.0067770336754620075 9086
1784237988225 0.12838804721832275 9087
1784237988239 0.0071562654338777065 9088
1784237988254 0.4989969730377197 9089
1784237988268 0.03418729454278946 9090
1784237988283 0.12820793688297272 9091
1784237988300 0.19081614911556244 9092
1784237988315 0.01192865613847971 9093
1784237988330 0.028976963832974434 9094
1784237988347 0.14852175116539001 9095
1784237988362 0.021680427715182304 9096
1784237988377 0.009338300675153732 9097
1784237988392 0.0010392846306785941 9098
1784237988407 0.13943955302238464 9099
1784237988423 0.16625340282917023 9100
1784237988438 0.05903634428977966 9101
1784237988454 0.2863464057445526 9102
1784237988469 0.2686760723590851 9103
1784237988485 0.006865657866001129 9104
1784237988500 0.1777893602848053 9105
1784237988515 0.0026784613728523254 9106
1784237988530 0.02142433635890484 9107
1784237988545 0.009378061629831791 9108
1784237988560 0.08312935382127762 9109
1784237988577 0.1679876148700714 9110
1784237988593 0.5069707036018372 9111
1784237988608 0.2272646278142929 9112
1784237988624 0.041301291435956955 9113
1784237988640 0.009753224439918995 9114
1784237988656 0.09844232350587845 9115
1784237988672 0.0535702109336853 9116
1784237988687 0.22690202295780182 9117
1784237988703 0.024805817753076553 9118
1784237988717 0.1128997728228569 9119
1784237988731 0.15549342334270477 9120
1784237988745 0.07847736030817032 9121
1784237988758 0.22686715424060822 9122
1784237988772 0.03267515078186989 9123
1784237988787 0.10650353133678436 9124
1784237988801 0.03645898774266243 9125
1784237988816 0.1772512048482895 9126
1784237988838 0.006323592737317085 9127
1784237988856 0.12598484754562378 9128
1784237988872 0.046558454632759094 9129
1784237988886 0.04099489748477936 9130
1784237988902 0.018384510651230812 9131
1784237988916 0.15947756171226501 9132
1784237988932 0.008900005370378494 9133
1784237988946 0.0060143014416098595 9134
1784237988961 0.37244877219200134 9135
1784237988976 0.09997240453958511 9136
1784237988992 0.034400440752506256 9137
1784237989007 0.08835519850254059 9138
1784237989022 0.14773620665073395 9139
1784237989037 0.2120334953069687 9140
1784237989053 0.09473075717687607 9141
1784237989068 0.006915278732776642 9142
1784237989084 0.12967540323734283 9143
1784237989100 0.03043110854923725 9144
1784237989117 0.015047609806060791 9145
1784237989132 0.29065394401550293 9146
1784237989147 0.05784260109066963 9147
1784237989164 0.13614587485790253 9148
1784237989179 0.07501892000436783 9149
1784237989197 0.05106122046709061 9150
1784237989217 0.037381451576948166 9151
1784237989232 0.060832131654024124 9152
1784237989248 0.034588463604450226 9153
1784237989264 0.06017448008060455 9154
1784237989281 0.04260997101664543 9155
1784237989297 0.0765078216791153 9156
1784237989313 0.05287528038024902 9157
1784237989331 0.08675996959209442 9158
1784237989347 0.0025318015832453966 9159
1784237989364 0.0029788401443511248 9160
1784237989380 0.04519393667578697 9161
1784237989398 0.06592258810997009 9162
1784237989414 0.06782476603984833 9163
1784237989430 0.11139342188835144 9164
1784237989446 0.06782656908035278 9165
1784237989463 0.0178667102009058 9166
1784237989479 0.00222756527364254 9167
1784237989495 0.07687877118587494 9168
1784237989512 0.1370154321193695 9169
1784237989529 0.04397040978074074 9170
1784237989546 0.11926160752773285 9171
1784237989561 0.004581996705383062 9172
1784237989579 0.11217539012432098 9173
1784237989595 0.1371421068906784 9174
1784237989611 0.17880402505397797 9175
1784237989627 0.006126226857304573 9176
1784237989641 0.0054313079454004765 9177
1784237989655 0.04113483801484108 9178
1784237989672 0.055416252464056015 9179
1784237989688 0.032457638531923294 9180
1784237989703 0.2367471605539322 9181
1784237989719 0.018945423886179924 9182
1784237989732 0.012000223621726036 9183
1784237989746 0.03547464683651924 9184
1784237989761 0.04496961086988449 9185
1784237989775 0.014811502769589424 9186
1784237989791 0.023082014173269272 9187
1784237989806 0.09635572880506516 9188
1784237989823 0.016205012798309326 9189
1784237989838 0.006624093744903803 9190
1784237989854 0.09797492623329163 9191
1784237989872 0.044242486357688904 9192
1784237989891 0.0029366330709308386 9193
1784237989910 0.02722369134426117 9194
1784237989928 0.030415378510951996 9195
1784237989947 0.0003264526021666825 9196
1784237989963 0.1298237442970276 9197
1784237989980 0.15975479781627655 9198
1784237989995 0.13834050297737122 9199
1784237990011 0.010661198757588863 9200
1784237990028 0.02328115701675415 9201
1784237990044 0.002072734758257866 9202
1784237990059 0.014721873216331005 9203
1784237990074 0.0030033213552087545 9204
1784237990090 0.19443456828594208 9205
1784237990106 0.009705539792776108 9206
1784237990121 0.7062644362449646 9207
1784237990137 0.13640446960926056 9208
1784237990153 0.19922377169132233 9209
1784237990168 0.16759008169174194 9210
1784237990183 0.006805929355323315 9211
1784237990198 0.19526511430740356 9212
1784237990213 0.009127026423811913 9213
1784237990228 0.07479871064424515 9214
1784237990242 0.006613056641072035 9215
1784237990259 0.006625018548220396 9216
1784237990274 0.03681650012731552 9217
1784237990291 0.37427639961242676 9218
1784237990306 0.036709677428007126 9219
1784237990321 0.02813028171658516 9220
1784237990336 0.0961075946688652 9221
1784237990351 0.04339655488729477 9222
1784237990365 0.037065982818603516 9223
1784237990382 0.070529043674469 9224
1784237990396 0.014173339121043682 9225
1784237990410 0.0586283802986145 9226
1784237990426 0.1802751123905182 9227
1784237990440 0.005930926185101271 9228
1784237990454 0.06425893306732178 9229
1784237990470 0.030239399522542953 9230
1784237990485 0.0011263414053246379 9231
1784237990500 0.014147000387310982 9232
1784237990515 0.04289650171995163 9233
1784237990531 0.18742941319942474 9234
1784237990544 0.05579555407166481 9235
1784237990558 0.003806495573371649 9236
1784237990573 0.01695987582206726 9237
1784237990589 0.0032838028855621815 9238
1784237990602 0.010322261601686478 9239
1784237990615 0.019664958119392395 9240
1784237990630 0.5465919375419617 9241
1784237990645 0.0023583807051181793 9242
1784237990660 0.03177057206630707 9243
1784237990675 0.14820513129234314 9244
1784237990690 0.15954124927520752 9245
1784237990707 0.01526678167283535 9246
1784237990720 0.19983987510204315 9247
1784237990736 0.04444068670272827 9248
1784237990751 0.17897656559944153 9249
1784237990764 0.042096395045518875 9250
1784237990780 0.15302789211273193 9251
1784237990794 0.012192935682833195 9252
1784237990808 0.05553736165165901 9253
1784237990824 0.08469296246767044 9254
1784237990836 0.009132345207035542 9255
1784237990849 0.07820333540439606 9256
1784237990866 0.08920279145240784 9257
1784237990880 0.03645792230963707 9258
1784237990894 0.0037860041484236717 9259
1784237990912 0.1806432157754898 9260
1784237990929 0.15063172578811646 9261
1784237990945 0.004254456143826246 9262
1784237990960 0.16503991186618805 9263
1784237990975 0.021355124190449715 9264
1784237990990 0.1284232884645462 9265
1784237991006 0.06919185072183609 9266
1784237991022 0.04496440663933754 9267
1784237991037 0.14203527569770813 9268
1784237991052 0.1026884987950325 9269
1784237991069 0.08604134619235992 9270
1784237991087 0.07415773719549179 9271
1784237991103 0.06016296520829201 9272
1784237991116 0.2057667225599289 9273
1784237991131 0.01912422478199005 9274
1784237991146 0.004108475521206856 9275
1784237991162 0.019641628488898277 9276
1784237991176 0.023385267704725266 9277
1784237991193 0.15038038790225983 9278
1784237991208 0.201027974486351 9279
1784237991223 0.033724430948495865 9280
1784237991240 0.06582990288734436 9281
1784237991255 0.02374873496592045 9282
1784237991271 0.022416213527321815 9283
1784237991286 0.019933074712753296 9284
1784237991301 0.026002900674939156 9285
1784237991315 0.0030849187169224024 9286
1784237991330 0.10601925849914551 9287
1784237991346 0.04302985221147537 9288
1784237991362 0.16263534128665924 9289
1784237991377 0.14389725029468536 9290
1784237991391 0.03649802505970001 9291
1784237991405 0.09486901015043259 9292
1784237991421 0.1332857757806778 9293
1784237991435 0.04894028976559639 9294
1784237991450 0.06680697947740555 9295
1784237991463 0.09563179314136505 9296
1784237991478 0.06900196522474289 9297
1784237991493 0.0296879131346941 9298
1784237991506 0.02860255539417267 9299
1784237991521 0.090414859354496 9300
1784237991534 0.15612754225730896 9301
1784237991549 0.014989148825407028 9302
1784237991561 0.4280141294002533 9303
1784237991574 0.0033894588705152273 9304
1784237991590 0.013759931549429893 9305
1784237991606 0.15434147417545319 9306
1784237991622 0.04519178345799446 9307
1784237991637 0.05312185361981392 9308
1784237991652 0.05160488933324814 9309
1784237991667 0.05596422776579857 9310
1784237991681 0.017009440809488297 9311
1784237991697 0.0040879319421947 9312
1784237991712 0.08376749604940414 9313
1784237991728 0.16618798673152924 9314
1784237991742 0.022607669234275818 9315
1784237991758 0.08346205204725266 9316
1784237991773 0.006216964218765497 9317
1784237991789 0.00864097848534584 9318
1784237991805 0.03297865763306618 9319
1784237991820 0.21931956708431244 9320
1784237991842 0.358862966299057 9321
1784237991857 0.05738529562950134 9322
1784237991871 0.015063038095831871 9323
1784237991885 0.21871478855609894 9324
1784237991900 0.182965487241745 9325
1784237991914 0.10792403668165207 9326
1784237991931 0.1186087355017662 9327
1784237991946 0.014355439692735672 9328
1784237991961 0.06511811912059784 9329
1784237991977 0.05993034690618515 9330
1784237991991 0.13698266446590424 9331
1784237992007 0.06001938506960869 9332
1784237992022 0.01637214608490467 9333
1784237992037 0.2155556082725525 9334
1784237992052 0.08712907135486603 9335
1784237992067 0.00659233657643199 9336
1784237992082 0.2060852348804474 9337
1784237992099 0.08151088654994965 9338
1784237992118 0.022260621190071106 9339
1784237992139 0.011218626983463764 9340
1784237992158 0.08053825050592422 9341
1784237992178 0.024998072534799576 9342
1784237992199 0.04030528664588928 9343
1784237992219 0.08579500764608383 9344
1784237992236 0.03650299087166786 9345
1784237992253 0.1559888869524002 9346
1784237992269 0.10170108079910278 9347
1784237992287 0.08182147145271301 9348
1784237992304 0.0028376649133861065 9349
1784237992322 0.15195907652378082 9350
1784237992338 0.09603118896484375 9351
1784237992354 0.012763744220137596 9352
1784237992372 0.20533181726932526 9353
1784237992388 0.09255656599998474 9354
1784237992406 0.11416368931531906 9355
1784237992422 0.1139470636844635 9356
1784237992437 0.20648615062236786 9357
1784237992454 0.26177799701690674 9358
1784237992471 0.058422431349754333 9359
1784237992488 0.29057011008262634 9360
1784237992507 0.007546194363385439 9361
1784237992523 0.08403544872999191 9362
1784237992541 0.06571033596992493 9363
1784237992557 0.05115705728530884 9364
1784237992574 0.18710942566394806 9365
1784237992591 0.07887519150972366 9366
1784237992607 0.18049554526805878 9367
1784237992623 0.15544487535953522 9368
1784237992638 0.01448536291718483 9369
1784237992654 0.0700731948018074 9370
1784237992670 0.027624161913990974 9371
1784237992686 0.02835250087082386 9372
1784237992701 0.03714592754840851 9373
1784237992716 0.010978725738823414 9374
