1784244625365 130.8914794921875 0
1784244625384 117.73731994628906 1
1784244625404 63.661956787109375 2
1784244625423 83.04623413085938 3
1784244625443 67.23109436035156 4
1784244625462 81.396484375 5
1784244625479 77.7081298828125 6
1784244625497 55.17183303833008 7
1784244625515 43.27083206176758 8
1784244625534 33.211055755615234 9
1784244625553 38.41151428222656 10
1784244625571 30.613054275512695 11
1784244625588 30.96845817565918 12
1784244625608 20.980022430419922 13
1784244625628 27.714950561523438 14
1784244625651 27.66974639892578 15
1784244625676 27.50313949584961 16
1784244625711 13.778871536254883 17
1784244625743 17.995712280273438 18
1784244625768 10.344223976135254 19
1784244625797 16.007617950439453 20
1784244625837 12.747668266296387 21
1784244625862 11.825279235839844 22
1784244625889 8.94663143157959 23
1784244625912 7.084692001342773 24
1784244625933 6.190457344055176 25
1784244625950 5.20770263671875 26
1784244625969 7.023982524871826 27
1784244625993 6.3061842918396 28
1784244626013 3.419123411178589 29
1784244626036 3.923720359802246 30
1784244626055 4.20426082611084 31
1784244626075 3.3776752948760986 32
1784244626093 3.19856595993042 33
1784244626111 3.0882413387298584 34
1784244626128 2.6257922649383545 35
1784244626149 2.7207531929016113 36
1784244626170 2.874420404434204 37
1784244626192 2.4426825046539307 38
1784244626213 2.300462007522583 39
1784244626234 2.4765067100524902 40
1784244626259 2.392426013946533 41
1784244626281 2.251812219619751 42
1784244626303 2.255460023880005 43
1784244626325 2.2873525619506836 44
1784244626347 2.385192394256592 45
1784244626372 2.225221872329712 46
1784244626395 2.213043451309204 47
1784244626416 2.2648210525512695 48
1784244626437 2.2466654777526855 49
1784244626461 2.271505117416382 50
1784244626489 2.270369052886963 51
1784244626507 2.299955368041992 52
1784244626527 2.275813102722168 53
1784244626548 2.2802071571350098 54
1784244626568 2.303449869155884 55
1784244626587 2.2933013439178467 56
1784244626608 2.2821478843688965 57
1784244626631 2.2897939682006836 58
1784244626652 2.2999155521392822 59
1784244626675 2.272071361541748 60
1784244626696 2.2854301929473877 61
1784244626716 2.2914953231811523 62
1784244626743 2.2867164611816406 63
1784244626763 2.276334047317505 64
1784244626784 2.299532413482666 65
1784244626804 2.2899882793426514 66
1784244626822 2.296332597732544 67
1784244626840 2.278285026550293 68
1784244626857 2.2929461002349854 69
1784244626877 2.289820909500122 70
1784244626895 2.2853665351867676 71
1784244626913 2.2715957164764404 72
1784244626931 2.294332504272461 73
1784244626949 2.2947802543640137 74
1784244626968 2.281930923461914 75
1784244626988 2.274595022201538 76
1784244627006 2.27433443069458 77
1784244627025 2.287733316421509 78
1784244627044 2.283362627029419 79
1784244627062 2.2815303802490234 80
1784244627080 2.259570598602295 81
1784244627096 2.271512508392334 82
1784244627113 2.2689614295959473 83
1784244627130 2.251607656478882 84
1784244627147 2.2777509689331055 85
1784244627164 2.2774767875671387 86
1784244627181 2.256760358810425 87
1784244627199 2.3077547550201416 88
1784244627216 2.2547361850738525 89
1784244627233 2.2879080772399902 90
1784244627251 2.2596435546875 91
1784244627268 2.3062994480133057 92
1784244627288 2.2426140308380127 93
1784244627304 2.2651398181915283 94
1784244627319 2.264984369277954 95
1784244627336 2.2159671783447266 96
1784244627353 2.2791361808776855 97
1784244627372 2.299802303314209 98
1784244627390 2.2276406288146973 99
1784244627409 2.278688669204712 100
1784244627431 2.265540838241577 101
1784244627455 2.235267400741577 102
1784244627480 2.251800060272217 103
1784244627505 2.2937684059143066 104
1784244627529 2.256653308868408 105
1784244627550 2.225135326385498 106
1784244627572 2.2532405853271484 107
1784244627593 2.2545886039733887 108
1784244627616 2.2161736488342285 109
1784244627638 2.2217295169830322 110
1784244627660 2.2283713817596436 111
1784244627683 2.2518324851989746 112
1784244627704 2.2863056659698486 113
1784244627724 2.2469983100891113 114
1784244627745 2.260680913925171 115
1784244627764 2.2143349647521973 116
1784244627782 2.2582976818084717 117
1784244627802 2.1384570598602295 118
1784244627820 2.2535200119018555 119
1784244627837 2.2097489833831787 120
1784244627860 2.224062442779541 121
1784244627877 2.2259464263916016 122
1784244627895 2.2185959815979004 123
1784244627911 2.232365369796753 124
1784244627927 2.2051749229431152 125
1784244627944 2.138557195663452 126
1784244627962 2.266547918319702 127
1784244627981 2.2072644233703613 128
1784244627998 2.290559768676758 129
1784244628018 2.1787171363830566 130
1784244628036 2.219724655151367 131
1784244628055 2.263413906097412 132
1784244628073 2.1152329444885254 133
1784244628090 2.219391345977783 134
1784244628106 2.2804861068725586 135
1784244628125 2.2939529418945312 136
1784244628143 2.1802995204925537 137
1784244628158 2.125333309173584 138
1784244628178 2.24419903755188 139
1784244628194 2.140439033508301 140
1784244628212 2.1163277626037598 141
1784244628230 2.12276029586792 142
1784244628250 2.246427536010742 143
1784244628268 2.24458384513855 144
1784244628286 2.2248194217681885 145
1784244628306 2.092890739440918 146
1784244628324 2.108830451965332 147
1784244628343 2.1148533821105957 148
1784244628362 2.1510565280914307 149
1784244628381 2.3126044273376465 150
1784244628403 2.082170248031616 151
1784244628424 2.2708451747894287 152
1784244628442 2.0637736320495605 153
1784244628461 2.1958444118499756 154
1784244628478 2.229879856109619 155
1784244628496 2.1484742164611816 156
1784244628515 2.2454307079315186 157
1784244628534 2.080601692199707 158
1784244628554 2.2026562690734863 159
1784244628572 2.1261346340179443 160
1784244628593 2.194345235824585 161
1784244628612 2.162440538406372 162
1784244628632 2.230905532836914 163
1784244628651 2.1708991527557373 164
1784244628669 2.209244966506958 165
1784244628690 2.203512668609619 166
1784244628709 2.185335636138916 167
1784244628728 2.1684529781341553 168
1784244628745 2.2702813148498535 169
1784244628763 2.210174560546875 170
1784244628780 2.271793842315674 171
1784244628798 2.173520088195801 172
1784244628816 2.093000888824463 173
1784244628834 2.2168965339660645 174
1784244628856 2.18339467048645 175
1784244628880 2.2221508026123047 176
1784244628901 2.2103090286254883 177
1784244628927 2.1366398334503174 178
1784244628945 2.154454469680786 179
1784244628965 2.25451922416687 180
1784244628984 2.2440006732940674 181
1784244629009 2.1999223232269287 182
1784244629031 2.185119390487671 183
1784244629054 2.1628472805023193 184
1784244629081 2.085785388946533 185
1784244629104 2.180933713912964 186
1784244629127 2.173952579498291 187
1784244629148 2.2623631954193115 188
1784244629170 2.1194183826446533 189
1784244629193 2.2329065799713135 190
1784244629212 1.964076042175293 191
1784244629229 2.1791670322418213 192
1784244629249 2.174250841140747 193
1784244629269 2.1545205116271973 194
1784244629372 2.0869686603546143 195
1784244629404 2.1478395462036133 196
1784244629423 2.1445107460021973 197
1784244629440 2.2113943099975586 198
1784244629459 2.1864709854125977 199
1784244629477 2.181072235107422 200
1784244629493 2.1665127277374268 201
1784244629511 1.9320441484451294 202
1784244629529 2.225325584411621 203
1784244629546 2.129323720932007 204
1784244629564 2.089792013168335 205
1784244629583 2.122978448867798 206
1784244629601 2.0863187313079834 207
1784244629618 2.193730354309082 208
1784244629637 2.157393455505371 209
1784244629654 2.112069606781006 210
1784244629673 2.0258803367614746 211
1784244629692 2.1374807357788086 212
1784244629711 2.236825466156006 213
1784244629729 2.1346848011016846 214
1784244629747 2.147516965866089 215
1784244629765 2.142533779144287 216
1784244629783 2.1173837184906006 217
1784244629801 2.1119587421417236 218
1784244629819 2.19055438041687 219
1784244629837 2.1393866539001465 220
1784244629855 2.152940034866333 221
1784244629872 2.1548714637756348 222
1784244629891 2.3062455654144287 223
1784244629909 2.158451557159424 224
1784244629927 1.974280595779419 225
1784244629946 2.100802183151245 226
1784244629963 2.1199862957000732 227
1784244629980 2.090641498565674 228
1784244629997 2.151831865310669 229
1784244630014 2.1387131214141846 230
1784244630031 2.1631176471710205 231
1784244630049 2.0936505794525146 232
1784244630066 2.0020296573638916 233
1784244630085 2.128723382949829 234
1784244630103 2.0846049785614014 235
1784244630120 1.9949572086334229 236
1784244630138 2.1466801166534424 237
1784244630155 2.024216413497925 238
1784244630175 2.021338701248169 239
1784244630192 2.1028878688812256 240
1784244630209 2.075335741043091 241
1784244630226 2.2966537475585938 242
1784244630242 2.071648359298706 243
1784244630260 2.1103463172912598 244
1784244630279 2.1011579036712646 245
1784244630296 2.1220099925994873 246
1784244630312 2.1536731719970703 247
1784244630329 2.0766079425811768 248
1784244630344 2.1260018348693848 249
1784244630360 2.2213821411132812 250
1784244630377 1.9886125326156616 251
1784244630396 2.063976287841797 252
1784244630413 2.073896884918213 253
1784244630430 2.0293731689453125 254
1784244630448 2.088259696960449 255
1784244630466 2.2324843406677246 256
1784244630485 1.9486768245697021 257
1784244630504 2.08675217628479 258
1784244630523 2.063737154006958 259
1784244630540 2.0835838317871094 260
1784244630558 2.1224117279052734 261
1784244630576 2.024670362472534 262
1784244630594 1.9853769540786743 263
1784244630612 2.0499086380004883 264
1784244630630 1.9587055444717407 265
1784244630649 2.1389636993408203 266
1784244630666 1.8896478414535522 267
1784244630683 1.9613938331604004 268
1784244630703 2.0044867992401123 269
1784244630721 2.0704896450042725 270
1784244630739 1.929494023323059 271
1784244630757 2.0831592082977295 272
1784244630775 2.0567760467529297 273
1784244630793 1.8957619667053223 274
1784244630811 2.1298794746398926 275
1784244630830 1.9304150342941284 276
1784244630847 1.9793809652328491 277
1784244630867 2.1229121685028076 278
1784244630886 1.911800503730774 279
1784244630903 2.0211660861968994 280
1784244630922 2.1402862071990967 281
1784244630940 2.0469963550567627 282
1784244630958 2.0048937797546387 283
1784244630975 2.02339506149292 284
1784244630993 2.0691614151000977 285
1784244631014 2.0422394275665283 286
1784244631035 2.0751101970672607 287
1784244631053 2.1106655597686768 288
1784244631073 2.1440794467926025 289
1784244631094 2.049130439758301 290
1784244631116 2.1538655757904053 291
1784244631138 2.087533712387085 292
1784244631160 1.9323855638504028 293
1784244631182 1.9010379314422607 294
1784244631202 2.0565173625946045 295
1784244631219 2.1175875663757324 296
1784244631236 2.135657787322998 297
1784244631255 1.9401224851608276 298
1784244631274 2.002753496170044 299
1784244631293 2.0590875148773193 300
1784244631314 2.162956714630127 301
1784244631332 2.0967283248901367 302
1784244631352 1.9964888095855713 303
1784244631371 2.0154943466186523 304
1784244631391 2.0139098167419434 305
1784244631410 2.1269338130950928 306
1784244631429 1.985548973083496 307
1784244631449 2.065155267715454 308
1784244631469 1.9632948637008667 309
1784244631487 1.910580039024353 310
1784244631506 1.9899061918258667 311
1784244631525 1.8895987272262573 312
1784244631545 1.9861477613449097 313
1784244631563 2.2230613231658936 314
1784244631581 2.108690023422241 315
1784244631600 1.899540901184082 316
1784244631618 1.972426176071167 317
1784244631637 1.9045305252075195 318
1784244631654 1.959723949432373 319
1784244631673 2.0715255737304688 320
1784244631693 2.2499802112579346 321
1784244631712 2.154123067855835 322
1784244631729 2.0312516689300537 323
1784244631746 1.899954080581665 324
1784244631763 1.9604936838150024 325
1784244631781 1.8653899431228638 326
1784244631798 1.8933049440383911 327
1784244631816 2.0063483715057373 328
1784244631834 1.7672313451766968 329
1784244631852 2.071673631668091 330
1784244631871 1.975852608680725 331
1784244631890 2.0539023876190186 332
1784244631908 2.036402940750122 333
1784244631926 2.051471710205078 334
1784244631942 2.117152452468872 335
1784244631962 2.0772757530212402 336
1784244631979 1.9240930080413818 337
1784244631997 2.0304698944091797 338
1784244632015 2.0458405017852783 339
1784244632035 1.9612622261047363 340
1784244632052 2.0218334197998047 341
1784244632071 1.9116778373718262 342
1784244632089 2.107236385345459 343
1784244632106 2.225994348526001 344
1784244632124 2.0226950645446777 345
1784244632140 1.9466288089752197 346
1784244632157 2.0796995162963867 347
1784244632176 1.969077229499817 348
1784244632194 1.7040661573410034 349
1784244632214 2.0413832664489746 350
1784244632235 2.092134475708008 351
1784244632250 1.949537992477417 352
1784244632267 2.053828001022339 353
1784244632286 2.178614616394043 354
1784244632304 2.040083885192871 355
1784244632321 2.1315488815307617 356
1784244632337 1.8125510215759277 357
1784244632351 2.026998519897461 358
1784244632368 2.0867249965667725 359
1784244632387 2.146167278289795 360
1784244632404 2.0667481422424316 361
1784244632422 2.095737934112549 362
1784244632439 2.0536139011383057 363
1784244632457 1.983580231666565 364
1784244632477 2.1093854904174805 365
1784244632496 2.024796962738037 366
1784244632513 2.0408718585968018 367
1784244632531 1.9601510763168335 368
1784244632549 2.046821117401123 369
1784244632567 2.0128748416900635 370
1784244632584 2.109642505645752 371
1784244632605 1.9864717721939087 372
1784244632622 2.0393240451812744 373
1784244632641 2.027789831161499 374
1784244632658 2.0119330883026123 375
1784244632676 2.0864100456237793 376
1784244632694 1.8693232536315918 377
1784244632712 1.983981966972351 378
1784244632730 1.8784904479980469 379
1784244632747 2.020861864089966 380
1784244632765 1.8713383674621582 381
1784244632783 1.9879810810089111 382
1784244632801 1.9857916831970215 383
1784244632819 1.9795047044754028 384
1784244632837 1.9845534563064575 385
1784244632854 2.0230154991149902 386
1784244632873 1.84363853931427 387
1784244632891 1.9786251783370972 388
1784244632909 1.9982357025146484 389
1784244632926 1.8606641292572021 390
1784244632946 1.971928596496582 391
1784244632964 1.8686450719833374 392
1784244632982 1.9580097198486328 393
1784244633002 1.899073839187622 394
1784244633021 1.960564136505127 395
1784244633041 1.9540987014770508 396
1784244633058 1.965098261833191 397
1784244633077 2.1145262718200684 398
1784244633094 1.9208159446716309 399
1784244633112 2.0242996215820312 400
1784244633130 1.830899953842163 401
1784244633149 2.0637481212615967 402
1784244633166 1.8931496143341064 403
1784244633185 1.8705165386199951 404
1784244633203 2.2295658588409424 405
1784244633223 1.8780423402786255 406
1784244633241 1.854501724243164 407
1784244633258 1.9090123176574707 408
1784244633275 2.185354232788086 409
1784244633294 1.8064889907836914 410
1784244633312 1.7863739728927612 411
1784244633332 1.7645009756088257 412
1784244633354 2.0841493606567383 413
1784244633375 2.0576794147491455 414
1784244633398 1.7818416357040405 415
1784244633418 1.9482589960098267 416
1784244633438 1.829509973526001 417
1784244633456 1.7938189506530762 418
1784244633474 1.939418911933899 419
1784244633494 1.8339182138442993 420
1784244633512 1.9750343561172485 421
1784244633531 1.888305425643921 422
1784244633548 1.8142398595809937 423
1784244633566 1.7516814470291138 424
1784244633586 1.9239002466201782 425
1784244633603 1.880863904953003 426
1784244633621 1.7805193662643433 427
1784244633637 1.8293800354003906 428
1784244633653 1.6989485025405884 429
1784244633670 1.8314913511276245 430
1784244633686 1.594212532043457 431
1784244633705 1.8785313367843628 432
1784244633721 2.04418683052063 433
1784244633738 1.8054635524749756 434
1784244633755 1.7236653566360474 435
1784244633771 1.817268967628479 436
1784244633789 1.7196599245071411 437
1784244633806 1.8127973079681396 438
1784244633824 1.7255752086639404 439
1784244633843 1.8689826726913452 440
1784244633859 1.6830713748931885 441
1784244633875 1.9607880115509033 442
1784244633893 1.8071550130844116 443
1784244633910 1.8401371240615845 444
1784244633928 1.9573076963424683 445
1784244633946 1.7830466032028198 446
1784244633962 1.8218395709991455 447
1784244633982 1.81369149684906 448
1784244634000 1.9124113321304321 449
1784244634019 1.591810941696167 450
1784244634035 1.6098737716674805 451
1784244634052 1.6457301378250122 452
1784244634070 1.8188519477844238 453
1784244634087 1.6586908102035522 454
1784244634106 1.7205893993377686 455
1784244634124 1.7412824630737305 456
1784244634141 1.9792672395706177 457
1784244634159 1.8374935388565063 458
1784244634177 1.7091541290283203 459
1784244634195 1.8800368309020996 460
1784244634215 1.7055623531341553 461
1784244634235 1.8539094924926758 462
1784244634253 1.5672165155410767 463
1784244634272 1.5959352254867554 464
1784244634292 1.64745032787323 465
1784244634311 1.6759448051452637 466
1784244634329 1.9042856693267822 467
1784244634347 1.7117371559143066 468
1784244634365 1.6256557703018188 469
1784244634387 1.5314401388168335 470
1784244634406 1.4213942289352417 471
1784244634426 1.5784902572631836 472
1784244634445 1.9096779823303223 473
1784244634463 1.8480501174926758 474
1784244634481 1.7821590900421143 475
1784244634502 1.797703742980957 476
1784244634523 1.7948087453842163 477
1784244634540 1.5207180976867676 478
1784244634559 1.581371545791626 479
1784244634577 1.5107253789901733 480
1784244634596 1.7177995443344116 481
1784244634615 1.573979139328003 482
1784244634632 1.7888575792312622 483
1784244634650 1.6723350286483765 484
1784244634670 1.655135154724121 485
1784244634689 1.5552963018417358 486
1784244634708 1.5617496967315674 487
1784244634726 1.7439593076705933 488
1784244634744 1.744131088256836 489
1784244634761 1.8133080005645752 490
1784244634779 1.581432580947876 491
1784244634798 1.5270767211914062 492
1784244634816 1.4511164426803589 493
1784244634834 1.581752061843872 494
1784244634853 1.6238460540771484 495
1784244634871 1.747825026512146 496
1784244634889 1.408216118812561 497
1784244634907 1.8044898509979248 498
1784244634923 1.4903457164764404 499
1784244634943 1.467056155204773 500
1784244634961 1.5290411710739136 501
1784244634978 1.4289193153381348 502
1784244634995 1.2864044904708862 503
1784244635014 1.4780793190002441 504
1784244635034 1.732804298400879 505
1784244635052 1.7840020656585693 506
1784244635069 1.69010591506958 507
1784244635088 1.6064670085906982 508
1784244635106 1.540618896484375 509
1784244635124 1.4569039344787598 510
1784244635142 1.4333471059799194 511
1784244635162 1.4210284948349 512
1784244635180 1.5617570877075195 513
1784244635198 1.5813302993774414 514
1784244635215 1.4982240200042725 515
1784244635235 1.3984732627868652 516
1784244635253 1.3324438333511353 517
1784244635272 1.8430736064910889 518
1784244635290 1.5851699113845825 519
1784244635308 1.2305989265441895 520
1784244635327 1.5149638652801514 521
1784244635344 1.3789128065109253 522
1784244635361 1.5765657424926758 523
1784244635380 1.6493436098098755 524
1784244635397 1.279086947441101 525
1784244635418 1.5693565607070923 526
1784244635436 1.4191794395446777 527
1784244635453 1.7446789741516113 528
1784244635470 1.4851709604263306 529
1784244635489 1.6053416728973389 530
1784244635507 1.4803444147109985 531
1784244635526 1.3743282556533813 532
1784244635543 1.3976693153381348 533
1784244635562 1.5247175693511963 534
1784244635587 1.4887244701385498 535
1784244635607 1.4061899185180664 536
1784244635629 1.2060819864273071 537
1784244635649 1.4649600982666016 538
1784244635668 1.421058177947998 539
1784244635686 1.2332217693328857 540
1784244635701 1.4794421195983887 541
1784244635720 1.5932024717330933 542
1784244635737 1.288196086883545 543
1784244635754 1.6455652713775635 544
1784244635773 1.365375280380249 545
1784244635792 1.3540908098220825 546
1784244635809 1.4806411266326904 547
1784244635827 1.317217230796814 548
1784244635844 1.4517490863800049 549
1784244635861 1.5447821617126465 550
1784244635878 1.7833304405212402 551
1784244635895 1.4243953227996826 552
1784244635913 1.315402865409851 553
1784244635931 1.1391217708587646 554
1784244635951 1.2727859020233154 555
1784244635969 1.2691336870193481 556
1784244635986 1.2923139333724976 557
1784244636005 1.4343236684799194 558
1784244636023 1.6372333765029907 559
1784244636040 1.5425043106079102 560
1784244636058 1.3759328126907349 561
1784244636076 1.256055235862732 562
1784244636093 1.48381507396698 563
1784244636110 1.487350344657898 564
1784244636129 1.328589916229248 565
1784244636147 1.432714819908142 566
1784244636168 1.680909276008606 567
1784244636189 1.322160005569458 568
1784244636208 1.403576374053955 569
1784244636229 1.1740902662277222 570
1784244636248 1.480847716331482 571
1784244636273 1.6832619905471802 572
1784244636297 1.3420684337615967 573
1784244636322 1.4594250917434692 574
1784244636345 1.7281404733657837 575
1784244636367 1.3152817487716675 576
1784244636388 1.4543178081512451 577
1784244636412 1.5732228755950928 578
1784244636433 1.6188523769378662 579
1784244636454 1.3692469596862793 580
1784244636476 1.2985484600067139 581
1784244636496 1.3603607416152954 582
1784244636519 1.459043025970459 583
1784244636538 1.0589182376861572 584
1784244636559 1.738930583000183 585
1784244636579 1.3377454280853271 586
1784244636599 1.3913503885269165 587
1784244636621 1.229132890701294 588
1784244636644 1.2685644626617432 589
1784244636668 1.4108381271362305 590
1784244636700 1.4357656240463257 591
1784244636726 1.5102320909500122 592
1784244636748 1.5117720365524292 593
1784244636771 1.2691386938095093 594
1784244636796 1.4549845457077026 595
1784244636821 1.483864665031433 596
1784244636843 1.379439353942871 597
1784244636862 1.0827252864837646 598
1784244636885 1.1862634420394897 599
1784244636910 1.2479336261749268 600
1784244636932 1.5622284412384033 601
1784244637045 1.520426630973816 602
1784244637069 1.439261555671692 603
1784244637095 1.2594014406204224 604
1784244637129 1.082068681716919 605
1784244637155 1.1684106588363647 606
1784244637182 1.4609917402267456 607
1784244637209 1.3250082731246948 608
1784244637233 1.6215640306472778 609
1784244637257 1.4631975889205933 610
1784244637284 1.1971560716629028 611
1784244637309 1.232608437538147 612
1784244637332 1.3339848518371582 613
1784244637361 1.0413957834243774 614
1784244637384 1.3955243825912476 615
1784244637411 1.8376747369766235 616
1784244637437 1.4025413990020752 617
1784244637461 1.5621989965438843 618
1784244637485 1.2992461919784546 619
1784244637527 1.1615508794784546 620
1784244637545 1.3394826650619507 621
1784244637569 1.240638256072998 622
1784244637591 1.46085524559021 623
1784244637612 1.283697247505188 624
1784244637635 1.0576701164245605 625
1784244637659 1.4140161275863647 626
1784244637685 1.5469739437103271 627
1784244637708 1.2517058849334717 628
1784244637734 1.01376211643219 629
1784244637759 1.427419900894165 630
1784244637787 1.3675793409347534 631
1784244637816 1.3190633058547974 632
1784244637850 1.108092188835144 633
1784244637878 1.3505594730377197 634
1784244637905 1.4370042085647583 635
1784244637929 1.3564167022705078 636
1784244637957 1.3209840059280396 637
1784244637980 1.3133512735366821 638
1784244638003 1.3372721672058105 639
1784244638026 1.4160479307174683 640
1784244638052 1.4224048852920532 641
1784244638075 1.284688115119934 642
1784244638104 1.1905092000961304 643
1784244638131 1.1631463766098022 644
1784244638155 1.2149094343185425 645
1784244638179 1.149511694908142 646
1784244638200 1.4766775369644165 647
1784244638220 1.4148540496826172 648
1784244638240 1.191125750541687 649
1784244638265 1.0932319164276123 650
1784244638288 1.024474024772644 651
1784244638313 1.0207853317260742 652
1784244638338 1.3012701272964478 653
1784244638361 1.0637930631637573 654
1784244638384 1.2865349054336548 655
1784244638409 1.085707426071167 656
1784244638430 0.9156165719032288 657
1784244638448 1.0634945631027222 658
1784244638467 0.8733717203140259 659
1784244638488 1.2065293788909912 660
1784244638507 1.0500212907791138 661
1784244638526 1.1541496515274048 662
1784244638544 1.3930221796035767 663
1784244638563 1.0454517602920532 664
1784244638583 1.321625828742981 665
1784244638604 1.2263160943984985 666
1784244638622 0.9682632088661194 667
1784244638642 1.1641048192977905 668
1784244638662 1.143171787261963 669
1784244638681 1.0233221054077148 670
1784244638698 1.1393934488296509 671
1784244638717 1.2134361267089844 672
1784244638735 1.3727470636367798 673
1784244638752 1.099628210067749 674
1784244638772 1.3159083127975464 675
1784244638790 1.2006245851516724 676
1784244638808 1.1244932413101196 677
1784244638827 1.1802406311035156 678
1784244638843 1.3435851335525513 679
1784244638860 1.1708146333694458 680
1784244638878 1.1941839456558228 681
1784244638898 1.2196376323699951 682
1784244638917 1.3793251514434814 683
1784244638936 1.3729901313781738 684
1784244638953 1.2377463579177856 685
1784244638973 1.2364660501480103 686
1784244638992 1.0684739351272583 687
1784244639010 1.269373893737793 688
1784244639028 1.029615879058838 689
1784244639047 1.2065808773040771 690
1784244639065 1.0728724002838135 691
1784244639084 1.1665923595428467 692
1784244639103 1.4544910192489624 693
1784244639120 1.165795922279358 694
1784244639138 0.969657838344574 695
1784244639156 1.2976300716400146 696
1784244639174 1.17791748046875 697
1784244639193 0.9477349519729614 698
1784244639212 1.2153209447860718 699
1784244639229 1.2648814916610718 700
1784244639247 1.3452260494232178 701
1784244639268 0.995781660079956 702
1784244639286 0.9788585305213928 703
1784244639309 0.9464548826217651 704
1784244639328 0.9976509809494019 705
1784244639345 1.1031817197799683 706
1784244639364 1.017827033996582 707
1784244639384 1.3381762504577637 708
1784244639405 0.9824334979057312 709
1784244639431 1.0940595865249634 710
1784244639460 1.2007474899291992 711
1784244639487 1.008773922920227 712
1784244639511 1.2793599367141724 713
1784244639539 1.2069817781448364 714
1784244639569 1.156859278678894 715
1784244639591 0.806827187538147 716
1784244639613 1.0286089181900024 717
1784244639639 0.9532012939453125 718
1784244639663 1.1560331583023071 719
1784244639689 0.861631453037262 720
1784244639714 1.229984998703003 721
1784244639734 0.8693065643310547 722
1784244639758 0.8257123827934265 723
1784244639782 1.03689706325531 724
1784244639809 0.8425514101982117 725
1784244639828 1.2364121675491333 726
1784244639850 1.2137106657028198 727
1784244639873 1.1141436100006104 728
1784244639898 0.9243742227554321 729
1784244639923 0.9850785732269287 730
1784244639947 0.8283411860466003 731
1784244639974 1.1542495489120483 732
1784244639995 1.005077600479126 733
1784244640017 0.9678121209144592 734
1784244640045 1.071759819984436 735
1784244640074 0.9832208156585693 736
1784244640103 1.0852268934249878 737
1784244640138 0.608051598072052 738
1784244640167 1.165496587753296 739
1784244640197 1.0385706424713135 740
1784244640223 1.0136348009109497 741
1784244640244 1.109505295753479 742
1784244640267 0.8185549974441528 743
1784244640294 0.9833793044090271 744
1784244640319 0.7093135118484497 745
1784244640342 0.9435901641845703 746
1784244640367 0.7428504228591919 747
1784244640394 0.9562923908233643 748
1784244640420 0.7951638698577881 749
1784244640444 0.795597493648529 750
1784244640465 0.9897761940956116 751
1784244640492 0.9886974692344666 752
1784244640518 1.036191463470459 753
1784244640543 0.9107721447944641 754
1784244640562 0.8111451268196106 755
1784244640590 0.7828883528709412 756
1784244640615 0.7638847231864929 757
1784244640653 0.8131341934204102 758
1784244640680 0.5438011884689331 759
1784244640706 0.7736660242080688 760
1784244640809 0.8406670093536377 761
1784244640847 1.3476135730743408 762
1784244640880 0.653643012046814 763
1784244640913 0.8095810413360596 764
1784244640939 0.6091876029968262 765
1784244640966 0.6484648585319519 766
1784244640992 0.566628098487854 767
1784244641015 0.797120213508606 768
1784244641038 0.9367667436599731 769
1784244641061 0.9792565703392029 770
1784244641086 0.8204007148742676 771
1784244641111 0.6244732737541199 772
1784244641137 0.8194000124931335 773
1784244641159 0.8342316150665283 774
1784244641183 0.6297198534011841 775
1784244641207 1.1023119688034058 776
1784244641231 0.7154569625854492 777
1784244641256 0.5342109799385071 778
1784244641280 0.8851842880249023 779
1784244641301 0.5443556308746338 780
1784244641320 0.6415748596191406 781
1784244641340 0.686016321182251 782
1784244641361 0.6156537532806396 783
1784244641379 0.8322038650512695 784
1784244641398 0.5351999998092651 785
1784244641420 0.6824570298194885 786
1784244641441 0.8204842805862427 787
1784244641461 0.6621633172035217 788
1784244641482 0.6797544956207275 789
1784244641505 0.5501899719238281 790
1784244641529 0.6060546040534973 791
1784244641552 0.6777003407478333 792
1784244641571 1.1101036071777344 793
1784244641588 0.7509196400642395 794
1784244641605 0.757411777973175 795
1784244641623 0.5198752880096436 796
1784244641644 0.7676056027412415 797
1784244641669 0.40487250685691833 798
1784244641696 0.7485471963882446 799
1784244641720 0.5828323364257812 800
1784244641744 0.48540037870407104 801
1784244641768 0.629136323928833 802
1784244641791 0.6688580513000488 803
1784244641817 0.6549525856971741 804
1784244641840 0.43622463941574097 805
1784244641862 0.7014865279197693 806
1784244641885 0.43410980701446533 807
1784244641911 0.6125251054763794 808
1784244641934 0.5153849124908447 809
1784244641960 0.4994777739048004 810
1784244641991 0.9391450881958008 811
1784244642013 0.7157094478607178 812
1784244642039 0.6958876848220825 813
1784244642061 0.8540984988212585 814
1784244642084 0.7956430315971375 815
1784244642108 0.6372942328453064 816
1784244642133 0.4772633910179138 817
1784244642157 0.7080148458480835 818
1784244642183 0.67457115650177 819
1784244642209 0.5656720995903015 820
1784244642234 1.333179235458374 821
1784244642255 0.769254207611084 822
1784244642277 0.5321759581565857 823
1784244642302 0.5392816066741943 824
1784244642328 0.72565758228302 825
1784244642355 0.8890426158905029 826
1784244642380 0.5449424386024475 827
1784244642414 0.6060142517089844 828
1784244642444 0.5483728647232056 829
1784244642472 0.7218424677848816 830
1784244642496 0.6136266589164734 831
1784244642520 0.8645264506340027 832
1784244642544 0.6420508623123169 833
1784244642563 0.4130779504776001 834
1784244642591 0.5923019051551819 835
1784244642615 0.5388787388801575 836
1784244642640 0.5166338086128235 837
1784244642664 0.5480061769485474 838
1784244642688 0.5636215209960938 839
1784244642713 0.5226895213127136 840
1784244642737 0.7283583283424377 841
1784244642763 0.701286792755127 842
1784244642789 0.7286226749420166 843
1784244642812 0.7726354598999023 844
1784244642830 0.45457130670547485 845
1784244642848 0.5370418429374695 846
1784244642869 0.612174928188324 847
1784244642888 0.6156310439109802 848
1784244642907 0.5617648363113403 849
1784244642924 0.47620177268981934 850
1784244642943 0.6296709179878235 851
1784244642963 0.7430043816566467 852
1784244642980 0.48317164182662964 853
1784244642999 0.7494540810585022 854
1784244643018 0.622658908367157 855
1784244643037 0.5758410692214966 856
1784244643059 0.7267727255821228 857
1784244643086 0.6369943022727966 858
1784244643110 0.5928118824958801 859
1784244643135 0.5429019331932068 860
1784244643155 0.4646573066711426 861
1784244643176 0.42548197507858276 862
1784244643195 0.5757246017456055 863
1784244643214 0.4730231761932373 864
1784244643233 0.4301357865333557 865
1784244643251 0.6636258363723755 866
1784244643270 0.4750376343727112 867
1784244643288 0.5297902226448059 868
1784244643308 0.5539684891700745 869
1784244643326 0.5876528024673462 870
1784244643344 0.9345762729644775 871
1784244643363 0.6188178062438965 872
1784244643382 0.5076643824577332 873
1784244643403 0.6127617955207825 874
1784244643422 0.7359259128570557 875
1784244643440 0.7447291016578674 876
1784244643460 0.7190841436386108 877
1784244643479 0.9283449649810791 878
1784244643500 0.7489649057388306 879
1784244643517 0.6433228850364685 880
1784244643537 0.6597289443016052 881
1784244643555 0.6432934999465942 882
1784244643573 0.6195746660232544 883
1784244643591 0.8210039734840393 884
1784244643609 0.5887373685836792 885
1784244643626 0.6828129291534424 886
1784244643643 0.4667229652404785 887
1784244643661 0.8725526332855225 888
1784244643679 0.4734145998954773 889
1784244643697 0.4122512638568878 890
1784244643715 0.5884497761726379 891
1784244643739 0.3988182544708252 892
1784244643758 0.42685848474502563 893
1784244643778 0.6500009298324585 894
1784244643797 0.4234296381473541 895
1784244643817 0.47671306133270264 896
1784244643835 0.4414622187614441 897
1784244643853 0.38000237941741943 898
1784244643871 0.5343992114067078 899
1784244643888 0.5349158644676208 900
1784244643905 0.34181395173072815 901
1784244643923 0.49793317914009094 902
1784244643942 0.5226121544837952 903
1784244643960 0.5280233025550842 904
1784244643980 0.44505536556243896 905
1784244643999 0.41197001934051514 906
1784244644017 0.3998868763446808 907
1784244644038 0.5753931999206543 908
1784244644058 0.3180762827396393 909
1784244644082 0.59099280834198 910
1784244644101 0.46131131052970886 911
1784244644120 0.4326992630958557 912
1784244644140 0.5934467911720276 913
1784244644158 0.6684532761573792 914
1784244644178 0.7551945447921753 915
1784244644196 0.6540139317512512 916
1784244644216 0.40767088532447815 917
1784244644235 0.3395894765853882 918
1784244644255 0.6294662356376648 919
1784244644274 0.3752431869506836 920
1784244644292 0.4942837059497833 921
1784244644309 0.5109963417053223 922
1784244644328 0.3932656943798065 923
1784244644346 0.5186166167259216 924
1784244644364 0.599216639995575 925
1784244644384 0.35165926814079285 926
1784244644403 0.5946994423866272 927
1784244644421 0.485459566116333 928
1784244644440 0.6122967004776001 929
1784244644460 0.43008825182914734 930
1784244644480 0.620773434638977 931
1784244644499 0.7688833475112915 932
1784244644517 0.5733189582824707 933
1784244644536 0.7032727003097534 934
1784244644554 0.2911381423473358 935
1784244644573 0.3538970649242401 936
1784244644591 0.8223775029182434 937
1784244644611 0.8112257122993469 938
1784244644631 0.37617239356040955 939
1784244644653 0.5412810444831848 940
1784244644675 0.5483982563018799 941
1784244644696 0.46910232305526733 942
1784244644718 0.5148215889930725 943
1784244644740 0.5730817914009094 944
1784244644758 0.26579704880714417 945
1784244644776 0.2928054928779602 946
1784244644795 0.45859983563423157 947
1784244644813 0.6479855179786682 948
1784244644830 0.5638258457183838 949
1784244644851 0.705001711845398 950
1784244644869 0.7901929616928101 951
1784244644885 0.42636823654174805 952
1784244644904 0.5371936559677124 953
1784244644921 0.578271210193634 954
1784244644938 0.5839918851852417 955
1784244644958 0.6039263010025024 956
1784244644977 0.36603879928588867 957
1784244644994 0.4532585144042969 958
1784244645013 0.7550010085105896 959
1784244645033 0.4822799563407898 960
1784244645050 0.531532883644104 961
1784244645069 0.506159782409668 962
1784244645086 0.4918513596057892 963
1784244645104 0.7597663402557373 964
1784244645122 0.7550948262214661 965
1784244645139 0.6684699654579163 966
1784244645159 0.45341166853904724 967
1784244645179 0.4131663739681244 968
1784244645196 0.7994041442871094 969
1784244645213 0.39236801862716675 970
1784244645230 0.6605706214904785 971
1784244645249 0.416317343711853 972
1784244645267 0.5443932414054871 973
1784244645287 0.4603561460971832 974
1784244645304 0.40262389183044434 975
1784244645321 0.31536710262298584 976
1784244645340 0.4194519817829132 977
1784244645359 0.42334428429603577 978
1784244645377 0.6647893786430359 979
1784244645394 0.687812089920044 980
1784244645409 0.477280855178833 981
1784244645428 0.6947203278541565 982
1784244645445 0.49690955877304077 983
1784244645462 0.4673725366592407 984
1784244645481 0.7647569179534912 985
1784244645501 0.286286324262619 986
1784244645518 0.5197016596794128 987
1784244645536 0.3956415057182312 988
1784244645555 0.4369168281555176 989
1784244645572 0.385407954454422 990
1784244645590 0.4604797959327698 991
1784244645608 0.6841349601745605 992
1784244645626 0.47166556119918823 993
1784244645644 0.2610185146331787 994
1784244645662 0.4629857540130615 995
1784244645681 0.43663641810417175 996
1784244645699 0.8949793577194214 997
1784244645717 0.5908433794975281 998
1784244645736 0.33794501423835754 999
1784244645755 0.9251561164855957 1000
1784244645773 0.5145918726921082 1001
1784244645791 0.4553506374359131 1002
1784244645808 0.6795409917831421 1003
1784244645827 1.0123653411865234 1004
1784244645845 0.2864912152290344 1005
1784244645864 0.5970891714096069 1006
1784244645881 0.22287607192993164 1007
1784244645899 0.2782563865184784 1008
1784244645916 0.2678367495536804 1009
1784244645931 0.45676329731941223 1010
1784244645949 0.3206147253513336 1011
1784244645967 0.32305485010147095 1012
1784244645986 0.44806918501853943 1013
1784244646005 0.489460825920105 1014
1784244646024 0.37097153067588806 1015
1784244646042 0.28204524517059326 1016
1784244646059 0.5403357148170471 1017
1784244646077 0.3245873749256134 1018
1784244646095 0.747808575630188 1019
1784244646113 0.5156570076942444 1020
1784244646130 0.3114986717700958 1021
1784244646149 0.8837867975234985 1022
1784244646166 0.2589571177959442 1023
1784244646186 0.5511223673820496 1024
1784244646203 0.6076956987380981 1025
1784244646221 0.2832273542881012 1026
1784244646239 0.31299489736557007 1027
1784244646257 0.4214020371437073 1028
1784244646274 0.32478493452072144 1029
1784244646291 0.37866491079330444 1030
1784244646310 0.37533140182495117 1031
1784244646327 0.5547130107879639 1032
1784244646344 0.6034554839134216 1033
1784244646362 0.3466958999633789 1034
1784244646380 0.5239447355270386 1035
1784244646399 0.5730751156806946 1036
1784244646417 0.3666171133518219 1037
1784244646435 0.34164005517959595 1038
1784244646452 0.4889126420021057 1039
1784244646470 0.37181341648101807 1040
1784244646487 0.24899545311927795 1041
1784244646505 0.48309212923049927 1042
1784244646522 0.6048320531845093 1043
1784244646538 0.38552770018577576 1044
1784244646554 0.9561707377433777 1045
1784244646573 0.5541046857833862 1046
1784244646590 0.6774065494537354 1047
1784244646608 0.3643845021724701 1048
1784244646625 0.6635680794715881 1049
1784244646642 0.5145078897476196 1050
1784244646660 0.3696860373020172 1051
1784244646677 0.3670748770236969 1052
1784244646697 0.4724569320678711 1053
1784244646713 0.5682550668716431 1054
1784244646732 0.31949228048324585 1055
1784244646749 0.35325944423675537 1056
1784244646769 0.5033643245697021 1057
1784244646788 0.7854920625686646 1058
1784244646804 0.4477091431617737 1059
1784244646821 0.366140753030777 1060
1784244646838 0.4706929922103882 1061
1784244646856 0.47891363501548767 1062
1784244646879 0.3640807867050171 1063
1784244646902 0.4462442100048065 1064
1784244646919 0.26020267605781555 1065
1784244646941 0.9430973529815674 1066
1784244646959 0.38180994987487793 1067
1784244646976 0.4513389766216278 1068
1784244646993 0.2899295687675476 1069
1784244647012 0.3861691951751709 1070
1784244647030 0.5528488159179688 1071
1784244647047 0.3592036962509155 1072
1784244647065 0.2746867835521698 1073
1784244647084 0.41231241822242737 1074
1784244647102 0.4175637364387512 1075
1784244647120 0.5711785554885864 1076
1784244647139 0.3838544487953186 1077
1784244647157 0.7415368556976318 1078
1784244647178 0.3481093943119049 1079
1784244647195 0.5619956254959106 1080
1784244647213 0.4358808994293213 1081
1784244647231 0.518097460269928 1082
1784244647250 0.30727604031562805 1083
1784244647269 0.5803371667861938 1084
1784244647287 0.4155387878417969 1085
1784244647303 0.285786509513855 1086
1784244647320 0.4817676842212677 1087
1784244647337 0.3296213746070862 1088
1784244647353 0.48487764596939087 1089
1784244647371 0.5277372598648071 1090
1784244647389 0.5769367814064026 1091
1784244647406 0.5499762892723083 1092
1784244647423 0.28859859704971313 1093
1784244647441 0.47032099962234497 1094
1784244647457 0.5529722571372986 1095
1784244647474 0.2443421185016632 1096
1784244647493 0.5119721293449402 1097
1784244647511 0.44607222080230713 1098
1784244647528 0.31969085335731506 1099
1784244647546 0.6074882745742798 1100
1784244647565 0.49692147970199585 1101
1784244647582 0.49763843417167664 1102
1784244647600 0.3901367783546448 1103
1784244647616 0.5031685829162598 1104
1784244647633 0.5215629935264587 1105
1784244647652 0.376155287027359 1106
1784244647670 0.5818570852279663 1107
1784244647687 0.5762554407119751 1108
1784244647705 0.30518606305122375 1109
1784244647721 0.37790197134017944 1110
1784244647737 0.21479064226150513 1111
1784244647753 0.5117895603179932 1112
1784244647784 0.6013232469558716 1113
1784244647801 0.579119086265564 1114
1784244647820 0.40587103366851807 1115
1784244647839 0.396079421043396 1116
1784244647857 0.43871498107910156 1117
1784244647874 0.7185048460960388 1118
1784244647892 0.24696625769138336 1119
1784244647911 0.5022575855255127 1120
1784244647930 0.3270301818847656 1121
1784244647948 0.4418124556541443 1122
1784244647966 0.4165213704109192 1123
1784244647986 0.38008129596710205 1124
1784244648004 0.17322401702404022 1125
1784244648023 0.37628838419914246 1126
1784244648046 0.29179471731185913 1127
1784244648064 0.2864468991756439 1128
1784244648085 0.6991316080093384 1129
1784244648104 0.45730486512184143 1130
1784244648122 0.19851641356945038 1131
1784244648141 0.3977065682411194 1132
1784244648160 0.3621677756309509 1133
1784244648180 0.3753134608268738 1134
1784244648203 0.2860315144062042 1135
1784244648222 0.3821191191673279 1136
1784244648241 0.5405080914497375 1137
1784244648262 0.6323870420455933 1138
1784244648281 0.3778095841407776 1139
1784244648302 0.4597943425178528 1140
1784244648320 0.3497607111930847 1141
1784244648341 0.5021264553070068 1142
1784244648360 0.2754492461681366 1143
1784244648378 0.6757718920707703 1144
1784244648398 0.45918652415275574 1145
1784244648417 0.3662790358066559 1146
1784244648435 0.2895570993423462 1147
1784244648454 0.27395105361938477 1148
1784244648473 0.4489249587059021 1149
1784244648491 0.36139383912086487 1150
1784244648510 0.5836806893348694 1151
1784244648529 0.4272312521934509 1152
1784244648546 0.27245330810546875 1153
1784244648563 0.376707524061203 1154
1784244648580 0.26069575548171997 1155
1784244648600 0.3313278555870056 1156
1784244648617 0.2292725294828415 1157
1784244648634 0.3854413330554962 1158
1784244648652 0.6740612387657166 1159
1784244648669 0.6989268660545349 1160
1784244648686 0.5475761294364929 1161
1784244648703 0.3682706654071808 1162
1784244648722 0.4435100853443146 1163
1784244648739 0.4974518418312073 1164
1784244648757 0.41776561737060547 1165
1784244648775 0.2883181571960449 1166
1784244648793 0.6169166564941406 1167
1784244648811 0.8641502261161804 1168
1784244648828 0.3113507926464081 1169
1784244648845 0.5012917518615723 1170
1784244648863 0.44429412484169006 1171
1784244648883 0.26147717237472534 1172
1784244648903 0.26324936747550964 1173
1784244648921 0.29594719409942627 1174
1784244648939 0.590164065361023 1175
1784244648956 0.5844824910163879 1176
1784244648974 0.5992463827133179 1177
1784244649071 0.29742318391799927 1178
1784244649092 0.31188249588012695 1179
1784244649126 0.21999718248844147 1180
1784244649154 0.4828937351703644 1181
1784244649176 0.20436608791351318 1182
1784244649198 0.586368203163147 1183
1784244649217 0.2445153295993805 1184
1784244649236 0.4121409058570862 1185
1784244649253 0.4126655161380768 1186
1784244649271 0.43293115496635437 1187
1784244649290 0.30680155754089355 1188
1784244649307 0.227027028799057 1189
1784244649325 0.4674746096134186 1190
1784244649345 0.32826367020606995 1191
1784244649363 0.36629897356033325 1192
1784244649382 0.5172439217567444 1193
1784244649400 0.39170634746551514 1194
1784244649419 0.45050135254859924 1195
1784244649437 0.2657404839992523 1196
1784244649457 0.36070501804351807 1197
1784244649475 0.21603450179100037 1198
1784244649492 0.4051675498485565 1199
1784244649510 0.5029042959213257 1200
1784244649528 0.2850051820278168 1201
1784244649545 0.31878021359443665 1202
1784244649562 0.7178826928138733 1203
1784244649581 0.3165932297706604 1204
1784244649599 0.41564545035362244 1205
1784244649615 0.44111743569374084 1206
1784244649633 0.39841267466545105 1207
1784244649651 0.46266260743141174 1208
1784244649670 0.2998915910720825 1209
1784244649694 0.5085235238075256 1210
1784244649713 0.5399507880210876 1211
1784244649768 0.5459065437316895 1212
1784244649834 0.40717217326164246 1213
1784244649871 0.4522823393344879 1214
1784244649895 0.37040582299232483 1215
1784244649916 0.5369126200675964 1216
1784244649937 0.2503480613231659 1217
1784244649958 0.2020740509033203 1218
1784244649977 0.2677324414253235 1219
1784244649997 0.37734076380729675 1220
1784244650015 0.5657347440719604 1221
1784244650031 0.3840588629245758 1222
1784244650051 0.5356264114379883 1223
1784244650068 0.34291064739227295 1224
1784244650084 0.21059389412403107 1225
1784244650101 0.3165990114212036 1226
1784244650120 0.35619160532951355 1227
1784244650138 0.16934235394001007 1228
1784244650156 0.23525601625442505 1229
1784244650177 0.26469600200653076 1230
1784244650195 0.22881804406642914 1231
1784244650215 0.34659865498542786 1232
1784244650233 0.6703850626945496 1233
1784244650251 0.22810937464237213 1234
1784244650269 0.35010242462158203 1235
1784244650287 0.4454803764820099 1236
1784244650305 0.5343466997146606 1237
1784244650323 0.49756863713264465 1238
1784244650340 0.5240265130996704 1239
1784244650359 0.2908281981945038 1240
1784244650377 0.4322550296783447 1241
1784244650396 0.5459195375442505 1242
1784244650414 0.1647765040397644 1243
1784244650434 0.3594558835029602 1244
1784244650452 0.2435726523399353 1245
1784244650468 0.47706490755081177 1246
1784244650486 0.34859001636505127 1247
1784244650503 0.48170921206474304 1248
1784244650520 0.340709924697876 1249
1784244650538 0.5001449584960938 1250
1784244650557 0.36486175656318665 1251
1784244650574 0.4334872364997864 1252
1784244650597 0.5628132820129395 1253
1784244650617 0.3782089352607727 1254
1784244650637 0.38172784447669983 1255
1784244650657 0.3366672396659851 1256
1784244650682 0.19276925921440125 1257
1784244650703 0.322757750749588 1258
1784244650724 0.4572272300720215 1259
1784244650754 0.21433739364147186 1260
1784244650778 0.41062629222869873 1261
1784244650807 0.37510859966278076 1262
1784244650831 0.2843165993690491 1263
1784244650855 0.2926260828971863 1264
1784244650882 0.2895844876766205 1265
1784244650907 0.4968498945236206 1266
1784244650928 0.24429072439670563 1267
1784244650958 0.3646152913570404 1268
1784244650984 0.42592108249664307 1269
1784244651005 0.41781309247016907 1270
1784244651024 0.584019124507904 1271
1784244651051 0.624830961227417 1272
1784244651070 0.540208101272583 1273
1784244651089 0.5403034090995789 1274
1784244651110 0.265193372964859 1275
1784244651137 0.39350301027297974 1276
1784244651178 0.2575538456439972 1277
1784244651208 0.2870498299598694 1278
1784244651240 0.23063011467456818 1279
1784244651276 0.3085494935512543 1280
1784244651302 0.27892711758613586 1281
1784244651327 0.6277211904525757 1282
1784244651353 0.31179293990135193 1283
1784244651393 0.3916017711162567 1284
1784244651419 0.43454083800315857 1285
1784244651452 0.29321905970573425 1286
1784244651473 0.20255497097969055 1287
1784244651494 0.32437238097190857 1288
1784244651518 0.2570590078830719 1289
1784244651539 0.38745197653770447 1290
1784244651558 0.601658821105957 1291
1784244651587 0.2878047823905945 1292
1784244651608 0.3197268545627594 1293
1784244651628 0.17504526674747467 1294
1784244651648 0.5491188168525696 1295
1784244651669 0.3106560707092285 1296
1784244651690 0.6361633539199829 1297
1784244651711 0.25766777992248535 1298
1784244651729 0.8568679094314575 1299
1784244651755 0.5488880276679993 1300
1784244651774 0.45624566078186035 1301
1784244651792 0.3500172197818756 1302
1784244651811 0.2724319100379944 1303
1784244651828 0.22718513011932373 1304
1784244651846 0.4922952651977539 1305
1784244651865 0.6025387048721313 1306
1784244651886 0.2660345733165741 1307
1784244651906 0.4915623366832733 1308
1784244651925 0.39319196343421936 1309
1784244651942 0.2333710938692093 1310
1784244651960 0.1648997962474823 1311
1784244651977 0.8283728957176208 1312
1784244651998 0.45984765887260437 1313
1784244652017 0.42338472604751587 1314
1784244652035 0.24794557690620422 1315
1784244652054 0.5797913074493408 1316
1784244652073 0.32304346561431885 1317
1784244652091 0.4779481589794159 1318
1784244652109 0.4849911630153656 1319
1784244652127 0.25486817955970764 1320
1784244652146 0.3627675771713257 1321
1784244652166 0.276291161775589 1322
1784244652187 0.2089189887046814 1323
1784244652206 0.48100095987319946 1324
1784244652225 0.38943561911582947 1325
1784244652243 0.5267010927200317 1326
1784244652261 0.4977564513683319 1327
1784244652279 0.32468947768211365 1328
1784244652301 0.38223493099212646 1329
1784244652319 0.2880394160747528 1330
1784244652336 0.2397526353597641 1331
1784244652354 0.4097485840320587 1332
1784244652373 0.26550889015197754 1333
1784244652390 0.32067880034446716 1334
1784244652408 0.558160126209259 1335
1784244652426 0.25438863039016724 1336
1784244652442 0.1756248027086258 1337
1784244652459 0.2462851107120514 1338
1784244652478 0.5511095523834229 1339
1784244652498 0.8060063123703003 1340
1784244652520 0.715133786201477 1341
1784244652539 0.4836045503616333 1342
1784244652559 0.4043794870376587 1343
1784244652579 0.6316160559654236 1344
1784244652599 0.544363796710968 1345
1784244652618 0.3288595378398895 1346
1784244652637 0.3221178352832794 1347
1784244652656 0.5949323773384094 1348
1784244652675 0.20582996308803558 1349
1784244652695 0.1298707276582718 1350
1784244652714 0.4700945317745209 1351
1784244652733 0.29746586084365845 1352
1784244652752 0.5106114149093628 1353
1784244652772 0.591703474521637 1354
1784244652792 0.6481189727783203 1355
1784244652811 0.32439306378364563 1356
1784244652831 0.7706810832023621 1357
1784244652851 0.3777700364589691 1358
1784244652871 0.21651387214660645 1359
1784244652890 0.4764083921909332 1360
1784244652909 0.28013747930526733 1361
1784244652929 0.1390381157398224 1362
1784244652947 0.7550185322761536 1363
1784244652967 0.22292278707027435 1364
1784244652988 0.22736628353595734 1365
1784244653006 0.4108438193798065 1366
1784244653024 0.28255724906921387 1367
1784244653042 0.19998018443584442 1368
1784244653059 0.21230286359786987 1369
1784244653077 0.11907975375652313 1370
1784244653096 0.7225422263145447 1371
1784244653113 0.2517949640750885 1372
1784244653132 0.45831167697906494 1373
1784244653149 0.32246437668800354 1374
1784244653173 0.16641339659690857 1375
1784244653193 0.5713026523590088 1376
1784244653210 0.24845407903194427 1377
1784244653229 0.2855662703514099 1378
1784244653324 0.3939090669155121 1379
1784244653356 0.577746570110321 1380
1784244653375 0.3512692153453827 1381
1784244653393 0.44972658157348633 1382
1784244653411 0.6113793849945068 1383
1784244653431 0.7252824902534485 1384
1784244653449 0.3781159222126007 1385
1784244653467 0.770300030708313 1386
1784244653486 0.8789118528366089 1387
1784244653503 0.351133793592453 1388
1784244653522 0.17035701870918274 1389
1784244653541 0.38302910327911377 1390
1784244653558 0.4590606987476349 1391
1784244653574 0.3689599633216858 1392
1784244653592 0.5032134056091309 1393
1784244653611 0.531110405921936 1394
1784244653635 0.4957549571990967 1395
1784244653658 0.4176141917705536 1396
1784244653679 0.44961628317832947 1397
1784244653702 0.25042328238487244 1398
1784244653724 0.5751530528068542 1399
1784244653742 0.3286559283733368 1400
1784244653760 0.36535078287124634 1401
1784244653778 0.4494519531726837 1402
1784244653796 0.5556157827377319 1403
1784244653815 0.5059328079223633 1404
1784244653836 0.42088326811790466 1405
1784244653854 0.30402565002441406 1406
1784244653873 0.3797909617424011 1407
1784244653890 0.37880900502204895 1408
1784244653906 0.29491156339645386 1409
1784244653924 0.45683783292770386 1410
1784244653940 0.4109059274196625 1411
1784244653957 0.4878736734390259 1412
1784244653975 0.30889806151390076 1413
1784244653993 0.2754749655723572 1414
1784244654010 0.343622624874115 1415
1784244654027 0.4281430244445801 1416
1784244654046 0.5709282755851746 1417
1784244654065 0.49218064546585083 1418
1784244654084 0.33228927850723267 1419
1784244654100 0.37616437673568726 1420
1784244654119 0.5855121612548828 1421
1784244654138 0.5674964785575867 1422
1784244654156 0.31815415620803833 1423
1784244654175 0.23698018491268158 1424
1784244654193 0.609641969203949 1425
1784244654212 0.7026031613349915 1426
1784244654230 0.5867327451705933 1427
1784244654250 0.2986195981502533 1428
1784244654269 0.3385591208934784 1429
1784244654287 0.41983962059020996 1430
1784244654305 0.25336897373199463 1431
1784244654321 0.3731950521469116 1432
1784244654338 0.5241512656211853 1433
1784244654356 0.22228175401687622 1434
1784244654376 0.5018856525421143 1435
1784244654393 0.743375301361084 1436
1784244654412 0.5977420806884766 1437
1784244654432 0.35526928305625916 1438
1784244654451 0.18906541168689728 1439
1784244654470 0.2854052484035492 1440
1784244654489 0.20930685102939606 1441
1784244654505 0.3925116956233978 1442
1784244654523 0.14328132569789886 1443
1784244654541 0.38976067304611206 1444
1784244654560 0.25544241070747375 1445
1784244654578 0.4687148928642273 1446
1784244654598 0.7401675581932068 1447
1784244654614 0.22855454683303833 1448
1784244654633 0.4442612826824188 1449
1784244654652 0.5117172598838806 1450
1784244654674 0.3928602337837219 1451
1784244654695 0.46898120641708374 1452
1784244654712 0.13593149185180664 1453
1784244654732 0.8843021988868713 1454
1784244654750 0.6575930714607239 1455
1784244654768 0.2523822486400604 1456
1784244654785 0.3212839365005493 1457
1784244654801 0.9199404120445251 1458
1784244654819 0.6311782598495483 1459
1784244654837 0.5248968601226807 1460
1784244654855 0.5933101773262024 1461
1784244654874 0.31022751331329346 1462
1784244654892 0.35287097096443176 1463
1784244654911 0.3720633387565613 1464
1784244654931 0.29811617732048035 1465
1784244654948 0.6243782639503479 1466
1784244654967 0.17649419605731964 1467
1784244654985 0.1725931316614151 1468
1784244655004 0.3691568672657013 1469
1784244655022 0.34034600853919983 1470
1784244655040 0.8970256447792053 1471
1784244655059 0.2757496237754822 1472
1784244655077 0.38633957505226135 1473
1784244655094 0.4053553342819214 1474
1784244655113 0.3816869854927063 1475
1784244655132 0.2092507928609848 1476
1784244655150 0.36659106612205505 1477
1784244655168 0.15643645823001862 1478
1784244655194 0.38948243856430054 1479
1784244655211 0.402934730052948 1480
1784244655228 0.20308230817317963 1481
1784244655247 0.1780330091714859 1482
1784244655265 0.398252010345459 1483
1784244655284 0.47749313712120056 1484
1784244655301 0.3763175308704376 1485
1784244655317 0.3462056517601013 1486
1784244655336 0.613767147064209 1487
1784244655355 0.5256778001785278 1488
1784244655373 0.23623479902744293 1489
1784244655391 0.39186230301856995 1490
1784244655410 0.324045866727829 1491
1784244655428 0.18711085617542267 1492
1784244655448 0.13908182084560394 1493
1784244655467 0.28778278827667236 1494
1784244655488 0.22903315722942352 1495
1784244655507 0.4052930772304535 1496
1784244655527 0.43351489305496216 1497
1784244655547 0.3202240765094757 1498
1784244655569 0.3798721730709076 1499
1784244655590 0.3233654499053955 1500
1784244655608 0.36159732937812805 1501
1784244655627 0.4107862114906311 1502
1784244655649 0.3939873278141022 1503
1784244655670 0.4374563694000244 1504
1784244655690 0.4577626585960388 1505
1784244655710 0.22489912807941437 1506
1784244655731 0.506537139415741 1507
1784244655751 0.7293145060539246 1508
1784244655772 0.18206378817558289 1509
1784244655791 0.37432214617729187 1510
1784244655809 0.33963650465011597 1511
1784244655828 0.3703404366970062 1512
1784244655848 0.789647102355957 1513
1784244655872 0.38351064920425415 1514
1784244655898 0.34777840971946716 1515
1784244655920 0.23731251060962677 1516
1784244655943 0.6060108542442322 1517
1784244655966 0.36807775497436523 1518
1784244655983 0.2922852635383606 1519
1784244656001 0.3229858875274658 1520
1784244656020 0.2731461822986603 1521
1784244656039 0.6934332847595215 1522
1784244656057 0.2319200485944748 1523
1784244656078 0.25731950998306274 1524
1784244656095 0.15708358585834503 1525
1784244656112 0.4562760591506958 1526
1784244656132 0.2711956799030304 1527
1784244656148 0.38337045907974243 1528
1784244656167 0.1592855006456375 1529
1784244656184 0.24635352194309235 1530
1784244656204 0.6809398531913757 1531
1784244656222 0.28042465448379517 1532
1784244656242 0.6510902047157288 1533
1784244656260 0.20381860435009003 1534
1784244656278 0.27371513843536377 1535
1784244656296 0.14697442948818207 1536
1784244656315 0.5833681225776672 1537
1784244656333 0.2819035053253174 1538
1784244656352 0.44122105836868286 1539
1784244656371 0.5141265392303467 1540
1784244656390 0.4107687771320343 1541
1784244656408 0.43293237686157227 1542
1784244656425 0.25768598914146423 1543
1784244656443 0.4318283796310425 1544
1784244656459 0.2327626496553421 1545
1784244656482 0.12037575989961624 1546
1784244656502 0.21144413948059082 1547
1784244656520 0.3883110582828522 1548
1784244656538 0.5951014161109924 1549
1784244656559 0.3018759489059448 1550
1784244656577 0.29200851917266846 1551
1784244656596 0.16900506615638733 1552
1784244656614 0.3133472502231598 1553
1784244656633 0.24455824494361877 1554
1784244656652 0.732174277305603 1555
1784244656671 0.13418298959732056 1556
1784244656690 0.429551899433136 1557
1784244656709 0.37390103936195374 1558
1784244656726 0.15393419563770294 1559
1784244656746 0.14561966061592102 1560
1784244656764 0.35376572608947754 1561
1784244656780 0.3660030663013458 1562
1784244656799 0.8611934185028076 1563
1784244656818 0.6025687456130981 1564
1784244656837 0.35124921798706055 1565
1784244656855 0.22503460943698883 1566
1784244656874 0.8184782862663269 1567
1784244656891 0.37404394149780273 1568
1784244656910 0.3465087413787842 1569
1784244656927 0.5857521891593933 1570
1784244656945 0.24024929106235504 1571
1784244656966 0.3678807318210602 1572
1784244656983 0.4282093942165375 1573
1784244657001 0.38266658782958984 1574
1784244657018 0.4869635999202728 1575
1784244657036 0.37050944566726685 1576
1784244657054 0.37547048926353455 1577
1784244657072 0.3632512390613556 1578
1784244657090 0.6044503450393677 1579
1784244657108 0.4275531470775604 1580
1784244657126 0.3530696928501129 1581
1784244657145 0.3902968466281891 1582
1784244657164 0.22616717219352722 1583
1784244657184 0.2959560751914978 1584
1784244657201 0.25344088673591614 1585
1784244657219 0.30220046639442444 1586
1784244657238 0.30583223700523376 1587
1784244657257 0.4780305325984955 1588
1784244657275 0.21669206023216248 1589
1784244657291 0.4520367383956909 1590
1784244657308 0.3743848502635956 1591
1784244657324 0.14019060134887695 1592
1784244657341 0.23721548914909363 1593
1784244657359 0.5577800273895264 1594
1784244657376 0.5471886396408081 1595
1784244657394 0.35815536975860596 1596
1784244657414 0.33083009719848633 1597
1784244657430 0.4946371018886566 1598
1784244657449 0.4412229657173157 1599
1784244657467 0.23329009115695953 1600
1784244657484 0.22043617069721222 1601
1784244657502 0.8253013491630554 1602
1784244657521 0.45768386125564575 1603
1784244657540 0.47086450457572937 1604
1784244657559 0.14009059965610504 1605
1784244657577 0.475033164024353 1606
1784244657597 0.6952424049377441 1607
1784244657613 0.3057630658149719 1608
1784244657631 0.45463424921035767 1609
1784244657648 0.3361561596393585 1610
1784244657665 0.2880764901638031 1611
1784244657682 0.46304839849472046 1612
1784244657714 1.0231891870498657 1613
1784244657733 0.43010520935058594 1614
1784244657752 0.41626131534576416 1615
1784244657771 0.2147122621536255 1616
1784244657789 0.5758351683616638 1617
1784244657808 0.24825572967529297 1618
1784244657826 0.4314841330051422 1619
1784244657845 0.37148162722587585 1620
1784244657864 0.3335408866405487 1621
1784244657883 0.3927533030509949 1622
1784244657899 0.5958532094955444 1623
1784244657917 0.4405106008052826 1624
1784244657936 0.11675843596458435 1625
1784244657955 0.3037319779396057 1626
1784244657972 0.6124101877212524 1627
1784244657991 0.23562075197696686 1628
1784244658008 0.3578634262084961 1629
1784244658027 0.1463843286037445 1630
1784244658045 0.2582606375217438 1631
1784244658064 0.23421786725521088 1632
1784244658083 0.320062518119812 1633
1784244658104 0.28220030665397644 1634
1784244658127 0.39186838269233704 1635
1784244658148 0.6349096298217773 1636
1784244658172 0.3511671721935272 1637
1784244658193 0.15058189630508423 1638
1784244658213 0.33971932530403137 1639
1784244658233 0.24256789684295654 1640
1784244658253 0.24828052520751953 1641
1784244658272 0.5199657082557678 1642
1784244658290 0.17240267992019653 1643
1784244658308 0.3455818295478821 1644
1784244658326 0.24737775325775146 1645
1784244658346 0.26470711827278137 1646
1784244658366 0.4375200569629669 1647
1784244658385 0.37706801295280457 1648
1784244658404 0.32469213008880615 1649
1784244658421 0.47596317529678345 1650
1784244658440 0.43089768290519714 1651
1784244658458 0.2980853319168091 1652
1784244658477 0.30754125118255615 1653
1784244658495 0.3657075762748718 1654
1784244658511 0.39544594287872314 1655
1784244658530 0.394494891166687 1656
1784244658550 0.12622809410095215 1657
1784244658567 0.5922839641571045 1658
1784244658587 0.605510413646698 1659
1784244658606 0.4123387336730957 1660
1784244658625 0.15518344938755035 1661
1784244658643 0.29527556896209717 1662
1784244658661 0.18598583340644836 1663
1784244658679 0.3930004835128784 1664
1784244658698 0.24445512890815735 1665
1784244658716 0.39341065287590027 1666
1784244658734 0.7542669773101807 1667
1784244658753 0.473818302154541 1668
1784244658772 0.5122292637825012 1669
1784244658790 0.7309111952781677 1670
1784244658809 0.4498814642429352 1671
1784244658826 0.19997619092464447 1672
1784244658845 0.5812018513679504 1673
1784244658863 0.1896934062242508 1674
1784244658880 0.4507554769515991 1675
1784244658898 0.4243582785129547 1676
1784244658916 0.3705844581127167 1677
1784244658941 0.5334329605102539 1678
1784244658961 0.43578091263771057 1679
1784244658981 0.14240942895412445 1680
1784244658999 0.29525765776634216 1681
1784244659018 0.2761286497116089 1682
1784244659041 0.5760884284973145 1683
1784244659060 0.3465713858604431 1684
1784244659079 0.4234195053577423 1685
1784244659100 0.44778111577033997 1686
1784244659119 0.15680667757987976 1687
1784244659138 0.2981160283088684 1688
1784244659160 0.3074878752231598 1689
1784244659180 0.3235441744327545 1690
1784244659199 0.4330183267593384 1691
1784244659217 0.32367363572120667 1692
1784244659237 0.6781404614448547 1693
1784244659257 0.2349013388156891 1694
1784244659276 0.3042530119419098 1695
1784244659298 0.3444306552410126 1696
1784244659318 0.28278055787086487 1697
1784244659339 0.22963926196098328 1698
1784244659357 0.37109020352363586 1699
1784244659376 0.3690570592880249 1700
1784244659395 0.2067805379629135 1701
1784244659413 0.6352406740188599 1702
1784244659435 0.292773574590683 1703
1784244659455 0.40059930086135864 1704
1784244659473 0.305821031332016 1705
1784244659490 0.17864422500133514 1706
1784244659509 0.25947487354278564 1707
1784244659528 0.48277321457862854 1708
1784244659548 0.6519181132316589 1709
1784244659567 0.5981082916259766 1710
1784244659586 0.36203014850616455 1711
1784244659605 0.322546124458313 1712
1784244659623 0.4556228220462799 1713
1784244659640 0.18064916133880615 1714
1784244659660 0.19775190949440002 1715
1784244659678 0.17643719911575317 1716
1784244659695 0.5200658440589905 1717
1784244659714 0.2495557963848114 1718
1784244659733 0.3960305452346802 1719
1784244659753 0.3664349615573883 1720
1784244659773 0.18643967807292938 1721
1784244659791 0.3238318860530853 1722
1784244659808 0.1581568419933319 1723
1784244659826 0.26957449316978455 1724
1784244659845 0.29268479347229004 1725
1784244659863 0.23738092184066772 1726
1784244659882 0.27644866704940796 1727
1784244659900 0.2765989601612091 1728
1784244659918 0.7257614135742188 1729
1784244659937 0.38255050778388977 1730
1784244659956 0.33568075299263 1731
1784244659974 0.5079640746116638 1732
1784244659992 0.24977847933769226 1733
1784244660014 0.4367082417011261 1734
1784244660035 0.3445092439651489 1735
1784244660055 0.4688680171966553 1736
1784244660074 0.16796739399433136 1737
1784244660094 0.29953598976135254 1738
1784244660113 0.4656985104084015 1739
1784244660134 0.13499081134796143 1740
1784244660152 0.4897109568119049 1741
1784244660174 0.3338632881641388 1742
1784244660192 0.39448606967926025 1743
1784244660209 0.2814854383468628 1744
1784244660227 0.2553098499774933 1745
1784244660243 0.3841783404350281 1746
1784244660260 0.5211759805679321 1747
1784244660278 0.3152244985103607 1748
1784244660297 0.48273149132728577 1749
1784244660316 0.22031956911087036 1750
1784244660336 0.1103355884552002 1751
1784244660358 0.29198968410491943 1752
1784244660381 0.25442323088645935 1753
1784244660403 0.6938498616218567 1754
1784244660423 0.37931933999061584 1755
1784244660444 0.2977170944213867 1756
1784244660464 0.3458532691001892 1757
1784244660483 0.3080049157142639 1758
1784244660501 0.5403896570205688 1759
1784244660519 0.5318900942802429 1760
1784244660538 0.2213003933429718 1761
1784244660557 0.48280832171440125 1762
1784244660575 0.22202228009700775 1763
1784244660594 0.3224802017211914 1764
1784244660611 0.43737852573394775 1765
1784244660628 0.4571499228477478 1766
1784244660646 0.5726609230041504 1767
1784244660664 0.1634821593761444 1768
1784244660681 0.3194539248943329 1769
1784244660699 0.28307417035102844 1770
1784244660716 0.24487268924713135 1771
1784244660733 0.20472517609596252 1772
1784244660750 0.45446446537971497 1773
1784244660769 0.2040354311466217 1774
1784244660787 0.1575097292661667 1775
1784244660806 0.44665002822875977 1776
1784244660823 0.43533268570899963 1777
1784244660841 0.4083414375782013 1778
1784244660860 0.3035898506641388 1779
1784244660878 0.16855502128601074 1780
1784244660897 0.44703948497772217 1781
1784244660913 0.6648245453834534 1782
1784244660930 0.18466773629188538 1783
1784244660946 0.2683074176311493 1784
1784244660967 0.45451489090919495 1785
1784244660985 0.3305642008781433 1786
1784244661003 0.6142815351486206 1787
1784244661022 0.11165635287761688 1788
1784244661040 0.3987830579280853 1789
1784244661059 0.5613336563110352 1790
1784244661079 0.29157590866088867 1791
1784244661097 0.3857284188270569 1792
1784244661116 0.1895783692598343 1793
1784244661135 0.3883821666240692 1794
1784244661155 0.15190443396568298 1795
1784244661175 0.3132607340812683 1796
1784244661196 0.46184810996055603 1797
1784244661213 0.295768678188324 1798
1784244661231 0.4127958416938782 1799
1784244661250 0.14982162415981293 1800
1784244661267 0.3274880647659302 1801
1784244661285 0.12345153093338013 1802
1784244661304 0.3173317015171051 1803
1784244661324 0.1993739753961563 1804
1784244661342 0.1616339385509491 1805
1784244661362 0.3034725487232208 1806
1784244661382 0.17550301551818848 1807
1784244661399 0.20659905672073364 1808
1784244661418 0.2575233280658722 1809
1784244661435 0.3413449227809906 1810
1784244661453 0.20597988367080688 1811
1784244661472 0.31118595600128174 1812
1784244661490 0.17249159514904022 1813
1784244661508 0.4702799320220947 1814
1784244661527 0.35095036029815674 1815
1784244661548 0.3044854700565338 1816
1784244661565 0.2891424894332886 1817
1784244661586 0.1576978862285614 1818
1784244661605 0.11002914607524872 1819
1784244661623 0.30712419748306274 1820
1784244661641 0.24355226755142212 1821
1784244661659 0.19851863384246826 1822
1784244661677 0.3634518086910248 1823
1784244661698 0.17357629537582397 1824
1784244661714 0.1458878070116043 1825
1784244661739 0.3136011064052582 1826
1784244661759 0.36463096737861633 1827
1784244661776 0.2764793932437897 1828
1784244661796 0.2165324091911316 1829
1784244661813 0.4655374586582184 1830
1784244661830 0.4813186228275299 1831
1784244661848 0.4038778245449066 1832
1784244661867 0.26698073744773865 1833
1784244661886 0.6918307542800903 1834
1784244661905 0.2460639476776123 1835
1784244661924 0.3482244610786438 1836
1784244661941 0.5339964032173157 1837
1784244661958 0.27227506041526794 1838
1784244661977 0.2611462473869324 1839
1784244661997 0.4558265805244446 1840
1784244662015 0.2625523805618286 1841
1784244662034 0.4134191870689392 1842
1784244662053 0.3096931576728821 1843
1784244662072 0.32036638259887695 1844
1784244662089 0.3591170608997345 1845
1784244662105 0.672921895980835 1846
1784244662123 0.33569851517677307 1847
1784244662142 0.49291080236434937 1848
1784244662163 0.3143272399902344 1849
1784244662181 0.1322823464870453 1850
1784244662199 0.3092871904373169 1851
1784244662217 0.5736554861068726 1852
1784244662235 0.6190853714942932 1853
1784244662253 0.5954912304878235 1854
1784244662271 0.4127907156944275 1855
1784244662290 0.46314737200737 1856
1784244662308 0.3731248378753662 1857
1784244662326 0.19954505562782288 1858
1784244662346 0.7383440136909485 1859
1784244662364 0.6368085741996765 1860
1784244662383 0.22345224022865295 1861
1784244662401 0.9423134326934814 1862
1784244662420 0.562430202960968 1863
1784244662439 0.2184547632932663 1864
1784244662458 0.28958848118782043 1865
1784244662478 0.5365937352180481 1866
1784244662497 0.371043860912323 1867
1784244662515 0.1797747164964676 1868
1784244662536 0.28511014580726624 1869
1784244662557 0.2466498613357544 1870
1784244662590 0.13983199000358582 1871
1784244662629 0.40389910340309143 1872
1784244662657 0.7455520033836365 1873
1784244662688 0.19096174836158752 1874
1784244664545 0.48120614886283875 1875
1784244664565 0.3069387972354889 1876
1784244664586 0.49696189165115356 1877
1784244664606 0.6139371991157532 1878
1784244664625 0.41002756357192993 1879
1784244664643 0.31709304451942444 1880
1784244664662 0.5021663904190063 1881
1784244664680 0.44391822814941406 1882
1784244664699 0.39826589822769165 1883
1784244664717 0.19506335258483887 1884
1784244664735 0.3693951666355133 1885
1784244664753 0.2912399470806122 1886
1784244664772 0.4091971814632416 1887
1784244664789 0.5369142293930054 1888
1784244664806 0.17853739857673645 1889
1784244664824 0.43330734968185425 1890
1784244664842 0.4366942346096039 1891
1784244664863 0.45013102889060974 1892
1784244664886 0.2793060839176178 1893
1784244664908 0.36967000365257263 1894
1784244664931 0.2235630601644516 1895
1784244664952 0.4448354244232178 1896
1784244664972 0.30629345774650574 1897
1784244664993 0.805565357208252 1898
1784244665010 0.5169306993484497 1899
1784244665027 0.3724694848060608 1900
1784244665045 0.34004148840904236 1901
1784244665064 0.1644112467765808 1902
1784244665084 0.22485356032848358 1903
1784244665102 0.17993199825286865 1904
1784244665121 0.32499951124191284 1905
1784244665139 0.1917651742696762 1906
1784244665156 0.3353659510612488 1907
1784244665176 0.26331642270088196 1908
1784244665193 0.377323716878891 1909
1784244665211 0.31273379921913147 1910
1784244665230 0.17814460396766663 1911
1784244665250 0.3257720172405243 1912
1784244665267 0.23243829607963562 1913
1784244665285 0.384392112493515 1914
1784244665302 0.33218109607696533 1915
1784244665321 0.5121430158615112 1916
1784244665337 0.3822929859161377 1917
1784244665357 0.13815224170684814 1918
1784244665375 0.4037918448448181 1919
1784244665395 0.1746235340833664 1920
1784244665411 0.1992693841457367 1921
1784244665430 0.1565295308828354 1922
1784244665449 0.3714529573917389 1923
1784244665465 0.23627100884914398 1924
1784244665482 0.8414434194564819 1925
1784244665501 0.3891846239566803 1926
1784244665518 0.2563886046409607 1927
1784244665537 0.25295791029930115 1928
1784244665556 0.1785883754491806 1929
1784244665573 0.39407193660736084 1930
1784244665595 0.1158611923456192 1931
1784244665612 0.5079236626625061 1932
1784244665632 0.17637495696544647 1933
1784244665653 0.8384755849838257 1934
1784244665671 0.1711443066596985 1935
1784244665688 0.34110939502716064 1936
1784244665707 0.3193286657333374 1937
1784244665724 0.15840274095535278 1938
1784244665741 0.39455556869506836 1939
1784244665761 0.19155535101890564 1940
1784244665785 0.3821524679660797 1941
1784244665804 0.28919896483421326 1942
1784244665821 0.3508972227573395 1943
1784244665838 0.21382351219654083 1944
1784244665855 0.36626359820365906 1945
1784244665873 0.5446470975875854 1946
1784244665893 0.4058498442173004 1947
1784244665910 0.2821345031261444 1948
1784244665927 0.2430051565170288 1949
1784244665947 0.159073606133461 1950
1784244665966 0.24116641283035278 1951
1784244665985 0.4218364357948303 1952
1784244666004 0.3311155438423157 1953
1784244666022 0.4533596932888031 1954
1784244666040 0.42286938428878784 1955
1784244666058 0.2747593820095062 1956
1784244666081 0.23015230894088745 1957
1784244666100 0.14800475537776947 1958
1784244666119 0.3618346154689789 1959
1784244666137 0.4436291456222534 1960
1784244666155 0.3510020077228546 1961
1784244666173 0.7536203861236572 1962
1784244666191 0.39130690693855286 1963
1784244666208 0.38690441846847534 1964
1784244666227 0.5789052844047546 1965
1784244666245 0.20930181443691254 1966
1784244666264 0.44231680035591125 1967
1784244666282 0.2460021823644638 1968
1784244666300 0.36614418029785156 1969
1784244666319 0.24320916831493378 1970
1784244666338 0.13026538491249084 1971
1784244666357 0.2472146451473236 1972
1784244666375 0.2535242438316345 1973
1784244666394 0.2283850610256195 1974
1784244666412 0.40069058537483215 1975
1784244666433 0.15681062638759613 1976
1784244666453 0.20519091188907623 1977
1784244666470 0.5277534127235413 1978
1784244666488 0.32368528842926025 1979
1784244666507 0.3766283094882965 1980
1784244666526 0.5638328194618225 1981
1784244666546 0.2776322066783905 1982
1784244666564 0.46410655975341797 1983
1784244666582 0.39246174693107605 1984
1784244666601 0.5181899070739746 1985
1784244666620 0.31494274735450745 1986
1784244666638 0.0782400593161583 1987
1784244666656 0.2480648010969162 1988
1784244666674 0.22955329716205597 1989
1784244666692 0.22103667259216309 1990
1784244666709 0.2926977872848511 1991
1784244666729 0.49112004041671753 1992
1784244666747 0.15979689359664917 1993
1784244666766 0.14724406599998474 1994
1784244666786 0.32560718059539795 1995
1784244666804 0.18237318098545074 1996
1784244666823 0.9592761397361755 1997
1784244666841 0.20549951493740082 1998
1784244666860 0.40548670291900635 1999
1784244666879 0.7023828625679016 2000
1784244666897 0.49542421102523804 2001
1784244666918 0.43055588006973267 2002
1784244666936 0.11399488896131516 2003
1784244666955 0.36291155219078064 2004
1784244666972 0.36907076835632324 2005
1784244666991 0.2032979279756546 2006
1784244667009 0.23635217547416687 2007
1784244667026 0.29813987016677856 2008
1784244667045 0.5050122141838074 2009
1784244667064 0.34512680768966675 2010
1784244667087 0.7066324353218079 2011
1784244667108 0.38435712456703186 2012
1784244667132 0.1494697481393814 2013
1784244667157 0.6296982765197754 2014
1784244667181 0.3635837137699127 2015
1784244667202 0.15006355941295624 2016
1784244667223 0.5006551146507263 2017
1784244667245 0.7548951506614685 2018
1784244667264 0.24756671488285065 2019
1784244667285 0.260322630405426 2020
1784244667307 0.16179004311561584 2021
1784244667330 0.2116721272468567 2022
1784244667354 0.3014940619468689 2023
1784244667375 0.28884753584861755 2024
1784244667397 0.07068472355604172 2025
1784244667423 0.21011009812355042 2026
1784244667443 0.338833212852478 2027
1784244667465 0.3937719464302063 2028
1784244667492 0.20789052546024323 2029
1784244667515 0.4828440546989441 2030
1784244667536 0.4461438059806824 2031
1784244667557 0.13463962078094482 2032
1784244667581 0.32530438899993896 2033
1784244667599 0.27226635813713074 2034
1784244667619 0.47607019543647766 2035
1784244667637 0.2908976078033447 2036
1784244667661 0.48995518684387207 2037
1784244667686 0.2554124891757965 2038
1784244667710 0.1661362648010254 2039
1784244667734 0.179651141166687 2040
1784244667758 0.34609267115592957 2041
1784244667781 0.28156405687332153 2042
1784244667805 0.21365629136562347 2043
1784244667831 0.11127163469791412 2044
1784244667855 0.3946874141693115 2045
1784244667879 0.3735823631286621 2046
1784244667903 0.47530901432037354 2047
1784244667924 0.3206097483634949 2048
1784244667944 0.15671956539154053 2049
1784244667965 0.2635422646999359 2050
1784244667987 0.32465147972106934 2051
1784244668008 0.20633669197559357 2052
1784244668031 0.23188529908657074 2053
1784244668054 0.31958431005477905 2054
1784244668075 0.16841697692871094 2055
1784244668097 0.23043815791606903 2056
1784244668117 0.23528718948364258 2057
1784244668139 0.4844808876514435 2058
1784244668158 0.2417321801185608 2059
1784244668179 0.20656634867191315 2060
1784244668199 0.08906188607215881 2061
1784244668223 0.06780820339918137 2062
1784244668246 0.2732156813144684 2063
1784244668272 0.2562400698661804 2064
1784244668295 0.43484923243522644 2065
1784244668317 0.34683603048324585 2066
1784244668340 0.21876013278961182 2067
1784244668359 0.36799436807632446 2068
1784244668383 0.2086765617132187 2069
1784244668405 0.09287505596876144 2070
1784244668426 0.3940292000770569 2071
1784244668448 0.2724672853946686 2072
1784244668470 0.3937346339225769 2073
1784244668491 0.6398398876190186 2074
1784244668513 0.35030943155288696 2075
1784244668533 0.3318021893501282 2076
1784244668554 0.40281441807746887 2077
1784244668573 0.1852169781923294 2078
1784244668594 0.5513242483139038 2079
1784244668617 0.3154957592487335 2080
1784244668639 0.19653554260730743 2081
1784244668662 0.17395097017288208 2082
1784244668686 0.2905923128128052 2083
1784244668708 0.32739734649658203 2084
1784244668727 0.3731449842453003 2085
1784244668749 0.19457091391086578 2086
1784244668770 0.35975754261016846 2087
1784244668792 0.1322920322418213 2088
1784244668813 0.3069840371608734 2089
1784244668840 0.4864676296710968 2090
1784244668867 0.5630286931991577 2091
1784244668889 0.36936408281326294 2092
1784244668911 0.27844369411468506 2093
1784244668935 0.5946195125579834 2094
1784244668955 0.20283901691436768 2095
1784244668975 0.12781916558742523 2096
1784244668993 0.27660632133483887 2097
1784244669012 0.2857504189014435 2098
1784244669031 0.5718430876731873 2099
1784244669054 0.26731106638908386 2100
1784244669074 0.09784101694822311 2101
1784244669094 0.6746506690979004 2102
1784244669114 0.26861071586608887 2103
1784244669134 0.37106096744537354 2104
1784244669157 0.19427485764026642 2105
1784244669178 0.3017733097076416 2106
1784244669198 0.654619574546814 2107
1784244669219 0.2026071548461914 2108
1784244669266 0.3436815142631531 2109
1784244669290 0.5373086929321289 2110
1784244669314 0.7255138754844666 2111
1784244669432 0.4357357919216156 2112
1784244669473 0.6116902232170105 2113
1784244669492 0.36208564043045044 2114
1784244669515 0.18540333211421967 2115
1784244669536 0.3329065442085266 2116
1784244669556 0.6835853457450867 2117
1784244669575 0.2534489333629608 2118
1784244669593 0.33037739992141724 2119
1784244669616 0.11461146920919418 2120
1784244669636 0.20622456073760986 2121
1784244669658 0.2735144793987274 2122
1784244669677 0.46936193108558655 2123
1784244669698 0.2525535225868225 2124
1784244669721 0.48673945665359497 2125
1784244669742 0.5303246974945068 2126
1784244669764 0.34252476692199707 2127
1784244669786 0.6427647471427917 2128
1784244669807 0.307617723941803 2129
1784244669827 0.14144288003444672 2130
1784244669845 0.21542243659496307 2131
1784244669866 0.29525089263916016 2132
1784244669887 0.5787851214408875 2133
1784244669906 0.6185729503631592 2134
1784244669926 0.16424442827701569 2135
1784244669947 0.2658712863922119 2136
1784244669965 0.380425363779068 2137
1784244669986 0.2688014805316925 2138
1784244670007 0.4041546583175659 2139
1784244670034 0.28418275713920593 2140
1784244670062 0.32867810130119324 2141
1784244670086 0.2925511598587036 2142
1784244670113 0.331905335187912 2143
1784244670137 1.2416987419128418 2144
1784244670156 0.14412590861320496 2145
1784244670181 0.16617341339588165 2146
1784244670200 0.27591651678085327 2147
1784244670219 0.20275261998176575 2148
1784244670238 0.391697496175766 2149
1784244670256 0.16472242772579193 2150
1784244670275 0.3994206190109253 2151
1784244670294 0.2853041887283325 2152
1784244670314 0.42019325494766235 2153
1784244670334 0.45989516377449036 2154
1784244670353 0.3050882816314697 2155
1784244670372 0.4507686197757721 2156
1784244670392 0.2706388235092163 2157
1784244670412 0.1804439276456833 2158
1784244670431 0.5504425764083862 2159
1784244670450 0.35878604650497437 2160
1784244670473 0.3536985516548157 2161
1784244670492 0.4494459331035614 2162
1784244670512 0.26505041122436523 2163
1784244670532 0.649622917175293 2164
1784244670554 0.5886058211326599 2165
1784244670573 0.3374479115009308 2166
1784244670595 0.5652333498001099 2167
1784244670617 0.43337154388427734 2168
1784244670637 0.5446347594261169 2169
1784244670657 0.2506306767463684 2170
1784244670679 0.29945993423461914 2171
1784244670701 0.1544889211654663 2172
1784244670722 0.25082826614379883 2173
1784244670740 0.22326378524303436 2174
1784244670763 0.17498040199279785 2175
1784244670784 0.3698716163635254 2176
1784244670805 0.5113612413406372 2177
1784244670824 0.37004679441452026 2178
1784244670845 0.25231611728668213 2179
1784244670866 0.23816730082035065 2180
1784244670888 0.38948261737823486 2181
1784244670908 0.5978764891624451 2182
1784244670929 0.34652337431907654 2183
1784244670952 0.5069410800933838 2184
1784244670972 0.24369680881500244 2185
1784244670991 0.11892333626747131 2186
1784244671011 0.4037216603755951 2187
1784244671032 0.2013804167509079 2188
1784244671052 0.3087157607078552 2189
1784244671069 0.18473048508167267 2190
1784244671089 0.2565753757953644 2191
1784244671108 0.43779948353767395 2192
1784244671129 0.09242352843284607 2193
1784244671150 0.3400185704231262 2194
1784244671172 0.8426323533058167 2195
1784244671192 0.19274908304214478 2196
1784244671212 0.26632651686668396 2197
1784244671231 0.4267163872718811 2198
1784244671252 0.6450021266937256 2199
1784244671269 0.19340147078037262 2200
1784244671288 0.23268894851207733 2201
1784244671305 0.19970692694187164 2202
1784244671324 0.44734352827072144 2203
1784244671344 0.30139589309692383 2204
1784244671364 0.2736619710922241 2205
1784244671383 0.1604369580745697 2206
1784244671403 0.4408506453037262 2207
1784244671423 0.37097880244255066 2208
1784244671442 0.14023412764072418 2209
1784244671461 0.10060422122478485 2210
1784244671481 0.16179613769054413 2211
1784244671500 0.170767143368721 2212
1784244671518 0.34914201498031616 2213
1784244671536 0.3175748288631439 2214
1784244671554 0.6316781044006348 2215
1784244671572 0.24394355714321136 2216
1784244671591 0.15442919731140137 2217
1784244671612 0.26448923349380493 2218
1784244671631 0.13348202407360077 2219
1784244671651 0.2556944191455841 2220
1784244671668 0.5303906202316284 2221
1784244671689 0.2515566349029541 2222
1784244671716 0.36715513467788696 2223
1784244671738 0.20405147969722748 2224
1784244671759 0.4582539498806 2225
1784244671780 1.0680445432662964 2226
1784244671802 0.22282864153385162 2227
1784244671822 0.3637663424015045 2228
1784244671844 0.15390856564044952 2229
1784244671863 0.4710618555545807 2230
1784244671881 0.23698927462100983 2231
1784244671902 0.4864962697029114 2232
1784244671923 0.23382382094860077 2233
1784244671949 0.2867354154586792 2234
1784244671974 0.17228347063064575 2235
1784244671999 0.10244426131248474 2236
1784244672034 0.2902143895626068 2237
1784244672058 0.49817323684692383 2238
1784244672086 0.24560563266277313 2239
1784244672104 0.32147467136383057 2240
1784244672123 0.25142261385917664 2241
1784244672144 0.0922682136297226 2242
1784244672166 0.12447948753833771 2243
1784244672186 0.5125121474266052 2244
1784244672205 0.24698974192142487 2245
1784244672222 0.3683543801307678 2246
1784244672240 0.3840479552745819 2247
1784244672259 0.23519137501716614 2248
1784244672278 0.42245328426361084 2249
1784244672298 0.11597940325737 2250
1784244672318 0.19413478672504425 2251
1784244672348 0.171708345413208 2252
1784244672368 0.15035347640514374 2253
1784244672387 0.5068578124046326 2254
1784244672407 0.5031495690345764 2255
1784244672427 0.26180732250213623 2256
1784244672446 0.3458421528339386 2257
1784244672466 0.4024488031864166 2258
1784244672485 0.1666792333126068 2259
1784244672503 0.32929864525794983 2260
1784244672523 0.6701077222824097 2261
1784244672543 0.5174136757850647 2262
1784244672563 0.3690735101699829 2263
1784244672584 0.23858821392059326 2264
1784244672603 0.20275510847568512 2265
1784244672625 0.298582524061203 2266
1784244672647 0.45863476395606995 2267
1784244672668 0.47248274087905884 2268
1784244672690 0.2856931686401367 2269
1784244672711 0.3810479938983917 2270
1784244672734 0.2969089448451996 2271
1784244672756 0.35601484775543213 2272
1784244672777 0.13976438343524933 2273
1784244672799 0.38760536909103394 2274
1784244672821 0.3366107940673828 2275
1784244672843 0.2154388725757599 2276
1784244672863 0.44452357292175293 2277
1784244672883 0.3720014691352844 2278
1784244672903 0.6124966144561768 2279
1784244672924 0.20805783569812775 2280
1784244672944 0.500039279460907 2281
1784244672963 0.27895912528038025 2282
1784244672981 0.12439996004104614 2283
1784244672999 0.3461790382862091 2284
1784244673019 0.2544274628162384 2285
1784244673039 0.18374407291412354 2286
1784244673061 0.36623886227607727 2287
1784244673082 0.3248344361782074 2288
1784244673102 0.2723618447780609 2289
1784244673122 0.43361204862594604 2290
1784244673143 0.5766838192939758 2291
1784244673168 0.40681400895118713 2292
1784244673187 0.497480571269989 2293
1784244673206 0.36180874705314636 2294
1784244673224 0.46405285596847534 2295
1784244673243 0.24937768280506134 2296
1784244673263 0.5397143959999084 2297
1784244673283 0.23515546321868896 2298
1784244673303 0.36538660526275635 2299
1784244673323 0.44485917687416077 2300
1784244673343 0.44541773200035095 2301
1784244673368 0.13785973191261292 2302
1784244673388 0.7891756296157837 2303
1784244673407 0.19942720234394073 2304
1784244673429 0.3945366442203522 2305
1784244673451 0.4338255226612091 2306
1784244673470 0.587150514125824 2307
1784244673490 0.5010549426078796 2308
1784244673511 0.1709936261177063 2309
1784244673531 0.25039708614349365 2310
1784244673552 0.19870729744434357 2311
1784244673571 0.09347306936979294 2312
1784244673590 0.3665791451931 2313
1784244673608 0.20752350986003876 2314
1784244673630 0.6102308630943298 2315
1784244673654 0.19638943672180176 2316
1784244673673 0.3904135227203369 2317
1784244673693 0.5470787286758423 2318
1784244673714 0.13278774917125702 2319
1784244673734 0.20239222049713135 2320
1784244673752 0.28778767585754395 2321
1784244673772 0.5760881304740906 2322
1784244673790 0.5435683727264404 2323
1784244673808 0.20669032633304596 2324
1784244673830 0.303402841091156 2325
1784244673851 0.09659072756767273 2326
1784244673870 0.6131975650787354 2327
1784244673890 0.2956995368003845 2328
1784244673914 0.4875192642211914 2329
1784244673936 0.2837313115596771 2330
1784244673961 0.4920417368412018 2331
1784244673984 0.37298232316970825 2332
1784244674005 0.3984431326389313 2333
1784244674028 0.2111188769340515 2334
1784244674051 0.34201183915138245 2335
1784244674071 0.4782652258872986 2336
1784244674089 0.7692481875419617 2337
1784244674108 0.29881957173347473 2338
1784244674127 0.18807151913642883 2339
1784244674149 0.12452003359794617 2340
1784244674171 0.4842865765094757 2341
1784244674191 0.117546945810318 2342
1784244674211 0.42902839183807373 2343
1784244674229 0.19329829514026642 2344
1784244674250 0.3527732491493225 2345
1784244674267 0.8223639130592346 2346
1784244674287 0.26335132122039795 2347
1784244674306 0.10811814665794373 2348
1784244674324 0.3802885413169861 2349
1784244674346 0.6813306212425232 2350
1784244674366 0.49518492817878723 2351
1784244674385 0.35186418890953064 2352
1784244674406 0.4426746070384979 2353
1784244674425 0.37213295698165894 2354
1784244674445 0.17241819202899933 2355
1784244674463 0.22689330577850342 2356
1784244674482 0.2581697404384613 2357
1784244674501 0.18151362240314484 2358
1784244674519 0.1521209180355072 2359
1784244674537 0.29974281787872314 2360
1784244674555 0.3564540147781372 2361
1784244674574 0.15457458794116974 2362
1784244674592 0.3495035469532013 2363
1784244674611 0.4668598175048828 2364
1784244674630 0.31571412086486816 2365
1784244674650 0.34587961435317993 2366
1784244674672 0.36894166469573975 2367
1784244674691 0.2524365484714508 2368
1784244674710 0.11282381415367126 2369
1784244674730 0.3987089991569519 2370
1784244674751 0.4042869806289673 2371
1784244674773 0.3556402623653412 2372
1784244674797 0.10832196474075317 2373
1784244674821 0.1594340056180954 2374
1784244674843 0.3081884980201721 2375
1784244674864 0.5979741215705872 2376
1784244674885 0.15270115435123444 2377
1784244674909 0.1428518295288086 2378
1784244674930 0.23767417669296265 2379
1784244674953 0.3641190230846405 2380
1784244674972 0.47663614153862 2381
1784244674994 0.4973617196083069 2382
1784244675013 0.5010949373245239 2383
1784244675033 0.36742353439331055 2384
1784244675055 0.2004782259464264 2385
1784244675075 0.30987784266471863 2386
1784244675095 0.20216749608516693 2387
1784244675116 0.2617049813270569 2388
1784244675135 0.3480492830276489 2389
1784244675153 0.40420445799827576 2390
1784244675174 0.203831747174263 2391
1784244675193 0.3262125253677368 2392
1784244675212 0.21819590032100677 2393
1784244675232 0.5605873465538025 2394
1784244675251 0.08356691151857376 2395
1784244675271 0.2285342812538147 2396
1784244675294 0.1968623250722885 2397
1784244675315 0.12107262015342712 2398
1784244675335 0.45931124687194824 2399
1784244675356 0.44203734397888184 2400
1784244675386 0.568787157535553 2401
1784244675409 0.2569468021392822 2402
1784244675429 0.13555248081684113 2403
1784244675449 0.1761026829481125 2404
1784244675468 0.44020524621009827 2405
1784244675485 0.4270007908344269 2406
1784244675505 0.43986913561820984 2407
1784244675525 0.3394034206867218 2408
1784244675544 0.22556497156620026 2409
1784244675564 0.15152214467525482 2410
1784244675582 0.24700987339019775 2411
1784244675599 0.06873112171888351 2412
1784244675617 0.30784282088279724 2413
1784244675635 0.4469012916088104 2414
1784244675652 0.19090396165847778 2415
1784244675748 0.18452982604503632 2416
1784244675772 0.14550817012786865 2417
1784244675796 0.17530664801597595 2418
1784244675816 0.5285705924034119 2419
1784244675836 0.3855278491973877 2420
1784244675855 0.14140823483467102 2421
1784244675874 0.2059241533279419 2422
1784244675892 0.13856755197048187 2423
1784244675910 0.4913530945777893 2424
1784244675927 0.45023858547210693 2425
1784244675944 0.10482315719127655 2426
1784244675964 0.29862871766090393 2427
1784244675981 0.13348832726478577 2428
1784244675999 0.6093170642852783 2429
1784244676017 0.13605527579784393 2430
1784244676035 0.7714725136756897 2431
1784244676054 0.044961169362068176 2432
1784244676074 0.2387058585882187 2433
1784244676092 0.40041661262512207 2434
1784244676112 0.2615979313850403 2435
1784244676131 0.3214946687221527 2436
1784244676149 0.4545232355594635 2437
1784244676172 0.6021661162376404 2438
1784244676192 0.3807244896888733 2439
1784244676215 0.400922954082489 2440
1784244676236 0.35945865511894226 2441
1784244676257 0.28166911005973816 2442
1784244676277 0.43540748953819275 2443
1784244676296 0.549562931060791 2444
1784244676314 0.17440420389175415 2445
1784244676334 0.39184048771858215 2446
1784244676351 0.29910749197006226 2447
1784244676368 0.18493309617042542 2448
1784244676387 0.4315521717071533 2449
1784244676406 0.09866319596767426 2450
1784244676424 0.3567182123661041 2451
1784244676444 0.45828139781951904 2452
1784244676462 0.18436287343502045 2453
1784244676479 0.2621111571788788 2454
1784244676496 0.36729735136032104 2455
1784244676515 0.2742423415184021 2456
1784244676531 0.1972227394580841 2457
1784244676547 0.460196316242218 2458
1784244676564 0.17136523127555847 2459
1784244676580 0.585424542427063 2460
1784244676598 0.32295000553131104 2461
1784244676617 0.47844254970550537 2462
1784244676636 0.38114383816719055 2463
1784244676654 0.29358193278312683 2464
1784244676673 0.1465526521205902 2465
1784244676692 0.3055180609226227 2466
1784244676712 0.2131340056657791 2467
1784244676732 0.48744314908981323 2468
1784244676751 0.3406127393245697 2469
1784244676771 0.40527212619781494 2470
1784244676791 0.4312116205692291 2471
1784244676812 0.199906125664711 2472
1784244676832 0.3427843153476715 2473
1784244676852 0.11067517101764679 2474
1784244676871 0.6214184165000916 2475
1784244676889 0.12522684037685394 2476
1784244676911 0.21979570388793945 2477
1784244676934 0.3017326593399048 2478
1784244676961 0.5184049010276794 2479
1784244676988 0.592961311340332 2480
1784244677015 0.37058767676353455 2481
1784244677036 0.2182144671678543 2482
1784244677056 0.5892316699028015 2483
1784244677076 0.6121280789375305 2484
1784244677096 0.10832764953374863 2485
1784244677115 0.15792633593082428 2486
1784244677136 0.4050895571708679 2487
1784244677162 0.21737922728061676 2488
1784244677187 0.364224910736084 2489
1784244677206 0.5310683846473694 2490
1784244677224 0.38136082887649536 2491
1784244677242 0.18084652721881866 2492
1784244677260 0.384014368057251 2493
1784244677278 0.21737265586853027 2494
1784244677295 0.1771390736103058 2495
1784244677312 0.5644992589950562 2496
1784244677332 0.6125171780586243 2497
1784244677352 0.2880992889404297 2498
1784244677372 0.4136362671852112 2499
1784244677390 0.4207580089569092 2500
1784244677409 0.2691262662410736 2501
1784244677436 0.21021714806556702 2502
1784244677460 0.32518962025642395 2503
1784244677481 0.2773132622241974 2504
1784244677501 0.7738828659057617 2505
1784244677521 0.09103042632341385 2506
1784244677542 0.2739282250404358 2507
1784244677562 0.42405903339385986 2508
1784244677581 0.38338372111320496 2509
1784244677602 0.1206190437078476 2510
1784244677621 0.13068510591983795 2511
1784244677639 0.22640366852283478 2512
1784244677657 0.24454735219478607 2513
1784244677676 0.3060325086116791 2514
1784244677695 0.49328887462615967 2515
1784244677714 0.2752695381641388 2516
1784244677736 0.17933759093284607 2517
1784244677760 0.24985934793949127 2518
1784244677778 0.43786898255348206 2519
1784244677797 0.3425660729408264 2520
1784244677815 0.43874025344848633 2521
1784244677834 0.351422518491745 2522
1784244677852 0.2576565146446228 2523
1784244677870 0.20523519814014435 2524
1784244677888 0.39239954948425293 2525
1784244677907 0.23812317848205566 2526
1784244677927 0.6538950204849243 2527
1784244677946 0.19983531534671783 2528
1784244677965 0.09766865521669388 2529
1784244677983 0.5033550262451172 2530
1784244678001 0.2852356731891632 2531
1784244678021 0.2619682550430298 2532
1784244678039 0.29767942428588867 2533
1784244678058 0.8376486897468567 2534
1784244678075 0.08500424772500992 2535
1784244678094 0.5279688835144043 2536
1784244678115 0.31482553482055664 2537
1784244678138 0.27231255173683167 2538
1784244678165 0.21993201971054077 2539
1784244678189 0.6286931037902832 2540
1784244678211 0.43498727679252625 2541
1784244678232 0.30074599385261536 2542
1784244678252 0.3104044497013092 2543
1784244678271 0.17239566147327423 2544
1784244678291 0.1775549352169037 2545
1784244678313 0.253327876329422 2546
1784244678332 0.4248560070991516 2547
1784244678352 0.49816587567329407 2548
1784244678384 0.20086407661437988 2549
1784244678411 0.30350038409233093 2550
1784244678462 0.2628532350063324 2551
1784244678498 0.7088913917541504 2552
1784244678537 0.20280009508132935 2553
1784244678581 0.4421769380569458 2554
1784244678607 0.5419833660125732 2555
1784244678633 0.3297625184059143 2556
1784244678660 0.560386598110199 2557
1784244678680 0.5397909879684448 2558
1784244678699 0.3579072654247284 2559
1784244678718 0.1844528317451477 2560
1784244678740 0.15069326758384705 2561
1784244678767 0.2905158996582031 2562
1784244678788 0.25784528255462646 2563
1784244678812 0.6696443557739258 2564
1784244678835 0.3842456042766571 2565
1784244678855 0.1862586885690689 2566
1784244678877 0.2722425162792206 2567
1784244678899 0.44587409496307373 2568
1784244678922 0.3864496648311615 2569
1784244678943 0.4152788519859314 2570
1784244678965 0.2679193317890167 2571
1784244678984 0.13258089125156403 2572
1784244679001 0.35099467635154724 2573
1784244679021 0.3304082751274109 2574
1784244679041 0.49405843019485474 2575
1784244679063 0.2504103481769562 2576
1784244679082 0.2652209997177124 2577
1784244679104 0.10199876874685287 2578
1784244679125 0.29110240936279297 2579
1784244679149 0.2765711545944214 2580
1784244679174 0.13430063426494598 2581
1784244679194 0.21106849610805511 2582
1784244679213 0.25664329528808594 2583
1784244679236 0.4600335359573364 2584
1784244679258 0.26287007331848145 2585
1784244679276 0.5062981247901917 2586
1784244679296 0.30267155170440674 2587
1784244679319 0.3364550471305847 2588
1784244679343 0.35868316888809204 2589
1784244679363 0.562509298324585 2590
1784244679384 0.4326091706752777 2591
1784244679414 0.49302399158477783 2592
1784244679439 0.13694071769714355 2593
1784244679487 0.6121835112571716 2594
1784244679509 0.33863770961761475 2595
1784244679532 0.9809155464172363 2596
1784244679553 0.33162856101989746 2597
1784244679571 0.30167356133461 2598
1784244679590 0.3329543173313141 2599
1784244679608 0.1511257141828537 2600
1784244679629 0.191320538520813 2601
1784244679650 0.2646368145942688 2602
1784244679670 0.22626793384552002 2603
1784244679689 0.22575098276138306 2604
1784244679710 0.42527395486831665 2605
1784244679734 0.20784986019134521 2606
1784244679760 0.23372453451156616 2607
1784244679780 0.3106827735900879 2608
1784244679802 0.4803832173347473 2609
1784244679822 0.37542009353637695 2610
1784244679843 0.20716078579425812 2611
1784244679865 0.22709161043167114 2612
1784244679884 0.3357335329055786 2613
1784244679905 0.5371353626251221 2614
1784244679927 0.2171199768781662 2615
1784244679951 0.24419213831424713 2616
1784244679970 0.19087068736553192 2617
1784244679993 0.273580402135849 2618
1784244680015 0.3352770507335663 2619
1784244680036 0.2558043897151947 2620
1784244680059 0.427945613861084 2621
1784244680082 0.16843846440315247 2622
1784244680102 0.21027818322181702 2623
1784244680126 0.19329652190208435 2624
1784244680149 0.3380923271179199 2625
1784244680174 0.257953405380249 2626
1784244680197 0.5426281094551086 2627
1784244680223 0.20536360144615173 2628
1784244680245 0.1588323414325714 2629
1784244680266 0.2235337793827057 2630
1784244680285 0.37154996395111084 2631
1784244680304 0.31870466470718384 2632
1784244680325 0.08748375624418259 2633
1784244680346 0.27979958057403564 2634
1784244680364 0.34234896302223206 2635
1784244680382 0.35443711280822754 2636
1784244680399 0.39894747734069824 2637
1784244680418 0.2647300958633423 2638
1784244680436 0.2476983517408371 2639
1784244680456 0.15190136432647705 2640
1784244680475 0.38994401693344116 2641
1784244680496 0.2967556416988373 2642
1784244680515 0.2880585789680481 2643
1784244680534 0.24458059668540955 2644
1784244680554 0.26186832785606384 2645
1784244680574 0.28062477707862854 2646
1784244680594 0.4480418264865875 2647
1784244680615 0.33000436425209045 2648
1784244680636 0.44759029150009155 2649
1784244680657 0.21860884130001068 2650
1784244680680 0.43761804699897766 2651
1784244680703 0.3660193681716919 2652
1784244680729 0.2239430695772171 2653
1784244680749 0.33773690462112427 2654
1784244680771 0.10362672060728073 2655
1784244680792 0.3613412380218506 2656
1784244680813 0.043387483805418015 2657
1784244680833 0.17625349760055542 2658
1784244680850 0.7818139791488647 2659
1784244680868 0.25762617588043213 2660
1784244680887 0.12832683324813843 2661
1784244680910 0.5384092330932617 2662
1784244680929 0.4220295548439026 2663
1784244680948 0.2748554050922394 2664
1784244680969 0.3992067873477936 2665
1784244680988 0.38924020528793335 2666
1784244681008 0.13879887759685516 2667
1784244681030 0.38687658309936523 2668
1784244681049 0.21579676866531372 2669
1784244681067 0.3075997233390808 2670
1784244681085 0.37466466426849365 2671
1784244681104 0.3187783360481262 2672
1784244681125 0.17208395898342133 2673
1784244681144 0.3219638764858246 2674
1784244681168 0.39818495512008667 2675
1784244681192 0.44997406005859375 2676
1784244681211 0.25830280780792236 2677
1784244681230 0.27983608841896057 2678
1784244681250 0.1989404261112213 2679
1784244681267 0.1924060583114624 2680
1784244681286 0.4812922179698944 2681
1784244681308 0.11509508639574051 2682
1784244681325 0.2053757607936859 2683
1784244681344 0.1691095530986786 2684
1784244681361 0.6748749613761902 2685
1784244681380 0.26605483889579773 2686
1784244681397 0.2149440348148346 2687
1784244681417 0.5763907432556152 2688
1784244681434 0.26544132828712463 2689
1784244681452 0.24473534524440765 2690
1784244681471 0.4300065338611603 2691
1784244681489 0.45367488265037537 2692
1784244681507 0.11389453709125519 2693
1784244681527 0.2700178623199463 2694
1784244681545 0.2949957847595215 2695
1784244681564 0.2497912049293518 2696
1784244681583 0.36446326971054077 2697
1784244681599 0.39849182963371277 2698
1784244681617 0.1665428876876831 2699
1784244681635 0.1802377998828888 2700
1784244681653 0.18253032863140106 2701
1784244681672 0.13735279440879822 2702
1784244681690 0.29292353987693787 2703
1784244681710 0.13479401171207428 2704
1784244681728 0.42459625005722046 2705
1784244681747 0.3510549068450928 2706
1784244681766 0.10730521380901337 2707
1784244681783 0.1804649382829666 2708
1784244681802 0.25503402948379517 2709
1784244681820 0.502968430519104 2710
1784244681838 0.31954291462898254 2711
1784244681857 0.42975056171417236 2712
1784244681877 0.3850248456001282 2713
1784244681894 0.24110254645347595 2714
1784244681914 0.2293286770582199 2715
1784244681933 0.30935952067375183 2716
1784244681953 0.33220040798187256 2717
1784244681972 0.7898476123809814 2718
1784244681991 0.5085424184799194 2719
1784244682011 0.17275665700435638 2720
1784244682029 0.2236117720603943 2721
1784244682048 0.4426555931568146 2722
1784244682065 0.4003238081932068 2723
1784244682082 0.30993178486824036 2724
1784244682099 0.34834668040275574 2725
1784244682117 0.21850243210792542 2726
1784244682135 0.33789509534835815 2727
1784244682152 0.26964864134788513 2728
1784244682172 0.20756812393665314 2729
1784244682190 0.4376698434352875 2730
1784244682209 0.3849276900291443 2731
1784244682225 0.22678698599338531 2732
1784244682244 0.6211161613464355 2733
1784244682263 0.08705874532461166 2734
1784244682283 0.29820016026496887 2735
1784244682302 0.3850407004356384 2736
1784244682320 0.14803853631019592 2737
1784244682340 0.34141889214515686 2738
1784244682358 0.3768402338027954 2739
1784244682377 0.2737888991832733 2740
1784244682394 0.22448258101940155 2741
1784244682413 0.18615593016147614 2742
1784244682432 0.28196439146995544 2743
1784244682450 0.14737674593925476 2744
1784244682467 0.25617197155952454 2745
1784244682485 0.1391206681728363 2746
1784244682510 0.20851339399814606 2747
1784244682531 0.105837881565094 2748
1784244682549 0.15831920504570007 2749
1784244682567 0.3667928874492645 2750
1784244682584 0.16393974423408508 2751
1784244682604 0.1629296988248825 2752
1784244682623 0.29371801018714905 2753
1784244682640 0.12190070003271103 2754
1784244682657 0.17068171501159668 2755
1784244682678 0.4889132082462311 2756
1784244682695 0.455392986536026 2757
1784244682713 0.4878312945365906 2758
1784244682734 0.44180917739868164 2759
1784244682752 0.29533472657203674 2760
1784244682770 0.07882090657949448 2761
1784244682788 0.4660031497478485 2762
1784244682805 0.27403104305267334 2763
1784244682823 0.24659641087055206 2764
1784244682843 0.35381755232810974 2765
1784244682861 0.21906644105911255 2766
1784244682881 0.43303072452545166 2767
1784244682900 0.27070948481559753 2768
1784244682917 0.25686994194984436 2769
1784244682937 0.4814727306365967 2770
1784244682957 0.3084469437599182 2771
1784244682981 0.19261927902698517 2772
1784244683001 0.2289947122335434 2773
1784244683022 0.23139184713363647 2774
1784244683042 0.12243330478668213 2775
1784244683064 0.5554651618003845 2776
1784244683082 0.16922859847545624 2777
1784244683100 0.6023284792900085 2778
1784244683119 0.51767498254776 2779
1784244683136 0.6026360392570496 2780
1784244683155 0.33021068572998047 2781
1784244683176 0.1347503662109375 2782
1784244683193 0.12467356026172638 2783
1784244683214 0.09245773404836655 2784
1784244683231 0.10157537460327148 2785
1784244683249 0.10800715535879135 2786
1784244683266 0.3147464990615845 2787
1784244683283 0.17378473281860352 2788
1784244683302 0.4817245900630951 2789
1784244683319 0.2560354173183441 2790
1784244683338 0.4998222887516022 2791
1784244683358 0.22094516456127167 2792
1784244683377 0.2592529356479645 2793
1784244683395 0.22882124781608582 2794
1784244683414 0.21926219761371613 2795
1784244683432 0.31640729308128357 2796
1784244683450 0.6012828350067139 2797
1784244683467 0.15486401319503784 2798
1784244683483 0.23743115365505219 2799
1784244683500 0.30575305223464966 2800
1784244683519 0.42517104744911194 2801
1784244683538 0.14911948144435883 2802
1784244683557 0.30776333808898926 2803
1784244683577 0.5369041562080383 2804
1784244683596 0.2543778419494629 2805
1784244683616 0.19992148876190186 2806
1784244683633 0.3256089985370636 2807
1784244683651 0.49143746495246887 2808
1784244683668 0.4516139030456543 2809
1784244683686 0.3274294137954712 2810
1784244683703 0.43188315629959106 2811
1784244683722 0.21406163275241852 2812
1784244683742 0.26460185647010803 2813
1784244683762 0.19045810401439667 2814
1784244683780 0.5179961323738098 2815
1784244683799 0.10379049181938171 2816
1784244683818 0.30174192786216736 2817
1784244683841 0.17572322487831116 2818
1784244683863 0.26772013306617737 2819
1784244683959 0.34340986609458923 2820
1784244683998 0.2638610899448395 2821
1784244684019 0.52199786901474 2822
1784244684038 0.2607346475124359 2823
1784244684058 0.21311181783676147 2824
1784244684078 0.4130067825317383 2825
1784244684097 0.176950141787529 2826
1784244684117 0.3593519330024719 2827
1784244684138 0.1895194947719574 2828
1784244684159 0.2183241993188858 2829
1784244684181 0.278621107339859 2830
1784244684199 0.08531506359577179 2831
1784244684219 0.08728748559951782 2832
1784244684237 0.2228350192308426 2833
1784244684258 0.11402150243520737 2834
1784244684279 0.10542137920856476 2835
1784244684299 0.3949637711048126 2836
1784244684318 0.14312352240085602 2837
1784244684338 0.2382461130619049 2838
1784244684357 0.22512923181056976 2839
1784244684376 0.08922247588634491 2840
1784244684393 0.3837842345237732 2841
1784244684412 0.2883170545101166 2842
1784244684430 0.17284902930259705 2843
1784244684448 0.2537912130355835 2844
1784244684466 0.23846952617168427 2845
1784244684484 0.3466314673423767 2846
1784244684501 0.23943021893501282 2847
1784244684520 0.13016662001609802 2848
1784244684537 0.3762544095516205 2849
1784244684555 0.30540186166763306 2850
1784244684574 0.30550438165664673 2851
1784244684592 0.13749083876609802 2852
1784244684699 0.35546615719795227 2853
1784244684732 0.2536042034626007 2854
1784244684752 0.3052752912044525 2855
1784244684772 0.09089384973049164 2856
1784244684790 0.08321354538202286 2857
1784244684810 0.12606234848499298 2858
1784244684830 0.3109646737575531 2859
1784244684852 0.21561340987682343 2860
1784244684874 0.26250752806663513 2861
1784244684891 0.26717957854270935 2862
1784244684913 0.35553237795829773 2863
1784244684932 0.1149841696023941 2864
1784244684950 0.29679787158966064 2865
1784244684973 0.2930806875228882 2866
1784244684999 0.48524850606918335 2867
1784244685017 0.3180220127105713 2868
1784244685037 0.26409533619880676 2869
1784244685056 0.19881469011306763 2870
1784244685082 0.4297340512275696 2871
1784244685103 0.4871271550655365 2872
1784244685129 0.5155408382415771 2873
1784244685159 0.1737861931324005 2874
1784244685186 0.11868638545274734 2875
1784244685216 0.4059152901172638 2876
1784244685244 0.3851936459541321 2877
1784244685270 0.16195669770240784 2878
1784244685296 0.1717982441186905 2879
1784244685319 0.33918336033821106 2880
1784244685341 0.37885841727256775 2881
1784244685361 0.42601320147514343 2882
1784244685384 0.31051313877105713 2883
1784244685405 0.12193919718265533 2884
1784244685428 0.2892022728919983 2885
1784244685447 0.4128526747226715 2886
1784244685465 0.32196372747421265 2887
1784244685487 0.24229319393634796 2888
1784244685507 0.29382458329200745 2889
1784244685528 0.5528053045272827 2890
1784244685549 0.5544693470001221 2891
1784244685572 0.3587418794631958 2892
1784244685595 0.18463025987148285 2893
1784244685620 0.19390685856342316 2894
1784244685645 0.46471965312957764 2895
1784244685680 0.10190660506486893 2896
1784244685714 0.29463717341423035 2897
1784244685751 0.23131506145000458 2898
1784244685782 0.3214174211025238 2899
1784244685813 0.18820719420909882 2900
1784244685836 0.10790309309959412 2901
1784244685867 0.16233117878437042 2902
1784244685888 0.36393094062805176 2903
1784244685910 0.3127231299877167 2904
1784244685932 0.07975434511899948 2905
1784244685952 0.28821444511413574 2906
1784244685971 0.15861549973487854 2907
1784244685994 0.6321345567703247 2908
1784244686016 0.16433805227279663 2909
1784244686037 0.18275777995586395 2910
1784244686062 0.2204200178384781 2911
1784244686090 0.19687528908252716 2912
1784244686123 0.14794301986694336 2913
1784244686149 0.1520983874797821 2914
1784244686175 0.1286408007144928 2915
1784244686202 0.46998801827430725 2916
1784244686227 0.4002937376499176 2917
1784244686254 0.22854138910770416 2918
1784244686285 0.19496425986289978 2919
1784244686314 0.2494218796491623 2920
1784244686340 0.19310520589351654 2921
1784244686362 0.23442049324512482 2922
1784244686381 0.19518280029296875 2923
1784244686402 0.49865415692329407 2924
1784244686422 0.6478958129882812 2925
1784244686443 0.30619046092033386 2926
1784244686462 0.15955324470996857 2927
1784244686484 0.20371411740779877 2928
1784244686504 0.37091806530952454 2929
1784244686525 0.4444431662559509 2930
1784244686544 0.31639063358306885 2931
1784244686565 0.2564340829849243 2932
1784244686584 0.22452645003795624 2933
1784244686609 0.09259360283613205 2934
1784244686634 0.24480904638767242 2935
1784244686654 0.16276443004608154 2936
1784244686675 0.2529766857624054 2937
1784244686694 0.4231572151184082 2938
1784244686715 0.47546449303627014 2939
1784244686734 0.3972441852092743 2940
1784244686752 0.6795327663421631 2941
1784244686771 0.1490934044122696 2942
1784244686790 0.1161632388830185 2943
1784244686809 0.17580173909664154 2944
1784244686826 0.4539320170879364 2945
1784244686845 0.5597270131111145 2946
1784244686864 0.30807429552078247 2947
1784244686882 0.266374796628952 2948
1784244686899 0.31087473034858704 2949
1784244686917 0.4133807420730591 2950
1784244686936 0.1552298218011856 2951
1784244686953 0.38566869497299194 2952
1784244686973 0.2535403072834015 2953
1784244686993 0.728452742099762 2954
1784244687011 0.3778921961784363 2955
1784244687030 0.6043744087219238 2956
1784244687049 0.2419624775648117 2957
1784244687067 0.1824459731578827 2958
1784244687085 0.28691452741622925 2959
1784244687104 0.178636372089386 2960
1784244687126 0.3312844932079315 2961
1784244687148 0.3522006869316101 2962
1784244687168 0.28274184465408325 2963
1784244687189 0.21541789174079895 2964
1784244687209 0.2516093850135803 2965
1784244687232 0.07437651604413986 2966
1784244687252 0.12617246806621552 2967
1784244687279 0.4009642004966736 2968
1784244687302 0.2951275110244751 2969
1784244687323 0.5038785934448242 2970
1784244687342 0.5394976735115051 2971
1784244687360 0.1393044888973236 2972
1784244687378 0.6617695093154907 2973
1784244687401 0.33530375361442566 2974
1784244687420 0.427049458026886 2975
1784244687445 0.3603760004043579 2976
1784244687471 0.4350636899471283 2977
1784244687493 0.2222812920808792 2978
1784244687515 0.41109296679496765 2979
1784244687537 0.2567686140537262 2980
1784244687560 0.1769169718027115 2981
1784244687579 0.2436230480670929 2982
1784244687599 0.18576675653457642 2983
1784244687621 0.2777303159236908 2984
1784244687638 0.209599107503891 2985
1784244687657 0.33292844891548157 2986
1784244687676 0.4546589255332947 2987
1784244687698 0.2316140979528427 2988
1784244687717 0.14656676352024078 2989
1784244687736 0.18571187555789948 2990
1784244687757 0.28271281719207764 2991
1784244687775 0.1135985404253006 2992
1784244687794 0.1845644861459732 2993
1784244687812 0.443647563457489 2994
1784244687831 0.4396127164363861 2995
1784244687850 0.31136590242385864 2996
1784244687867 0.36156025528907776 2997
1784244687886 0.6460772156715393 2998
1784244687908 0.28915464878082275 2999
1784244687929 0.6339874267578125 3000
1784244687949 0.16272076964378357 3001
1784244687970 0.23088887333869934 3002
1784244687989 0.21159301698207855 3003
1784244688010 0.23444020748138428 3004
1784244688032 0.13363738358020782 3005
1784244688053 0.1946898251771927 3006
1784244688075 0.41929224133491516 3007
1784244688098 0.2489829957485199 3008
1784244688118 0.39583054184913635 3009
1784244688137 0.331696093082428 3010
1784244688158 0.29245972633361816 3011
1784244688179 0.3786468505859375 3012
1784244688199 0.4830508530139923 3013
1784244688219 0.26768678426742554 3014
1784244688238 0.22949644923210144 3015
1784244688258 0.16477282345294952 3016
1784244688278 0.15124988555908203 3017
1784244688298 0.7477997541427612 3018
1784244688316 0.14434687793254852 3019
1784244688336 0.20253342390060425 3020
1784244688356 0.2098855972290039 3021
1784244688377 0.15477198362350464 3022
1784244688400 0.20526422560214996 3023
1784244688423 0.15092267096042633 3024
1784244688447 0.43228983879089355 3025
1784244688467 0.10726842284202576 3026
1784244688487 0.7579371333122253 3027
1784244688505 0.09357119351625443 3028
1784244688524 0.15830931067466736 3029
1784244688545 0.19399438798427582 3030
1784244688564 0.5417426824569702 3031
1784244688584 0.6972000598907471 3032
1784244688605 0.6351139545440674 3033
1784244688625 0.1272229552268982 3034
1784244688645 0.13637474179267883 3035
1784244688665 0.24084007740020752 3036
1784244688686 0.2564200460910797 3037
1784244688706 0.24983862042427063 3038
1784244688726 0.2984544634819031 3039
1784244688745 0.19874535501003265 3040
1784244688764 0.2714506685733795 3041
1784244688783 0.36170580983161926 3042
1784244688799 0.214389368891716 3043
1784244688815 0.41995540261268616 3044
1784244688834 0.2608121335506439 3045
1784244688852 0.11640357971191406 3046
1784244688871 0.16905272006988525 3047
1784244688889 0.2707381546497345 3048
1784244688910 0.309538871049881 3049
1784244688930 0.24078167974948883 3050
1784244688949 0.41600310802459717 3051
1784244688968 0.3079460859298706 3052
1784244688988 0.1935986876487732 3053
1784244689007 0.2648794651031494 3054
1784244689028 0.41168859601020813 3055
1784244689049 0.3967377543449402 3056
1784244689070 0.3552122712135315 3057
1784244689090 0.2612385153770447 3058
1784244689111 0.4730429947376251 3059
1784244689132 0.19564826786518097 3060
1784244689152 0.07837535440921783 3061
1784244689173 0.1478395313024521 3062
1784244689192 0.2756745219230652 3063
1784244689212 0.2273918092250824 3064
1784244689231 0.2187134325504303 3065
1784244689251 0.8118422627449036 3066
1784244689271 0.12534712255001068 3067
1784244689291 0.49529358744621277 3068
1784244689311 0.2266167253255844 3069
1784244689331 0.15909059345722198 3070
1784244689349 0.283428817987442 3071
1784244689367 0.03939391300082207 3072
1784244689384 0.283962607383728 3073
1784244689403 0.1281811147928238 3074
1784244689425 0.2590350806713104 3075
1784244689442 0.18254829943180084 3076
1784244689461 0.10428933054208755 3077
1784244689480 0.12997668981552124 3078
1784244689499 0.2414601445198059 3079
1784244689517 0.32845401763916016 3080
1784244689536 0.0374356284737587 3081
1784244689555 0.45125409960746765 3082
1784244689574 0.19310614466667175 3083
1784244689593 0.45569664239883423 3084
1784244689611 0.3344373404979706 3085
1784244689631 0.29012617468833923 3086
1784244689650 0.19391196966171265 3087
1784244689672 0.2056923806667328 3088
1784244689703 0.08935496211051941 3089
1784244689731 0.14078332483768463 3090
1784244689755 0.337155282497406 3091
1784244689779 0.09992726147174835 3092
1784244689802 0.17743583023548126 3093
1784244689835 0.31600072979927063 3094
1784244689855 0.1829632669687271 3095
1784244689874 0.16625617444515228 3096
1784244689915 0.0920386016368866 3097
1784244689965 0.23846742510795593 3098
1784244689999 0.21988023817539215 3099
1784244690019 0.13049714267253876 3100
1784244690039 0.24267399311065674 3101
1784244690062 0.11723661422729492 3102
1784244690084 0.48923051357269287 3103
1784244690106 0.2805664837360382 3104
1784244690130 0.295540988445282 3105
1784244690153 0.09388252347707748 3106
1784244690179 0.15532682836055756 3107
1784244690207 0.5309516191482544 3108
1784244690233 0.16578076779842377 3109
1784244690256 0.49404582381248474 3110
1784244690283 0.11800505965948105 3111
1784244690305 0.2858782410621643 3112
1784244690328 0.3456050157546997 3113
1784244690348 0.40982046723365784 3114
1784244690370 0.21148866415023804 3115
1784244690394 0.1111973449587822 3116
1784244690416 0.13328874111175537 3117
1784244690436 0.14274150133132935 3118
1784244690456 0.29667171835899353 3119
1784244690477 0.11536010354757309 3120
1784244690496 0.3123099207878113 3121
1784244690517 0.16057100892066956 3122
1784244690536 0.14591296017169952 3123
1784244690556 0.7715734243392944 3124
1784244690576 0.1486341655254364 3125
1784244690595 0.19808954000473022 3126
1784244690615 0.2522798180580139 3127
1784244690635 0.3724237084388733 3128
1784244690653 0.21420949697494507 3129
1784244690672 0.3669636845588684 3130
1784244690693 0.2382335215806961 3131
1784244690714 0.19002677500247955 3132
1784244690736 0.0845760703086853 3133
1784244690758 0.1337648630142212 3134
1784244690780 0.14308500289916992 3135
1784244690805 0.1333048790693283 3136
1784244690829 0.7252277731895447 3137
1784244690856 0.11482948064804077 3138
1784244690883 0.3223639130592346 3139
1784244690911 0.2753320634365082 3140
1784244690936 0.2595030963420868 3141
1784244690961 0.23488031327724457 3142
1784244690984 0.26251643896102905 3143
1784244691005 0.3513261377811432 3144
1784244691024 0.12210636585950851 3145
1784244691044 0.29969778656959534 3146
1784244691063 0.6047728061676025 3147
1784244691081 0.20606549084186554 3148
1784244691100 0.5193595886230469 3149
1784244691119 0.3058067560195923 3150
1784244691144 0.1313331127166748 3151
1784244691238 0.13505947589874268 3152
1784244691272 0.3089958131313324 3153
1784244691293 0.27949854731559753 3154
1784244691313 0.3534436821937561 3155
1784244691332 0.1516517996788025 3156
1784244691351 0.30539053678512573 3157
1784244691370 0.1089780405163765 3158
1784244691390 0.23699378967285156 3159
1784244691409 0.4007790982723236 3160
1784244691429 0.08529249578714371 3161
1784244691450 0.3176881670951843 3162
1784244691469 0.16458047926425934 3163
1784244691493 0.37259191274642944 3164
1784244691512 0.5815262794494629 3165
1784244691535 0.25165289640426636 3166
1784244691560 0.23766259849071503 3167
1784244691583 0.3377573490142822 3168
1784244691608 0.24390749633312225 3169
1784244691632 0.14439509809017181 3170
1784244691652 0.30782103538513184 3171
1784244691681 0.362447053194046 3172
1784244691706 0.23101632297039032 3173
1784244691730 0.14263539016246796 3174
1784244691749 0.20493903756141663 3175
1784244691768 0.19538448750972748 3176
1784244691789 0.3530186414718628 3177
1784244691808 0.3744942843914032 3178
1784244691830 0.2686365842819214 3179
1784244691850 0.22847042977809906 3180
1784244691870 0.2496512532234192 3181
1784244691890 0.4703507423400879 3182
1784244691911 0.2587677836418152 3183
1784244691934 0.13718396425247192 3184
1784244691958 0.17359612882137299 3185
1784244691981 0.1960083246231079 3186
1784244692009 0.1597670316696167 3187
1784244692030 0.2828212082386017 3188
1784244692049 0.2587108612060547 3189
1784244692068 0.5427611470222473 3190
1784244692087 0.2176644653081894 3191
1784244692113 0.43212080001831055 3192
1784244692131 0.05935211107134819 3193
1784244692151 0.2088720202445984 3194
1784244692173 0.2558206617832184 3195
1784244692194 0.20826269686222076 3196
1784244692213 0.23502278327941895 3197
1784244692231 0.3230440616607666 3198
1784244692249 0.15090298652648926 3199
1784244692265 0.28101426362991333 3200
1784244692281 0.15232408046722412 3201
1784244692298 0.09517192095518112 3202
1784244692317 0.18426144123077393 3203
1784244692336 0.19274947047233582 3204
1784244692355 0.1697143018245697 3205
1784244692374 0.3382609188556671 3206
1784244692393 0.3098992109298706 3207
1784244692414 0.23663657903671265 3208
1784244692432 0.11509857326745987 3209
1784244692451 0.2602883279323578 3210
1784244692470 0.22318275272846222 3211
1784244692488 0.10419055074453354 3212
1784244692507 0.06556988507509232 3213
1784244692525 0.08043176680803299 3214
1784244692543 0.3275185227394104 3215
1784244692560 0.3800143301486969 3216
1784244692578 0.2232334017753601 3217
1784244692596 0.23137806355953217 3218
1784244692616 0.1493520736694336 3219
1784244692636 0.30870378017425537 3220
1784244692662 0.08294937014579773 3221
1784244692682 0.15475992858409882 3222
1784244692708 0.23560091853141785 3223
1784244692731 0.20520053803920746 3224
1784244692753 0.1757153570652008 3225
1784244692776 0.4366791844367981 3226
1784244692799 0.2036297470331192 3227
1784244692819 0.28580373525619507 3228
1784244692841 0.18479806184768677 3229
1784244692863 0.3902442455291748 3230
1784244692884 0.3787715435028076 3231
1784244692914 0.21267764270305634 3232
1784244692933 0.11255397647619247 3233
1784244692953 0.16134591400623322 3234
1784244692971 0.369731068611145 3235
1784244692988 0.4753897786140442 3236
1784244693009 0.3050156533718109 3237
1784244693030 0.0797170028090477 3238
1784244693049 0.13523562252521515 3239
1784244693068 0.2721993327140808 3240
1784244693087 0.19841788709163666 3241
1784244693110 0.623328685760498 3242
1784244693129 0.27905377745628357 3243
1784244693151 0.24822723865509033 3244
1784244693174 0.1721155345439911 3245
1784244693197 0.2935146987438202 3246
1784244693218 0.08693613857030869 3247
1784244693239 0.32998719811439514 3248
1784244693257 0.31698161363601685 3249
1784244693278 0.2911283075809479 3250
1784244693300 0.0562228262424469 3251
1784244693321 0.25979962944984436 3252
1784244693339 0.22612005472183228 3253
1784244693361 0.45097360014915466 3254
1784244693380 0.1998055875301361 3255
1784244693400 0.4915755093097687 3256
1784244693420 0.2040242850780487 3257
1784244693439 0.25785672664642334 3258
1784244693463 0.24680370092391968 3259
1784244693485 0.43812280893325806 3260
1784244693506 0.0817316547036171 3261
1784244693525 0.1405552178621292 3262
1784244693547 0.2617121934890747 3263
1784244693566 0.19390155375003815 3264
1784244693585 0.11812131106853485 3265
1784244693605 0.21682512760162354 3266
1784244693627 0.128097802400589 3267
1784244693648 0.34558138251304626 3268
1784244693668 0.5247626900672913 3269
1784244693687 0.5216028094291687 3270
1784244693707 0.20252707600593567 3271
1784244693728 0.1341497302055359 3272
1784244693750 0.2896682024002075 3273
1784244693770 0.20778504014015198 3274
1784244693789 0.37907716631889343 3275
1784244693810 0.5894010663032532 3276
1784244693832 0.3439922034740448 3277
1784244693850 0.262466698884964 3278
1784244693868 0.1509251892566681 3279
1784244693888 0.37417128682136536 3280
1784244693909 0.09248577803373337 3281
1784244693930 0.20683635771274567 3282
1784244693951 0.38695040345191956 3283
1784244693978 0.27628567814826965 3284
1784244693998 0.2774154245853424 3285
1784244694019 0.35881325602531433 3286
1784244694037 0.5468490719795227 3287
1784244694056 0.2794314920902252 3288
1784244694076 0.1676899492740631 3289
1784244694095 0.22218088805675507 3290
1784244694115 0.28958940505981445 3291
1784244694135 0.4574865400791168 3292
1784244694156 0.18877454102039337 3293
1784244694176 0.3348005712032318 3294
1784244694198 0.3790510892868042 3295
1784244694218 0.40076228976249695 3296
1784244694238 0.21774110198020935 3297
1784244694257 0.43539899587631226 3298
1784244694278 0.25368532538414 3299
1784244694297 0.32391199469566345 3300
1784244694314 0.11959558725357056 3301
1784244694331 0.21764801442623138 3302
1784244694348 0.40991097688674927 3303
1784244694364 0.24120266735553741 3304
1784244694382 0.13419684767723083 3305
1784244694400 0.29856839776039124 3306
1784244694419 0.32240596413612366 3307
1784244694438 0.2690521478652954 3308
1784244694456 0.19918793439865112 3309
1784244694472 0.16186130046844482 3310
1784244694487 0.3804578483104706 3311
1784244694508 0.20583373308181763 3312
1784244694533 0.2970665991306305 3313
1784244694558 0.7012559175491333 3314
1784244694581 0.27887988090515137 3315
1784244694600 0.20763617753982544 3316
1784244694618 0.4042337238788605 3317
1784244694635 0.20096947252750397 3318
1784244694655 0.2752201557159424 3319
1784244694677 0.6184635758399963 3320
1784244694702 0.15037883818149567 3321
1784244694734 0.11665923148393631 3322
1784244694762 0.31619489192962646 3323
1784244694787 0.6756728887557983 3324
1784244694805 0.1714486926794052 3325
1784244694828 0.2742583453655243 3326
1784244694848 0.262639582157135 3327
1784244694866 0.12422400712966919 3328
1784244694884 0.23295307159423828 3329
1784244694902 0.31997618079185486 3330
1784244694920 0.496381014585495 3331
1784244694940 0.3728162348270416 3332
1784244694959 0.08715223520994186 3333
1784244694980 0.3267118036746979 3334
1784244695010 0.27146008610725403 3335
1784244695033 0.33569324016571045 3336
1784244695055 0.20326344668865204 3337
1784244695071 0.21859775483608246 3338
1784244695088 0.931399405002594 3339
1784244695106 0.3144877851009369 3340
1784244695123 0.3276953101158142 3341
1784244695142 0.2255534678697586 3342
1784244695162 0.1948123276233673 3343
1784244695181 0.44600316882133484 3344
1784244695199 0.12373988330364227 3345
1784244695216 0.3613618016242981 3346
1784244695233 0.22863127291202545 3347
1784244695251 0.22627009451389313 3348
1784244695270 0.1236514076590538 3349
1784244695288 0.145669087767601 3350
1784244695309 0.18515987694263458 3351
1784244695328 0.19635707139968872 3352
1784244695346 0.24625453352928162 3353
1784244695365 0.6980498433113098 3354
1784244695380 0.22156019508838654 3355
1784244695398 0.22985857725143433 3356
1784244695416 0.16603244841098785 3357
1784244695435 0.31071195006370544 3358
1784244695455 0.1998361051082611 3359
1784244695472 0.32995107769966125 3360
1784244695490 0.271013468503952 3361
1784244695509 0.46153223514556885 3362
1784244695528 0.18925577402114868 3363
1784244695546 0.21589848399162292 3364
1784244695565 0.1923128217458725 3365
1784244695582 0.30676302313804626 3366
1784244695600 0.05294732749462128 3367
1784244695618 0.48680925369262695 3368
1784244695639 0.48122113943099976 3369
1784244695656 0.4794430732727051 3370
1784244695675 0.23067747056484222 3371
1784244695693 0.3301730155944824 3372
1784244695712 0.25595787167549133 3373
1784244695730 0.19401928782463074 3374
1784244695746 0.11318490654230118 3375
1784244695765 0.24949337542057037 3376
1784244695783 0.1509697139263153 3377
1784244695802 0.17286494374275208 3378
1784244695822 0.29626208543777466 3379
1784244695840 0.08235441148281097 3380
1784244695856 0.10486222058534622 3381
1784244695874 0.27702564001083374 3382
1784244695898 0.12710854411125183 3383
1784244695916 0.27251070737838745 3384
1784244695935 0.15626512467861176 3385
1784244695954 0.2538476288318634 3386
1784244695973 0.3819555938243866 3387
1784244695991 0.3948303759098053 3388
1784244696009 0.5660314559936523 3389
1784244696029 0.0735558345913887 3390
1784244696047 0.19286201894283295 3391
1784244696065 0.11972634494304657 3392
1784244696082 0.3250104784965515 3393
1784244696105 0.3781692087650299 3394
1784244696123 0.11314931511878967 3395
1784244696143 0.5186657905578613 3396
1784244696164 0.38084226846694946 3397
1784244696186 0.30351004004478455 3398
1784244696209 0.2260352075099945 3399
1784244696228 0.11056167632341385 3400
1784244696248 0.11147113144397736 3401
1784244696266 0.10658307373523712 3402
1784244696286 0.1416478455066681 3403
1784244696306 0.16958068311214447 3404
1784244696326 0.24850814044475555 3405
1784244696346 0.2750011384487152 3406
1784244696366 0.08334340900182724 3407
1784244696385 0.2082291841506958 3408
1784244696409 0.24292808771133423 3409
1784244696434 0.22563697397708893 3410
1784244696466 0.13583597540855408 3411
1784244696500 0.6859469413757324 3412
1784244696533 0.39287611842155457 3413
1784244696560 0.42014577984809875 3414
1784244696588 0.23295409977436066 3415
1784244696608 0.4050249457359314 3416
1784244696629 0.5280987620353699 3417
1784244696647 0.23220676183700562 3418
1784244696666 0.23403695225715637 3419
1784244696687 0.35105255246162415 3420
1784244696708 0.26563969254493713 3421
1784244696727 0.2738713324069977 3422
1784244696747 0.4750140607357025 3423
1784244696766 0.3347533941268921 3424
1784244696785 0.17895860970020294 3425
1784244696806 0.3647790849208832 3426
1784244696826 0.10960949212312698 3427
1784244696846 0.40144115686416626 3428
1784244696865 0.3136219382286072 3429
1784244696886 0.025412486866116524 3430
1784244696916 0.5290806293487549 3431
1784244696936 0.10110582411289215 3432
1784244696962 0.32468459010124207 3433
1784244696984 0.2828487753868103 3434
1784244697014 0.14544005692005157 3435
1784244697035 0.43138259649276733 3436
1784244697057 0.2259291410446167 3437
1784244697076 0.31151220202445984 3438
1784244697094 0.4365236461162567 3439
1784244697113 0.11952794343233109 3440
1784244697133 0.02517499029636383 3441
1784244697154 0.33677607774734497 3442
1784244697178 0.3644922375679016 3443
1784244697200 0.05117151886224747 3444
1784244697220 0.32730811834335327 3445
1784244697241 0.2639811038970947 3446
1784244697262 0.28946033120155334 3447
1784244697282 0.11405263096094131 3448
1784244697302 0.2590177059173584 3449
1784244697321 0.3536994457244873 3450
1784244697340 0.14675916731357574 3451
1784244697359 0.23260244727134705 3452
1784244697378 0.09620174020528793 3453
1784244697397 0.30402258038520813 3454
1784244697416 0.2728080451488495 3455
1784244697436 0.13500134646892548 3456
1784244697454 0.21746188402175903 3457
1784244697474 0.2038896530866623 3458
1784244697494 0.3538658320903778 3459
1784244697513 0.12531769275665283 3460
1784244697532 0.28029343485832214 3461
1784244697553 0.15364289283752441 3462
1784244697573 0.10788214206695557 3463
1784244697591 0.3298492729663849 3464
1784244697613 0.24439039826393127 3465
1784244697630 0.3576117753982544 3466
1784244697650 0.4958406090736389 3467
1784244697670 0.18112985789775848 3468
1784244697691 0.2939823865890503 3469
1784244697711 0.2909928560256958 3470
1784244697731 0.12457773089408875 3471
1784244697749 0.36313316226005554 3472
1784244697765 0.5712683200836182 3473
1784244697783 0.29443493485450745 3474
1784244697801 0.3593827188014984 3475
1784244697818 0.21869345009326935 3476
1784244697838 0.20265249907970428 3477
1784244697858 0.322810560464859 3478
1784244697878 0.11491405218839645 3479
1784244697897 0.15788106620311737 3480
1784244697916 0.1218656674027443 3481
1784244697936 0.06962889432907104 3482
1784244697957 0.1287970095872879 3483
1784244697977 0.25291505455970764 3484
1784244697996 0.07263519614934921 3485
1784244698015 0.4140917658805847 3486
1784244698034 0.08111881464719772 3487
1784244698054 0.2921203374862671 3488
1784244698072 0.14818075299263 3489
1784244698093 0.3308187425136566 3490
1784244698114 0.24939680099487305 3491
1784244698136 0.748239278793335 3492
1784244698160 0.44429707527160645 3493
1784244698181 0.4142410159111023 3494
1784244698202 0.30346935987472534 3495
1784244698224 0.5544558763504028 3496
1784244698245 0.06694386899471283 3497
1784244698265 0.27717748284339905 3498
1784244698286 0.4029107689857483 3499
1784244698307 0.5342361330986023 3500
1784244698332 0.116012342274189 3501
1784244698367 0.319836288690567 3502
1784244698401 0.2617109715938568 3503
1784244698427 0.07598697394132614 3504
1784244698455 0.6341655850410461 3505
1784244698482 0.4885237216949463 3506
1784244698507 0.12663425505161285 3507
1784244698529 0.3492148220539093 3508
1784244698549 0.3748958110809326 3509
1784244698567 0.3644345700740814 3510
1784244698586 0.09228409826755524 3511
1784244698605 0.18835259974002838 3512
1784244698624 0.5218512415885925 3513
1784244698645 0.38380149006843567 3514
1784244698663 0.2553861737251282 3515
1784244698682 0.210005521774292 3516
1784244698700 0.5160397887229919 3517
1784244698722 0.12552019953727722 3518
1784244698746 0.6159144639968872 3519
1784244698765 0.052107106894254684 3520
1784244698784 0.7794820666313171 3521
1784244698807 0.17996539175510406 3522
1784244698830 0.2315893918275833 3523
1784244698850 0.49767422676086426 3524
1784244698870 0.41484755277633667 3525
1784244698895 0.42074906826019287 3526
1784244698916 0.5048836469650269 3527
1784244698938 0.09852388501167297 3528
1784244698958 0.1792200654745102 3529
1784244698976 0.4081161916255951 3530
1784244698997 0.3429352641105652 3531
1784244699016 0.29362308979034424 3532
1784244699035 0.17878271639347076 3533
1784244699054 0.7351981401443481 3534
1784244699073 0.42598605155944824 3535
1784244699091 0.18817925453186035 3536
1784244699112 0.1828710287809372 3537
1784244699132 0.2222796231508255 3538
1784244699154 0.5021255016326904 3539
1784244699175 0.2603638470172882 3540
1784244699196 0.27435535192489624 3541
1784244699214 0.2903515100479126 3542
1784244699234 0.38115596771240234 3543
1784244699254 0.20022502541542053 3544
1784244699275 0.21790164709091187 3545
1784244699295 0.2907570004463196 3546
1784244699313 0.2985508441925049 3547
1784244699333 0.13978776335716248 3548
1784244699360 0.09083879739046097 3549
1784244699385 0.21712370216846466 3550
1784244699411 0.24874761700630188 3551
1784244699429 0.21691666543483734 3552
1784244699448 0.11381197720766068 3553
1784244699466 0.13323485851287842 3554
1784244699571 0.24211996793746948 3555
1784244699606 0.16035646200180054 3556
1784244699626 0.8242673277854919 3557
1784244699644 0.12561550736427307 3558
1784244699661 0.27387917041778564 3559
1784244699679 1.0541967153549194 3560
1784244699697 0.34633177518844604 3561
1784244699717 0.36805739998817444 3562
1784244699738 0.26982012391090393 3563
1784244699756 0.46045926213264465 3564
1784244699775 0.5045682787895203 3565
1784244699795 0.7187333703041077 3566
1784244699814 0.2149992734193802 3567
1784244699834 0.08441946655511856 3568
1784244699853 0.13790655136108398 3569
1784244699872 0.18816819787025452 3570
1784244699892 0.2168416827917099 3571
1784244699926 0.17090420424938202 3572
1784244699947 0.2540716826915741 3573
1784244699965 0.26171186566352844 3574
1784244699982 0.14389681816101074 3575
1784244700002 0.10066844522953033 3576
1784244700021 0.3136000633239746 3577
1784244700040 0.16050219535827637 3578
1784244700059 0.09641385078430176 3579
1784244700079 0.716772198677063 3580
1784244700097 0.22762995958328247 3581
1784244700114 0.22734123468399048 3582
1784244700133 0.1753169447183609 3583
1784244700151 0.6571657061576843 3584
1784244700172 0.17828144133090973 3585
1784244700192 0.21422244608402252 3586
1784244700212 0.25234436988830566 3587
1784244700232 0.25463664531707764 3588
1784244700252 0.18366004526615143 3589
1784244700272 0.39625927805900574 3590
1784244700293 0.3162863254547119 3591
1784244700313 0.43460285663604736 3592
1784244700333 0.24144518375396729 3593
1784244700353 0.38654854893684387 3594
1784244700372 0.16029325127601624 3595
1784244700392 0.2245975136756897 3596
1784244700412 0.23544570803642273 3597
1784244700430 0.18438705801963806 3598
1784244700451 0.24589672684669495 3599
1784244700469 0.17520639300346375 3600
1784244700492 0.32812419533729553 3601
1784244700513 0.11592799425125122 3602
1784244700534 0.2515794038772583 3603
1784244700554 0.22370953857898712 3604
1784244700574 0.21264015138149261 3605
1784244700595 0.25137338042259216 3606
1784244700616 0.2855210602283478 3607
1784244700636 0.17860110104084015 3608
1784244700658 0.24427342414855957 3609
1784244700680 0.41575220227241516 3610
1784244700700 0.5280729532241821 3611
1784244700719 0.14150215685367584 3612
1784244700740 0.4147152304649353 3613
1784244700762 0.18076962232589722 3614
1784244700782 0.12914824485778809 3615
1784244700803 0.14939959347248077 3616
1784244700823 0.42854562401771545 3617
1784244700845 0.13741548359394073 3618
1784244700862 0.18252134323120117 3619
1784244700881 0.41896235942840576 3620
1784244700903 0.23322385549545288 3621
1784244700924 0.12096429616212845 3622
1784244700946 0.39717331528663635 3623
1784244700969 0.13584156334400177 3624
1784244700994 0.2086251974105835 3625
1784244701015 0.4140591323375702 3626
1784244701041 0.5502881407737732 3627
1784244701064 0.18336793780326843 3628
1784244701089 0.17021670937538147 3629
1784244701114 0.40966951847076416 3630
1784244701134 0.3325282335281372 3631
1784244701155 0.23742717504501343 3632
1784244701177 0.12866036593914032 3633
1784244701198 0.4524146020412445 3634
1784244701218 0.05296963453292847 3635
1784244701237 0.09364491701126099 3636
1784244701257 0.17947989702224731 3637
1784244701275 0.44699493050575256 3638
1784244701295 0.2363753318786621 3639
1784244701313 0.09832141548395157 3640
1784244701333 0.11565865576267242 3641
1784244701352 0.11937946826219559 3642
1784244701372 0.27973121404647827 3643
1784244701391 0.06965760141611099 3644
1784244701410 0.37843912839889526 3645
1784244701430 0.8034339547157288 3646
1784244701448 0.13240809738636017 3647
1784244701466 0.23266352713108063 3648
1784244701485 0.45307525992393494 3649
1784244701505 0.14550231397151947 3650
1784244701523 0.22211657464504242 3651
1784244701543 0.2888096570968628 3652
1784244701563 0.45751920342445374 3653
1784244701580 0.14637891948223114 3654
1784244701598 0.13844358921051025 3655
1784244701617 0.1327812522649765 3656
1784244701636 0.3233679533004761 3657
1784244701657 0.6551310420036316 3658
1784244701675 0.5263727307319641 3659
1784244701696 0.6489934921264648 3660
1784244701714 0.09241048246622086 3661
1784244701734 0.27774953842163086 3662
1784244701755 0.10953880846500397 3663
1784244701774 0.3710309565067291 3664
1784244701794 0.1860111802816391 3665
1784244701811 0.2859470248222351 3666
1784244701830 0.1728394627571106 3667
1784244701846 0.12160693109035492 3668
1784244701864 0.09143596887588501 3669
1784244701883 0.11947087198495865 3670
1784244701902 0.1953738033771515 3671
1784244701922 0.3196081221103668 3672
1784244701939 0.167217418551445 3673
1784244701963 0.30988091230392456 3674
1784244701992 0.07633906602859497 3675
1784244702016 0.13629944622516632 3676
1784244702038 0.2589157521724701 3677
1784244702057 0.14694422483444214 3678
1784244702076 0.07997962087392807 3679
1784244702095 0.17069043219089508 3680
1784244702113 0.10066993534564972 3681
1784244702130 0.2695111036300659 3682
1784244702148 0.6450471878051758 3683
1784244702174 0.3373512029647827 3684
1784244702221 0.38493093848228455 3685
1784244702252 0.0979219526052475 3686
1784244702278 0.07860793173313141 3687
1784244702298 0.40776538848876953 3688
1784244702319 0.21223606169223785 3689
1784244702340 0.3409481942653656 3690
1784244702358 0.44928106665611267 3691
1784244702377 0.13209861516952515 3692
1784244702397 0.1450047791004181 3693
1784244702418 0.4050951302051544 3694
1784244702438 0.29164090752601624 3695
1784244702462 0.14824828505516052 3696
1784244702483 0.2175377607345581 3697
1784244702503 0.27464979887008667 3698
1784244702526 0.4444229304790497 3699
1784244702548 0.46586403250694275 3700
1784244702569 0.3795112073421478 3701
1784244702590 0.16708014905452728 3702
1784244702612 0.13177184760570526 3703
1784244702634 0.22877371311187744 3704
1784244702655 0.19549566507339478 3705
1784244702679 0.6002591252326965 3706
1784244702701 0.3097081482410431 3707
1784244702723 0.10193973034620285 3708
1784244702743 0.07849310338497162 3709
1784244702765 0.5731146931648254 3710
1784244702787 0.09068387001752853 3711
1784244702809 0.0687403455376625 3712
1784244702829 0.1944781243801117 3713
1784244702848 0.477286159992218 3714
1784244702867 0.40614089369773865 3715
1784244702884 0.2643412947654724 3716
1784244702904 0.2748850882053375 3717
1784244702926 0.4875274896621704 3718
1784244702944 0.17395882308483124 3719
1784244702970 0.5526429414749146 3720
1784244702989 0.3398783802986145 3721
1784244703012 0.16424326598644257 3722
1784244703031 0.1413092017173767 3723
1784244703051 0.24134942889213562 3724
1784244703071 0.3143874406814575 3725
1784244703090 0.24117499589920044 3726
1784244703110 0.3161510229110718 3727
1784244703129 0.21136464178562164 3728
1784244703147 0.1936730444431305 3729
1784244703167 0.2299748659133911 3730
1784244703189 0.11816039681434631 3731
1784244703213 0.08354832231998444 3732
1784244703237 0.4393557012081146 3733
1784244703257 0.14314024150371552 3734
1784244703279 0.2050890177488327 3735
1784244703303 0.15259601175785065 3736
1784244703333 0.09144813567399979 3737
1784244703362 0.107415109872818 3738
1784244703388 0.6820079684257507 3739
1784244703417 0.336546391248703 3740
1784244703451 0.4184983968734741 3741
1784244703472 0.18199017643928528 3742
1784244703493 0.375964879989624 3743
1784244703512 0.051107391715049744 3744
1784244703531 0.25893688201904297 3745
1784244703551 0.3684256970882416 3746
1784244703573 0.07638727873563766 3747
1784244703592 0.21210473775863647 3748
1784244703613 0.18578623235225677 3749
1784244705428 0.26351693272590637 3750
1784244705447 0.10163835436105728 3751
1784244705468 0.054869379848241806 3752
1784244705493 0.137021005153656 3753
1784244705515 0.3217732906341553 3754
1784244705537 0.5045186281204224 3755
1784244705559 0.2676060199737549 3756
1784244705580 0.14212438464164734 3757
1784244705598 0.38366061449050903 3758
1784244705615 0.3821142315864563 3759
1784244705633 0.5548692345619202 3760
1784244705651 0.3385416269302368 3761
1784244705672 0.4999735951423645 3762
1784244705692 0.18863993883132935 3763
1784244705710 0.3173135817050934 3764
1784244705729 0.13311028480529785 3765
1784244705747 0.30939897894859314 3766
1784244705765 0.29218101501464844 3767
1784244705783 0.16663677990436554 3768
1784244705805 0.31581440567970276 3769
1784244705824 0.3573043942451477 3770
1784244705845 0.0653720274567604 3771
1784244705863 0.2513698935508728 3772
1784244705882 0.1987457573413849 3773
1784244705900 0.18782654404640198 3774
1784244705922 0.4755166172981262 3775
1784244705941 0.1331196427345276 3776
1784244705961 0.24937105178833008 3777
1784244705980 0.22450309991836548 3778
1784244706005 0.38164860010147095 3779
1784244706025 0.2603945732116699 3780
1784244706044 0.14072753489017487 3781
1784244706065 0.2383757084608078 3782
1784244706083 0.13412146270275116 3783
1784244706102 0.28949591517448425 3784
1784244706121 0.1778005063533783 3785
1784244706138 0.0683189332485199 3786
1784244706158 0.4631774127483368 3787
1784244706178 0.7357178330421448 3788
1784244706197 0.19158190488815308 3789
1784244706217 0.07800862938165665 3790
1784244706248 0.25721216201782227 3791
1784244706281 0.34256359934806824 3792
1784244706310 0.5008283853530884 3793
1784244706332 0.28199517726898193 3794
1784244706351 0.12471361458301544 3795
1784244706373 0.060616523027420044 3796
1784244706395 0.2717142403125763 3797
1784244706430 0.14331521093845367 3798
1784244706463 0.18248702585697174 3799
1784244706487 0.0667167380452156 3800
1784244706514 0.16141387820243835 3801
1784244706539 0.3760131001472473 3802
1784244706562 0.1504148244857788 3803
1784244706583 0.04965099319815636 3804
1784244706607 0.2337319552898407 3805
1784244706627 0.29220491647720337 3806
1784244706647 0.1493745595216751 3807
1784244706670 0.5380902290344238 3808
1784244706692 0.13685697317123413 3809
1784244706714 0.331064373254776 3810
1784244706734 0.09162313491106033 3811
1784244706754 0.06581607460975647 3812
1784244706776 0.13370400667190552 3813
1784244706797 0.4662364721298218 3814
1784244706818 0.2832416594028473 3815
1784244706837 0.14076237380504608 3816
1784244706857 0.2752676010131836 3817
1784244706876 0.05706214904785156 3818
1784244706895 0.47353219985961914 3819
1784244706912 0.1933068484067917 3820
1784244706932 0.2646387815475464 3821
1784244706952 0.13482609391212463 3822
1784244706972 0.2379157841205597 3823
1784244706990 0.5773593783378601 3824
1784244707010 0.3115350008010864 3825
1784244707030 0.14403893053531647 3826
1784244707052 0.1811552196741104 3827
1784244707074 0.1784648597240448 3828
1784244707096 0.16310825943946838 3829
1784244707116 0.16458550095558167 3830
1784244707135 0.27245450019836426 3831
1784244707157 0.2823292911052704 3832
1784244707178 0.2263156622648239 3833
1784244707200 0.3390272855758667 3834
1784244707221 0.3521152436733246 3835
1784244707241 0.23140190541744232 3836
1784244707265 0.3619479238986969 3837
1784244707292 0.11499826610088348 3838
1784244707319 0.2587645947933197 3839
1784244707350 0.304027259349823 3840
1784244707380 0.15962064266204834 3841
1784244707410 0.22071044147014618 3842
1784244707437 0.16886544227600098 3843
1784244707462 0.4956360161304474 3844
1784244707484 0.31742942333221436 3845
1784244707506 0.2600761651992798 3846
1784244707526 0.1963793784379959 3847
1784244707544 0.11675304174423218 3848
1784244707562 0.2680271565914154 3849
1784244707579 0.28189265727996826 3850
1784244707597 0.21034030616283417 3851
1784244707616 0.4174603521823883 3852
1784244707635 0.5522416830062866 3853
1784244707653 0.365738183259964 3854
1784244707671 0.07194133847951889 3855
1784244707693 0.19299189746379852 3856
1784244707719 0.20117442309856415 3857
1784244707744 0.1624595820903778 3858
1784244707766 0.09251762181520462 3859
1784244707789 0.11862550675868988 3860
1784244707811 0.0779217854142189 3861
1784244707832 0.29765644669532776 3862
1784244707850 0.16523052752017975 3863
1784244707871 0.2899479269981384 3864
1784244707892 0.1635647863149643 3865
1784244707911 0.5864613056182861 3866
1784244707930 0.335570752620697 3867
1784244707948 0.5872018337249756 3868
1784244707966 0.07417616993188858 3869
1784244707984 0.26576492190361023 3870
1784244708004 0.2014451026916504 3871
1784244708022 0.726082444190979 3872
1784244708041 0.3381756544113159 3873
1784244708061 0.19222284853458405 3874
1784244708079 0.10804758220911026 3875
1784244708097 0.15925775468349457 3876
1784244708116 0.18502628803253174 3877
1784244708134 0.26166102290153503 3878
1784244708154 0.20722883939743042 3879
1784244708174 0.15897561609745026 3880
1784244708193 0.2877032160758972 3881
1784244708209 0.27902060747146606 3882
1784244708228 0.5073971152305603 3883
1784244708246 0.1975879818201065 3884
1784244708265 0.2177579551935196 3885
1784244708283 0.46623536944389343 3886
1784244708308 0.437282532453537 3887
1784244708331 0.2863481342792511 3888
1784244708349 0.10501959919929504 3889
1784244708368 0.5091862082481384 3890
1784244708389 0.18926696479320526 3891
1784244708408 0.3302718997001648 3892
1784244708428 0.4182315468788147 3893
1784244708446 0.06718573719263077 3894
1784244708464 0.24545830488204956 3895
1784244708483 0.1448698788881302 3896
1784244708505 0.178240567445755 3897
1784244708525 0.30392056703567505 3898
1784244708545 0.17218825221061707 3899
1784244708562 0.12781600654125214 3900
1784244708579 0.2763490378856659 3901
1784244708596 0.14402590692043304 3902
1784244708614 0.2944333255290985 3903
1784244708632 0.18055808544158936 3904
1784244708649 0.12505027651786804 3905
1784244708668 0.20797230303287506 3906
1784244708687 0.11301063746213913 3907
1784244708704 0.27327555418014526 3908
1784244708721 0.05619204044342041 3909
1784244708741 0.3122271001338959 3910
1784244708760 0.40067461133003235 3911
1784244708776 0.2700096368789673 3912
1784244708795 0.2260802835226059 3913
1784244708815 0.07815983891487122 3914
1784244708836 0.19438567757606506 3915
1784244708854 0.24189084768295288 3916
1784244708874 0.07997573167085648 3917
1784244708894 0.2703530192375183 3918
1784244708913 0.05904826521873474 3919
1784244708930 0.1634259968996048 3920
1784244708948 0.1083272248506546 3921
1784244708967 0.11739233136177063 3922
1784244708988 0.31949710845947266 3923
1784244709008 0.1747855246067047 3924
1784244709026 0.18216083943843842 3925
1784244709042 0.16008159518241882 3926
1784244709060 0.27996644377708435 3927
1784244709079 0.34874698519706726 3928
1784244709097 0.13945753872394562 3929
1784244709114 0.17288264632225037 3930
1784244709133 0.11581406742334366 3931
1784244709149 0.5139460563659668 3932
1784244709167 0.11218250542879105 3933
1784244709185 0.1074616014957428 3934
1784244709203 0.1278866082429886 3935
1784244709222 0.3121218979358673 3936
1784244709240 0.22261950373649597 3937
1784244709257 0.20215484499931335 3938
1784244709274 0.13045214116573334 3939
1784244709292 0.05114474147558212 3940
1784244709310 0.2067001760005951 3941
1784244709328 0.1459345817565918 3942
1784244709346 0.1363234668970108 3943
1784244709366 0.18477597832679749 3944
1784244709386 0.309617817401886 3945
1784244709405 0.26124969124794006 3946
1784244709424 0.24882850050926208 3947
1784244709444 0.3179904818534851 3948
1784244709463 0.3006848692893982 3949
1784244709483 0.3091265559196472 3950
1784244709503 0.12817804515361786 3951
1784244709524 0.15975919365882874 3952
1784244709543 0.20358607172966003 3953
1784244709561 0.33741429448127747 3954
1784244709581 0.4566785991191864 3955
1784244709603 0.30882054567337036 3956
1784244709624 0.20696081221103668 3957
1784244709642 0.3721321225166321 3958
1784244709662 0.12638013064861298 3959
1784244709682 0.21038854122161865 3960
1784244709705 0.5286863446235657 3961
1784244709725 0.24001482129096985 3962
1784244709744 0.2800426781177521 3963
1784244709763 0.2201155126094818 3964
1784244709783 0.14323298633098602 3965
1784244709804 0.21693599224090576 3966
1784244709821 0.07498511672019958 3967
1784244709841 0.22827544808387756 3968
1784244709861 0.2758505940437317 3969
1784244709882 0.35246118903160095 3970
1784244709902 0.3109942376613617 3971
1784244709924 0.2638370394706726 3972
1784244709945 0.1370556801557541 3973
1784244709971 0.3740464746952057 3974
1784244709990 0.10737255215644836 3975
1784244710015 0.19723549485206604 3976
1784244710038 0.23514549434185028 3977
1784244710057 0.24922722578048706 3978
1784244710089 0.41755786538124084 3979
1784244710108 0.1269819587469101 3980
1784244710127 0.25513139367103577 3981
1784244710147 0.24098533391952515 3982
1784244710166 0.2763015329837799 3983
1784244710187 0.08208070695400238 3984
1784244710205 0.3183816969394684 3985
1784244710226 0.15684954822063446 3986
1784244710246 0.12537774443626404 3987
1784244710278 0.3233334422111511 3988
1784244710304 0.12069614231586456 3989
1784244710326 0.19798555970191956 3990
1784244710346 0.0849936231970787 3991
1784244710365 0.3057723641395569 3992
1784244710386 0.6470752358436584 3993
1784244710410 0.24903233349323273 3994
1784244710429 0.18210867047309875 3995
1784244710447 0.25072935223579407 3996
1784244710469 0.04502396658062935 3997
1784244710638 0.14411401748657227 3998
1784244710677 0.49700024724006653 3999
1784244710698 0.15823626518249512 4000
1784244710719 0.23399929702281952 4001
1784244710739 0.227108433842659 4002
1784244710759 0.15642502903938293 4003
1784244710779 0.08280286192893982 4004
1784244710799 0.18766576051712036 4005
1784244710823 0.17279398441314697 4006
1784244710843 0.11385051161050797 4007
1784244710862 0.10813204199075699 4008
1784244710881 0.24488499760627747 4009
1784244710902 0.32410937547683716 4010
1784244710921 0.13417980074882507 4011
1784244710941 0.06927894800901413 4012
1784244710961 0.2617192268371582 4013
1784244710980 0.12375068664550781 4014
1784244710999 0.5305545926094055 4015
1784244711020 0.20569264888763428 4016
1784244711041 0.2039612978696823 4017
1784244711060 0.1757453978061676 4018
1784244711079 0.13060562312602997 4019
1784244711097 0.13325317203998566 4020
1784244711115 0.08547943085432053 4021
1784244711135 0.09449855238199234 4022
1784244711154 0.44780024886131287 4023
1784244711175 0.09197086095809937 4024
1784244711194 0.43531128764152527 4025
1784244711213 0.24963702261447906 4026
1784244711233 0.13584981858730316 4027
1784244711252 0.37278735637664795 4028
1784244711275 0.1172124519944191 4029
1784244711298 0.20364005863666534 4030
1784244711321 0.30488017201423645 4031
1784244711345 0.24042066931724548 4032
1784244711369 0.1080089583992958 4033
1784244711392 0.34719064831733704 4034
1784244711413 0.4095058739185333 4035
1784244711432 0.18059149384498596 4036
1784244711451 0.4321337342262268 4037
1784244711469 0.21639803051948547 4038
1784244711488 0.10186336934566498 4039
1784244711508 0.07686960697174072 4040
1784244711528 0.07886990159749985 4041
1784244711545 0.3049406111240387 4042
1784244711562 0.18810059130191803 4043
1784244711579 0.27941131591796875 4044
1784244711598 0.6990233063697815 4045
1784244711617 0.2108931839466095 4046
1784244711638 0.10771161317825317 4047
1784244711655 0.138631209731102 4048
1784244711674 0.2716972529888153 4049
1784244711695 0.38378259539604187 4050
1784244711714 0.5725989937782288 4051
1784244711740 0.04776417836546898 4052
1784244711764 0.07068546116352081 4053
1784244711788 0.10949636250734329 4054
1784244711812 0.4109247624874115 4055
1784244711837 0.42415285110473633 4056
1784244711865 0.3917555510997772 4057
1784244711895 0.2979448139667511 4058
1784244711920 0.20421119034290314 4059
1784244711942 0.3501509428024292 4060
1784244711971 0.17396022379398346 4061
1784244712001 0.13154466450214386 4062
1784244712024 0.2367563098669052 4063
1784244712043 0.4157097041606903 4064
1784244712062 0.15733377635478973 4065
1784244712082 0.3784346878528595 4066
1784244712100 0.1835353672504425 4067
1784244712119 0.31930011510849 4068
1784244712137 0.7511624097824097 4069
1784244712158 0.1311766356229782 4070
1784244712178 0.16122758388519287 4071
1784244712206 0.08938252180814743 4072
1784244712228 0.5838503837585449 4073
1784244712257 0.3870861530303955 4074
1784244712288 0.14573198556900024 4075
1784244712320 0.4747926592826843 4076
1784244712346 0.2774340510368347 4077
1784244712374 0.23262041807174683 4078
1784244712394 0.18201464414596558 4079
1784244712413 0.3493201732635498 4080
1784244712437 0.07141081243753433 4081
1784244712461 0.22123174369335175 4082
1784244712479 0.7803594470024109 4083
1784244712498 0.1413385570049286 4084
1784244712523 0.475918710231781 4085
1784244712542 0.09798942506313324 4086
1784244712562 0.28263336420059204 4087
1784244712583 0.6307265758514404 4088
1784244712605 0.6025289297103882 4089
1784244712628 0.21518731117248535 4090
1784244712647 0.24688343703746796 4091
1784244712667 0.14688238501548767 4092
1784244712689 0.3366483151912689 4093
1784244712710 0.019883548840880394 4094
1784244712732 0.0971250981092453 4095
1784244712751 0.07081993669271469 4096
1784244712772 0.07085075229406357 4097
1784244712792 0.2626810371875763 4098
1784244712813 0.21459968388080597 4099
1784244712835 0.11829891055822372 4100
1784244712856 0.3262822926044464 4101
1784244712876 0.08876412361860275 4102
1784244712896 0.2557882070541382 4103
1784244712915 0.28606662154197693 4104
1784244712937 0.17147333920001984 4105
1784244712956 0.10997112840414047 4106
1784244712975 0.21966521441936493 4107
1784244712996 0.189562126994133 4108
1784244713017 0.42696332931518555 4109
1784244713036 0.12678316235542297 4110
1784244713056 0.48417481780052185 4111
1784244713076 0.15139955282211304 4112
1784244713095 0.244135782122612 4113
1784244713115 0.059096258133649826 4114
1784244713135 0.14013159275054932 4115
1784244713156 0.34250733256340027 4116
1784244713175 0.4671100080013275 4117
1784244713194 0.17387501895427704 4118
1784244713219 0.13306860625743866 4119
1784244713237 0.259572297334671 4120
1784244713255 0.2612714171409607 4121
1784244713274 0.13011936843395233 4122
1784244713293 0.49462413787841797 4123
1784244713312 0.20579741895198822 4124
1784244713331 0.4367516338825226 4125
1784244713349 0.3287355601787567 4126
1784244713367 0.46289730072021484 4127
1784244713386 0.5616703033447266 4128
1784244713405 0.37948915362358093 4129
1784244713423 0.1928466260433197 4130
1784244713448 0.054867617785930634 4131
1784244713472 0.4432721734046936 4132
1784244713492 0.4856020510196686 4133
1784244713513 0.17552413046360016 4134
1784244713537 0.19996489584445953 4135
1784244713560 0.5180518627166748 4136
1784244713581 0.458151638507843 4137
1784244713607 0.20320063829421997 4138
1784244713633 0.286464661359787 4139
1784244713655 0.2568970322608948 4140
1784244713677 0.3588850498199463 4141
1784244713697 0.09408313035964966 4142
1784244713727 0.3191083073616028 4143
1784244713752 0.3080679476261139 4144
1784244713778 0.27720534801483154 4145
1784244713806 0.14355051517486572 4146
1784244713831 0.34120845794677734 4147
1784244713857 0.3096730709075928 4148
1784244713882 0.04425189644098282 4149
1784244713908 0.30333733558654785 4150
1784244713929 0.23924775421619415 4151
1784244713955 0.16228894889354706 4152
1784244713981 0.09997463971376419 4153
1784244714006 0.16342613101005554 4154
1784244714026 0.25532543659210205 4155
1784244714046 0.08754277974367142 4156
1784244714070 0.32208380103111267 4157
1784244714091 0.32526668906211853 4158
1784244714112 0.19649602472782135 4159
1784244714132 0.11848145723342896 4160
1784244714149 0.2533317804336548 4161
1784244714169 0.25891414284706116 4162
1784244714191 0.315165638923645 4163
1784244714211 0.3574088215827942 4164
1784244714231 0.19418996572494507 4165
1784244714252 0.4318811595439911 4166
1784244714273 0.1974325180053711 4167
1784244714292 0.3782908320426941 4168
1784244714311 0.14776290953159332 4169
1784244714329 0.31516048312187195 4170
1784244714349 0.22260406613349915 4171
1784244714367 0.4690074324607849 4172
1784244714389 0.32083818316459656 4173
1784244714409 0.2035900056362152 4174
1784244714429 0.14548182487487793 4175
1784244714451 0.201832115650177 4176
1784244714473 0.23192523419857025 4177
1784244714495 0.29804807901382446 4178
1784244714519 0.6290248036384583 4179
1784244714539 0.15388238430023193 4180
1784244714561 0.5307867527008057 4181
1784244714582 0.19214339554309845 4182
1784244714598 0.249941885471344 4183
1784244714620 0.15129414200782776 4184
1784244714641 0.16803470253944397 4185
1784244714659 0.08571489155292511 4186
1784244714679 0.41886332631111145 4187
1784244714700 0.20527730882167816 4188
1784244714720 0.2517815828323364 4189
1784244714741 0.41974058747291565 4190
1784244714760 0.19107291102409363 4191
1784244714779 0.20032460987567902 4192
1784244714796 0.14824172854423523 4193
1784244714815 0.15797780454158783 4194
1784244714835 0.17504173517227173 4195
1784244714852 0.6138936877250671 4196
1784244714877 0.12684884667396545 4197
1784244714899 0.1486818492412567 4198
1784244714923 0.19890576601028442 4199
1784244714944 0.2223234921693802 4200
1784244714962 0.21734844148159027 4201
1784244714982 0.2560652792453766 4202
1784244715000 0.13354265689849854 4203
1784244715020 0.3219696283340454 4204
1784244715039 0.13893119990825653 4205
1784244715059 0.19509759545326233 4206
1784244715081 0.17343877255916595 4207
1784244715106 0.39445871114730835 4208
1784244715125 0.2398497611284256 4209
1784244715144 0.21671819686889648 4210
1784244715163 0.048883918672800064 4211
1784244715183 0.20292003452777863 4212
1784244715203 0.15597549080848694 4213
1784244715222 0.2692705988883972 4214
1784244715240 0.2944641411304474 4215
1784244715259 0.04808904975652695 4216
1784244715283 0.1345168948173523 4217
1784244715305 0.15558339655399323 4218
1784244715326 0.08556992560625076 4219
1784244715346 0.143451526761055 4220
1784244715366 0.2485567331314087 4221
1784244715386 0.42591747641563416 4222
1784244715408 0.35936039686203003 4223
1784244715429 0.2718772888183594 4224
1784244715447 0.1359880119562149 4225
1784244715465 0.4306456446647644 4226
1784244715484 0.30597221851348877 4227
1784244715504 0.19302669167518616 4228
1784244715524 0.26994219422340393 4229
1784244715545 0.41458866000175476 4230
1784244715563 0.10589320957660675 4231
1784244715585 0.21990036964416504 4232
1784244715605 0.24792176485061646 4233
1784244715626 0.20838043093681335 4234
1784244715650 0.30945703387260437 4235
1784244715675 0.613635778427124 4236
1784244715694 0.1464765965938568 4237
1784244715712 0.31768083572387695 4238
1784244715733 0.131262868642807 4239
1784244715757 0.23735643923282623 4240
1784244715778 0.47392648458480835 4241
1784244715798 0.30973556637763977 4242
1784244715816 0.17252397537231445 4243
1784244715836 0.5968822240829468 4244
1784244715854 0.27558818459510803 4245
1784244715873 0.22802479565143585 4246
1784244715892 0.22964097559452057 4247
1784244715910 0.23100632429122925 4248
1784244715927 0.08420629799365997 4249
1784244715945 0.22286362946033478 4250
1784244715964 0.37345755100250244 4251
1784244715985 0.24943898618221283 4252
1784244716006 0.1668502241373062 4253
1784244716025 0.26642704010009766 4254
1784244716043 0.20635157823562622 4255
1784244716062 0.2899169921875 4256
1784244716080 0.20743751525878906 4257
1784244716098 0.07622107863426208 4258
1784244716118 0.26771947741508484 4259
1784244716138 0.4074174463748932 4260
1784244716158 0.26030758023262024 4261
1784244716179 0.3679406940937042 4262
1784244716199 0.20372715592384338 4263
1784244716219 0.34222349524497986 4264
1784244716243 0.15455327928066254 4265
1784244716273 0.23321300745010376 4266
1784244716298 0.27754706144332886 4267
1784244716320 0.13903410732746124 4268
1784244716341 0.10291977226734161 4269
1784244716360 0.09858430176973343 4270
1784244716385 0.27900150418281555 4271
1784244716408 0.2714577317237854 4272
1784244716428 0.253681480884552 4273
1784244716446 0.20728367567062378 4274
1784244716467 0.4099220335483551 4275
1784244716489 0.15751923620700836 4276
1784244716510 0.21461644768714905 4277
1784244716528 0.13903938233852386 4278
1784244716546 0.4354161024093628 4279
1784244716562 0.10935753583908081 4280
1784244716583 0.1926448494195938 4281
1784244716601 0.15469209849834442 4282
1784244716625 0.5899123549461365 4283
1784244716645 0.06795858591794968 4284
1784244716668 0.3124963641166687 4285
1784244716689 0.33770179748535156 4286
1784244716711 0.1997634470462799 4287
1784244716740 0.15250828862190247 4288
1784244716763 0.5986062288284302 4289
1784244716789 0.06134758144617081 4290
1784244716809 0.20828893780708313 4291
1784244716828 0.27294379472732544 4292
1784244716847 0.15752805769443512 4293
1784244716865 0.18518979847431183 4294
1784244716884 0.3254869282245636 4295
1784244716908 0.28574174642562866 4296
1784244716937 0.35435301065444946 4297
1784244716962 0.264176607131958 4298
1784244717086 0.36485689878463745 4299
1784244717127 0.4171507656574249 4300
1784244717147 0.07817589491605759 4301
1784244717189 0.28547990322113037 4302
1784244717223 0.17335201799869537 4303
1784244717251 0.147745743393898 4304
1784244717280 0.2510730028152466 4305
1784244717307 0.3713764250278473 4306
1784244717331 0.28822067379951477 4307
1784244717352 0.4813721477985382 4308
1784244717373 0.481916218996048 4309
1784244717393 0.21965867280960083 4310
1784244717412 0.1798194944858551 4311
1784244717429 0.41047847270965576 4312
1784244717447 0.12407432496547699 4313
1784244717465 0.3403317630290985 4314
1784244717484 0.13046003878116608 4315
1784244717505 0.5144740343093872 4316
1784244717522 0.07552266865968704 4317
1784244717542 0.40873584151268005 4318
1784244717558 0.062386929988861084 4319
1784244717576 0.1465165913105011 4320
1784244717594 0.36024680733680725 4321
1784244717613 0.28212082386016846 4322
1784244717631 0.21519917249679565 4323
1784244717653 0.27132946252822876 4324
1784244717671 0.5773043632507324 4325
1784244717691 0.11141742765903473 4326
1784244717712 0.16446678340435028 4327
1784244717729 0.2170545607805252 4328
1784244717752 0.12398986518383026 4329
1784244717775 0.1826249063014984 4330
1784244717795 0.18472126126289368 4331
1784244717813 0.4580713212490082 4332
1784244717831 0.1604594886302948 4333
1784244717850 0.21990346908569336 4334
1784244717871 0.11283713579177856 4335
1784244717892 0.09285131841897964 4336
1784244717912 0.34295040369033813 4337
1784244717930 0.3784845471382141 4338
1784244717948 0.24345532059669495 4339
1784244717968 0.12723028659820557 4340
1784244717987 0.4085994362831116 4341
1784244718006 0.338471919298172 4342
1784244718024 0.382638156414032 4343
1784244718042 0.07926502078771591 4344
1784244718061 0.2755137085914612 4345
1784244718078 0.22813384234905243 4346
1784244718097 0.23328033089637756 4347
1784244718115 0.3251420557498932 4348
1784244718132 0.09285347908735275 4349
1784244718151 0.3680109977722168 4350
1784244718176 0.31505095958709717 4351
1784244718199 0.2570198178291321 4352
1784244718222 0.2357189655303955 4353
1784244718241 0.2845432460308075 4354
1784244718260 0.11004335433244705 4355
1784244718278 0.25038763880729675 4356
1784244718296 0.8762764930725098 4357
1784244718315 0.475513756275177 4358
1784244718334 0.17473118007183075 4359
1784244718352 0.1786043494939804 4360
1784244718370 0.2908344864845276 4361
1784244718390 0.22197434306144714 4362
1784244718409 0.2559710144996643 4363
1784244718427 0.3222365379333496 4364
1784244718446 0.1656605303287506 4365
1784244718462 0.08140143007040024 4366
1784244718479 0.16276977956295013 4367
1784244718497 0.2875397503376007 4368
1784244718517 0.15921960771083832 4369
1784244718536 0.3231445550918579 4370
1784244718560 0.1804407835006714 4371
1784244718586 0.24966448545455933 4372
1784244718616 0.13488958775997162 4373
1784244718640 0.2259223759174347 4374
1784244718665 0.32121890783309937 4375
1784244718689 0.07138379663228989 4376
1784244718713 0.224215567111969 4377
1784244718732 0.46604225039482117 4378
1784244718755 0.2543408274650574 4379
1784244718777 0.06854140758514404 4380
1784244718800 0.2665567100048065 4381
1784244718825 0.2466476559638977 4382
1784244718848 0.19271209836006165 4383
1784244718869 0.13501977920532227 4384
1784244718892 0.09301609545946121 4385
1784244718915 0.1501736342906952 4386
1784244718946 0.2650151550769806 4387
1784244718971 0.13935025036334991 4388
1784244718998 0.1205875426530838 4389
1784244719025 0.39517152309417725 4390
1784244719051 0.15447263419628143 4391
1784244719089 0.10553741455078125 4392
1784244719113 0.13906662166118622 4393
1784244719132 0.1491662859916687 4394
1784244719152 0.18941998481750488 4395
1784244719176 0.17988722026348114 4396
1784244719200 0.1253499984741211 4397
1784244719222 0.4852721691131592 4398
1784244719243 0.055423371493816376 4399
1784244719265 0.6104726791381836 4400
1784244719287 0.6095280647277832 4401
1784244719309 0.24933871626853943 4402
1784244719334 0.48876243829727173 4403
1784244719358 0.1854778677225113 4404
1784244719379 0.09278921037912369 4405
1784244719405 0.07120025902986526 4406
1784244719431 0.11035662144422531 4407
1784244719458 0.17794150114059448 4408
1784244719484 0.31293976306915283 4409
1784244719511 0.21951036155223846 4410
1784244719540 0.05238853022456169 4411
1784244719570 0.46415722370147705 4412
1784244719597 0.27383607625961304 4413
1784244719620 0.1282377392053604 4414
1784244719647 0.4053475856781006 4415
1784244719679 0.14307989180088043 4416
1784244719709 0.09129057824611664 4417
1784244719737 0.15869273245334625 4418
1784244719764 0.22185160219669342 4419
1784244719801 0.1501028686761856 4420
1784244719840 0.19046053290367126 4421
1784244719868 0.07678107172250748 4422
1784244719903 0.23509149253368378 4423
1784244719938 0.3374130427837372 4424
1784244719967 0.2346613109111786 4425
1784244719998 0.5329025983810425 4426
1784244720029 0.2414976805448532 4427
1784244720060 0.13625435531139374 4428
1784244720088 0.08726372569799423 4429
1784244720113 0.285858690738678 4430
1784244720138 0.2547847330570221 4431
1784244720162 0.18959477543830872 4432
1784244720190 0.21945124864578247 4433
1784244720214 0.25458601117134094 4434
1784244720239 0.14580035209655762 4435
1784244720259 0.188174769282341 4436
1784244720281 0.14638356864452362 4437
1784244720302 0.2725089490413666 4438
1784244720323 0.15129584074020386 4439
1784244720347 0.27143311500549316 4440
1784244720369 0.19381773471832275 4441
1784244720393 0.2534783184528351 4442
1784244720417 0.47198358178138733 4443
1784244720438 0.06449169665575027 4444
1784244720459 0.24477967619895935 4445
1784244720484 0.20053240656852722 4446
1784244720508 0.6105138063430786 4447
1784244720550 0.1596105843782425 4448
1784244720576 0.11319413036108017 4449
1784244720599 0.15884967148303986 4450
1784244720622 0.08278520405292511 4451
1784244720646 0.060705363750457764 4452
1784244720672 0.27608469128608704 4453
1784244720693 0.07953020185232162 4454
1784244720714 0.14979983866214752 4455
1784244720736 0.09113968163728714 4456
1784244720768 0.39693865180015564 4457
1784244720860 0.39705514907836914 4458
1784244720885 0.12365437299013138 4459
1784244720917 0.44249972701072693 4460
1784244720943 0.18864938616752625 4461
1784244720967 0.23933681845664978 4462
1784244720999 0.1513359099626541 4463
1784244721035 0.09314915537834167 4464
1784244721068 0.12409483641386032 4465
1784244721103 0.2269585132598877 4466
1784244721138 0.232674703001976 4467
1784244721165 0.08484054356813431 4468
1784244721196 0.45003998279571533 4469
1784244721228 0.23270373046398163 4470
1784244721263 0.22956836223602295 4471
1784244721291 0.2690916955471039 4472
1784244721321 0.2024896889925003 4473
1784244721348 0.1170223280787468 4474
1784244721370 0.11338858306407928 4475
1784244721395 0.11967514455318451 4476
1784244721420 0.1892581433057785 4477
1784244721442 0.12226154655218124 4478
1784244721464 0.26856696605682373 4479
1784244721486 0.5254112482070923 4480
1784244721506 0.13447068631649017 4481
1784244721531 0.044873498380184174 4482
1784244721552 0.2843695282936096 4483
1784244721573 0.20901347696781158 4484
1784244721595 0.17542672157287598 4485
1784244721615 0.09916888177394867 4486
1784244721638 0.22052927315235138 4487
1784244721666 0.16440284252166748 4488
1784244721696 0.1650342047214508 4489
1784244721730 0.09875154495239258 4490
1784244721760 0.21343177556991577 4491
1784244721791 0.0753774642944336 4492
1784244721821 0.1877739280462265 4493
1784244721846 0.13044914603233337 4494
1784244721870 0.2505434453487396 4495
1784244721900 0.10953843593597412 4496
1784244721929 0.38203567266464233 4497
1784244721956 0.17473481595516205 4498
1784244721987 0.06655764579772949 4499
1784244722018 0.09171499311923981 4500
1784244722060 0.04343493655323982 4501
1784244722095 0.5557920336723328 4502
1784244722126 0.2141418755054474 4503
1784244722153 0.10542288422584534 4504
1784244722183 0.2990044951438904 4505
1784244722207 0.2437143623828888 4506
1784244722230 0.1619383841753006 4507
1784244722264 0.16699859499931335 4508
1784244722292 0.2168615609407425 4509
1784244722313 0.1566595733165741 4510
1784244722355 0.2449662834405899 4511
1784244722382 0.20407868921756744 4512
1784244722408 0.13459822535514832 4513
1784244722440 0.36315834522247314 4514
1784244722472 0.08097323775291443 4515
1784244722497 0.3489920496940613 4516
1784244722530 0.45858436822891235 4517
1784244722559 0.5508094429969788 4518
1784244722587 0.13494320213794708 4519
1784244722619 0.19516970217227936 4520
1784244722651 0.3336200714111328 4521
1784244722676 0.5098246335983276 4522
1784244722702 0.16853183507919312 4523
1784244722728 0.5203689336776733 4524
1784244722756 0.1655735969543457 4525
1784244722779 0.1788550168275833 4526
1784244722928 0.08234824985265732 4527
1784244722959 0.23530660569667816 4528
1784244722987 0.19905193150043488 4529
1784244723017 0.17747129499912262 4530
1784244723038 0.16952063143253326 4531
1784244723064 0.1835283488035202 4532
1784244723093 0.36645522713661194 4533
1784244723117 0.260648250579834 4534
1784244723142 0.13158045709133148 4535
1784244723167 0.266066312789917 4536
1784244723196 0.08243625611066818 4537
1784244723223 0.1896720677614212 4538
1784244723248 0.14464202523231506 4539
1784244723274 0.10665633529424667 4540
1784244723301 0.24009612202644348 4541
1784244723326 0.26433709263801575 4542
1784244723347 0.13636517524719238 4543
1784244723372 0.14171013236045837 4544
1784244723397 0.3307851254940033 4545
1784244723422 0.17190712690353394 4546
1784244723449 0.2204459011554718 4547
1784244723475 0.17464579641819 4548
1784244723502 0.09437966346740723 4549
1784244723531 0.31911754608154297 4550
1784244723560 0.18326140940189362 4551
1784244723588 0.46859490871429443 4552
1784244723615 0.28523656725883484 4553
1784244723645 0.22446903586387634 4554
1784244723670 0.1946209967136383 4555
1784244723694 0.24037043750286102 4556
1784244723729 0.5451169610023499 4557
1784244723759 0.17761407792568207 4558
1784244723782 0.19644062221050262 4559
1784244723807 0.27441126108169556 4560
1784244723831 0.22816364467144012 4561
1784244723856 0.044713880866765976 4562
1784244723879 0.2827012836933136 4563
1784244723905 0.14170217514038086 4564
1784244723930 0.14707159996032715 4565
1784244723958 0.4266134798526764 4566
1784244723987 0.28912341594696045 4567
1784244724021 0.4003638029098511 4568
1784244724052 0.16890977323055267 4569
1784244724077 0.3646644055843353 4570
1784244724102 0.18002526462078094 4571
1784244724128 0.2661519944667816 4572
1784244724154 0.270232230424881 4573
1784244724187 0.07031797617673874 4574
1784244724215 0.40827828645706177 4575
1784244724237 0.1672886312007904 4576
1784244724259 0.31252631545066833 4577
1784244724287 0.6963474750518799 4578
1784244724311 0.20897051692008972 4579
1784244724329 0.07174323499202728 4580
1784244724350 0.13454551994800568 4581
1784244724370 0.07181078940629959 4582
1784244724390 0.29322904348373413 4583
1784244724414 0.49163737893104553 4584
1784244724436 0.17595788836479187 4585
1784244724454 0.1356947422027588 4586
1784244724474 0.06009136512875557 4587
1784244724492 0.2945808470249176 4588
1784244724512 0.4476429224014282 4589
1784244724530 0.0734001025557518 4590
1784244724553 0.25124698877334595 4591
1784244724572 0.30453282594680786 4592
1784244724592 0.0844310000538826 4593
1784244724615 0.17128553986549377 4594
1784244724634 0.16612927615642548 4595
1784244724653 0.5484989881515503 4596
1784244724673 0.4173773229122162 4597
1784244724693 0.3293973207473755 4598
1784244724713 0.26074928045272827 4599
1784244724734 0.049028437584638596 4600
1784244724755 0.1778084933757782 4601
1784244724773 0.17701703310012817 4602
1784244724792 0.30861523747444153 4603
1784244724812 0.17252123355865479 4604
1784244724831 0.12465185672044754 4605
1784244724850 0.33521580696105957 4606
1784244724872 0.2182731330394745 4607
1784244724892 0.14132021367549896 4608
1784244724909 0.05961306020617485 4609
1784244724926 0.19225099682807922 4610
1784244724943 0.06419669836759567 4611
1784244724962 0.3555511236190796 4612
1784244724983 0.30371934175491333 4613
1784244725012 0.2804468274116516 4614
1784244725042 0.498907208442688 4615
1784244725097 0.2074642926454544 4616
1784244725123 0.08753539621829987 4617
1784244725149 0.2594274580478668 4618
1784244725173 0.39362338185310364 4619
1784244725195 0.03772927075624466 4620
1784244725219 0.14179132878780365 4621
1784244725246 0.1347968876361847 4622
1784244725265 0.2603003680706024 4623
1784244725284 0.14494740962982178 4624
1784244725304 0.16232338547706604 4625
1784244725324 0.1297389268875122 4626
1784244725343 0.2374681681394577 4627
1784244725362 0.1836230605840683 4628
1784244725381 0.15558786690235138 4629
1784244725400 0.5470865368843079 4630
1784244725419 0.5391777157783508 4631
1784244725437 0.10116177797317505 4632
1784244725454 0.31212329864501953 4633
1784244725474 0.13254545629024506 4634
1784244725492 0.07986419647932053 4635
1784244725510 0.20403845608234406 4636
1784244725529 0.3906290531158447 4637
1784244725546 0.11775627732276917 4638
1784244725567 0.1399441808462143 4639
1784244725587 0.1539784073829651 4640
1784244725607 0.6268023252487183 4641
1784244725625 0.11347224563360214 4642
1784244725642 0.2693605422973633 4643
1784244725659 0.172321617603302 4644
1784244725677 0.49411919713020325 4645
1784244725697 0.1672109067440033 4646
1784244725716 0.23166170716285706 4647
1784244725734 0.1437542587518692 4648
1784244725751 0.14387385547161102 4649
1784244725769 0.11252478510141373 4650
1784244725789 0.24519406259059906 4651
1784244725811 0.10703624784946442 4652
1784244725833 0.23080028593540192 4653
1784244725855 0.21876037120819092 4654
1784244725877 0.1866147518157959 4655
1784244725906 0.33175280690193176 4656
1784244725934 0.3951527774333954 4657
1784244725963 0.31704962253570557 4658
1784244725985 0.10667728632688522 4659
1784244726004 0.419769287109375 4660
1784244726024 0.24344192445278168 4661
1784244726043 0.2287645936012268 4662
1784244726062 0.17844882607460022 4663
1784244726080 0.10924606770277023 4664
1784244726101 0.26893678307533264 4665
1784244726119 0.09634168446063995 4666
1784244726139 0.12399297952651978 4667
1784244726159 0.18662281334400177 4668
1784244726179 0.16886748373508453 4669
1784244726200 0.3773154616355896 4670
1784244726220 0.05637933686375618 4671
1784244726240 0.36556491255760193 4672
1784244726260 0.45686468482017517 4673
1784244726281 0.34325748682022095 4674
1784244726302 0.1662035882472992 4675
1784244726324 0.1097445860505104 4676
1784244726343 0.1993754655122757 4677
1784244726362 0.2616743743419647 4678
1784244726381 0.18225882947444916 4679
1784244726402 0.26113924384117126 4680
1784244726421 0.18291471898555756 4681
1784244726441 0.1930658221244812 4682
1784244726460 0.15617533028125763 4683
1784244726479 0.14132338762283325 4684
1784244726498 0.23186857998371124 4685
1784244726518 0.09204959124326706 4686
1784244726538 0.05380922183394432 4687
1784244726557 0.16171544790267944 4688
1784244726577 0.57487952709198 4689
1784244726597 0.0851234719157219 4690
1784244726617 0.33250221610069275 4691
1784244726637 0.3422466814517975 4692
1784244726657 0.030812514945864677 4693
1784244726677 0.4693963825702667 4694
1784244726697 0.12592659890651703 4695
1784244726718 0.20979094505310059 4696
1784244726737 0.12954246997833252 4697
1784244726757 0.36584582924842834 4698
1784244726776 0.33181917667388916 4699
1784244726796 0.17056086659431458 4700
1784244726816 0.5126201510429382 4701
1784244726837 0.13575278222560883 4702
1784244726857 0.3927173614501953 4703
1784244726876 0.9072893857955933 4704
1784244726896 0.2383531630039215 4705
1784244726920 0.09199383854866028 4706
1784244726940 0.19064739346504211 4707
1784244726958 0.20333896577358246 4708
1784244726976 0.0857238918542862 4709
1784244726995 0.08572708815336227 4710
1784244727013 0.15388086438179016 4711
1784244727034 0.2939346134662628 4712
1784244727053 0.5898492932319641 4713
1784244727072 0.07414626330137253 4714
1784244727092 0.3114294111728668 4715
1784244727117 0.20573988556861877 4716
1784244727134 0.06459051370620728 4717
1784244727154 0.1964428871870041 4718
1784244727174 0.19498924911022186 4719
1784244727194 0.3621031939983368 4720
1784244727214 0.23334315419197083 4721
1784244727233 0.2667599320411682 4722
1784244727252 0.15288607776165009 4723
1784244727273 0.08746170252561569 4724
1784244727291 0.4010382294654846 4725
1784244727310 0.47437044978141785 4726
1784244727326 0.15222230553627014 4727
1784244727343 0.27703598141670227 4728
1784244727361 0.20497167110443115 4729
1784244727382 0.2705654203891754 4730
1784244727405 0.20923304557800293 4731
1784244727424 0.2767140865325928 4732
1784244727442 0.1737671196460724 4733
1784244727462 0.3241990804672241 4734
1784244727490 0.13979262113571167 4735
1784244727519 0.08872288465499878 4736
1784244727552 0.32311156392097473 4737
1784244727584 0.46772608160972595 4738
1784244727604 0.6270714998245239 4739
1784244727625 0.22957703471183777 4740
1784244727649 0.3266204297542572 4741
1784244727670 0.43530434370040894 4742
1784244727692 0.1858234703540802 4743
1784244727712 0.451328307390213 4744
1784244727733 0.18743453919887543 4745
1784244727753 0.3504725992679596 4746
1784244727774 0.22825832664966583 4747
1784244727795 0.2146187424659729 4748
1784244727818 0.29184582829475403 4749
1784244727840 0.1940382421016693 4750
1784244727861 0.24777309596538544 4751
1784244727880 0.14576023817062378 4752
1784244727903 0.2010675072669983 4753
1784244727923 0.13277316093444824 4754
1784244727940 0.1800803691148758 4755
1784244727956 0.2989899218082428 4756
1784244727976 0.058441635221242905 4757
1784244727994 0.2317507565021515 4758
1784244728010 0.1260494887828827 4759
1784244728028 0.2787870168685913 4760
1784244728048 0.3394533097743988 4761
1784244728071 0.34201204776763916 4762
1784244728090 0.14242441952228546 4763
1784244728109 0.13262131810188293 4764
1784244728128 0.664009690284729 4765
1784244728152 0.10922934859991074 4766
1784244728171 0.10882243514060974 4767
1784244728189 0.04819729924201965 4768
1784244728210 0.0691976398229599 4769
1784244728229 0.5165539383888245 4770
1784244728247 0.08405423909425735 4771
1784244728267 0.18114249408245087 4772
1784244728284 0.7007766962051392 4773
1784244728303 0.23388953506946564 4774
1784244728322 0.4003444015979767 4775
1784244728339 0.06349016726016998 4776
1784244728355 0.7274791598320007 4777
1784244728370 0.13578549027442932 4778
1784244728385 0.15613000094890594 4779
1784244728401 0.2275138646364212 4780
1784244728424 0.5079610347747803 4781
1784244728457 0.6269019246101379 4782
1784244728490 0.06087636947631836 4783
1784244728525 0.18274006247520447 4784
1784244728550 0.22789041697978973 4785
1784244728673 0.20650462806224823 4786
1784244728714 0.25846126675605774 4787
1784244728753 0.15833617746829987 4788
1784244728782 0.11308551579713821 4789
1784244728811 0.1474902182817459 4790
1784244728835 0.36927494406700134 4791
1784244728858 0.24230362474918365 4792
1784244728883 0.30028873682022095 4793
1784244728908 0.12020038813352585 4794
1784244728930 0.08114951848983765 4795
1784244728954 0.438819020986557 4796
1784244728980 0.1419627070426941 4797
1784244729005 0.09061042964458466 4798
1784244729027 0.0878264382481575 4799
1784244729050 0.46542003750801086 4800
1784244729075 0.10008922964334488 4801
1784244729097 0.13032254576683044 4802
1784244729120 0.6628865599632263 4803
1784244729145 0.07429270446300507 4804
1784244729173 0.3869718611240387 4805
1784244729196 0.25160473585128784 4806
1784244729223 0.06311844289302826 4807
1784244729249 0.08730287104845047 4808
1784244729275 0.12399814277887344 4809
1784244729300 0.3513186275959015 4810
1784244729325 0.46235495805740356 4811
1784244729351 0.06551922112703323 4812
1784244729373 0.17564038932323456 4813
1784244729397 0.14120930433273315 4814
1784244729422 0.38995733857154846 4815
1784244729446 0.06504642218351364 4816
1784244729471 0.09507713466882706 4817
1784244729495 0.10488123446702957 4818
1784244729521 0.21443583071231842 4819
1784244729544 0.08672317117452621 4820
1784244729567 0.31893888115882874 4821
1784244729589 0.7002478241920471 4822
1784244729610 0.08374223113059998 4823
1784244729632 0.2221701294183731 4824
1784244729659 0.14905156195163727 4825
1784244729687 0.3039548993110657 4826
1784244729713 0.1408504992723465 4827
1784244729737 0.08432096987962723 4828
1784244729759 0.06926953047513962 4829
1784244729778 0.16913270950317383 4830
1784244729798 0.6076489686965942 4831
1784244729822 0.2526841163635254 4832
1784244729842 0.30825677514076233 4833
1784244729861 0.2195361852645874 4834
1784244729879 0.038796644657850266 4835
1784244729899 0.26535162329673767 4836
1784244729919 0.09702908992767334 4837
1784244729939 0.23138873279094696 4838
1784244729959 0.11417452245950699 4839
1784244729982 0.4844151735305786 4840
1784244730002 0.203208789229393 4841
1784244730025 0.10739627480506897 4842
1784244730047 0.2579730153083801 4843
1784244730070 0.16390417516231537 4844
1784244730091 0.4601893723011017 4845
1784244730112 0.10990483313798904 4846
1784244730135 0.06782152503728867 4847
1784244730157 0.14417117834091187 4848
1784244730177 0.15134964883327484 4849
1784244730200 0.1682337522506714 4850
1784244730218 0.3937012553215027 4851
1784244730240 0.07118764519691467 4852
1784244730260 0.10963327437639236 4853
1784244730286 0.23602817952632904 4854
1784244730310 0.2531435787677765 4855
1784244730335 0.14103639125823975 4856
1784244730356 0.10152030736207962 4857
1784244730378 0.06720175594091415 4858
1784244730399 0.21588677167892456 4859
1784244730421 0.19170036911964417 4860
1784244730441 0.12976756691932678 4861
1784244730462 0.4226094186306 4862
1784244730483 0.1436934471130371 4863
1784244730508 0.3988783359527588 4864
1784244730531 0.18061818182468414 4865
1784244730552 0.27876803278923035 4866
1784244730572 0.0887795016169548 4867
1784244730593 0.3778708279132843 4868
1784244730611 0.07238014787435532 4869
1784244730632 0.32043546438217163 4870
1784244730654 0.21732904016971588 4871
1784244730674 0.24813801050186157 4872
1784244730696 0.12097242474555969 4873
1784244730719 0.308290034532547 4874
1784244730740 0.25854068994522095 4875
1784244730762 0.1039227694272995 4876
1784244730781 0.04245007038116455 4877
1784244730802 0.36154189705848694 4878
1784244730821 0.11059616506099701 4879
1784244730841 0.11342993378639221 4880
1784244730860 0.07163632661104202 4881
1784244730878 0.5343323945999146 4882
1784244730898 0.21013164520263672 4883
1784244730919 0.3480192720890045 4884
1784244730938 0.43664413690567017 4885
1784244730959 0.33073440194129944 4886
1784244730977 0.037709932774305344 4887
1784244730998 0.06368621438741684 4888
1784244731019 0.23187366127967834 4889
1784244731040 0.08734147995710373 4890
1784244731060 0.4961532652378082 4891
1784244731078 0.2270747423171997 4892
1784244731100 0.1974261850118637 4893
1784244731119 0.16249164938926697 4894
1784244731140 0.18580764532089233 4895
1784244731161 0.11585966497659683 4896
1784244731200 0.5036081671714783 4897
1784244731220 0.2898959517478943 4898
1784244731241 0.034491948783397675 4899
1784244731262 0.22674183547496796 4900
1784244731284 0.2305099219083786 4901
1784244731304 0.19849298894405365 4902
1784244731325 0.090540811419487 4903
1784244731345 0.271111398935318 4904
1784244731367 0.09539847075939178 4905
1784244731386 0.09642630815505981 4906
1784244731407 0.20945779979228973 4907
1784244731428 0.10968651622533798 4908
1784244731450 0.09333352744579315 4909
1784244731471 0.2895510792732239 4910
1784244731494 0.43491703271865845 4911
1784244731519 0.20101694762706757 4912
1784244731540 0.46893733739852905 4913
1784244731562 0.20476087927818298 4914
1784244731585 0.43664389848709106 4915
1784244731604 0.2478797435760498 4916
1784244731625 0.09873322397470474 4917
1784244731649 0.11201051622629166 4918
1784244731673 0.15889717638492584 4919
1784244731696 0.16145001351833344 4920
1784244731720 0.2216932326555252 4921
1784244731740 0.10994891077280045 4922
1784244731760 0.10344800353050232 4923
1784244731782 0.5512102246284485 4924
1784244731804 0.27485179901123047 4925
1784244731827 0.1985689401626587 4926
1784244731851 0.07272966206073761 4927
1784244731873 0.3887408673763275 4928
1784244731898 0.07551711052656174 4929
1784244731927 0.4310266375541687 4930
1784244731950 0.04231942445039749 4931
1784244731984 0.17641621828079224 4932
1784244732011 0.20655183494091034 4933
1784244732043 0.4921897053718567 4934
1784244732062 0.23279628157615662 4935
1784244732084 0.22179099917411804 4936
1784244732105 0.5113411545753479 4937
1784244732125 0.27782586216926575 4938
1784244732147 0.08114613592624664 4939
1784244732171 0.19007009267807007 4940
1784244732193 0.3078248202800751 4941
1784244732219 0.2131974846124649 4942
1784244732239 0.44867944717407227 4943
1784244732265 0.13420963287353516 4944
1784244732289 0.11748090386390686 4945
1784244732307 0.11709654331207275 4946
1784244732325 0.05859607830643654 4947
1784244732344 0.37132710218429565 4948
1784244732362 0.1866975873708725 4949
1784244732382 0.2813396155834198 4950
1784244732400 0.1680556833744049 4951
1784244732419 0.5151926279067993 4952
1784244732438 0.11163662374019623 4953
1784244732458 0.10117332637310028 4954
1784244732479 0.1306009292602539 4955
1784244732498 0.2615918517112732 4956
1784244732516 0.11958090960979462 4957
1784244732537 0.3206997513771057 4958
1784244732558 0.2517414391040802 4959
1784244732583 0.07933846861124039 4960
1784244732604 0.05638321116566658 4961
1784244732623 0.41116175055503845 4962
1784244732641 0.11597106605768204 4963
1784244732659 0.1456383913755417 4964
1784244732678 0.2705698311328888 4965
1784244732697 0.2826727628707886 4966
1784244732715 0.3423975706100464 4967
1784244732733 0.16437993943691254 4968
1784244732753 0.08587481826543808 4969
1784244732772 0.23054534196853638 4970
1784244732789 0.25317221879959106 4971
1784244732806 0.11223310232162476 4972
1784244732825 0.1095251813530922 4973
1784244732844 0.11344628781080246 4974
1784244732864 0.14331677556037903 4975
1784244732880 0.1624716818332672 4976
1784244732897 0.2332674264907837 4977
1784244732917 0.5587520003318787 4978
1784244732938 0.47453969717025757 4979
1784244732956 0.25246483087539673 4980
1784244732974 0.10227983444929123 4981
1784244732992 0.2261502593755722 4982
1784244733009 0.25441429018974304 4983
1784244733028 0.4081820845603943 4984
1784244733049 0.5058497786521912 4985
1784244733069 0.17375752329826355 4986
1784244733086 0.2463557869195938 4987
1784244733104 0.5038917064666748 4988
1784244733122 0.19625461101531982 4989
1784244733140 0.12406770139932632 4990
1784244733156 0.22064754366874695 4991
1784244733177 0.20390193164348602 4992
1784244733194 0.44187402725219727 4993
1784244733213 0.29902341961860657 4994
1784244733234 0.34902429580688477 4995
1784244733254 0.04030703008174896 4996
1784244733274 0.3031903803348541 4997
1784244733291 0.14229226112365723 4998
1784244733310 0.13373172283172607 4999
1784244733328 0.15044189989566803 5000
1784244733348 0.12881754338741302 5001
1784244733367 0.038505129516124725 5002
1784244733385 0.12170962244272232 5003
1784244733403 0.13973084092140198 5004
1784244733421 0.12627573311328888 5005
1784244733440 0.37790748476982117 5006
1784244733459 0.1108124852180481 5007
1784244733478 0.1492946296930313 5008
1784244733499 0.567879319190979 5009
1784244733518 0.11587803065776825 5010
1784244733535 0.09885408729314804 5011
1784244733556 0.10211807489395142 5012
1784244733577 0.15537357330322266 5013
1784244733597 0.2728348970413208 5014
1784244733616 0.43653348088264465 5015
1784244733635 0.09484538435935974 5016
1784244733653 0.2111712545156479 5017
1784244733671 0.1906493604183197 5018
1784244733689 0.5344765186309814 5019
1784244733706 0.33191508054733276 5020
1784244733723 0.21182501316070557 5021
1784244733739 0.15100443363189697 5022
1784244733758 0.4238431751728058 5023
1784244733776 0.3508611023426056 5024
1784244733795 0.06644834578037262 5025
1784244733814 0.2704666554927826 5026
1784244733834 0.03977865353226662 5027
1784244733853 0.08035033196210861 5028
1784244733872 0.056579116731882095 5029
1784244733890 0.35442090034484863 5030
1784244733915 0.11132413893938065 5031
1784244733935 0.2020472139120102 5032
1784244733955 0.059881217777729034 5033
1784244733974 0.11194846034049988 5034
1784244733992 0.3593488931655884 5035
1784244734010 0.3971617519855499 5036
1784244734027 0.079657182097435 5037
1784244734049 0.0751902237534523 5038
1784244734067 0.07552887499332428 5039
1784244734086 0.18689844012260437 5040
1784244734104 0.04185386002063751 5041
1784244734122 0.11957201361656189 5042
1784244734142 0.2465592920780182 5043
1784244734159 0.19325216114521027 5044
1784244734179 0.6133180856704712 5045
1784244734199 0.04675595462322235 5046
1784244734218 0.1420067697763443 5047
1784244734237 0.1316639631986618 5048
1784244734256 0.17856433987617493 5049
1784244734275 0.5513149499893188 5050
1784244734295 0.14946679770946503 5051
1784244734311 0.13012535870075226 5052
1784244734330 0.19749726355075836 5053
1784244734350 0.8524395227432251 5054
1784244734375 0.23610468208789825 5055
1784244734406 0.040239378809928894 5056
1784244734438 0.11800165474414825 5057
1784244734464 0.17129367589950562 5058
1784244734492 0.3517419099807739 5059
1784244734518 0.13044875860214233 5060
1784244734541 0.22502803802490234 5061
1784244734565 0.33652639389038086 5062
1784244734673 0.3684547543525696 5063
1784244734714 0.45779773592948914 5064
1784244734736 0.5575469136238098 5065
1784244734762 0.12992700934410095 5066
1784244734786 0.32541149854660034 5067
1784244734813 0.07824765890836716 5068
1784244734837 0.08454696089029312 5069
1784244734860 0.1908266544342041 5070
1784244734888 0.15966522693634033 5071
1784244734909 0.24328628182411194 5072
1784244734938 0.4701494574546814 5073
1784244734963 0.2612498104572296 5074
1784244734988 0.10215646773576736 5075
1784244735010 0.3170640170574188 5076
1784244735032 0.18329833447933197 5077
1784244735055 0.15109597146511078 5078
1784244735075 0.15765561163425446 5079
1784244735096 0.1009431704878807 5080
1784244735119 0.08740518242120743 5081
1784244735140 0.5415174961090088 5082
1784244735163 0.20183821022510529 5083
1784244735189 0.04257592558860779 5084
1784244735211 0.36555975675582886 5085
1784244735232 0.09389934688806534 5086
1784244735251 0.24048632383346558 5087
1784244735277 0.46885982155799866 5088
1784244735300 0.20507977902889252 5089
1784244735321 0.2669117748737335 5090
1784244735343 0.09635740518569946 5091
1784244735366 0.44857344031333923 5092
1784244735389 0.16683679819107056 5093
1784244735412 0.33916008472442627 5094
1784244735437 0.1405697613954544 5095
1784244735460 0.14793342351913452 5096
1784244735481 0.13039787113666534 5097
1784244735500 0.1340959519147873 5098
1784244735520 0.10411816835403442 5099
1784244735541 0.51313716173172 5100
1784244735563 0.1826252043247223 5101
1784244735582 0.10108589380979538 5102
1784244735604 0.06497936695814133 5103
1784244735625 0.1906416267156601 5104
1784244735648 0.3247351050376892 5105
1784244735669 0.31911179423332214 5106
1784244735689 0.4265897572040558 5107
1784244735710 0.11791515350341797 5108
1784244735731 0.059877317398786545 5109
1784244735753 0.08835113048553467 5110
1784244735772 0.10070338100194931 5111
1784244735790 0.15412674844264984 5112
1784244735811 0.37284642457962036 5113
1784244735830 0.24621057510375977 5114
1784244735851 0.07859157770872116 5115
1784244735873 0.20655983686447144 5116
1784244735893 0.19594329595565796 5117
1784244735914 0.17336946725845337 5118
1784244735934 0.45955905318260193 5119
1784244735957 0.4713405966758728 5120
1784244735975 0.31595081090927124 5121
1784244735996 0.15484915673732758 5122
1784244736018 0.2130655199289322 5123
1784244736042 0.2869378924369812 5124
1784244736070 0.28749793767929077 5125
1784244736096 0.23614279925823212 5126
1784244736117 0.09713459014892578 5127
1784244736134 0.286164790391922 5128
1784244736154 0.10878056287765503 5129
1784244736177 0.6088218688964844 5130
1784244736198 0.33090847730636597 5131
1784244736219 0.1697777658700943 5132
1784244736238 0.35390329360961914 5133
1784244736256 0.2706166207790375 5134
1784244736275 0.17858099937438965 5135
1784244736294 0.08946114033460617 5136
1784244736314 0.10893797129392624 5137
1784244736334 0.3897314965724945 5138
1784244736353 0.21344122290611267 5139
1784244736372 0.09533969312906265 5140
1784244736392 0.13159389793872833 5141
1784244736412 0.24144434928894043 5142
1784244736431 0.2687514126300812 5143
1784244736450 0.08677034825086594 5144
1784244736477 0.2391306757926941 5145
1784244736503 0.26549166440963745 5146
1784244736530 0.25261086225509644 5147
1784244736555 0.420511394739151 5148
1784244736577 0.1192665696144104 5149
1784244736600 0.35127076506614685 5150
1784244736622 0.2570498585700989 5151
1784244736640 0.11054453998804092 5152
1784244736658 0.21169942617416382 5153
1784244736678 0.14942359924316406 5154
1784244736699 0.07971566170454025 5155
1784244736721 0.06504440307617188 5156
1784244736740 0.5487307906150818 5157
1784244736759 0.6008186340332031 5158
1784244736780 0.3428429365158081 5159
1784244736798 0.08042886108160019 5160
1784244736826 0.36840254068374634 5161
1784244736851 0.3871444761753082 5162
1784244736875 0.15236420929431915 5163
1784244736901 0.16360729932785034 5164
1784244736930 0.3585238456726074 5165
1784244736958 0.27400314807891846 5166
1784244736983 0.22237122058868408 5167
1784244737009 0.1730331927537918 5168
1784244737034 0.23868206143379211 5169
1784244737059 0.09874357283115387 5170
1784244737087 0.3229096829891205 5171
1784244737108 0.3207646310329437 5172
1784244737134 0.08451388031244278 5173
1784244737155 0.44426393508911133 5174
1784244737177 0.22219593822956085 5175
1784244737196 0.3109493851661682 5176
1784244737217 0.14294776320457458 5177
1784244737237 0.5321766138076782 5178
1784244737257 0.0824160948395729 5179
1784244737276 0.4170043170452118 5180
1784244737296 0.09694791585206985 5181
1784244737316 0.08704178035259247 5182
1784244737335 0.1643477976322174 5183
1784244737355 0.3404064178466797 5184
1784244737373 0.11399433016777039 5185
1784244737392 0.2081100344657898 5186
1784244737411 0.2061535120010376 5187
1784244737430 0.10684910416603088 5188
1784244737449 0.16018681228160858 5189
1784244737468 0.27668049931526184 5190
1784244737487 0.17945164442062378 5191
1784244737505 0.10933098942041397 5192
1784244737523 0.1410820633172989 5193
1784244737541 0.18750770390033722 5194
1784244737560 0.19722571969032288 5195
1784244737581 0.21000081300735474 5196
1784244737613 0.06638926267623901 5197
1784244737635 0.2553536891937256 5198
1784244737662 0.14352546632289886 5199
1784244737688 0.1652137190103531 5200
1784244737722 0.4401894807815552 5201
1784244737746 0.1697264164686203 5202
1784244737768 0.30067774653434753 5203
1784244737794 0.311286062002182 5204
1784244737817 0.17521968483924866 5205
1784244737924 0.24343137443065643 5206
1784244737964 0.32578757405281067 5207
1784244737989 0.4921613335609436 5208
1784244738008 0.17020541429519653 5209
1784244738031 0.21663546562194824 5210
1784244738053 0.05827130004763603 5211
1784244738074 0.4642398953437805 5212
1784244738094 0.3467503786087036 5213
1784244738113 0.34226566553115845 5214
1784244738134 0.3157541751861572 5215
1784244738155 0.17290794849395752 5216
1784244738177 0.29173076152801514 5217
1784244738197 0.2817682921886444 5218
1784244738218 0.4137785732746124 5219
1784244738238 0.08973021060228348 5220
1784244738260 0.263897567987442 5221
1784244738281 0.17711499333381653 5222
1784244738300 0.15279945731163025 5223
1784244738320 0.07041044533252716 5224
1784244738340 0.14671608805656433 5225
1784244738360 0.2680518925189972 5226
1784244738380 0.1369512975215912 5227
1784244738400 0.20531365275382996 5228
1784244738423 0.3523460328578949 5229
1784244738441 0.17982515692710876 5230
1784244738460 0.31658563017845154 5231
1784244738481 0.2194591909646988 5232
1784244738501 0.14565473794937134 5233
1784244738521 0.1459677815437317 5234
1784244738538 0.49777528643608093 5235
1784244738556 0.08266106247901917 5236
1784244738575 0.3749518394470215 5237
1784244738593 0.0745428204536438 5238
1784244738612 0.26779454946517944 5239
1784244738631 0.3673565983772278 5240
1784244738651 0.12588047981262207 5241
1784244738670 0.15104132890701294 5242
1784244738689 0.026515506207942963 5243
1784244738706 0.09184841811656952 5244
1784244738724 0.12173377722501755 5245
1784244738749 0.2606702148914337 5246
1784244738780 0.24236488342285156 5247
1784244738804 0.681127667427063 5248
1784244738829 0.31051012873649597 5249
1784244738854 0.1079651266336441 5250
1784244738879 0.6603605151176453 5251
1784244738908 0.22877876460552216 5252
1784244738934 0.2182745486497879 5253
1784244738957 0.18728305399417877 5254
1784244738976 0.1531658172607422 5255
1784244738999 0.07389786094427109 5256
1784244739019 0.14225873351097107 5257
1784244739037 0.26852351427078247 5258
1784244739055 0.1741759032011032 5259
1784244739077 0.1235317662358284 5260
1784244739098 0.20325465500354767 5261
1784244739118 0.07994700968265533 5262
1784244739138 0.037610575556755066 5263
1784244739156 0.21086490154266357 5264
1784244739179 0.08750045299530029 5265
1784244739197 0.15156766772270203 5266
1784244739218 0.5197643041610718 5267
1784244739236 0.16978870332241058 5268
1784244739254 0.10107331722974777 5269
1784244739271 0.18755324184894562 5270
1784244739287 0.12724512815475464 5271
1784244739305 0.29674032330513 5272
1784244739327 0.1697809100151062 5273
1784244739349 0.19432882964611053 5274
1784244739374 0.1009254902601242 5275
1784244739393 0.3847489356994629 5276
1784244739412 0.4563038945198059 5277
1784244739434 0.07130497694015503 5278
1784244739455 0.17703041434288025 5279
1784244739471 0.08158265054225922 5280
1784244739489 0.2305518090724945 5281
1784244739507 0.10371879488229752 5282
1784244739526 0.23249824345111847 5283
1784244739548 0.256876140832901 5284
1784244739567 0.2670598030090332 5285
1784244739585 0.4729882478713989 5286
1784244739604 0.2754940390586853 5287
1784244739623 0.07420790940523148 5288
1784244739640 0.12174805253744125 5289
1784244739657 0.15209215879440308 5290
1784244739674 0.28039199113845825 5291
1784244739690 0.09873244166374207 5292
1784244739708 0.1763474941253662 5293
1784244739725 0.33606329560279846 5294
1784244739743 0.10068818926811218 5295
1784244739762 0.17802783846855164 5296
1784244739780 0.25001367926597595 5297
1784244739803 0.16838735342025757 5298
1784244739828 0.273236483335495 5299
1784244739853 0.030921196565032005 5300
1784244739879 0.10544450581073761 5301
1784244739903 0.3557368516921997 5302
1784244739931 0.04426693916320801 5303
1784244739953 0.2131091207265854 5304
1784244739973 0.446711927652359 5305
1784244739992 0.44761496782302856 5306
1784244740011 0.10997316986322403 5307
1784244740032 0.1364448219537735 5308
1784244740052 0.7175151109695435 5309
1784244740071 0.1687515825033188 5310
1784244740091 0.221548393368721 5311
1784244740110 0.2435450553894043 5312
1784244740129 0.34054991602897644 5313
1784244740149 0.07508619874715805 5314
1784244740170 0.6623433828353882 5315
1784244740191 0.15617364645004272 5316
1784244740210 0.13468919694423676 5317
1784244740228 0.1836554855108261 5318
1784244740248 0.14815202355384827 5319
1784244740268 0.24969257414340973 5320
1784244740288 0.1451944261789322 5321
1784244740305 0.33424630761146545 5322
1784244740323 0.2763703465461731 5323
1784244740340 0.2470395267009735 5324
1784244740358 0.17974475026130676 5325
1784244740376 0.19318948686122894 5326
1784244740396 0.19082562625408173 5327
1784244740420 0.07970213145017624 5328
1784244740451 0.22824503481388092 5329
1784244740480 0.1598285287618637 5330
1784244740505 0.1655895709991455 5331
1784244740532 0.10465507954359055 5332
1784244740557 0.16745895147323608 5333
1784244740584 0.3902466297149658 5334
1784244740607 0.2702935039997101 5335
1784244740636 0.24925094842910767 5336
1784244740660 0.20065288245677948 5337
1784244740677 0.2353322058916092 5338
1784244740702 0.07188142836093903 5339
1784244740725 0.19965846836566925 5340
1784244740745 0.11242631077766418 5341
1784244740765 0.28856682777404785 5342
1784244740787 0.40307536721229553 5343
1784244740807 0.059723857790231705 5344
1784244740827 0.31560996174812317 5345
1784244740847 0.27478259801864624 5346
1784244740864 0.08333561569452286 5347
1784244740883 0.0822417140007019 5348
1784244740904 0.13543227314949036 5349
1784244740922 0.12281522899866104 5350
1784244740940 0.11236373335123062 5351
1784244740958 0.07861794531345367 5352
1784244740978 0.15638799965381622 5353
1784244740994 0.28301504254341125 5354
1784244741016 0.220029816031456 5355
1784244741037 0.13063645362854004 5356
1784244741057 0.2672973871231079 5357
1784244741075 0.2529836893081665 5358
1784244741093 0.2673226594924927 5359
1784244741113 0.047580379992723465 5360
1784244741131 0.10047198832035065 5361
1784244741150 0.07633475959300995 5362
1784244741170 0.13999193906784058 5363
1784244741188 0.0856333076953888 5364
1784244741206 0.11993544548749924 5365
1784244741225 0.08561156690120697 5366
1784244741242 0.3315337598323822 5367
1784244741264 0.1457921713590622 5368
1784244741281 0.07453536242246628 5369
1784244741300 0.17937013506889343 5370
1784244741318 0.0917816311120987 5371
1784244741339 0.21578451991081238 5372
1784244741360 0.3720735013484955 5373
1784244741393 0.09632498025894165 5374
1784244741417 0.3505256175994873 5375
1784244741447 0.17142561078071594 5376
1784244741472 0.3226224184036255 5377
1784244741497 0.1522180438041687 5378
1784244741519 0.08609723299741745 5379
1784244741543 0.11269766837358475 5380
1784244741573 0.16739265620708466 5381
1784244741607 0.031972650438547134 5382
1784244741633 0.03525274991989136 5383
1784244741656 0.22045451402664185 5384
1784244741691 0.20869404077529907 5385
1784244741713 0.2496926635503769 5386
1784244741731 0.12235547602176666 5387
1784244741752 0.08357487618923187 5388
1784244741772 0.46416300535202026 5389
1784244741793 0.510202944278717 5390
1784244741816 0.17596882581710815 5391
1784244741835 0.10933199524879456 5392
1784244741855 0.0839545801281929 5393
1784244741876 0.06736243516206741 5394
1784244741893 0.05870210379362106 5395
1784244741916 0.11746998131275177 5396
1784244741941 0.017650848254561424 5397
1784244741965 0.2912898659706116 5398
1784244741989 0.29993560910224915 5399
1784244742009 0.4390398859977722 5400
1784244742031 0.19090600311756134 5401
1784244742051 0.15473288297653198 5402
1784244742073 0.30298545956611633 5403
1784244742092 0.30722662806510925 5404
1784244742112 0.5271131992340088 5405
1784244742132 0.04604048654437065 5406
1784244742153 0.08285965770483017 5407
1784244742172 0.156381294131279 5408
1784244742191 0.09306788444519043 5409
1784244742212 0.03804389387369156 5410
1784244742232 0.3050268292427063 5411
1784244742253 0.3350509703159332 5412
1784244742271 0.3302904963493347 5413
1784244742289 0.4150787889957428 5414
1784244742308 0.39396512508392334 5415
1784244742327 0.055586300790309906 5416
1784244742347 0.186038538813591 5417
1784244742367 0.03540705144405365 5418
1784244742386 0.2677466869354248 5419
1784244742405 0.1556544154882431 5420
1784244742424 0.2784889340400696 5421
1784244742446 0.09085719287395477 5422
1784244742467 0.13715414702892303 5423
1784244742486 0.21053721010684967 5424
1784244742506 0.09069056063890457 5425
1784244742532 0.07596632838249207 5426
1784244742560 0.21848437190055847 5427
1784244742586 0.10252153128385544 5428
1784244742613 0.4257635176181793 5429
1784244742635 0.24311017990112305 5430
1784244742662 0.11629726737737656 5431
1784244742686 0.15165144205093384 5432
1784244742706 0.15280728042125702 5433
1784244742724 0.05341362580657005 5434
1784244742743 0.14647479355335236 5435
1784244742762 0.509745180606842 5436
1784244742781 0.23799487948417664 5437
1784244742799 0.10079172253608704 5438
1784244742819 0.05967996269464493 5439
1784244742845 0.10991870611906052 5440
1784244742870 0.06991954147815704 5441
1784244742891 0.06758524477481842 5442
1784244742916 0.05505957081913948 5443
1784244742938 0.05142310634255409 5444
1784244742957 0.2689209282398224 5445
1784244742977 0.08623111993074417 5446
1784244742997 0.059037402272224426 5447
1784244743015 0.10867507010698318 5448
1784244743033 0.3421715199947357 5449
1784244743051 0.35169661045074463 5450
1784244743069 0.2614588141441345 5451
1784244743090 0.2218845933675766 5452
1784244743109 0.1250067949295044 5453
1784244743126 0.054027680307626724 5454
1784244743147 0.248026043176651 5455
1784244743167 0.11346685886383057 5456
1784244743187 0.060695797204971313 5457
1784244743208 0.16686764359474182 5458
1784244743228 0.12813632190227509 5459
1784244743247 0.055408231914043427 5460
1784244743266 0.29764407873153687 5461
1784244743285 0.32861092686653137 5462
1784244743304 0.36517223715782166 5463
1784244743321 0.10609658807516098 5464
1784244743340 0.0947965681552887 5465
1784244743358 0.1011219322681427 5466
1784244743375 0.14907778799533844 5467
1784244743392 0.4715677499771118 5468
1784244743409 0.11874007433652878 5469
1784244743433 0.1568613201379776 5470
1784244743455 0.31794092059135437 5471
1784244743474 0.29367557168006897 5472
1784244743493 0.13130560517311096 5473
1784244743513 0.1290699541568756 5474
1784244743533 0.23088255524635315 5475
1784244743552 0.061326704919338226 5476
1784244743573 0.16945141553878784 5477
1784244743591 0.2373037040233612 5478
1784244743610 0.13305296003818512 5479
1784244743626 0.22653381526470184 5480
1784244743647 0.420415997505188 5481
1784244743675 0.2955402731895447 5482
1784244743696 0.09559182822704315 5483
1784244743715 0.048233162611722946 5484
1784244743736 0.034979112446308136 5485
1784244743755 0.08389859646558762 5486
1784244743773 0.2858763039112091 5487
1784244743793 0.2188144475221634 5488
1784244743816 0.1287665069103241 5489
1784244743839 0.10324735939502716 5490
1784244743860 0.03143665939569473 5491
1784244743886 0.32252034544944763 5492
1784244743909 0.1722002774477005 5493
1784244743930 0.10623537003993988 5494
1784244743949 0.44944286346435547 5495
1784244743969 0.19101932644844055 5496
1784244743988 0.06391498446464539 5497
1784244744010 0.22817757725715637 5498
1784244744029 0.24003547430038452 5499
1784244744050 0.35874253511428833 5500
1784244744070 0.2618063688278198 5501
1784244744088 0.05960073694586754 5502
1784244744108 0.2075122743844986 5503
1784244744126 0.20637883245944977 5504
1784244744146 0.4576514661312103 5505
1784244744164 0.09401889145374298 5506
1784244744183 0.09001348912715912 5507
1784244744201 0.12087354063987732 5508
1784244744221 0.1433272659778595 5509
1784244744241 0.3703109323978424 5510
1784244744260 0.4971126317977905 5511
1784244744280 0.12210813909769058 5512
1784244744298 0.13549400866031647 5513
1784244744315 0.08027145266532898 5514
1784244744332 0.14030426740646362 5515
1784244744349 0.20194219052791595 5516
1784244744367 0.2192845493555069 5517
1784244744386 0.0810314416885376 5518
1784244744404 0.3419608175754547 5519
1784244744422 0.288667768239975 5520
1784244744441 0.28386083245277405 5521
1784244744461 0.10282524675130844 5522
1784244744479 0.08428586274385452 5523
1784244744499 0.14647816121578217 5524
1784244744519 0.1771146059036255 5525
1784244744553 0.09521037340164185 5526
1784244744576 0.43770989775657654 5527
1784244744606 0.30803340673446655 5528
1784244744632 0.18748310208320618 5529
1784244744657 0.1288190335035324 5530
1784244744682 0.13156773149967194 5531
1784244744724 0.4877815246582031 5532
1784244744747 0.24509887397289276 5533
1784244744771 0.13953061401844025 5534
1784244744791 0.11159788072109222 5535
1784244744809 0.027307087555527687 5536
1784244744826 0.3951699137687683 5537
1784244744843 0.07512912899255753 5538
1784244744862 0.12261085957288742 5539
1784244744883 0.1754055768251419 5540
1784244744901 0.3550596833229065 5541
1784244744922 0.1208525076508522 5542
1784244744945 0.15348444879055023 5543
1784244744966 0.06374964118003845 5544
1784244744987 0.11054440587759018 5545
1784244745009 0.3658428192138672 5546
1784244745029 0.1951514184474945 5547
1784244745051 0.07721811532974243 5548
1784244745070 0.4461421072483063 5549
1784244745090 0.06071995198726654 5550
1784244745108 0.3829655051231384 5551
1784244745128 0.06534363329410553 5552
1784244745148 0.041701577603816986 5553
1784244745169 0.23802587389945984 5554
1784244745194 0.13131551444530487 5555
1784244745223 0.21214061975479126 5556
1784244745256 0.3836360275745392 5557
1784244745286 0.1417890340089798 5558
1784244745314 0.14039145410060883 5559
1784244745341 0.41181397438049316 5560
1784244745369 0.5115697979927063 5561
1784244745394 0.3367708921432495 5562
1784244745418 0.14464586973190308 5563
1784244745443 0.06793912500143051 5564
1784244745470 0.03841857239603996 5565
1784244745493 0.1575830727815628 5566
1784244745517 0.15029914677143097 5567
1784244745537 0.2970837354660034 5568
1784244745557 0.09246141463518143 5569
1784244745574 0.20791155099868774 5570
1784244745593 0.1010642945766449 5571
1784244745609 0.031527142971754074 5572
1784244745626 0.22256101667881012 5573
1784244745647 0.13355779647827148 5574
1784244745669 0.1424148976802826 5575
1784244745689 0.0645613968372345 5576
1784244745706 0.1694478988647461 5577
1784244745726 0.031192127615213394 5578
1784244745747 0.11498956382274628 5579
1784244745767 0.08757348358631134 5580
1784244745785 0.28321802616119385 5581
1784244745804 0.07574847340583801 5582
1784244745823 0.04968686029314995 5583
1784244745843 0.1000414565205574 5584
1784244745862 0.22804823517799377 5585
1784244745881 0.15070195496082306 5586
1784244745900 0.33944210410118103 5587
1784244745921 0.05971931666135788 5588
1784244745940 0.07151205837726593 5589
1784244745958 0.3250199258327484 5590
1784244745976 0.2809131443500519 5591
1784244745997 0.1105123832821846 5592
1784244746016 0.3466583788394928 5593
1784244746034 0.3460082709789276 5594
1784244746053 0.36005687713623047 5595
1784244746073 0.3259035646915436 5596
1784244746094 0.313335657119751 5597
1784244746115 0.14882101118564606 5598
1784244746138 0.17493866384029388 5599
1784244746160 0.0752468854188919 5600
1784244746183 0.29758068919181824 5601
1784244746203 0.26502034068107605 5602
1784244746224 0.17175298929214478 5603
1784244746244 0.1301029771566391 5604
1784244746270 0.1797652244567871 5605
1784244746298 0.08727435767650604 5606
1784244746323 0.023236393928527832 5607
1784244746349 0.2626848816871643 5608
1784244746373 0.14217393100261688 5609
1784244746482 0.11758586019277573 5610
1784244746521 0.30262118577957153 5611
1784244746543 0.4698961675167084 5612
1784244746563 0.1144215390086174 5613
1784244746586 0.10064186155796051 5614
1784244746607 0.10474290698766708 5615
1784244746628 0.12409385293722153 5616
1784244746648 0.5442723035812378 5617
1784244746668 0.1721351444721222 5618
1784244746686 0.1828615814447403 5619
1784244746704 0.28011614084243774 5620
1784244746723 0.1900222897529602 5621
1784244746743 0.17693939805030823 5622
1784244746762 0.06013057753443718 5623
1784244746780 0.44762709736824036 5624
