1784276948945 18.83683204650879 0
1784276948958 12.959346771240234 1
1784276948968 15.766453742980957 2
1784276948978 18.91946029663086 3
1784276948988 13.716858863830566 4
1784276948999 8.552605628967285 5
1784276949011 16.333431243896484 6
1784276949022 15.225061416625977 7
1784276949032 11.033880233764648 8
1784276949042 12.258666038513184 9
1784276949053 10.059554100036621 10
1784276949063 8.381543159484863 11
1784276949073 9.428592681884766 12
1784276949084 7.978782653808594 13
1784276949094 10.407471656799316 14
1784276949104 9.634029388427734 15
1784276949114 12.008289337158203 16
1784276949124 8.522955894470215 17
1784276949136 6.862217903137207 18
1784276949146 5.689630031585693 19
1784276949157 7.168950080871582 20
1784276949169 6.508944511413574 21
1784276949180 5.251507759094238 22
1784276949189 4.901243686676025 23
1784276949202 5.261538982391357 24
1784276949212 5.660162925720215 25
1784276949221 5.427497386932373 26
1784276949231 4.728959560394287 27
1784276949241 5.201464653015137 28
1784276949251 3.93388032913208 29
1784276949262 3.6883580684661865 30
1784276949271 3.236738443374634 31
1784276949284 3.618715763092041 32
1784276949296 2.6231138706207275 33
1784276949307 3.4389584064483643 34
1784276949318 4.198540687561035 35
1784276949328 2.890087366104126 36
1784276949339 3.1643733978271484 37
1784276949349 2.8589396476745605 38
1784276949359 2.338813304901123 39
1784276949369 2.343722343444824 40
1784276949380 3.001800775527954 41
1784276949393 2.231729507446289 42
1784276949404 1.432359218597412 43
1784276949415 1.5161560773849487 44
1784276949426 1.2081433534622192 45
1784276949438 1.5352212190628052 46
1784276949448 1.4319387674331665 47
1784276949461 1.10922110080719 48
1784276949471 1.356297254562378 49
1784276949481 1.2070775032043457 50
1784276949491 0.9868654012680054 51
1784276949501 1.198483943939209 52
1784276949512 1.2041395902633667 53
1784276949522 1.3058533668518066 54
1784276949533 1.0782665014266968 55
1784276949543 0.9692953824996948 56
1784276949557 1.096053123474121 57
1784276949568 1.1004226207733154 58
1784276949580 1.2562705278396606 59
1784276949591 1.3387151956558228 60
1784276949601 0.981372594833374 61
1784276949611 1.2041339874267578 62
1784276949622 0.7996270060539246 63
1784276949632 0.9960787892341614 64
1784276949643 0.9979528188705444 65
1784276949654 0.8449475765228271 66
1784276949665 0.9026906490325928 67
1784276949674 0.9785209894180298 68
1784276949685 0.8549260497093201 69
1784276949695 0.9287874102592468 70
1784276949705 1.047515630722046 71
1784276949716 0.6281690001487732 72
1784276949726 0.8825812935829163 73
1784276949736 1.0233886241912842 74
1784276949747 0.7449343800544739 75
1784276949756 0.9659583568572998 76
1784276949768 0.9986267685890198 77
1784276949779 1.0982081890106201 78
1784276949789 0.9552893042564392 79
1784276949799 0.7431625723838806 80
1784276949809 0.910697877407074 81
1784276949819 0.9131105542182922 82
1784276949830 1.0876260995864868 83
1784276949840 0.8188514709472656 84
1784276949853 0.9462523460388184 85
1784276949863 0.7880470156669617 86
1784276949873 0.745448887348175 87
1784276949884 0.8602253198623657 88
1784276949895 0.7417627573013306 89
1784276949904 0.9164581894874573 90
1784276949914 0.6018524765968323 91
1784276949924 0.9143650531768799 92
1784276949935 0.8453245759010315 93
1784276949946 0.8296938538551331 94
1784276949956 0.7926274538040161 95
1784276949968 0.8320779800415039 96
1784276949978 0.6276599168777466 97
1784276949989 0.7288073897361755 98
1784276949999 0.6329411864280701 99
1784276950010 0.6077272295951843 100
1784276950023 0.7678833603858948 101
1784276950033 0.7589322328567505 102
1784276950043 0.7910765409469604 103
1784276950053 0.7150352001190186 104
1784276950063 0.6334285736083984 105
1784276950073 0.8680019974708557 106
1784276950083 0.5831553339958191 107
1784276950095 0.6439228653907776 108
1784276950105 0.6343632340431213 109
1784276950118 0.9071013331413269 110
1784276950129 0.9345664381980896 111
1784276950138 0.8237181305885315 112
1784276950150 0.6843403577804565 113
1784276950162 0.6513829827308655 114
1784276950171 0.7685639262199402 115
1784276950182 0.7230643630027771 116
1784276950194 0.5747491717338562 117
1784276950203 0.690401017665863 118
1784276950213 0.4958540201187134 119
1784276950224 0.44531095027923584 120
1784276950235 1.152573585510254 121
1784276950246 0.6248065233230591 122
1784276950256 0.8668202757835388 123
1784276950266 0.8255277276039124 124
1784276950276 0.5728200674057007 125
1784276950287 0.8206770420074463 126
1784276950298 0.702945351600647 127
1784276950308 0.6252902746200562 128
1784276950317 0.5307741165161133 129
1784276950327 0.854041576385498 130
1784276950338 0.7978115677833557 131
1784276950348 0.6294124126434326 132
1784276950359 0.7136375308036804 133
1784276950369 0.69382244348526 134
1784276950380 0.6702290773391724 135
1784276950390 0.5659128427505493 136
1784276950401 0.813649594783783 137
1784276950412 0.5755610466003418 138
1784276950421 0.637725830078125 139
1784276950432 0.40275469422340393 140
1784276950443 0.8286154866218567 141
1784276950453 0.4149831533432007 142
1784276950464 0.7299088835716248 143
1784276950474 0.6576084494590759 144
1784276950485 0.8094828128814697 145
1784276950495 0.6389133334159851 146
1784276950506 0.6471803188323975 147
1784276950516 0.6921268105506897 148
1784276950527 0.4601494371891022 149
1784276950536 0.6931695342063904 150
1784276950548 0.7051287889480591 151
1784276950558 0.7158116698265076 152
1784276950569 0.6230695843696594 153
1784276950582 0.7849181890487671 154
1784276950596 0.6219459176063538 155
1784276950611 0.5868546962738037 156
1784276950621 0.5207592248916626 157
1784276950633 0.761896550655365 158
1784276950647 0.3821680545806885 159
1784276950658 0.6945018768310547 160
1784276950669 0.5859012603759766 161
1784276950680 0.5955619812011719 162
1784276950690 0.6136367321014404 163
1784276950701 0.5153024196624756 164
1784276950712 0.4997144043445587 165
1784276950723 0.7267687320709229 166
1784276950735 0.5833192467689514 167
1784276950746 0.532742440700531 168
1784276950756 0.48743191361427307 169
1784276950767 0.5498188138008118 170
1784276950778 0.8032299280166626 171
1784276950787 0.48540905117988586 172
1784276950798 0.82069993019104 173
1784276950808 0.6306720972061157 174
1784276950818 0.5097196102142334 175
1784276950829 0.43974125385284424 176
1784276950839 0.8683672547340393 177
1784276950849 0.4479777216911316 178
1784276950860 0.7111451029777527 179
1784276950870 0.6136019229888916 180
1784276950880 0.8324824571609497 181
1784276950891 0.6107160449028015 182
1784276950903 0.5435205698013306 183
1784276950913 0.6990578174591064 184
1784276950923 0.2996690273284912 185
1784276950934 0.5529665350914001 186
1784276950944 0.6695034503936768 187
1784276950954 0.5974555015563965 188
1784276950964 0.7559664845466614 189
1784276950977 0.5435969233512878 190
1784276950987 0.6227211952209473 191
1784276950997 0.49599558115005493 192
1784276951007 0.560332715511322 193
1784276951018 0.7040379047393799 194
1784276951030 0.5451377034187317 195
1784276951040 0.6245841979980469 196
1784276951052 0.4831755757331848 197
1784276951062 0.6787598133087158 198
1784276951072 0.9010360240936279 199
1784276951083 0.5448808073997498 200
1784276951095 0.3512745797634125 201
1784276951105 0.5095201134681702 202
1784276951116 0.3515719473361969 203
1784276951126 0.29458290338516235 204
1784276951143 0.24871255457401276 205
1784276951153 0.4761542081832886 206
1784276951164 0.519206166267395 207
1784276951174 0.39965924620628357 208
1784276951184 0.40920600295066833 209
1784276951195 0.7447202205657959 210
1784276951209 0.7762696146965027 211
1784276951219 0.40225130319595337 212
1784276951230 0.3806007504463196 213
1784276951239 0.510357677936554 214
1784276951250 0.6638815402984619 215
1784276951261 0.5946391820907593 216
1784276951271 0.6159918308258057 217
1784276951282 0.4914838671684265 218
1784276951293 0.4375089406967163 219
1784276951302 0.3482057750225067 220
1784276951313 0.5017111301422119 221
1784276951323 0.6149075627326965 222
1784276951334 0.41767024993896484 223
1784276951344 0.5232185125350952 224
1784276951354 0.38851478695869446 225
1784276951365 0.4214378893375397 226
1784276951375 0.37288039922714233 227
1784276951386 0.486820787191391 228
1784276951397 0.4509662091732025 229
1784276951407 0.4822579622268677 230
1784276951418 0.44929617643356323 231
1784276951428 0.7538164854049683 232
1784276951437 0.41418972611427307 233
1784276951448 0.5075271725654602 234
1784276951457 0.4773801267147064 235
1784276951468 0.3550281226634979 236
1784276951479 0.667529821395874 237
1784276951488 0.5718107223510742 238
1784276951499 0.5331534147262573 239
1784276951509 0.4179028570652008 240
1784276951518 0.4760217070579529 241
1784276951530 0.8095406293869019 242
1784276951539 0.7474163770675659 243
1784276951550 0.5080891251564026 244
1784276951560 0.6231749057769775 245
1784276951571 0.6258968114852905 246
1784276951580 0.41797080636024475 247
1784276951590 0.4264405071735382 248
1784276951602 0.546175479888916 249
1784276951612 0.3924497961997986 250
1784276951622 0.5504966974258423 251
1784276951633 0.5522730350494385 252
1784276951644 0.5994749069213867 253
1784276951654 0.4430408477783203 254
1784276951665 0.506539523601532 255
1784276951678 0.5270757079124451 256
1784276951688 0.6249091029167175 257
1784276951699 0.48485976457595825 258
1784276951709 0.49070286750793457 259
1784276951720 0.4727799594402313 260
1784276951731 0.6816801428794861 261
1784276951741 0.6248650550842285 262
1784276951752 0.46243181824684143 263
1784276951762 0.6490843296051025 264
1784276951773 0.3870536684989929 265
1784276951784 0.4850578308105469 266
1784276951795 0.4351065158843994 267
1784276951805 0.42163801193237305 268
1784276951815 0.4010325074195862 269
1784276951826 0.20893003046512604 270
1784276951837 0.4481665790081024 271
1784276951848 0.7104952335357666 272
1784276951857 0.4402482509613037 273
1784276951868 0.3419288396835327 274
1784276951879 0.678040087223053 275
1784276951888 0.34359467029571533 276
1784276951899 0.7381847500801086 277
1784276951908 0.45250704884529114 278
1784276951918 0.41143494844436646 279
1784276951928 0.45018270611763 280
1784276951938 0.4518972933292389 281
1784276951949 0.5412628054618835 282
1784276951960 0.33299049735069275 283
1784276951970 0.4170028567314148 284
1784276951980 0.43450620770454407 285
1784276951990 0.5357980132102966 286
1784276952001 0.6734519004821777 287
1784276952011 0.41514769196510315 288
1784276952021 0.31277257204055786 289
1784276952033 0.4426516890525818 290
1784276952045 0.5312148928642273 291
1784276952056 0.369196355342865 292
1784276952067 0.5561461448669434 293
1784276952077 0.46998322010040283 294
1784276952087 0.4782719314098358 295
1784276952098 0.5767995119094849 296
1784276952108 0.6594030261039734 297
1784276952118 0.5622054934501648 298
1784276952128 0.2936806082725525 299
1784276952139 0.29873067140579224 300
1784276952150 0.22551408410072327 301
1784276952161 0.1952843815088272 302
1784276952170 0.23549196124076843 303
1784276952182 0.4119182825088501 304
1784276952193 0.6591357588768005 305
1784276952203 0.4701368808746338 306
1784276952214 0.34164318442344666 307
1784276952224 0.3949730694293976 308
1784276952235 0.34867119789123535 309
1784276952245 0.5660811066627502 310
1784276952255 0.48717889189720154 311
1784276952265 0.41604000329971313 312
1784276952275 0.3186125159263611 313
1784276952286 0.35088929533958435 314
1784276952297 0.7318257689476013 315
1784276952307 0.3754079043865204 316
1784276952317 0.5468717217445374 317
1784276952326 0.4811009466648102 318
1784276952336 0.48077231645584106 319
1784276952346 0.4499005675315857 320
1784276952355 0.6397978067398071 321
1784276952366 0.46194884181022644 322
1784276952376 0.5544180274009705 323
1784276952386 0.2471676468849182 324
1784276952398 0.45563575625419617 325
1784276952407 0.7739061117172241 326
1784276952418 0.3879413604736328 327
1784276952429 0.36164945363998413 328
1784276952439 0.9978923797607422 329
1784276952449 0.43387705087661743 330
1784276952460 0.47484397888183594 331
1784276952469 0.433833509683609 332
1784276952479 0.5565483570098877 333
1784276952489 0.4549441337585449 334
1784276952500 0.45325037837028503 335
1784276952511 0.3059665560722351 336
1784276952521 0.3327314853668213 337
1784276952532 0.6540345549583435 338
1784276952542 0.5066798329353333 339
1784276952552 0.4461337625980377 340
1784276952563 0.4061923027038574 341
1784276952574 0.5373621582984924 342
1784276952585 0.6259538531303406 343
1784276952595 0.43153488636016846 344
1784276952606 0.424648642539978 345
1784276952617 0.3095335066318512 346
1784276952630 0.535758376121521 347
1784276952640 0.42291736602783203 348
1784276952650 0.6549682021141052 349
1784276952661 0.5616655945777893 350
1784276952671 0.56740802526474 351
1784276952681 0.27031394839286804 352
1784276952691 0.424197793006897 353
1784276952701 0.5600753426551819 354
1784276952711 0.7416525483131409 355
1784276952720 0.6321923136711121 356
1784276952734 0.4288325011730194 357
1784276952744 0.5835663676261902 358
1784276952754 0.374896764755249 359
1784276952765 0.3308292329311371 360
1784276952776 0.3532387316226959 361
1784276952786 0.3826119303703308 362
1784276952799 0.30157470703125 363
1784276952812 0.45945850014686584 364
1784276952825 0.37891167402267456 365
1784276952836 0.6180874109268188 366
1784276952849 0.31631237268447876 367
1784276952862 0.448035329580307 368
1784276952877 0.4161798059940338 369
1784276952888 0.8059856295585632 370
1784276952899 0.3621219992637634 371
1784276952909 0.6110422015190125 372
1784276952919 0.4319365620613098 373
1784276952929 0.5440768003463745 374
1784276952939 0.44055402278900146 375
1784276952950 0.34538307785987854 376
1784276952961 0.40292394161224365 377
1784276952974 0.2986685037612915 378
1784276952986 0.34148910641670227 379
1784276952997 0.5314651727676392 380
1784276953007 0.7629234790802002 381
1784276953018 0.383312851190567 382
1784276953029 0.6713277697563171 383
1784276953039 0.33706194162368774 384
1784276953049 0.5534117221832275 385
1784276953061 0.5359579920768738 386
1784276953071 0.5913019180297852 387
1784276953082 0.32326921820640564 388
1784276953092 0.5235686302185059 389
1784276953103 0.45057475566864014 390
1784276953113 0.43415090441703796 391
1784276953124 0.4751673936843872 392
1784276953136 0.28430137038230896 393
1784276953146 0.31335189938545227 394
1784276953155 0.823466956615448 395
1784276953167 0.5357733368873596 396
1784276953179 0.640093982219696 397
1784276953188 0.4359056055545807 398
1784276953199 0.3281102776527405 399
1784276953209 0.3147839307785034 400
1784276953221 0.5833073854446411 401
1784276953233 0.48306870460510254 402
1784276953244 0.37748458981513977 403
1784276953255 0.4526554346084595 404
1784276953265 0.2619726061820984 405
1784276953277 0.8623147010803223 406
1784276953287 0.4514753818511963 407
1784276953298 0.4745562672615051 408
1784276953308 0.538142204284668 409
1784276953318 0.3688441216945648 410
1784276953332 0.5262067317962646 411
1784276953343 0.5339317917823792 412
1784276953353 0.38655784726142883 413
1784276953364 0.30814868211746216 414
1784276953374 0.3140109181404114 415
1784276953385 0.41297999024391174 416
1784276953396 0.4175802171230316 417
1784276953406 0.7507702112197876 418
1784276953416 0.34995168447494507 419
1784276953427 0.40459001064300537 420
1784276953437 0.5912919640541077 421
1784276953447 0.884362518787384 422
1784276953457 0.34004345536231995 423
1784276953467 0.642815887928009 424
1784276953478 0.2788774371147156 425
1784276953488 0.4095914959907532 426
1784276953502 0.3652270436286926 427
1784276953512 0.48330235481262207 428
1784276953522 0.2527710795402527 429
1784276953532 0.5804857015609741 430
1784276953543 0.17808610200881958 431
1784276953553 0.30625930428504944 432
1784276953566 0.578761875629425 433
1784276953575 0.6513853669166565 434
1784276953585 0.2976042926311493 435
1784276953596 0.7198240756988525 436
1784276953606 0.2864776849746704 437
1784276953617 0.2985897362232208 438
1784276953628 0.5060667395591736 439
1784276953638 0.5256502628326416 440
1784276953649 0.3518884778022766 441
1784276953659 0.506263256072998 442
1784276953669 0.5371933579444885 443
1784276953679 0.17570184171199799 444
1784276953691 0.38294798135757446 445
1784276953702 0.39738908410072327 446
1784276953713 0.4355175793170929 447
1784276953724 0.45556071400642395 448
1784276953734 0.4353257417678833 449
1784276953745 0.42153921723365784 450
1784276953756 0.49891090393066406 451
1784276953767 0.4330283999443054 452
1784276953779 0.3315669298171997 453
1784276953788 0.3707196116447449 454
1784276953799 0.5329791307449341 455
1784276953810 0.369168221950531 456
1784276953819 0.3396654427051544 457
1784276953831 0.40260541439056396 458
1784276953841 0.257788747549057 459
1784276953852 0.2364528775215149 460
1784276953862 0.5699602961540222 461
1784276953873 0.272978276014328 462
1784276953883 0.3806682527065277 463
1784276953894 0.45114952325820923 464
1784276953904 0.2518343925476074 465
1784276953916 0.4366963803768158 466
1784276953927 0.6405242085456848 467
1784276953938 0.9448629021644592 468
1784276953949 0.589347243309021 469
1784276953959 0.290492445230484 470
1784276953969 0.4708530902862549 471
1784276953980 0.5945088863372803 472
1784276953991 0.6320642232894897 473
1784276954002 0.3093205690383911 474
1784276954013 0.20188452303409576 475
1784276954023 0.40796566009521484 476
1784276954034 0.6108246445655823 477
1784276954045 0.4560518264770508 478
1784276954055 0.3925457298755646 479
1784276954067 0.2589331269264221 480
1784276954079 0.35931891202926636 481
1784276954088 0.4605504274368286 482
1784276954100 0.4648909568786621 483
1784276954110 0.5020397901535034 484
1784276954120 0.4165143668651581 485
1784276954130 0.31275689601898193 486
1784276954141 0.6315554976463318 487
1784276954151 0.6523013710975647 488
1784276954163 0.3197733461856842 489
1784276954173 0.5973596572875977 490
1784276954184 0.6707305312156677 491
1784276954195 0.5366604924201965 492
1784276954205 0.3116190433502197 493
1784276954215 0.5436409115791321 494
1784276954226 0.2865065634250641 495
1784276954237 0.3283347189426422 496
1784276954247 0.347608745098114 497
1784276954257 0.3828849196434021 498
1784276954267 0.4763578474521637 499
1784276954278 0.5598517656326294 500
1784276954287 0.4408551752567291 501
1784276954297 0.5391544103622437 502
1784276954307 0.17774492502212524 503
1784276954318 0.4219878911972046 504
1784276954328 0.44233986735343933 505
1784276954338 0.41695961356163025 506
1784276954349 0.4210624098777771 507
1784276954359 0.37886595726013184 508
1784276954369 0.3633950352668762 509
1784276954380 0.2661661207675934 510
1784276954389 0.40553271770477295 511
1784276954399 0.7826753258705139 512
1784276954409 0.42157089710235596 513
1784276954418 0.4049186408519745 514
1784276954429 0.3182885944843292 515
1784276954439 0.2989201247692108 516
1784276954450 0.3356166481971741 517
1784276954460 0.4317927956581116 518
1784276954470 0.4360133707523346 519
1784276954480 0.3048913776874542 520
1784276954490 0.5995818376541138 521
1784276954501 0.4549676775932312 522
1784276954513 0.3392472565174103 523
1784276954525 0.5540711283683777 524
1784276954535 0.2800925672054291 525
1784276954546 0.33959537744522095 526
1784276954556 0.3740158975124359 527
1784276954566 0.5294978022575378 528
1784276954577 0.5792322754859924 529
1784276954588 0.6925584077835083 530
1784276954599 0.5094330906867981 531
1784276954608 0.5803491473197937 532
1784276954619 0.4326659142971039 533
1784276954631 0.3327060043811798 534
1784276954642 0.4138251841068268 535
1784276954652 0.3057315945625305 536
1784276954663 0.4241620600223541 537
1784276954672 0.3397578001022339 538
1784276954683 0.3925172686576843 539
1784276954693 0.7119241952896118 540
1784276954703 0.5604931712150574 541
1784276954714 0.35657787322998047 542
1784276954723 0.4523060619831085 543
1784276954735 0.4901731014251709 544
1784276954745 0.32254916429519653 545
1784276954757 0.288622111082077 546
1784276954767 0.24488672614097595 547
1784276954777 0.4450913667678833 548
1784276954788 0.5951688885688782 549
1784276954797 0.4677104651927948 550
1784276954807 0.5731310248374939 551
1784276954818 0.8373394012451172 552
1784276954829 0.5513425469398499 553
1784276954838 0.36759141087532043 554
1784276954849 0.41291794180870056 555
1784276954862 0.31096115708351135 556
1784276954872 0.4782542884349823 557
1784276954883 0.6119735836982727 558
1784276954894 0.9585248827934265 559
1784276954904 0.7093496322631836 560
1784276954914 0.2897781431674957 561
1784276954925 0.6403961181640625 562
1784276954936 0.6167471408843994 563
1784276954946 0.7464065551757812 564
1784276954955 0.367039293050766 565
1784276954967 0.3138646185398102 566
1784276954977 0.3499292731285095 567
1784276954988 0.662745475769043 568
1784276955000 0.4858749210834503 569
1784276955010 0.3752381205558777 570
1784276955021 0.5384311079978943 571
1784276955036 0.24546052515506744 572
1784276955047 0.6583510041236877 573
1784276955057 0.3002571761608124 574
1784276955069 0.3837456703186035 575
1784276955080 0.34682250022888184 576
1784276955092 0.2896369695663452 577
1784276955102 0.37338319420814514 578
1784276955113 0.4738965630531311 579
1784276955122 0.5771854519844055 580
1784276955133 0.5182573795318604 581
1784276955144 0.3660530149936676 582
1784276955154 0.7661058306694031 583
1784276955164 0.3529627323150635 584
1784276955174 0.3099152445793152 585
1784276955184 0.5974020957946777 586
1784276955196 0.4305284917354584 587
1784276955206 0.25788137316703796 588
1784276955217 0.3788110613822937 589
1784276955228 0.40694496035575867 590
1784276955237 0.3682951033115387 591
1784276955248 0.415316641330719 592
1784276955259 0.3403954803943634 593
1784276955269 0.35016298294067383 594
1784276955279 0.387158066034317 595
1784276955290 0.2633854150772095 596
1784276955300 0.5828351974487305 597
1784276955311 0.6936367750167847 598
1784276955320 0.5846935510635376 599
1784276955331 0.6183021068572998 600
1784276955344 0.808109700679779 601
1784276955355 0.18519477546215057 602
1784276955365 0.433184951543808 603
1784276955375 0.3324679136276245 604
1784276955386 0.5048367977142334 605
1784276955398 0.2588338553905487 606
1784276955408 0.3533380925655365 607
1784276955419 0.22061088681221008 608
1784276955430 0.41671934723854065 609
1784276955440 0.503278374671936 610
1784276955450 0.23410765826702118 611
1784276955461 0.6101024746894836 612
1784276955470 0.2723243534564972 613
1784276955481 0.2927383780479431 614
1784276955492 0.5579637289047241 615
1784276955502 0.3299272656440735 616
1784276955517 0.29659757018089294 617
1784276955527 0.4786502420902252 618
1784276955537 0.3465557396411896 619
1784276955547 0.41724443435668945 620
1784276955557 0.40409573912620544 621
1784276955567 0.1809968799352646 622
1784276955579 0.3606754541397095 623
1784276955589 0.3656899034976959 624
1784276955600 0.26993709802627563 625
1784276955611 0.24035705626010895 626
1784276955625 0.46999239921569824 627
1784276955635 0.6148205995559692 628
1784276955648 0.2801367938518524 629
1784276955658 0.4404802620410919 630
1784276955669 0.41574546694755554 631
1784276955680 0.26820051670074463 632
1784276955692 0.3837435841560364 633
1784276955703 0.2204587310552597 634
1784276955714 0.49672847986221313 635
1784276955724 0.5129322409629822 636
1784276955734 0.35642287135124207 637
1784276955746 0.41847988963127136 638
1784276955756 0.35384121537208557 639
1784276955766 0.17880335450172424 640
1784276955778 0.20749187469482422 641
1784276955787 0.45995330810546875 642
1784276955798 0.3418325185775757 643
1784276955809 0.24494542181491852 644
1784276955819 0.1984727531671524 645
1784276955830 0.33244064450263977 646
1784276955841 0.46838903427124023 647
1784276955851 0.4533918499946594 648
1784276955862 0.26052650809288025 649
1784276955872 0.6358287930488586 650
1784276955883 0.6741253733634949 651
1784276955894 0.279379278421402 652
1784276955904 0.5896334648132324 653
1784276955914 0.31038764119148254 654
1784276955924 0.43189603090286255 655
1784276955935 0.5843080878257751 656
1784276955945 0.8038221001625061 657
1784276955955 0.31058385968208313 658
1784276955966 0.4058985710144043 659
1784276955977 0.39138442277908325 660
1784276955987 0.35587936639785767 661
1784276955998 0.6289029121398926 662
1784276956008 0.4264080226421356 663
1784276956019 0.47810691595077515 664
1784276956031 0.4940025806427002 665
1784276956041 0.4284059405326843 666
1784276956052 0.3439987599849701 667
1784276956062 0.3184851109981537 668
1784276956072 0.4406619071960449 669
1784276956083 0.37789005041122437 670
1784276956095 0.43584275245666504 671
1784276956105 0.38451042771339417 672
1784276956116 0.36985039710998535 673
1784276956126 0.37310791015625 674
1784276956136 0.4839341938495636 675
1784276956147 0.2995949387550354 676
1784276956157 0.7411187887191772 677
1784276956168 0.37653622031211853 678
1784276956179 0.5385894179344177 679
1784276956189 0.5819334983825684 680
1784276956199 0.40164414048194885 681
1784276956210 0.4283849000930786 682
1784276956220 0.39530977606773376 683
1784276956230 0.4307405948638916 684
1784276956239 0.5301578044891357 685
1784276956250 0.2807115316390991 686
1784276956260 0.5064759254455566 687
1784276956270 0.3449786901473999 688
1784276956280 0.3473320007324219 689
1784276956293 0.3792995810508728 690
1784276956302 0.6569264531135559 691
1784276956312 0.3782654106616974 692
1784276956322 0.5602356791496277 693
1784276956332 0.2660622000694275 694
1784276956341 0.3406318426132202 695
1784276956351 0.6116242408752441 696
1784276956362 0.29603567719459534 697
1784276956372 0.2800125777721405 698
1784276956383 0.33979254961013794 699
1784276956393 0.34354493021965027 700
1784276956404 0.4375617802143097 701
1784276956414 0.614865779876709 702
1784276956423 0.34884947538375854 703
1784276956434 0.3250473737716675 704
1784276956444 0.4581187665462494 705
1784276956454 0.3571077585220337 706
1784276956465 0.268405944108963 707
1784276956475 0.3183566927909851 708
1784276956485 0.2222425937652588 709
1784276956497 0.29064828157424927 710
1784276956507 0.526469349861145 711
1784276956519 0.4832887351512909 712
1784276956532 0.2739432752132416 713
1784276956542 0.27952840924263 714
1784276956552 0.6538992524147034 715
1784276956563 0.6392772793769836 716
1784276956573 0.21637751162052155 717
1784276956584 0.5920428037643433 718
1784276956594 0.5029897689819336 719
1784276956605 0.5010318756103516 720
1784276956615 0.521141529083252 721
1784276956625 0.11120150238275528 722
1784276956636 0.4347049593925476 723
1784276956647 0.21155887842178345 724
1784276956657 0.25491753220558167 725
1784276956668 0.45537668466567993 726
1784276956679 0.41140303015708923 727
1784276956689 0.4138156473636627 728
1784276956699 0.4692648649215698 729
1784276956710 0.28930503129959106 730
1784276956720 0.23820607364177704 731
1784276956731 0.36337733268737793 732
1784276956741 0.5979124903678894 733
1784276956752 0.47921428084373474 734
1784276956763 0.6653244495391846 735
1784276956773 0.36203479766845703 736
1784276956785 0.4380389451980591 737
1784276956796 0.3453930616378784 738
1784276956806 0.24037623405456543 739
1784276956817 0.3959665596485138 740
1784276956828 0.3833639919757843 741
1784276956838 0.6068592071533203 742
1784276956848 0.26397719979286194 743
1784276956859 0.5399818420410156 744
1784276956871 0.6925325393676758 745
1784276956882 0.2807582914829254 746
1784276956895 0.18358726799488068 747
1784276956904 0.5292173027992249 748
1784276956915 0.5589942932128906 749
1784276956926 0.24071142077445984 750
1784276956937 0.18981847167015076 751
1784276956948 0.30474430322647095 752
1784276956959 0.33360275626182556 753
1784276956970 0.5583681464195251 754
1784276956980 0.5342773795127869 755
1784276956990 0.5266351699829102 756
1784276957004 0.4344806969165802 757
1784276957014 0.3620651364326477 758
1784276957024 0.39205577969551086 759
1784276957037 0.19832532107830048 760
1784276957048 0.25106221437454224 761
1784276957059 0.5787419080734253 762
1784276957068 0.41415828466415405 763
1784276957079 0.4145834445953369 764
1784276957091 0.2586677074432373 765
1784276957102 0.19877944886684418 766
1784276957113 0.290438175201416 767
1784276957123 0.5601286292076111 768
1784276957134 0.32272061705589294 769
1784276957145 0.1698242872953415 770
1784276957156 0.5865725874900818 771
1784276957167 0.6309776306152344 772
1784276957178 0.375985324382782 773
1784276957188 0.3044290244579315 774
1784276957199 0.6247487664222717 775
1784276957211 0.4304267168045044 776
1784276957222 0.48672133684158325 777
1784276957235 0.4157177209854126 778
1784276957246 0.30425795912742615 779
1784276957258 0.6249956488609314 780
1784276957270 0.26340562105178833 781
1784276957280 0.6640298962593079 782
1784276957293 0.45716148614883423 783
1784276957303 0.354679137468338 784
1784276957313 0.24863581359386444 785
1784276957323 0.25211721658706665 786
1784276957335 0.4738169014453888 787
1784276957345 0.5633949041366577 788
1784276957358 0.42900052666664124 789
1784276957368 0.08410659432411194 790
1784276957379 0.21101915836334229 791
1784276957389 0.40425145626068115 792
1784276957402 0.8949663639068604 793
1784276957413 0.27780479192733765 794
1784276957423 0.4098259508609772 795
1784276957434 0.18560491502285004 796
1784276957445 0.3590386211872101 797
1784276957454 0.6636003851890564 798
1784276957467 0.4166015386581421 799
1784276957478 0.27749738097190857 800
1784276957489 0.31829261779785156 801
1784276957499 0.3979859948158264 802
1784276957508 0.3929835855960846 803
1784276957518 0.2265188992023468 804
1784276957528 0.6260720491409302 805
1784276957538 0.39068564772605896 806
1784276957549 0.31185173988342285 807
1784276957558 0.3762054145336151 808
1784276957570 0.26785364747047424 809
1784276957581 0.20563897490501404 810
1784276957591 0.3019832372665405 811
1784276957603 0.2684132158756256 812
1784276957614 0.32906287908554077 813
1784276957624 0.6881250143051147 814
1784276957635 0.5389673113822937 815
1784276957649 0.1772274672985077 816
1784276957660 0.2511957883834839 817
1784276957670 0.635266125202179 818
1784276957680 0.46141690015792847 819
1784276957690 0.3550027310848236 820
1784276957701 0.26891160011291504 821
1784276957713 0.6326742172241211 822
1784276957723 0.44428104162216187 823
1784276957733 0.3413632810115814 824
1784276957744 0.2800157368183136 825
1784276957755 0.27284136414527893 826
1784276957766 0.24774473905563354 827
1784276957777 0.2547547221183777 828
1784276957787 0.3364845812320709 829
1784276957798 0.24669991433620453 830
1784276957807 0.39176806807518005 831
1784276957818 0.28911328315734863 832
1784276957829 0.28543663024902344 833
1784276957839 0.520119309425354 834
1784276957850 0.25652775168418884 835
1784276957861 0.6155180335044861 836
1784276957871 0.20838521420955658 837
1784276957882 0.6043094396591187 838
1784276957893 0.3217161297798157 839
1784276957903 0.19854944944381714 840
1784276957914 0.5845121145248413 841
1784276957923 0.49595963954925537 842
1784276957934 0.30920541286468506 843
1784276957945 0.29194149374961853 844
1784276957955 0.5292796492576599 845
1784276957966 0.46949633955955505 846
1784276957977 0.11070774495601654 847
1784276957987 0.5083052515983582 848
1784276957998 0.21799124777317047 849
1784276958008 0.3954433500766754 850
1784276958018 0.18363000452518463 851
1784276958028 0.519767165184021 852
1784276958038 0.24747036397457123 853
1784276958051 0.2602662444114685 854
1784276958061 0.3823052942752838 855
1784276958072 0.2787371277809143 856
1784276958084 0.43986496329307556 857
1784276958095 0.19556008279323578 858
1784276958104 0.24770402908325195 859
1784276958116 0.3355850279331207 860
1784276958126 0.2598317563533783 861
1784276958137 0.29331955313682556 862
1784276958149 0.3175789713859558 863
1784276958159 0.43657684326171875 864
1784276958171 0.37819260358810425 865
1784276958182 0.48137879371643066 866
1784276958193 0.3250136077404022 867
1784276958204 0.6324805021286011 868
1784276958214 0.33607518672943115 869
1784276958223 0.615943968296051 870
1784276958234 0.39881446957588196 871
1784276958244 0.36492472887039185 872
1784276958254 0.3823147416114807 873
1784276958265 0.39717555046081543 874
1784276958276 0.391743928194046 875
1784276958286 0.4762009084224701 876
1784276958297 0.29632771015167236 877
1784276958307 0.5751193165779114 878
1784276958317 0.5483120679855347 879
1784276958327 0.6139419674873352 880
1784276958337 0.3437647223472595 881
1784276958347 0.2374645471572876 882
1784276958357 0.40866968035697937 883
1784276958367 0.2561821937561035 884
1784276958377 0.32574203610420227 885
1784276958387 0.3201861083507538 886
1784276958399 0.40797579288482666 887
1784276958409 0.5469698905944824 888
1784276958419 0.21985803544521332 889
1784276958430 0.3428831100463867 890
1784276958440 0.31602829694747925 891
1784276958451 0.5257264971733093 892
1784276958462 0.4396324157714844 893
1784276958473 0.36089444160461426 894
1784276958483 0.47876912355422974 895
1784276958494 0.49207767844200134 896
1784276958504 0.3493327796459198 897
1784276958514 0.40724900364875793 898
1784276958524 0.16775134205818176 899
1784276958535 0.17241112887859344 900
1784276958546 0.5762958526611328 901
1784276958556 0.11741265654563904 902
1784276958567 0.20397402346134186 903
1784276958577 0.285800576210022 904
1784276958587 0.30667370557785034 905
1784276958597 0.41853421926498413 906
1784276958608 0.3551347851753235 907
1784276958617 0.39033305644989014 908
1784276958628 0.1357084959745407 909
1784276958638 0.33465784788131714 910
1784276958649 0.2746141850948334 911
1784276958661 0.553769052028656 912
1784276958671 0.33036884665489197 913
1784276958681 0.4865325391292572 914
1784276958692 0.42873695492744446 915
1784276958701 0.15513508021831512 916
1784276958711 0.17132724821567535 917
1784276958720 0.5746000409126282 918
1784276958730 0.349782794713974 919
1784276958739 0.3269467055797577 920
1784276958749 0.5421562194824219 921
1784276958762 0.26467734575271606 922
1784276958773 0.2705134451389313 923
1784276958784 0.2777065634727478 924
1784276958794 0.4887181222438812 925
1784276958804 0.34884506464004517 926
1784276958814 0.14906644821166992 927
1784276958825 0.08316770941019058 928
1784276958835 0.3397553563117981 929
1784276958845 0.6945561170578003 930
1784276958854 0.22873647511005402 931
1784276958865 0.27978387475013733 932
1784276958876 0.4305751621723175 933
1784276958888 0.21674947440624237 934
1784276958899 0.37182942032814026 935
1784276958908 0.2056826949119568 936
1784276958917 0.46286773681640625 937
1784276958928 0.2915289103984833 938
1784276958938 0.4628722369670868 939
1784276958949 0.2399599701166153 940
1784276958960 0.45893606543540955 941
1784276958971 0.5034422278404236 942
1784276958981 0.2823069095611572 943
1784276958993 0.3546190857887268 944
1784276959002 0.10974731296300888 945
1784276959011 0.46912384033203125 946
1784276959023 0.23902517557144165 947
1784276959033 0.11901001632213593 948
1784276959043 0.7376685738563538 949
1784276959052 0.23597921431064606 950
1784276959063 0.3277759552001953 951
1784276959073 0.49088165163993835 952
1784276959084 0.5510771870613098 953
1784276959095 0.5068556666374207 954
1784276959104 0.4308221936225891 955
1784276959115 0.32740768790245056 956
1784276959126 0.320764422416687 957
1784276959137 0.43788331747055054 958
1784276959147 0.27146241068840027 959
1784276959158 0.1442345529794693 960
1784276959168 0.8096879720687866 961
1784276959179 0.3083259165287018 962
1784276959189 0.442632257938385 963
1784276959200 0.33845818042755127 964
1784276959210 0.27607131004333496 965
1784276959220 0.2657581567764282 966
1784276959231 0.48287007212638855 967
1784276959242 0.6967320442199707 968
1784276959252 0.5424255132675171 969
1784276959262 0.21511344611644745 970
1784276959272 0.31814050674438477 971
1784276959283 0.16407601535320282 972
1784276959294 0.29106825590133667 973
1784276959304 0.4925583600997925 974
1784276959313 0.2926133871078491 975
1784276959322 0.3361964225769043 976
1784276959333 0.2648722231388092 977
1784276959343 0.2577396035194397 978
1784276959354 0.34733039140701294 979
1784276959366 0.2532288730144501 980
1784276959377 0.4802930951118469 981
1784276959387 0.3556746244430542 982
1784276959398 0.3269488215446472 983
1784276959410 0.5215318202972412 984
1784276959427 0.5389290452003479 985
1784276959442 0.42519688606262207 986
1784276959453 0.31316056847572327 987
1784276959466 0.42950427532196045 988
1784276959479 0.4995158016681671 989
1784276959489 0.29688453674316406 990
1784276959500 0.15625497698783875 991
1784276959512 0.1941741555929184 992
1784276959522 0.35122209787368774 993
1784276959532 0.4828631579875946 994
1784276959541 0.3450993299484253 995
1784276959551 0.37469664216041565 996
1784276959563 0.2584603428840637 997
1784276959572 0.4753705561161041 998
1784276959583 0.36791369318962097 999
1784276959595 0.35369551181793213 1000
1784276959604 0.5265247821807861 1001
1784276959615 0.4205264747142792 1002
1784276959626 0.5367074012756348 1003
1784276959637 0.2548254430294037 1004
1784276959648 0.414983868598938 1005
1784276959659 0.3592942953109741 1006
1784276959672 0.14947625994682312 1007
1784276959682 0.37012413144111633 1008
1784276959694 0.23214057087898254 1009
1784276959704 0.6002276539802551 1010
1784276959717 0.13902737200260162 1011
1784276959728 0.7027300596237183 1012
1784276959738 0.426685094833374 1013
1784276959750 0.17348463833332062 1014
1784276959762 0.6641192436218262 1015
1784276959772 0.5354738235473633 1016
1784276959785 0.2378835529088974 1017
1784276959795 0.3981263041496277 1018
1784276959805 0.14411403238773346 1019
1784276959816 0.3132239580154419 1020
1784276959827 0.5303837060928345 1021
1784276959837 0.3230668008327484 1022
1784276959847 0.4214935004711151 1023
1784276959858 0.3719389736652374 1024
1784276959868 0.09997475147247314 1025
1784276959879 0.16899824142456055 1026
1784276959891 0.24871255457401276 1027
1784276959901 0.28173619508743286 1028
1784276959912 0.4853217601776123 1029
1784276959922 0.3633917570114136 1030
1784276959933 0.30956557393074036 1031
1784276959945 0.34123316407203674 1032
1784276959956 0.2486266791820526 1033
1784276959967 0.2845070958137512 1034
1784276959978 0.7090628743171692 1035
1784276959988 0.42097121477127075 1036
1784276959999 0.327099084854126 1037
1784276960010 0.35578328371047974 1038
1784276960020 0.46648651361465454 1039
1784276960031 0.3435600996017456 1040
1784276960041 0.15334227681159973 1041
1784276960051 0.39999568462371826 1042
1784276960064 0.23798303306102753 1043
1784276960074 0.36461499333381653 1044
1784276960084 0.1312844157218933 1045
1784276960094 0.5401564836502075 1046
1784276960104 0.45595815777778625 1047
1784276960114 0.31295567750930786 1048
1784276960125 0.5414139628410339 1049
1784276960135 0.16768710315227509 1050
1784276960145 0.20965611934661865 1051
1784276960155 0.17854905128479004 1052
1784276960165 0.2668924033641815 1053
1784276960177 0.18774940073490143 1054
1784276960187 0.3687726557254791 1055
1784276960197 0.5669153928756714 1056
1784276960208 0.44311487674713135 1057
1784276960217 0.25270724296569824 1058
1784276960228 0.18541979789733887 1059
1784276960238 0.29933929443359375 1060
1784276960248 0.4519559144973755 1061
1784276960259 0.3010641932487488 1062
1784276960270 0.652883768081665 1063
1784276960280 0.4630070626735687 1064
1784276960291 0.3095773756504059 1065
1784276960302 0.44263455271720886 1066
1784276960312 0.7126984596252441 1067
1784276960323 0.39080849289894104 1068
1784276960333 0.38272398710250854 1069
1784276960343 0.6007810235023499 1070
1784276960353 0.6259323954582214 1071
1784276960363 0.389915406703949 1072
1784276960373 0.305929958820343 1073
1784276960384 0.3036707043647766 1074
1784276960395 0.35349470376968384 1075
1784276960405 0.22109273076057434 1076
1784276960417 0.31426867842674255 1077
1784276960427 0.3628975749015808 1078
1784276960437 0.39348104596138 1079
1784276960447 0.29272589087486267 1080
1784276960457 0.5894179344177246 1081
1784276960467 0.11503392457962036 1082
1784276960478 0.3499619662761688 1083
1784276960488 0.3400621712207794 1084
1784276960498 0.16348597407341003 1085
1784276960509 0.3866065740585327 1086
1784276960518 0.4937369227409363 1087
1784276960528 0.31565916538238525 1088
1784276960540 0.456685870885849 1089
1784276960550 0.2574695348739624 1090
1784276960561 0.48457780480384827 1091
1784276960571 0.5006835460662842 1092
1784276960581 0.40365904569625854 1093
1784276960591 0.40244364738464355 1094
1784276960601 0.17978745698928833 1095
1784276960611 0.2354051172733307 1096
1784276960621 0.2861362397670746 1097
1784276960631 0.2571001648902893 1098
1784276960643 0.49148234724998474 1099
1784276960656 0.36454150080680847 1100
1784276960666 0.37442687153816223 1101
1784276960677 0.41080835461616516 1102
1784276960687 0.8263806104660034 1103
1784276960698 0.6979096531867981 1104
1784276960709 0.30881139636039734 1105
1784276960720 0.4111604392528534 1106
1784276960731 0.23749428987503052 1107
1784276960741 0.5816171765327454 1108
1784276960752 0.6405524015426636 1109
1784276960762 0.1805417388677597 1110
1784276960773 0.15360257029533386 1111
1784276960785 0.24269209802150726 1112
1784276960795 0.29346245527267456 1113
1784276960806 0.10532323271036148 1114
1784276960817 0.27760326862335205 1115
1784276960827 0.5316864252090454 1116
1784276960838 0.3387615382671356 1117
1784276960850 0.41528037190437317 1118
1784276960860 0.5960633158683777 1119
1784276960871 0.12300126999616623 1120
1784276960882 0.46724194288253784 1121
1784276960893 0.23455439507961273 1122
1784276960903 0.29349350929260254 1123
1784276960914 0.38846802711486816 1124
1784276960924 0.266735702753067 1125
1784276960934 0.1837702989578247 1126
1784276960945 0.2286740392446518 1127
1784276960955 0.24864767491817474 1128
1784276960966 0.3698168992996216 1129
1784276960977 0.5562351942062378 1130
1784276960988 0.3963087499141693 1131
1784276960999 0.37087514996528625 1132
1784276961010 0.3660982847213745 1133
1784276961020 0.12156076729297638 1134
1784276961030 0.3204030990600586 1135
1784276961041 0.22850552201271057 1136
1784276961051 0.18530385196208954 1137
1784276961061 0.5591108202934265 1138
1784276961085 0.6684845089912415 1139
1784276961096 0.47339847683906555 1140
1784276961105 0.3392431139945984 1141
1784276961116 0.44918113946914673 1142
1784276961128 0.3857037425041199 1143
1784276961139 0.404049813747406 1144
1784276961151 0.33196821808815 1145
1784276961162 0.35882824659347534 1146
1784276961172 0.31989577412605286 1147
1784276961182 0.30462217330932617 1148
1784276961192 0.28656649589538574 1149
1784276961202 0.3203656077384949 1150
1784276961212 0.48269763588905334 1151
1784276961222 0.2843641936779022 1152
1784276961233 0.2096988558769226 1153
1784276961244 0.4847772419452667 1154
1784276961255 0.43790403008461 1155
1784276961267 0.3188003897666931 1156
1784276961278 0.21331770718097687 1157
1784276961287 0.7023810744285583 1158
1784276961298 0.13909421861171722 1159
1784276961309 0.4398050606250763 1160
1784276961318 0.2812640964984894 1161
1784276961329 0.3305022716522217 1162
1784276961340 0.2132040411233902 1163
1784276961350 0.18012754619121552 1164
1784276961361 0.1671270877122879 1165
1784276961371 0.47915369272232056 1166
1784276961382 0.13028426468372345 1167
1784276961393 0.40410977602005005 1168
1784276961403 0.17820002138614655 1169
1784276961414 0.8096291422843933 1170
1784276961425 0.5546417236328125 1171
1784276961435 0.5190129280090332 1172
1784276961446 0.24869316816329956 1173
1784276961455 0.40931257605552673 1174
1784276961466 0.4468725621700287 1175
1784276961478 0.3282001316547394 1176
1784276961489 0.4639735221862793 1177
1784276961500 0.3431243896484375 1178
1784276961511 0.2535291314125061 1179
1784276961521 0.4534922242164612 1180
1784276961532 0.5212088227272034 1181
1784276961542 0.15285824239253998 1182
1784276961552 0.30944207310676575 1183
1784276961563 0.4150993824005127 1184
1784276961573 0.1002361997961998 1185
1784276961583 0.1816188097000122 1186
1784276961595 0.3130221664905548 1187
1784276961605 0.3902343511581421 1188
1784276961618 0.5701568722724915 1189
1784276961631 0.4592095613479614 1190
1784276961644 0.25852200388908386 1191
1784276961655 0.5230105519294739 1192
1784276961669 0.3617689609527588 1193
1784276961682 0.2981428802013397 1194
1784276961692 0.4030217230319977 1195
1784276961702 0.15474194288253784 1196
1784276961715 0.14995035529136658 1197
1784276961725 0.3746471405029297 1198
1784276961735 0.29879435896873474 1199
1784276961746 0.2925381064414978 1200
1784276961755 0.4392726719379425 1201
1784276961767 0.21330153942108154 1202
1784276961778 0.1565169394016266 1203
1784276961789 0.20063035190105438 1204
1784276961799 0.46542495489120483 1205
1784276961810 0.5011641979217529 1206
1784276961821 0.3851074278354645 1207
1784276961834 0.1966404765844345 1208
1784276961846 0.48922276496887207 1209
1784276961856 0.33010604977607727 1210
1784276961866 0.17591534554958344 1211
1784276961877 0.31224361062049866 1212
1784276961887 0.5097566843032837 1213
1784276961898 0.19538231194019318 1214
1784276961909 0.22020138800144196 1215
1784276961919 0.3493281900882721 1216
1784276961931 0.17327240109443665 1217
1784276961941 0.34218764305114746 1218
1784276961951 0.3111100494861603 1219
1784276961962 0.20717164874076843 1220
1784276961972 0.5654705762863159 1221
1784276961982 0.43032053112983704 1222
1784276961993 0.2671450078487396 1223
1784276962003 0.4127117693424225 1224
1784276962014 0.14602023363113403 1225
1784276962025 0.2762674391269684 1226
1784276962035 0.11617467552423477 1227
1784276962045 0.4577641189098358 1228
1784276962056 0.656735360622406 1229
1784276962066 0.22349199652671814 1230
1784276962077 0.3145400881767273 1231
1784276962087 0.5236539244651794 1232
1784276962097 0.20967711508274078 1233
1784276962106 0.48442110419273376 1234
1784276962117 0.3729180097579956 1235
1784276962128 0.569884717464447 1236
1784276962139 0.6281895637512207 1237
1784276962149 0.4765112102031708 1238
1784276962160 0.6820336580276489 1239
1784276962171 0.47677963972091675 1240
1784276962182 0.0727195218205452 1241
1784276962193 0.4827309250831604 1242
1784276962203 0.5480078458786011 1243
1784276962213 0.3319857120513916 1244
1784276962223 0.213846355676651 1245
1784276962234 0.18376260995864868 1246
1784276962246 0.32030943036079407 1247
1784276962256 0.19819219410419464 1248
1784276962267 0.47627127170562744 1249
1784276962278 0.3034558892250061 1250
1784276962288 0.4279780387878418 1251
1784276962299 0.3020852208137512 1252
1784276962310 0.3188878893852234 1253
1784276962321 0.29394733905792236 1254
1784276962333 0.6338542103767395 1255
1784276962344 0.49833816289901733 1256
1784276962354 0.6788932085037231 1257
1784276962365 0.39119115471839905 1258
1784276962376 0.46193310618400574 1259
1784276962387 0.21700040996074677 1260
1784276962398 0.5439903736114502 1261
1784276962410 0.6797177791595459 1262
1784276962420 0.24562393128871918 1263
1784276962431 0.2657289206981659 1264
1784276962442 0.22341571748256683 1265
1784276962453 0.3347998559474945 1266
1784276962464 0.5106452703475952 1267
1784276962475 0.283681184053421 1268
1784276962485 0.1946084052324295 1269
1784276962496 0.14120185375213623 1270
1784276962506 0.1915251761674881 1271
1784276962517 0.39615967869758606 1272
1784276962528 0.23938366770744324 1273
1784276962538 0.3456519544124603 1274
1784276962549 0.3591521382331848 1275
1784276962560 0.6266745328903198 1276
1784276962571 0.2129160761833191 1277
1784276962582 0.45494702458381653 1278
1784276962592 0.2207828164100647 1279
1784276962602 0.25292080640792847 1280
1784276962613 0.4388918876647949 1281
1784276962624 0.36337366700172424 1282
1784276962636 0.3105013966560364 1283
1784276962649 0.6093061566352844 1284
1784276962661 0.16576622426509857 1285
1784276962671 0.14871203899383545 1286
1784276962682 0.3752099573612213 1287
1784276962692 0.2744632661342621 1288
1784276962702 0.43906790018081665 1289
1784276962713 0.12073785811662674 1290
1784276962724 0.3172532021999359 1291
1784276962735 0.27456578612327576 1292
1784276962745 0.28838229179382324 1293
1784276962755 0.14278466999530792 1294
1784276962766 0.3374822437763214 1295
1784276962777 0.23404380679130554 1296
1784276962788 0.27166426181793213 1297
1784276962798 0.1440252959728241 1298
1784276962809 0.23088452219963074 1299
1784276962819 0.2660529315471649 1300
1784276962830 0.27582746744155884 1301
1784276962842 0.1042914092540741 1302
1784276962851 0.1532333791255951 1303
1784276962862 0.4076712727546692 1304
1784276962872 0.37083372473716736 1305
1784276962882 0.29452580213546753 1306
1784276962892 0.4087139368057251 1307
1784276962905 0.6351136565208435 1308
1784276962915 0.5404155254364014 1309
1784276962926 0.2514452636241913 1310
1784276962935 0.34596189856529236 1311
1784276962946 0.37269094586372375 1312
1784276962957 0.4128749668598175 1313
1784276962968 0.5887995958328247 1314
1784276962979 0.2154572308063507 1315
1784276962989 0.23568439483642578 1316
1784276962999 0.2409372478723526 1317
1784276963010 0.17919385433197021 1318
1784276963019 0.14155213534832 1319
1784276963029 0.1495816856622696 1320
1784276963039 0.26970869302749634 1321
1784276963050 0.41644397377967834 1322
1784276963061 0.4781797528266907 1323
1784276963070 0.48795920610427856 1324
1784276963081 0.39615947008132935 1325
1784276963091 0.5349857807159424 1326
1784276963102 0.17510078847408295 1327
1784276963113 0.4266188442707062 1328
1784276963124 0.5568190217018127 1329
1784276963134 0.27615466713905334 1330
1784276963144 0.12493565678596497 1331
1784276963155 0.5497642755508423 1332
1784276963166 0.2080046385526657 1333
1784276963177 0.3860728144645691 1334
1784276963188 0.32432281970977783 1335
1784276963199 0.38496676087379456 1336
1784276963210 0.484878808259964 1337
1784276963221 0.4761108458042145 1338
1784276963231 0.2766677737236023 1339
1784276963243 0.26261237263679504 1340
1784276963254 0.5223116874694824 1341
1784276963264 0.29421260952949524 1342
1784276963275 0.4357911944389343 1343
1784276963285 0.2572293281555176 1344
1784276963296 0.33592307567596436 1345
1784276963307 0.6941792964935303 1346
1784276963317 0.2113642394542694 1347
1784276963327 0.3508489727973938 1348
1784276963337 0.15418678522109985 1349
1784276963348 0.4821121394634247 1350
1784276963359 0.09914398193359375 1351
1784276963369 0.38903704285621643 1352
1784276963380 0.3671593964099884 1353
1784276963390 0.48533493280410767 1354
1784276963402 0.4507265090942383 1355
1784276963414 0.3304590880870819 1356
1784276963424 0.1449715495109558 1357
1784276963434 0.26318129897117615 1358
1784276963445 0.1192668080329895 1359
1784276963455 0.42173904180526733 1360
1784276963465 0.3429498076438904 1361
1784276963475 0.537600040435791 1362
1784276963484 0.3672328293323517 1363
1784276963496 0.42003464698791504 1364
1784276963506 0.1468886435031891 1365
1784276963517 0.8652390837669373 1366
1784276963528 0.34365537762641907 1367
1784276963538 0.40460896492004395 1368
1784276963549 0.2142156958580017 1369
1784276963560 0.2502455711364746 1370
1784276963570 0.489015132188797 1371
1784276963581 0.38411805033683777 1372
1784276963592 0.20427827537059784 1373
1784276963602 0.47814682126045227 1374
1784276963615 0.2868865132331848 1375
1784276963627 0.33358800411224365 1376
1784276963637 0.37135228514671326 1377
1784276963649 0.3473523259162903 1378
1784276963660 0.42901208996772766 1379
1784276963670 0.19252589344978333 1380
1784276963681 0.4692062437534332 1381
1784276963692 0.29858115315437317 1382
1784276963701 0.6379533410072327 1383
1784276963712 0.17750217020511627 1384
1784276963721 0.22313503921031952 1385
1784276963731 0.13226136565208435 1386
1784276963742 0.8711221218109131 1387
1784276963752 0.1181846335530281 1388
1784276963763 0.37364327907562256 1389
1784276963773 0.30733489990234375 1390
1784276963783 0.4218464195728302 1391
1784276963793 0.8448299169540405 1392
1784276963803 0.2555202543735504 1393
1784276963814 0.4434339106082916 1394
1784276963826 0.5823978781700134 1395
1784276963838 0.2122810035943985 1396
1784276963852 0.10644496232271194 1397
1784276963864 0.41152945160865784 1398
1784276963877 0.29538607597351074 1399
1784276963887 0.3949657380580902 1400
1784276963898 0.9377614259719849 1401
1784276963909 0.33952879905700684 1402
1784276963919 0.0823930874466896 1403
1784276963930 0.2000855803489685 1404
1784276963940 0.41554197669029236 1405
1784276963950 0.22582323849201202 1406
1784276963962 0.2608812153339386 1407
1784276963972 0.8666632175445557 1408
1784276963983 0.29235610365867615 1409
1784276963995 0.25994378328323364 1410
1784276964005 0.26538702845573425 1411
1784276964016 0.23930099606513977 1412
1784276964027 0.22353030741214752 1413
1784276964036 0.25030890107154846 1414
1784276964048 0.1473037749528885 1415
1784276964059 0.28303101658821106 1416
1784276964069 0.2165757417678833 1417
1784276964081 0.16564612090587616 1418
1784276964090 0.5020231604576111 1419
1784276964101 0.21615472435951233 1420
1784276964112 0.13286875188350677 1421
1784276964122 0.34119418263435364 1422
1784276964133 0.38188159465789795 1423
1784276964144 0.2122088372707367 1424
1784276964153 0.23781192302703857 1425
1784276964165 0.49099382758140564 1426
1784276964176 0.5279437303543091 1427
1784276964186 0.6973662376403809 1428
1784276964196 0.26946040987968445 1429
1784276964206 0.26525235176086426 1430
1784276964216 0.23635625839233398 1431
1784276964227 0.4603252410888672 1432
1784276964237 0.7514311671257019 1433
1784276964249 0.23557323217391968 1434
1784276964260 0.35497188568115234 1435
1784276964269 0.3941541016101837 1436
1784276964280 0.33482909202575684 1437
1784276964290 0.42612895369529724 1438
1784276964300 0.44944456219673157 1439
1784276964311 0.29812294244766235 1440
1784276964323 0.19425903260707855 1441
1784276964333 0.18441180884838104 1442
1784276964344 0.30725759267807007 1443
1784276964354 0.3589470684528351 1444
1784276964364 0.21370767056941986 1445
1784276964374 0.23579959571361542 1446
1784276964384 0.3232226073741913 1447
1784276964394 0.5085223913192749 1448
1784276964405 0.5414138436317444 1449
1784276964416 0.34946388006210327 1450
1784276964426 0.21428196132183075 1451
1784276964439 0.36959463357925415 1452
1784276964450 0.3987616002559662 1453
1784276964461 0.4444392919540405 1454
1784276964470 0.08150353282690048 1455
1784276964480 0.17929838597774506 1456
1784276964491 0.5807687640190125 1457
1784276964500 0.1977136731147766 1458
1784276964511 0.37376129627227783 1459
1784276964520 0.4061832129955292 1460
1784276964531 0.6960906982421875 1461
1784276964542 0.21836154162883759 1462
1784276964552 0.25811684131622314 1463
1784276964567 0.40691646933555603 1464
1784276964577 0.5175227522850037 1465
1784276964588 0.3204849064350128 1466
1784276964597 0.5532325506210327 1467
1784276964607 0.41332924365997314 1468
1784276964618 0.3294842541217804 1469
1784276964629 0.7081315517425537 1470
1784276964640 0.6104575395584106 1471
1784276964650 0.22333844006061554 1472
1784276964662 0.1990765780210495 1473
1784276964674 0.31081247329711914 1474
1784276964684 0.17757269740104675 1475
1784276964695 1.139737844467163 1476
1784276964705 0.5362599492073059 1477
1784276964716 0.213442862033844 1478
1784276964727 0.36811956763267517 1479
1784276964736 0.20599958300590515 1480
1784276964748 0.31429052352905273 1481
1784276964759 0.9319310784339905 1482
1784276964769 0.5465558171272278 1483
1784276964781 0.22788016498088837 1484
1784276964792 0.3794845938682556 1485
1784276964801 0.24973076581954956 1486
1784276964811 0.09831372648477554 1487
1784276964821 0.6111876964569092 1488
1784276964831 0.36319831013679504 1489
1784276964841 0.603778064250946 1490
1784276964852 0.6742891073226929 1491
1784276964862 0.4184572100639343 1492
1784276964873 0.4463782012462616 1493
1784276964884 0.20376288890838623 1494
1784276964893 0.40983763337135315 1495
1784276964905 0.7672591209411621 1496
1784276964915 0.44359150528907776 1497
1784276964928 0.5358976125717163 1498
1784276964938 0.4867793619632721 1499
1784276964950 0.3111204206943512 1500
1784276964961 0.37705862522125244 1501
1784276964972 0.4671677052974701 1502
1784276964982 0.1389894038438797 1503
1784276964997 0.4240110516548157 1504
1784276965008 0.6618799567222595 1505
1784276965018 0.6016967296600342 1506
1784276965030 0.7786261439323425 1507
1784276965041 0.2657107710838318 1508
1784276965051 0.5076265335083008 1509
1784276965063 0.24849779903888702 1510
1784276965073 0.1395396739244461 1511
1784276965083 0.388569176197052 1512
1784276965092 0.18621908128261566 1513
1784276965102 0.289112389087677 1514
1784276965112 0.20971053838729858 1515
1784276965121 0.2489229440689087 1516
1784276965132 0.24492821097373962 1517
1784276965143 0.29173314571380615 1518
1784276965154 0.34524914622306824 1519
1784276965165 0.16784119606018066 1520
1784276965176 0.1403656005859375 1521
1784276965186 0.2799657881259918 1522
1784276965197 0.4354124367237091 1523
1784276965208 0.1737755686044693 1524
1784276965218 0.35708087682724 1525
1784276965229 0.23053544759750366 1526
1784276965240 0.49754634499549866 1527
1784276965250 0.5473559498786926 1528
1784276965262 0.3151587247848511 1529
1784276965271 0.2467929571866989 1530
1784276965282 0.34472131729125977 1531
1784276965292 0.3168061673641205 1532
1784276965302 0.25118011236190796 1533
1784276965312 0.4384457468986511 1534
1784276965321 0.582560122013092 1535
1784276965332 0.4645776152610779 1536
1784276965344 0.1895502507686615 1537
1784276965353 0.4641014635562897 1538
1784276965365 0.30650603771209717 1539
1784276965376 0.3070512115955353 1540
1784276965387 0.35617485642433167 1541
1784276965398 0.2602435350418091 1542
1784276965408 0.3428993225097656 1543
1784276965417 0.4858384132385254 1544
1784276965428 0.47678691148757935 1545
1784276965438 0.3859874904155731 1546
1784276965450 0.5895006060600281 1547
1784276965460 0.8043019771575928 1548
1784276965469 0.6477709412574768 1549
1784276965480 0.8213701844215393 1550
1784276965490 0.25380247831344604 1551
1784276965501 0.41062697768211365 1552
1784276965512 0.14463111758232117 1553
1784276965523 0.2934958040714264 1554
1784276965533 0.27146729826927185 1555
1784276965544 0.3415585458278656 1556
1784276965554 0.3491733968257904 1557
1784276965564 0.394936740398407 1558
1784276965575 0.37563034892082214 1559
1784276965585 0.5387371778488159 1560
1784276965595 0.4335806965827942 1561
1784276965605 0.33565813302993774 1562
1784276965616 0.37830302119255066 1563
1784276965627 0.45176446437835693 1564
1784276965637 0.2665752172470093 1565
1784276965648 0.6951251029968262 1566
1784276965660 0.6814240217208862 1567
1784276965670 0.18254150450229645 1568
1784276965680 0.17784422636032104 1569
1784276965692 0.28324970602989197 1570
1784276965702 0.522149384021759 1571
1784276965712 0.20055386424064636 1572
1784276965721 0.3737346827983856 1573
1784276965733 0.42799466848373413 1574
1784276965744 0.48724043369293213 1575
1784276965754 0.6366052031517029 1576
1784276965765 0.2832096517086029 1577
1784276965776 0.2587142884731293 1578
1784276965786 0.4421432614326477 1579
1784276965798 0.417092889547348 1580
1784276965808 0.3957340121269226 1581
1784276965818 0.5541703104972839 1582
1784276965829 0.5140605568885803 1583
1784276965841 0.44349151849746704 1584
1784276965852 0.3163209855556488 1585
1784276965864 0.32767072319984436 1586
1784276965875 0.3386080861091614 1587
1784276965885 0.34044763445854187 1588
1784276965896 0.17998364567756653 1589
1784276965905 0.24158033728599548 1590
1784276965916 0.2612561583518982 1591
1784276965926 0.13399529457092285 1592
1784276965936 0.5478106737136841 1593
1784276965947 0.3370746672153473 1594
1784276965958 0.3595661520957947 1595
1784276965969 0.14288562536239624 1596
1784276965979 0.27217769622802734 1597
1784276965991 0.4008611738681793 1598
1784276966001 0.4024885892868042 1599
1784276966012 0.6965214610099792 1600
1784276966023 0.18595591187477112 1601
1784276966035 0.3196408152580261 1602
1784276966047 0.5180588364601135 1603
1784276966060 0.22660203278064728 1604
1784276966071 0.11540260165929794 1605
1784276966083 0.35356348752975464 1606
1784276966095 0.32404592633247375 1607
1784276966107 0.3020055890083313 1608
1784276966118 0.3572443723678589 1609
1784276966129 0.25956714153289795 1610
1784276966139 0.13510361313819885 1611
1784276966151 0.3383776843547821 1612
1784276966161 0.1732914000749588 1613
1784276966172 0.18797937035560608 1614
1784276966184 0.22433902323246002 1615
1784276966250 0.2819419503211975 1616
1784276966273 0.2178497165441513 1617
1784276966283 0.45941609144210815 1618
1784276966294 0.3028627336025238 1619
1784276966304 0.1723317801952362 1620
1784276966315 0.23128490149974823 1621
1784276966327 0.2308533489704132 1622
1784276966337 0.3716983199119568 1623
1784276966348 0.2077006697654724 1624
1784276966359 0.24292407929897308 1625
1784276966370 0.12692099809646606 1626
1784276966382 0.40556612610816956 1627
1784276966392 0.13986824452877045 1628
1784276966403 0.3472205698490143 1629
1784276966414 0.28620287775993347 1630
1784276966425 0.2900370955467224 1631
1784276966436 0.24313396215438843 1632
1784276966448 0.17868481576442719 1633
1784276966459 0.3729385733604431 1634
1784276966469 0.2192947119474411 1635
1784276966480 0.4332387149333954 1636
1784276966490 0.7610600590705872 1637
1784276966500 0.2916017770767212 1638
1784276966510 0.1716153472661972 1639
1784276966521 0.5614911317825317 1640
1784276966532 0.7157877683639526 1641
1784276966543 0.33134743571281433 1642
1784276966553 0.192411407828331 1643
1784276966564 0.20631468296051025 1644
1784276966576 0.4992886781692505 1645
1784276966586 0.32720625400543213 1646
1784276966597 0.5470485091209412 1647
1784276966608 0.14873425662517548 1648
1784276966619 0.1159200370311737 1649
1784276966631 0.6784270405769348 1650
1784276966644 0.3023206293582916 1651
1784276966654 0.3041713237762451 1652
1784276966665 0.28983965516090393 1653
1784276966676 0.18203583359718323 1654
1784276966686 0.274657279253006 1655
1784276966698 0.32296767830848694 1656
1784276966708 0.7859709858894348 1657
1784276966718 0.41705358028411865 1658
1784276966729 0.5049256086349487 1659
1784276966740 0.3465808033943176 1660
1784276966751 0.7536618113517761 1661
1784276966762 0.35060402750968933 1662
1784276966772 0.2015526294708252 1663
1784276966783 0.5380927324295044 1664
1784276966793 0.20851163566112518 1665
1784276966804 0.45826956629753113 1666
1784276966814 0.19793424010276794 1667
1784276966824 0.23340898752212524 1668
1784276966835 0.2408321052789688 1669
1784276966845 0.5132226347923279 1670
1784276966857 0.6385350823402405 1671
1784276966867 0.4874199330806732 1672
1784276966877 0.2698635756969452 1673
1784276966887 0.33225542306900024 1674
1784276966899 0.5377943515777588 1675
1784276966910 0.37811070680618286 1676
1784276966921 0.15089794993400574 1677
1784276966932 0.3771796226501465 1678
1784276966943 0.2994323670864105 1679
1784276966952 0.8997734785079956 1680
1784276966962 0.20782995223999023 1681
1784276966973 0.16486452519893646 1682
1784276966985 0.19924922287464142 1683
1784276966995 0.11694759875535965 1684
1784276967004 0.11134851723909378 1685
1784276967016 0.7558975219726562 1686
1784276967027 0.576484203338623 1687
1784276967037 0.1741052269935608 1688
1784276967047 0.20154626667499542 1689
1784276967058 0.26693812012672424 1690
1784276967068 0.18275856971740723 1691
1784276967079 0.22080747783184052 1692
1784276967088 0.2518262267112732 1693
1784276967099 0.22641558945178986 1694
1784276967109 0.1562509387731552 1695
1784276967119 0.23489470779895782 1696
1784276967130 0.3090129494667053 1697
1784276967140 0.47257375717163086 1698
1784276967152 0.3524474501609802 1699
1784276967164 0.30031049251556396 1700
1784276967175 0.4541158676147461 1701
1784276967186 0.21896938979625702 1702
1784276967197 0.16388039290905 1703
1784276967209 0.6840994358062744 1704
1784276967219 0.4787277579307556 1705
1784276967230 0.344612717628479 1706
1784276967240 0.2517144978046417 1707
1784276967249 0.051302310079336166 1708
1784276967260 0.45756757259368896 1709
1784276967272 0.29994603991508484 1710
1784276967283 0.2012607902288437 1711
1784276967294 0.12148250639438629 1712
1784276967304 0.2021709829568863 1713
1784276967315 0.22145013511180878 1714
1784276967326 0.5109124779701233 1715
1784276967338 0.25265324115753174 1716
1784276967349 0.1914816051721573 1717
1784276967359 0.263312429189682 1718
1784276967370 0.5667358040809631 1719
1784276967380 0.3890237510204315 1720
1784276967391 0.3633933365345001 1721
1784276967401 0.7182838916778564 1722
1784276967412 0.31377628445625305 1723
1784276967423 0.5389810800552368 1724
1784276967435 0.3973339796066284 1725
1784276967446 0.24193298816680908 1726
1784276967456 0.2930309772491455 1727
1784276967466 0.2505761981010437 1728
1784276967477 0.38753360509872437 1729
1784276967488 0.4649406969547272 1730
1784276967498 0.4406360387802124 1731
1784276967510 0.2664184272289276 1732
1784276967520 0.18099144101142883 1733
1784276967530 0.6185551285743713 1734
1784276967542 0.22343671321868896 1735
1784276967552 0.252803772687912 1736
1784276967563 0.3649361729621887 1737
1784276967574 0.6253453493118286 1738
1784276967584 0.6249945163726807 1739
1784276967595 0.29651138186454773 1740
1784276967604 0.31236347556114197 1741
1784276967615 0.39128246903419495 1742
1784276967626 0.2807268500328064 1743
1784276967638 0.14954668283462524 1744
1784276967649 0.18467245995998383 1745
1784276967661 0.2523394227027893 1746
1784276967671 0.34313905239105225 1747
1784276967682 0.26466700434684753 1748
1784276967692 0.25919875502586365 1749
1784276967702 0.5478065013885498 1750
1784276967712 0.3448524475097656 1751
1784276967723 0.5691786408424377 1752
1784276967734 0.26770126819610596 1753
1784276967745 0.3803183138370514 1754
1784276967755 0.11045995354652405 1755
1784276967767 0.2575148642063141 1756
1784276967778 0.5223007798194885 1757
1784276967787 0.3634871244430542 1758
1784276967798 0.26084598898887634 1759
1784276967809 0.3672533333301544 1760
1784276967818 0.18340682983398438 1761
1784276967829 0.27957871556282043 1762
1784276967839 0.44359150528907776 1763
1784276967850 0.5596030950546265 1764
1784276967864 0.2078881710767746 1765
1784276967875 0.3948400020599365 1766
1784276967886 0.17610813677310944 1767
1784276967897 0.4334762394428253 1768
1784276967909 0.2531202733516693 1769
1784276967919 0.47352272272109985 1770
1784276967930 0.2742169201374054 1771
1784276967941 0.46312522888183594 1772
1784276967951 0.19150114059448242 1773
1784276967962 0.21266961097717285 1774
1784276967971 0.1838698834180832 1775
1784276967983 0.28757357597351074 1776
1784276967993 0.11929056793451309 1777
1784276968003 0.2602063715457916 1778
1784276968014 0.6028104424476624 1779
1784276968024 0.13525933027267456 1780
1784276968034 0.27570196986198425 1781
1784276968045 0.31592604517936707 1782
1784276968055 0.45411092042922974 1783
1784276968066 0.2643358111381531 1784
1784276968077 0.23440299928188324 1785
1784276968087 0.33288463950157166 1786
1784276968098 0.43193548917770386 1787
1784276968109 0.2197137027978897 1788
1784276968119 0.1908784657716751 1789
1784276968130 0.48480361700057983 1790
1784276968140 0.22914141416549683 1791
1784276968150 0.5559408664703369 1792
1784276968161 0.3653492033481598 1793
1784276968170 0.27061647176742554 1794
1784276968181 0.33997687697410583 1795
1784276968192 0.6329801082611084 1796
1784276968202 0.5825213193893433 1797
1784276968212 0.47818806767463684 1798
1784276968223 0.21567562222480774 1799
1784276968233 0.21687057614326477 1800
1784276968243 0.5606299042701721 1801
1784276968253 0.2894698679447174 1802
1784276968265 0.35932010412216187 1803
1784276968277 0.2729615867137909 1804
1784276968289 0.7276144623756409 1805
1784276968301 1.087000846862793 1806
1784276968312 0.20497223734855652 1807
1784276968325 0.30871129035949707 1808
1784276968338 0.30901339650154114 1809
1784276968351 0.1748756468296051 1810
1784276968363 0.4599243998527527 1811
1784276968375 0.21103030443191528 1812
1784276968385 0.22739426791667938 1813
1784276968396 0.45888447761535645 1814
1784276968406 0.5461260080337524 1815
1784276968416 0.14687059819698334 1816
1784276968426 0.3298146426677704 1817
1784276968436 0.4473796486854553 1818
1784276968448 0.2318940907716751 1819
1784276968460 0.2455584555864334 1820
1784276968470 0.4122047424316406 1821
1784276968482 0.826277494430542 1822
1784276968492 0.44709300994873047 1823
1784276968502 0.4879606366157532 1824
1784276968512 0.1761590540409088 1825
1784276968523 0.30496886372566223 1826
1784276968533 0.390035480260849 1827
1784276968544 0.1917628049850464 1828
1784276968554 0.311323881149292 1829
1784276968565 0.3142545223236084 1830
1784276968575 0.30285757780075073 1831
1784276968585 0.633036196231842 1832
1784276968595 0.2669095993041992 1833
1784276968605 0.2563000023365021 1834
1784276968616 0.2823866605758667 1835
1784276968627 0.2232736498117447 1836
1784276968637 0.34657901525497437 1837
1784276968648 0.6305608749389648 1838
1784276968659 1.1774471998214722 1839
1784276968670 0.3727984130382538 1840
1784276968679 0.5042245984077454 1841
1784276968690 0.330546498298645 1842
1784276968702 0.31303638219833374 1843
1784276968713 0.3256443440914154 1844
1784276968724 0.17010825872421265 1845
1784276968735 0.353371262550354 1846
1784276968746 0.5208263993263245 1847
1784276968757 0.45795032382011414 1848
1784276968767 0.3590730130672455 1849
1784276968778 0.18485482037067413 1850
1784276968789 0.2886725962162018 1851
1784276968799 0.5203054547309875 1852
1784276968810 0.4235787093639374 1853
1784276968820 0.6248506903648376 1854
1784276968831 0.2975005805492401 1855
1784276968843 0.2650865912437439 1856
1784276968853 0.37656983733177185 1857
1784276968863 0.34427180886268616 1858
1784276968875 0.3682587146759033 1859
1784276968885 0.2323073297739029 1860
1784276968894 0.23185676336288452 1861
1784276968906 0.2687220275402069 1862
1784276968916 0.125022292137146 1863
1784276968927 0.5438594222068787 1864
1784276968937 0.44703051447868347 1865
1784276968948 0.14874060451984406 1866
1784276968959 0.4384409785270691 1867
1784276968970 0.17649368941783905 1868
1784276968980 0.29043683409690857 1869
1784276968991 0.22349168360233307 1870
1784276969001 0.3253951668739319 1871
1784276969013 0.5844027996063232 1872
1784276969023 0.45597702264785767 1873
1784276969033 0.4024016857147217 1874
1784276970006 0.19782884418964386 1875
1784276970017 0.585465669631958 1876
1784276970031 0.5285483598709106 1877
1784276970043 0.24953149259090424 1878
1784276970060 0.24198894202709198 1879
1784276970071 0.4356885552406311 1880
1784276970084 0.2175036519765854 1881
1784276970095 0.7622898817062378 1882
1784276970110 0.1985519826412201 1883
1784276970122 0.6080523729324341 1884
1784276970133 0.3179190754890442 1885
1784276970144 0.4918339252471924 1886
1784276970154 0.2493489384651184 1887
1784276970164 0.6940690875053406 1888
1784276970174 0.2788078784942627 1889
1784276970183 0.4693438410758972 1890
1784276970195 0.2569989562034607 1891
1784276970208 0.7538742423057556 1892
1784276970220 0.6995764374732971 1893
1784276970233 0.3330059349536896 1894
1784276970245 0.44131040573120117 1895
1784276970257 0.3415736258029938 1896
1784276970266 0.8588220477104187 1897
1784276970278 0.36897003650665283 1898
1784276970288 0.23102599382400513 1899
1784276970298 0.3738621175289154 1900
1784276970308 0.28302809596061707 1901
1784276970319 0.19191999733448029 1902
1784276970332 0.21580280363559723 1903
1784276970344 0.6931737065315247 1904
1784276970354 0.19781439006328583 1905
1784276970364 0.3988223671913147 1906
1784276970376 0.4433479309082031 1907
1784276970387 0.4791267514228821 1908
1784276970398 0.4030681252479553 1909
1784276970408 0.3321011960506439 1910
1784276970418 0.31552809476852417 1911
1784276970428 0.19632555544376373 1912
1784276970439 0.1777103841304779 1913
1784276970450 0.3832283914089203 1914
1784276970460 0.7591169476509094 1915
1784276970469 0.44597136974334717 1916
1784276970480 0.3230617642402649 1917
1784276970491 0.11222442984580994 1918
1784276970503 0.703246533870697 1919
1784276970517 0.36466139554977417 1920
1784276970530 0.39998650550842285 1921
1784276970543 0.32445234060287476 1922
1784276970557 0.6059423685073853 1923
1784276970569 0.28098630905151367 1924
1784276970580 0.09051118791103363 1925
1784276970592 0.1677606701850891 1926
1784276970603 0.5287370681762695 1927
1784276970616 0.13943997025489807 1928
1784276970626 0.25440263748168945 1929
1784276970638 0.45455244183540344 1930
1784276970650 0.08137799054384232 1931
1784276970663 0.22400547564029694 1932
1784276970676 0.4623833894729614 1933
1784276970689 0.29895028471946716 1934
1784276970703 0.29833275079727173 1935
1784276970715 0.2318515032529831 1936
1784276970728 0.12382608652114868 1937
1784276970740 0.8030734658241272 1938
1784276970752 0.23266442120075226 1939
1784276970764 0.2631344497203827 1940
1784276970776 0.2687137722969055 1941
1784276970788 0.526789128780365 1942
1784276970798 0.17992158234119415 1943
1784276970808 0.5559410452842712 1944
1784276970820 0.5749679207801819 1945
1784276970833 0.3832123279571533 1946
1784276970845 0.5190410017967224 1947
1784276970856 0.3051813542842865 1948
1784276970867 0.1465693861246109 1949
1784276970880 0.15600602328777313 1950
1784276970892 0.3000313341617584 1951
1784276970903 0.2623135447502136 1952
1784276970914 0.11424509435892105 1953
1784276970927 0.1331557333469391 1954
1784276970939 0.03938600793480873 1955
1784276970949 0.3935055732727051 1956
1784276970961 0.24118222296237946 1957
1784276970973 0.2805256247520447 1958
1784276970984 0.29821228981018066 1959
1784276970994 0.625268816947937 1960
1784276971004 0.5574423670768738 1961
1784276971016 0.652529239654541 1962
1784276971027 0.25525394082069397 1963
1784276971039 0.8993848562240601 1964
1784276971050 0.3507385551929474 1965
1784276971063 0.2070656567811966 1966
1784276971076 0.5265231132507324 1967
1784276971088 0.4880167543888092 1968
1784276971100 0.20141850411891937 1969
1784276971111 0.23581653833389282 1970
1784276971124 0.3480978310108185 1971
1784276971135 0.42329317331314087 1972
1784276971147 0.4393962025642395 1973
1784276971159 0.15409494936466217 1974
1784276971170 0.3108283579349518 1975
1784276971182 0.2110643833875656 1976
1784276971194 0.7688226699829102 1977
1784276971206 0.32271480560302734 1978
1784276971215 0.24663253128528595 1979
1784276971225 0.11794198304414749 1980
1784276971234 0.16361212730407715 1981
1784276971245 0.1715293824672699 1982
1784276971256 0.3727189004421234 1983
1784276971267 0.28394606709480286 1984
1784276971280 0.25063979625701904 1985
1784276971292 0.3944927155971527 1986
1784276971304 0.40328893065452576 1987
1784276971317 0.26076576113700867 1988
1784276971329 0.2826034128665924 1989
1784276971342 0.40962129831314087 1990
1784276971353 0.2870689332485199 1991
1784276971365 0.19534531235694885 1992
1784276971378 0.25792205333709717 1993
1784276971390 0.39516276121139526 1994
1784276971402 0.3455699384212494 1995
1784276971414 0.1691511869430542 1996
1784276971428 0.1351083219051361 1997
1784276971440 0.4232139587402344 1998
1784276971450 0.37639734148979187 1999
1784276971461 0.3142586052417755 2000
1784276971472 0.547007143497467 2001
1784276971483 0.2878645658493042 2002
1784276971495 0.31604400277137756 2003
1784276971507 0.14959219098091125 2004
1784276971519 0.24071824550628662 2005
1784276971535 0.09791413694620132 2006
1784276971547 0.21662676334381104 2007
1784276971559 0.11417147517204285 2008
1784276971570 0.2044724076986313 2009
1784276971583 0.4318694770336151 2010
1784276971595 0.2763175368309021 2011
1784276971606 0.17304588854312897 2012
1784276971617 0.32341641187667847 2013
1784276971628 0.5719749927520752 2014
1784276971641 0.5597521662712097 2015
1784276971652 0.6158841848373413 2016
1784276971663 0.42415758967399597 2017
1784276971673 0.5473957657814026 2018
1784276971684 0.37685874104499817 2019
1784276971695 0.37659507989883423 2020
1784276971707 0.23847080767154694 2021
1784276971719 0.4568810760974884 2022
1784276971730 0.21539896726608276 2023
1784276971740 0.282413512468338 2024
1784276971752 0.261743426322937 2025
1784276971763 0.37160634994506836 2026
1784276971776 0.1429879367351532 2027
1784276971788 0.17013780772686005 2028
1784276971800 0.40654802322387695 2029
1784276971811 0.19217845797538757 2030
1784276971820 0.532275378704071 2031
1784276971833 0.26795536279678345 2032
1784276971845 0.1023535430431366 2033
1784276971858 0.4899292588233948 2034
1784276971870 0.25097301602363586 2035
1784276971881 0.4808289706707001 2036
1784276971892 0.4591428339481354 2037
1784276971920 0.1698245108127594 2038
1784276971931 0.421017050743103 2039
1784276971943 0.26315170526504517 2040
1784276971954 0.15972033143043518 2041
1784276971966 0.20887137949466705 2042
1784276971984 0.12277514487504959 2043
1784276971997 0.16355222463607788 2044
1784276972008 0.5097382068634033 2045
1784276972020 0.31973695755004883 2046
1784276972032 0.387236624956131 2047
1784276972044 0.3773881196975708 2048
1784276972056 0.5801233053207397 2049
1784276972065 0.7546180486679077 2050
1784276972076 0.38889461755752563 2051
1784276972090 0.34479600191116333 2052
1784276972099 0.1652432084083557 2053
1784276972113 0.46473199129104614 2054
1784276972123 0.15635575354099274 2055
1784276972134 0.30857810378074646 2056
1784276972146 0.13902068138122559 2057
1784276972158 0.3125097453594208 2058
1784276972172 0.15229026973247528 2059
1784276972184 0.13838869333267212 2060
1784276972196 0.18267424404621124 2061
1784276972205 0.45882874727249146 2062
1784276972216 0.31323546171188354 2063
1784276972228 0.3270496129989624 2064
1784276972240 0.293237566947937 2065
1784276972252 0.4246993064880371 2066
1784276972264 0.12045441567897797 2067
1784276972276 0.6186477541923523 2068
1784276972288 0.3120533227920532 2069
1784276972300 0.2113715559244156 2070
1784276972312 0.20610734820365906 2071
1784276972324 0.3703468143939972 2072
1784276972336 0.3954803943634033 2073
1784276972348 0.20806805789470673 2074
1784276972361 0.17914660274982452 2075
1784276972373 0.5347371101379395 2076
1784276972385 0.23580795526504517 2077
1784276972397 0.4878130555152893 2078
1784276972409 0.1787690967321396 2079
1784276972422 0.2590612769126892 2080
1784276972432 0.46661749482154846 2081
1784276972445 0.2779080271720886 2082
1784276972457 0.16981245577335358 2083
1784276972470 0.235737144947052 2084
1784276972481 0.07604484260082245 2085
1784276972493 0.1270703822374344 2086
1784276972506 0.6179208159446716 2087
1784276972517 0.23922644555568695 2088
1784276972531 0.6715098023414612 2089
1784276972543 0.4594201445579529 2090
1784276972556 0.3375898599624634 2091
1784276972568 0.20527103543281555 2092
1784276972580 0.18660765886306763 2093
1784276972591 0.3434451222419739 2094
1784276972602 0.40045520663261414 2095
1784276972614 0.18055273592472076 2096
1784276972625 0.2414930909872055 2097
1784276972634 0.28852105140686035 2098
1784276972645 0.3290287256240845 2099
1784276972656 0.42506635189056396 2100
1784276972668 0.10622423142194748 2101
1784276972680 0.6196994781494141 2102
1784276972692 0.2299683541059494 2103
1784276972705 0.4824884831905365 2104
1784276972718 0.2648167610168457 2105
1784276972731 0.3872673213481903 2106
1784276972745 0.36394134163856506 2107
1784276972757 0.3840464949607849 2108
1784276972769 0.2818949818611145 2109
1784276972781 0.08819929510354996 2110
1784276972794 0.23564931750297546 2111
1784276972808 0.2221750169992447 2112
1784276972819 0.4653123617172241 2113
1784276972829 0.3755894601345062 2114
1784276972841 0.4011918902397156 2115
1784276972853 0.3250572085380554 2116
1784276972865 0.529766321182251 2117
1784276972875 0.29512619972229004 2118
1784276972886 0.3026703894138336 2119
1784276972897 0.40553098917007446 2120
1784276972909 0.595373272895813 2121
1784276972921 0.3461091220378876 2122
1784276972932 0.6606472134590149 2123
1784276972944 0.29093387722969055 2124
1784276972956 0.21989768743515015 2125
1784276972965 0.34798139333724976 2126
1784276972976 0.33325278759002686 2127
1784276972987 0.5001810789108276 2128
1784276972999 0.7072516083717346 2129
1784276973010 0.2227163165807724 2130
1784276973020 0.15529406070709229 2131
1784276973032 0.3450051546096802 2132
1784276973045 0.2530378997325897 2133
1784276973056 0.2878565788269043 2134
1784276973067 0.173141211271286 2135
1784276973078 0.36337804794311523 2136
1784276973088 0.24983258545398712 2137
1784276973099 0.6977523565292358 2138
1784276973111 0.38172075152397156 2139
1784276973122 0.18949897587299347 2140
1784276973131 0.24804441630840302 2141
1784276973142 0.15360607206821442 2142
1784276973151 0.3085687458515167 2143
1784276973163 0.39933109283447266 2144
1784276973175 0.28647714853286743 2145
1784276973186 0.5060003995895386 2146
1784276973197 1.1801897287368774 2147
1784276973208 0.15971684455871582 2148
1784276973219 0.3915649950504303 2149
1784276973231 0.41337668895721436 2150
1784276973243 0.17553097009658813 2151
1784276973255 0.11157360672950745 2152
1784276973265 0.3603701889514923 2153
1784276973275 0.39575687050819397 2154
1784276973285 0.8967868685722351 2155
1784276973298 0.6923307776451111 2156
1784276973309 0.23191319406032562 2157
1784276973321 0.24870671331882477 2158
1784276973331 0.8267240524291992 2159
1784276973343 0.2726181149482727 2160
1784276973354 0.12342651188373566 2161
1784276973366 0.17778922617435455 2162
1784276973379 0.3122704029083252 2163
1784276973390 0.27414995431900024 2164
1784276973400 0.10834018886089325 2165
1784276973413 0.5135279893875122 2166
1784276973425 0.220158189535141 2167
1784276973436 0.4088433086872101 2168
1784276973448 0.3743164837360382 2169
1784276973460 0.4123014807701111 2170
1784276973472 0.345467209815979 2171
1784276973481 0.505946934223175 2172
1784276973493 0.30833595991134644 2173
1784276973503 0.22562387585639954 2174
1784276973515 0.31329208612442017 2175
1784276973526 0.2660859525203705 2176
1784276973538 0.14087297022342682 2177
1784276973548 0.4190337657928467 2178
1784276973559 0.5028731226921082 2179
1784276973568 0.09125703573226929 2180
1784276973580 0.20531219244003296 2181
1784276973591 0.22490616142749786 2182
1784276973603 0.6587159037590027 2183
1784276973614 0.22833332419395447 2184
1784276973626 0.18334431946277618 2185
1784276973636 0.3711603581905365 2186
1784276973648 0.6235992312431335 2187
1784276973660 0.15700280666351318 2188
1784276973671 0.12402211874723434 2189
1784276973683 0.30755415558815 2190
1784276973693 0.1532430201768875 2191
1784276973704 0.5786396265029907 2192
1784276973715 0.0908702090382576 2193
1784276973727 0.2856963574886322 2194
1784276973739 0.32426708936691284 2195
1784276973749 0.4899115264415741 2196
1784276973762 0.24641065299510956 2197
1784276973775 0.5379946827888489 2198
1784276973786 0.20477457344532013 2199
1784276973797 0.33326178789138794 2200
1784276973809 0.5836904644966125 2201
1784276973821 0.5894275903701782 2202
1784276973832 0.45057442784309387 2203
1784276973844 0.5826033353805542 2204
1784276973856 0.27852559089660645 2205
1784276973867 0.619304358959198 2206
1784276973878 0.16315887868404388 2207
1784276973891 0.23244315385818481 2208
1784276973901 0.42949220538139343 2209
1784276973912 0.211642786860466 2210
1784276973923 0.3024197518825531 2211
1784276973933 0.22964058816432953 2212
1784276973946 0.5875255465507507 2213
1784276973957 0.23186220228672028 2214
1784276973968 0.22956417500972748 2215
1784276973979 0.3224644064903259 2216
1784276973990 0.27425679564476013 2217
1784276973999 0.6007464528083801 2218
1784276974009 0.2957400679588318 2219
1784276974020 0.31339606642723083 2220
1784276974031 0.5870912671089172 2221
1784276974043 0.10485374927520752 2222
1784276974052 0.2752419114112854 2223
1784276974064 0.32002198696136475 2224
1784276974076 0.30295705795288086 2225
1784276974086 0.3527463972568512 2226
1784276974098 0.31983399391174316 2227
1784276974110 0.8306750059127808 2228
1784276974121 0.6124421954154968 2229
1784276974132 0.14820314943790436 2230
1784276974144 0.44672247767448425 2231
1784276974153 0.47678864002227783 2232
1784276974166 0.4483272135257721 2233
1784276974176 0.21889865398406982 2234
1784276974186 0.3011326789855957 2235
1784276974197 0.2880858778953552 2236
1784276974208 0.40390387177467346 2237
1784276974219 0.49313998222351074 2238
1784276974232 0.19431409239768982 2239
1784276974245 0.11859701573848724 2240
1784276974257 0.06080896407365799 2241
1784276974268 0.13159944117069244 2242
1784276974279 0.2320980429649353 2243
1784276974290 0.0995757132768631 2244
1784276974302 0.4236053228378296 2245
1784276974314 0.19265298545360565 2246
1784276974325 0.44094958901405334 2247
1784276974336 0.13184525072574615 2248
1784276974347 0.15334954857826233 2249
1784276974360 0.19600342214107513 2250
1784276974369 0.2433357536792755 2251
1784276974382 0.18398503959178925 2252
1784276974393 0.26036402583122253 2253
1784276974404 0.6699089407920837 2254
1784276974416 0.39006301760673523 2255
1784276974427 0.4573609232902527 2256
1784276974439 0.6889690160751343 2257
1784276974450 0.15272042155265808 2258
1784276974461 0.2664202153682709 2259
1784276974477 0.7322503924369812 2260
1784276974487 0.13313603401184082 2261
1784276974497 0.16940993070602417 2262
1784276974508 0.3323352634906769 2263
1784276974519 0.3373723328113556 2264
1784276974531 0.5716078877449036 2265
1784276974544 0.37785860896110535 2266
1784276974556 0.33482691645622253 2267
1784276974566 0.12924866378307343 2268
1784276974578 0.2836994528770447 2269
1784276974589 0.3794868588447571 2270
1784276974600 0.14335080981254578 2271
1784276974612 0.4958064556121826 2272
1784276974623 0.3340180218219757 2273
1784276974633 0.21965691447257996 2274
1784276974645 0.3483385145664215 2275
1784276974657 0.3868333399295807 2276
1784276974668 0.31761062145233154 2277
1784276974680 0.4163675010204315 2278
1784276974692 0.33341190218925476 2279
1784276974701 0.302381306886673 2280
1784276974713 0.35561490058898926 2281
1784276974724 0.5470352172851562 2282
1784276974735 0.2972647249698639 2283
1784276974748 0.13969503343105316 2284
1784276974759 0.20751479268074036 2285
1784276974770 0.38607728481292725 2286
1784276974782 0.2670576572418213 2287
1784276974793 0.3257715702056885 2288
1784276974803 0.3552602529525757 2289
1784276974814 0.3524989187717438 2290
1784276974831 0.15951508283615112 2291
1784276974843 0.3599601089954376 2292
1784276974855 0.31250980496406555 2293
1784276974867 0.1199163869023323 2294
1784276974877 0.4904935657978058 2295
1784276974889 0.21365945041179657 2296
1784276974900 0.6372142434120178 2297
1784276974913 0.1428445279598236 2298
1784276974924 0.5131666660308838 2299
1784276974938 0.34973710775375366 2300
1784276974952 0.14426037669181824 2301
1784276974966 0.391816109418869 2302
1784276974980 0.18517015874385834 2303
1784276974992 0.14078804850578308 2304
1784276975003 0.10895442962646484 2305
1784276975017 0.36139726638793945 2306
1784276975030 0.41141125559806824 2307
1784276975042 0.46946051716804504 2308
1784276975054 0.05899179354310036 2309
1784276975069 0.27761709690093994 2310
1784276975082 0.3162465989589691 2311
1784276975093 0.18644821643829346 2312
1784276975105 0.37277349829673767 2313
1784276975117 0.5694902539253235 2314
1784276975128 0.24903865158557892 2315
1784276975138 0.49363967776298523 2316
1784276975149 0.2837834358215332 2317
1784276975161 0.24213217198848724 2318
1784276975174 0.3022793233394623 2319
1784276975186 0.5546683669090271 2320
1784276975197 0.2689512073993683 2321
1784276975209 0.7133292555809021 2322
1784276975220 0.4345776438713074 2323
1784276975232 0.5562088489532471 2324
1784276975243 0.3157721161842346 2325
1784276975253 0.7049379944801331 2326
1784276975265 0.2592852711677551 2327
1784276975276 0.12688539922237396 2328
1784276975285 0.3654167056083679 2329
1784276975297 0.4627709984779358 2330
1784276975309 0.26117008924484253 2331
1784276975319 0.12050402909517288 2332
1784276975331 0.3590320944786072 2333
1784276975342 0.09177962690591812 2334
1784276975353 0.11647379398345947 2335
1784276975365 0.18115893006324768 2336
1784276975376 0.18436835706233978 2337
1784276975387 0.32359808683395386 2338
1784276975399 0.4135892987251282 2339
1784276975411 0.37782368063926697 2340
1784276975423 0.22761809825897217 2341
1784276975434 0.14870494604110718 2342
1784276975445 0.44207724928855896 2343
1784276975457 0.2619926929473877 2344
1784276975468 0.20091353356838226 2345
1784276975478 0.17452766001224518 2346
1784276975487 0.382185697555542 2347
1784276975497 0.37595975399017334 2348
1784276975509 0.3274243175983429 2349
1784276975520 0.365960031747818 2350
1784276975531 0.33259066939353943 2351
1784276975542 0.20924608409404755 2352
1784276975553 0.24570155143737793 2353
1784276975565 0.3216337561607361 2354
1784276975576 0.1939159780740738 2355
1784276975588 0.23155838251113892 2356
1784276975599 0.1277012676000595 2357
1784276975610 0.5693114995956421 2358
1784276975620 0.4142821729183197 2359
1784276975632 0.28063830733299255 2360
1784276975643 0.2389761507511139 2361
1784276975654 0.2622397243976593 2362
1784276975665 0.30336710810661316 2363
1784276975676 0.1600792109966278 2364
1784276975687 0.39818665385246277 2365
1784276975697 0.5195148587226868 2366
1784276975708 0.4881925582885742 2367
1784276975718 0.3230730891227722 2368
1784276975730 0.4190096855163574 2369
1784276975740 0.6922622323036194 2370
1784276975751 0.5285164713859558 2371
1784276975763 0.0851721465587616 2372
1784276975775 0.1727689802646637 2373
1784276975786 0.2586812376976013 2374
1784276975798 0.22339238226413727 2375
1784276975809 0.5036693215370178 2376
1784276975819 0.37505006790161133 2377
1784276975831 0.20878520607948303 2378
1784276975842 0.24186034500598907 2379
1784276975853 0.276597797870636 2380
1784276975863 0.3208843469619751 2381
1784276975874 0.19555726647377014 2382
1784276975884 0.2344990074634552 2383
1784276975896 0.40135636925697327 2384
1784276975907 0.3215096890926361 2385
1784276975917 0.19172249734401703 2386
1784276975928 0.32656651735305786 2387
1784276975940 0.37583041191101074 2388
1784276975952 0.2070637345314026 2389
1784276975963 0.23594167828559875 2390
1784276975974 0.2828403413295746 2391
1784276975985 0.275955468416214 2392
1784276975996 0.16925369203090668 2393
1784276976007 0.28270602226257324 2394
1784276976019 0.09526289999485016 2395
1784276976032 0.2845063805580139 2396
1784276976043 0.23339848220348358 2397
1784276976055 0.8887140154838562 2398
1784276976064 0.31971311569213867 2399
1784276976075 0.4031928479671478 2400
1784276976086 0.4407625198364258 2401
1784276976098 0.8249214887619019 2402
1784276976110 0.3302105665206909 2403
1784276976122 0.4965243637561798 2404
1784276976133 0.536028265953064 2405
1784276976145 0.1800813525915146 2406
1784276976157 0.5836464762687683 2407
1784276976169 0.6901129484176636 2408
1784276976179 0.35993313789367676 2409
1784276976190 0.22361131012439728 2410
1784276976200 0.37547773122787476 2411
1784276976210 0.38510042428970337 2412
1784276976219 0.3856775462627411 2413
1784276976230 0.38392049074172974 2414
1784276976245 0.18124499917030334 2415
1784276976259 0.2830985188484192 2416
1784276976268 0.11025411635637283 2417
1784276976279 0.26062867045402527 2418
1784276976290 0.21422505378723145 2419
1784276976302 0.3065166175365448 2420
1784276976315 0.43489986658096313 2421
1784276976327 0.26761168241500854 2422
1784276976340 0.2909788191318512 2423
1784276976352 0.1335059106349945 2424
1784276976366 0.5341231226921082 2425
1784276976381 0.5897115468978882 2426
1784276976393 0.31572526693344116 2427
1784276976405 0.3185964524745941 2428
1784276976418 0.10032738745212555 2429
1784276976431 0.6436144113540649 2430
1784276976442 0.1941775381565094 2431
1784276976451 0.3315567076206207 2432
1784276976464 0.1338399350643158 2433
1784276976476 0.12948128581047058 2434
1784276976487 0.3747212588787079 2435
1784276976499 0.13335704803466797 2436
1784276976511 0.07789618521928787 2437
1784276976523 0.21759480237960815 2438
1784276976535 0.4919080138206482 2439
1784276976547 0.16903233528137207 2440
1784276976559 0.3349025249481201 2441
1784276976570 0.5037333369255066 2442
1784276976582 0.3070791959762573 2443
1784276976592 0.4028466045856476 2444
1784276976601 0.28677088022232056 2445
1784276976611 0.266324907541275 2446
1784276976623 0.3013286292552948 2447
1784276976634 0.24066436290740967 2448
1784276976644 0.3074242174625397 2449
1784276976656 0.14198783040046692 2450
1784276976667 0.5193474292755127 2451
1784276976679 0.33725935220718384 2452
1784276976690 0.2194267213344574 2453
1784276976701 0.3964511454105377 2454
1784276976712 0.4418318271636963 2455
1784276976724 0.4034762382507324 2456
1784276976735 0.19318132102489471 2457
1784276976745 0.45848220586776733 2458
1784276976756 0.5234276652336121 2459
1784276976766 0.6164698004722595 2460
1784276976778 0.20115387439727783 2461
1784276976788 0.21832150220870972 2462
1784276976797 0.528662919998169 2463
1784276976807 0.35977792739868164 2464
1784276976816 0.3529788851737976 2465
1784276976829 0.4990198612213135 2466
1784276976839 0.20294475555419922 2467
1784276976852 0.23707927763462067 2468
1784276976863 0.1051783487200737 2469
1784276976876 0.37738099694252014 2470
1784276976888 0.8528181314468384 2471
1784276976898 0.1708342581987381 2472
1784276976910 0.10068483650684357 2473
1784276976922 0.25022265315055847 2474
1784276976933 0.23085692524909973 2475
1784276976944 0.31830456852912903 2476
1784276976959 0.14975842833518982 2477
1784276976972 0.33511099219322205 2478
1784276976984 0.2905179560184479 2479
1784276976995 0.5041561722755432 2480
1784276977004 0.2568618357181549 2481
1784276977016 0.6389511227607727 2482
1784276977029 0.5455927848815918 2483
1784276977041 0.25985804200172424 2484
1784276977052 0.4301627278327942 2485
1784276977064 0.19472697377204895 2486
1784276977075 0.13707414269447327 2487
1784276977087 0.33737266063690186 2488
1784276977098 0.2723061442375183 2489
1784276977109 0.40257129073143005 2490
1784276977118 0.26182007789611816 2491
1784276977128 0.28858599066734314 2492
1784276977139 0.3656424582004547 2493
1784276977150 0.4624967575073242 2494
1784276977164 0.2229154407978058 2495
1784276977177 0.13743610680103302 2496
1784276977191 0.21888811886310577 2497
1784276977202 0.36691224575042725 2498
1784276977214 0.3961088955402374 2499
1784276977227 0.2642766535282135 2500
1784276977241 0.37950897216796875 2501
1784276977251 0.20231764018535614 2502
1784276977263 0.2377239316701889 2503
1784276977275 0.09033437818288803 2504
1784276977287 0.26900625228881836 2505
1784276977299 0.4103408455848694 2506
1784276977310 0.2550966739654541 2507
1784276977319 0.5373114943504333 2508
1784276977329 0.0671367347240448 2509
1784276977342 0.43047067523002625 2510
1784276977352 0.3269006311893463 2511
1784276977364 0.3321972191333771 2512
1784276977375 0.3507339656352997 2513
1784276977387 0.5565269589424133 2514
1784276977397 0.23197530210018158 2515
1784276977409 0.7126014828681946 2516
1784276977421 0.22480526566505432 2517
1784276977433 0.10222266614437103 2518
1784276977444 0.857913076877594 2519
1784276977456 0.12191427499055862 2520
1784276977467 0.22056974470615387 2521
1784276977477 0.4016140103340149 2522
1784276977489 0.3468610942363739 2523
1784276977498 0.25272858142852783 2524
1784276977509 0.36374539136886597 2525
1784276977521 0.07480119168758392 2526
1784276977531 0.36068999767303467 2527
1784276977542 0.15493743121623993 2528
1784276977554 0.46409448981285095 2529
1784276977566 0.09584230184555054 2530
1784276977578 0.2763529419898987 2531
1784276977587 0.2105877846479416 2532
1784276977599 0.20731261372566223 2533
1784276977610 0.3239811956882477 2534
1784276977619 0.4053056836128235 2535
1784276977632 0.617268443107605 2536
1784276977644 0.3073057532310486 2537
1784276977654 0.45895320177078247 2538
1784276977664 0.20649120211601257 2539
1784276977673 0.17010937631130219 2540
1784276977683 0.13552963733673096 2541
1784276977693 0.14710856974124908 2542
1784276977702 0.3908125162124634 2543
1784276977713 0.12885834276676178 2544
1784276977724 0.41124144196510315 2545
1784276977735 0.7586688995361328 2546
1784276977746 0.30359676480293274 2547
1784276977757 0.41525745391845703 2548
1784276977768 0.5335822701454163 2549
1784276977777 0.11212632805109024 2550
1784276977789 0.28848326206207275 2551
1784276977801 0.5299850106239319 2552
1784276977812 0.5650507807731628 2553
1784276977823 0.243454709649086 2554
1784276977833 0.6015524864196777 2555
1784276977843 0.5529117584228516 2556
1784276977855 0.9882466793060303 2557
1784276977866 0.2421087920665741 2558
1784276977877 0.16264306008815765 2559
1784276977888 0.6603741645812988 2560
1784276977899 0.5045524835586548 2561
1784276977911 0.3775585889816284 2562
1784276977922 0.3658849596977234 2563
1784276977932 0.31926238536834717 2564
1784276977944 0.28866320848464966 2565
1784276977956 0.33810028433799744 2566
1784276977968 0.8717575669288635 2567
1784276977980 0.22134681046009064 2568
1784276977991 0.2173262983560562 2569
1784276978002 0.09234623610973358 2570
1784276978013 0.6036715507507324 2571
1784276978025 0.44183671474456787 2572
1784276978036 0.32732996344566345 2573
1784276978047 0.22174039483070374 2574
1784276978059 0.24358655512332916 2575
1784276978071 0.6374082565307617 2576
1784276978082 0.3371930420398712 2577
1784276978093 0.5408889055252075 2578
1784276978103 0.3348090350627899 2579
1784276978113 0.29914307594299316 2580
1784276978123 0.3439604938030243 2581
1784276978135 0.17164573073387146 2582
1784276978149 0.1707390993833542 2583
1784276978161 0.21939057111740112 2584
1784276978173 0.4582008719444275 2585
1784276978184 0.17166875302791595 2586
1784276978196 0.14694611728191376 2587
1784276978207 0.2429366558790207 2588
1784276978218 0.4522440731525421 2589
1784276978231 0.2927069664001465 2590
1784276978241 0.5447012186050415 2591
1784276978252 0.3883710205554962 2592
1784276978263 0.42194727063179016 2593
1784276978274 0.15382304787635803 2594
1784276978285 1.0082236528396606 2595
1784276978298 0.30453190207481384 2596
1784276978310 0.3367191255092621 2597
1784276978322 0.23502503335475922 2598
1784276978333 0.12969215214252472 2599
1784276978345 0.09742265939712524 2600
1784276978357 0.5035576820373535 2601
1784276978370 0.4456663727760315 2602
1784276978381 0.3813249468803406 2603
1784276978393 0.1873025745153427 2604
1784276978405 0.24827834963798523 2605
1784276978416 0.32610970735549927 2606
1784276978426 0.12963837385177612 2607
1784276978439 0.21645861864089966 2608
1784276978450 0.5189096927642822 2609
1784276978461 0.21248364448547363 2610
1784276978471 0.3627222180366516 2611
1784276978482 0.48234936594963074 2612
1784276978493 0.3577272593975067 2613
1784276978502 0.5182002186775208 2614
1784276978513 0.2195499688386917 2615
1784276978524 0.13488784432411194 2616
1784276978533 0.40447571873664856 2617
1784276978544 0.49510613083839417 2618
1784276978554 0.8313307762145996 2619
1784276978563 0.3147108554840088 2620
1784276978573 0.30770343542099 2621
1784276978583 0.3290337920188904 2622
1784276978594 0.12127572298049927 2623
1784276978607 0.15040495991706848 2624
1784276978616 0.15319469571113586 2625
1784276978626 0.3604064881801605 2626
1784276978635 0.43701279163360596 2627
1784276978648 0.19680629670619965 2628
1784276978660 0.2181028425693512 2629
1784276978672 0.36003369092941284 2630
1784276978682 0.129782572388649 2631
1784276978694 0.41831186413764954 2632
1784276978705 0.24341990053653717 2633
1784276978714 0.30253204703330994 2634
1784276978727 0.3386465907096863 2635
1784276978742 0.1736288219690323 2636
1784276978753 0.2795923054218292 2637
1784276978764 0.33756741881370544 2638
1784276978774 0.47853589057922363 2639
1784276978790 0.19401338696479797 2640
1784276978802 0.14028656482696533 2641
1784276978813 0.28076252341270447 2642
1784276978823 0.4025636911392212 2643
1784276978833 0.6597229242324829 2644
1784276978844 0.5085260272026062 2645
1784276978857 0.7287423014640808 2646
1784276978870 0.3972141444683075 2647
1784276978881 0.28934675455093384 2648
1784276978893 0.06441287696361542 2649
1784276978905 0.2965646982192993 2650
1784276978915 0.3189123868942261 2651
1784276978925 0.2650589346885681 2652
1784276978934 0.22312752902507782 2653
1784276978946 0.10453908890485764 2654
1784276978958 0.14648161828517914 2655
1784276978969 0.31873753666877747 2656
1784276978981 0.33576661348342896 2657
1784276978992 0.3902937173843384 2658
1784276979003 0.16027185320854187 2659
1784276979014 0.20047250390052795 2660
1784276979025 0.3094514310359955 2661
1784276979036 0.05901223048567772 2662
1784276979047 0.3875974714756012 2663
1784276979059 0.6015223264694214 2664
1784276979071 0.18006759881973267 2665
1784276979082 0.19015508890151978 2666
1784276979093 0.2529999017715454 2667
1784276979105 0.44584476947784424 2668
1784276979116 0.4770162105560303 2669
1784276979128 0.3215181231498718 2670
1784276979140 0.29933395981788635 2671
1784276979152 0.47370994091033936 2672
1784276979164 0.2943170368671417 2673
1784276979176 0.7618438005447388 2674
1784276979187 0.11748620867729187 2675
1784276979198 0.5307592153549194 2676
1784276979210 0.5984931588172913 2677
1784276979222 0.14951172471046448 2678
1784276979233 0.3347565233707428 2679
1784276979245 0.3965708613395691 2680
1784276979257 0.1388312429189682 2681
1784276979267 0.3004530072212219 2682
1784276979279 0.6617039442062378 2683
1784276979290 0.27537429332733154 2684
1784276979301 0.5226637721061707 2685
1784276979312 0.2555661201477051 2686
1784276979328 0.5280892848968506 2687
1784276979340 0.3745312988758087 2688
1784276979352 0.2929047644138336 2689
1784276979366 0.2514057457447052 2690
1784276979379 0.20176611840724945 2691
1784276979394 0.3953472375869751 2692
1784276979408 0.3193429410457611 2693
1784276979423 0.12882405519485474 2694
1784276979435 0.25113824009895325 2695
1784276979449 0.49982181191444397 2696
1784276979462 0.702459990978241 2697
1784276979474 0.5870450139045715 2698
1784276979486 0.1948200911283493 2699
1784276979497 0.2414679378271103 2700
1784276979508 0.3951731324195862 2701
1784276979521 0.5348566174507141 2702
1784276979532 0.22506479918956757 2703
1784276979544 0.2080196887254715 2704
1784276979556 0.2879677414894104 2705
1784276979567 0.6181162595748901 2706
1784276979577 0.38849249482154846 2707
1784276979589 0.6019225716590881 2708
1784276979599 0.4496312141418457 2709
1784276979610 0.144363135099411 2710
1784276979621 0.6128992438316345 2711
1784276979631 0.3287414014339447 2712
1784276979643 0.1788262575864792 2713
1784276979653 0.4960593283176422 2714
1784276979664 0.46642547845840454 2715
1784276979676 0.22037765383720398 2716
1784276979688 0.2276340126991272 2717
1784276979699 0.17365603148937225 2718
1784276979709 0.43656057119369507 2719
1784276979720 0.29971474409103394 2720
1784276979732 0.3928871154785156 2721
1784276979743 0.5055071711540222 2722
1784276979755 0.33622390031814575 2723
1784276979766 0.23678959906101227 2724
1784276979778 0.38702327013015747 2725
1784276979790 0.361309677362442 2726
1784276979800 0.3000733256340027 2727
1784276979811 0.4631710350513458 2728
1784276979823 0.524431586265564 2729
1784276979834 0.2987484037876129 2730
1784276979846 0.3663542866706848 2731
1784276979858 0.2493305653333664 2732
1784276979869 0.32857418060302734 2733
1784276979880 0.6086888909339905 2734
1784276979891 0.5961800813674927 2735
1784276979902 0.24702613055706024 2736
1784276979912 0.24288369715213776 2737
1784276979925 0.43910789489746094 2738
1784276979937 0.5533772110939026 2739
1784276979947 0.29683512449264526 2740
1784276979957 0.7034457921981812 2741
1784276979968 0.330748587846756 2742
1784276979979 0.17063498497009277 2743
1784276979990 0.4405289888381958 2744
1784276980001 0.23351436853408813 2745
1784276980013 0.27622079849243164 2746
1784276980026 0.26604485511779785 2747
1784276980035 0.28926724195480347 2748
1784276980050 0.3236020505428314 2749
1784276980062 0.20769020915031433 2750
1784276980074 0.1542222946882248 2751
1784276980084 0.39896923303604126 2752
1784276980094 0.5281453132629395 2753
1784276980107 0.2307804673910141 2754
1784276980118 0.1333470195531845 2755
1784276980131 0.3252774477005005 2756
1784276980142 0.2856414318084717 2757
1784276980153 0.29845115542411804 2758
1784276980164 0.4494290351867676 2759
1784276980175 0.43102511763572693 2760
1784276980186 0.31434375047683716 2761
1784276980196 0.446907103061676 2762
1784276980207 0.3089999854564667 2763
1784276980219 0.09010014683008194 2764
1784276980230 0.31471583247184753 2765
1784276980243 0.3177333474159241 2766
1784276980257 0.3562430143356323 2767
1784276980269 0.38601160049438477 2768
1784276980281 0.21067003905773163 2769
1784276980294 0.3077015280723572 2770
1784276980306 0.2242458313703537 2771
1784276980317 0.32092776894569397 2772
1784276980328 0.763171374797821 2773
1784276980340 0.4788937568664551 2774
1784276980353 0.6720224618911743 2775
1784276980364 0.4860825836658478 2776
1784276980379 0.3191724121570587 2777
1784276980391 0.40548276901245117 2778
1784276980403 0.16909904778003693 2779
1784276980415 0.1943015456199646 2780
1784276980428 0.24336273968219757 2781
1784276980440 0.7771044373512268 2782
1784276980452 0.1257583647966385 2783
1784276980465 0.33308643102645874 2784
1784276980478 0.6322394013404846 2785
1784276980489 0.16083626449108124 2786
1784276980502 0.1429375857114792 2787
1784276980514 0.2690417468547821 2788
1784276980524 0.14374056458473206 2789
1784276980536 0.4226033389568329 2790
1784276980548 0.2794312536716461 2791
1784276980559 0.5757964849472046 2792
1784276980571 0.14372920989990234 2793
1784276980582 0.5216051340103149 2794
1784276980593 0.3207702040672302 2795
1784276980605 0.4124232232570648 2796
1784276980617 0.19378678500652313 2797
1784276980629 0.34504929184913635 2798
1784276980640 0.12531796097755432 2799
1784276980651 0.6355030536651611 2800
1784276980662 0.2892199158668518 2801
1784276980673 0.4306236505508423 2802
1784276980685 0.24775028228759766 2803
1784276980695 0.36207878589630127 2804
1784276980708 0.6811774969100952 2805
1784276980722 0.35121312737464905 2806
1784276980733 0.20310135185718536 2807
1784276980744 0.2160864919424057 2808
1784276980757 0.5748348236083984 2809
1784276980768 0.3203464448451996 2810
1784276980779 0.1642945408821106 2811
1784276980790 0.3995617926120758 2812
1784276980801 0.14247791469097137 2813
1784276980814 0.40367111563682556 2814
1784276980826 0.12637314200401306 2815
1784276980837 0.20843899250030518 2816
1784276980847 0.31273525953292847 2817
1784276980858 0.4245676100254059 2818
1784276980867 0.15446020662784576 2819
1784276980879 0.24587446451187134 2820
1784276980890 0.14987638592720032 2821
1784276980901 0.09384872019290924 2822
1784276980912 0.20164978504180908 2823
1784276980924 0.3629158139228821 2824
1784276980936 0.41152191162109375 2825
1784276980946 0.4799779951572418 2826
1784276980961 0.3009672462940216 2827
1784276980972 0.24443882703781128 2828
1784276980982 0.2918125092983246 2829
1784276980994 0.3395904004573822 2830
1784276981006 0.1829412579536438 2831
1784276981017 0.336717426776886 2832
1784276981028 0.4609082341194153 2833
1784276981039 0.1597302258014679 2834
1784276981048 0.3576308786869049 2835
1784276981059 0.2118031084537506 2836
1784276981071 0.07610861212015152 2837
1784276981081 0.5316168069839478 2838
1784276981092 0.3198930323123932 2839
1784276981102 0.4190712869167328 2840
1784276981114 0.21030013263225555 2841
1784276981124 0.6099070906639099 2842
1784276981136 0.41551998257637024 2843
1784276981148 0.3676649332046509 2844
1784276981160 0.17832650244235992 2845
1784276981170 0.2766329348087311 2846
1784276981180 0.26378828287124634 2847
1784276981191 0.23539750277996063 2848
1784276981203 0.2901343107223511 2849
1784276981215 0.26587921380996704 2850
1784276981225 0.49877268075942993 2851
1784276981235 0.5012136697769165 2852
1784276981247 0.302496075630188 2853
1784276981259 0.3103058934211731 2854
1784276981271 0.31989166140556335 2855
1784276981282 0.13308948278427124 2856
1784276981293 0.18224623799324036 2857
1784276981304 0.41604143381118774 2858
1784276981314 0.37479373812675476 2859
1784276981327 0.11925550550222397 2860
1784276981339 0.21332848072052002 2861
1784276981350 0.46565887331962585 2862
1784276981361 0.09792675822973251 2863
1784276981370 0.1534096598625183 2864
1784276981380 0.20401349663734436 2865
1784276981392 0.4908995032310486 2866
1784276981402 0.32147499918937683 2867
1784276981413 0.33780255913734436 2868
1784276981424 0.3766445219516754 2869
1784276981436 0.2149084061384201 2870
1784276981448 0.2618299126625061 2871
1784276981459 0.26853248476982117 2872
1784276981471 0.4588935375213623 2873
1784276981482 0.6030845046043396 2874
1784276981494 0.21883660554885864 2875
1784276981506 0.6075071692466736 2876
1784276981517 0.24196122586727142 2877
1784276981529 0.19062040746212006 2878
1784276981541 0.2477271854877472 2879
1784276981551 0.44079864025115967 2880
1784276981563 0.35098594427108765 2881
1784276981574 0.27550095319747925 2882
1784276981586 0.46156737208366394 2883
1784276981599 0.22515669465065002 2884
1784276981614 0.31850141286849976 2885
1784276981627 0.24123406410217285 2886
1784276981639 0.31520727276802063 2887
1784276981654 0.25112059712409973 2888
1784276981668 0.1478564441204071 2889
1784276981681 0.364808052778244 2890
1784276981694 0.4924669861793518 2891
1784276981706 0.16928493976593018 2892
1784276981717 0.30140796303749084 2893
1784276981744 0.31737542152404785 2894
1784276981756 0.07563412934541702 2895
1784276981767 0.24973991513252258 2896
1784276981780 0.21592149138450623 2897
1784276981793 0.37424835562705994 2898
1784276981807 0.37615805864334106 2899
1784276981819 0.29788193106651306 2900
1784276981830 0.26268821954727173 2901
1784276981842 0.4736807942390442 2902
1784276981853 0.5154748558998108 2903
1784276981863 0.0841175988316536 2904
1784276981873 0.4650672376155853 2905
1784276981882 0.6280075311660767 2906
1784276981895 0.3012162446975708 2907
1784276981906 0.42001938819885254 2908
1784276981917 0.4950847625732422 2909
1784276981927 0.3029044270515442 2910
1784276981937 0.30844998359680176 2911
1784276981949 0.2600770592689514 2912
1784276981960 0.23275592923164368 2913
1784276981969 0.3205851912498474 2914
1784276981979 0.35353630781173706 2915
1784276981990 0.3063107132911682 2916
1784276982000 0.29930344223976135 2917
1784276982011 0.24624879658222198 2918
1784276982023 0.3418872058391571 2919
1784276982034 0.30550408363342285 2920
1784276982046 0.29545700550079346 2921
1784276982057 0.09000007808208466 2922
1784276982068 0.2826786935329437 2923
1784276982080 0.1463933289051056 2924
1784276982090 0.31294575333595276 2925
1784276982099 0.1695503294467926 2926
1784276982110 0.19853025674819946 2927
1784276982119 0.08180177956819534 2928
1784276982132 0.25181692838668823 2929
1784276982143 0.34804603457450867 2930
1784276982158 0.4666217863559723 2931
1784276982168 0.3565676510334015 2932
1784276982177 0.5888630151748657 2933
1784276982189 0.7104138731956482 2934
1784276982200 0.3133370876312256 2935
1784276982211 0.3497057557106018 2936
1784276982223 0.6276274919509888 2937
1784276982232 0.5869618654251099 2938
1784276982244 0.08234234154224396 2939
1784276982257 0.19018974900245667 2940
1784276982267 0.06858962029218674 2941
1784276982279 0.2257509082555771 2942
1784276982290 0.14396452903747559 2943
1784276982301 0.14969316124916077 2944
1784276982313 0.20842485129833221 2945
1784276982325 0.11814723908901215 2946
1784276982335 0.16425779461860657 2947
1784276982347 0.3182846009731293 2948
1784276982358 0.6124942302703857 2949
1784276982369 0.1319594383239746 2950
1784276982379 0.34481143951416016 2951
1784276982391 0.20917874574661255 2952
1784276982407 0.15143029391765594 2953
1784276982418 0.32469654083251953 2954
1784276982429 0.2718810439109802 2955
1784276982441 0.229469433426857 2956
1784276982451 0.3288643956184387 2957
1784276982463 0.7303577661514282 2958
1784276982475 0.42931225895881653 2959
1784276982486 0.24429969489574432 2960
1784276982496 0.18199439346790314 2961
1784276982507 0.4617024064064026 2962
1784276982517 0.25350111722946167 2963
1784276982529 0.7068201303482056 2964
1784276982540 0.33643046021461487 2965
1784276982549 0.6906310319900513 2966
1784276982561 0.20509442687034607 2967
1784276982572 0.44926223158836365 2968
1784276982583 0.46642330288887024 2969
1784276982593 0.21855361759662628 2970
1784276982605 0.47048869729042053 2971
1784276982616 0.3709607720375061 2972
1784276982627 0.22127129137516022 2973
1784276982639 0.26218631863594055 2974
1784276982650 0.7175653576850891 2975
1784276982661 0.10302642732858658 2976
1784276982671 0.0914241150021553 2977
1784276982742 0.5549774765968323 2978
1784276982763 0.6397624015808105 2979
1784276982774 0.4339761435985565 2980
1784276982785 0.05289319530129433 2981
1784276982797 0.5917284488677979 2982
1784276982810 0.20833666622638702 2983
1784276982823 0.1768837869167328 2984
1784276982834 0.35787975788116455 2985
1784276982847 0.5530419945716858 2986
1784276982858 0.2576568126678467 2987
1784276982868 0.392734169960022 2988
1784276982879 0.15842173993587494 2989
1784276982890 0.2542819082736969 2990
1784276982902 0.2697248160839081 2991
1784276982914 0.580772340297699 2992
1784276982926 0.47384387254714966 2993
1784276982938 0.22756819427013397 2994
1784276982950 0.40209612250328064 2995
1784276982961 0.2260548323392868 2996
1784276982973 0.15861138701438904 2997
1784276982984 0.24068373441696167 2998
1784276982996 0.19151538610458374 2999
1784276983009 0.1812751144170761 3000
1784276983020 0.4093383848667145 3001
1784276983032 0.42936354875564575 3002
1784276983045 0.23533722758293152 3003
1784276983056 0.1712437868118286 3004
1784276983068 0.4142829477787018 3005
1784276983080 0.23250561952590942 3006
1784276983095 0.41764500737190247 3007
1784276983106 0.05528507009148598 3008
1784276983116 0.3479001820087433 3009
1784276983130 0.39850977063179016 3010
1784276983143 0.34361958503723145 3011
1784276983156 0.3759009540081024 3012
1784276983167 0.27122488617897034 3013
1784276983180 0.240760937333107 3014
1784276983192 0.34546226263046265 3015
1784276983203 0.4482024908065796 3016
1784276983215 0.34611693024635315 3017
1784276983229 0.24318696558475494 3018
1784276983242 0.36834827065467834 3019
1784276983254 0.12318085134029388 3020
1784276983266 0.1649465709924698 3021
1784276983278 0.32469281554222107 3022
1784276983290 0.628300666809082 3023
1784276983302 0.2585519254207611 3024
1784276983314 0.5458249449729919 3025
1784276983327 0.325880765914917 3026
1784276983340 0.32982927560806274 3027
1784276983351 0.40839841961860657 3028
1784276983364 0.2388334423303604 3029
1784276983376 0.4114530384540558 3030
1784276983388 0.5847322940826416 3031
1784276983401 0.7527220845222473 3032
1784276983414 0.31595227122306824 3033
1784276983426 0.1046576276421547 3034
1784276983438 0.1928596794605255 3035
1784276983450 0.1568395495414734 3036
1784276983462 0.07120028138160706 3037
1784276983473 0.7822476029396057 3038
1784276983484 0.3239234387874603 3039
1784276983496 0.29086458683013916 3040
1784276983507 0.33416345715522766 3041
1784276983518 0.7014464139938354 3042
1784276983530 0.30593442916870117 3043
1784276983542 0.349337100982666 3044
1784276983554 0.3301176428794861 3045
1784276983567 0.20439529418945312 3046
1784276983583 0.2640390992164612 3047
1784276983595 0.4129257798194885 3048
1784276983607 0.3853447735309601 3049
1784276983619 0.8518986105918884 3050
1784276983629 0.34140220284461975 3051
1784276983641 0.3503192067146301 3052
1784276983653 0.23036377131938934 3053
1784276983665 0.4023350775241852 3054
1784276983676 0.34685593843460083 3055
1784276983688 0.4839673936367035 3056
1784276983699 0.7019816040992737 3057
1784276983711 0.17093290388584137 3058
1784276983723 0.43967118859291077 3059
1784276983734 0.5462931990623474 3060
1784276983746 0.5151640772819519 3061
1784276983757 0.27402058243751526 3062
1784276983768 0.4731631278991699 3063
1784276983779 0.23954027891159058 3064
1784276983789 0.3205850124359131 3065
1784276983801 0.13809140026569366 3066
1784276983814 0.5221059918403625 3067
1784276983827 0.2925678491592407 3068
1784276983840 0.15214979648590088 3069
1784276983853 0.15461237728595734 3070
1784276983866 0.1820789873600006 3071
1784276983879 0.3114755153656006 3072
1784276983892 0.2757970988750458 3073
1784276983903 0.23297682404518127 3074
1784276983915 0.38686123490333557 3075
1784276983927 0.26980888843536377 3076
1784276983938 0.27445536851882935 3077
1784276983949 0.32021066546440125 3078
1784276983961 0.14597946405410767 3079
1784276983971 0.3892616331577301 3080
1784276983982 0.5260351300239563 3081
1784276983995 0.16347691416740417 3082
1784276984007 0.3958496153354645 3083
1784276984017 0.5487240552902222 3084
1784276984028 0.17412443459033966 3085
1784276984041 0.19778500497341156 3086
1784276984054 0.10370270162820816 3087
1784276984065 0.08495599776506424 3088
1784276984076 0.3577519953250885 3089
1784276984087 0.2809990644454956 3090
1784276984098 0.6749300956726074 3091
1784276984109 0.1610678881406784 3092
1784276984120 0.34518197178840637 3093
1784276984130 0.4758053421974182 3094
1784276984142 0.1982734501361847 3095
1784276984157 0.5449593663215637 3096
1784276984170 0.16458818316459656 3097
1784276984181 0.239421084523201 3098
1784276984194 0.407473623752594 3099
1784276984204 0.4943270683288574 3100
1784276984215 0.3291337788105011 3101
1784276984227 0.29964953660964966 3102
1784276984238 0.13985928893089294 3103
1784276984249 0.29534679651260376 3104
1784276984261 0.39747822284698486 3105
1784276984272 0.43053513765335083 3106
1784276984283 0.3545072376728058 3107
1784276984295 0.30803385376930237 3108
1784276984307 0.3242332339286804 3109
1784276984317 0.31416988372802734 3110
1784276984329 0.08558933436870575 3111
1784276984341 0.4166325628757477 3112
1784276984354 0.44167670607566833 3113
1784276984365 0.24538464844226837 3114
1784276984376 0.2608705759048462 3115
1784276984387 0.1526946872472763 3116
1784276984399 0.30545273423194885 3117
1784276984412 0.3383047580718994 3118
1784276984423 0.2321414202451706 3119
1784276984434 0.529922604560852 3120
1784276984446 0.2822379767894745 3121
1784276984458 0.355970561504364 3122
1784276984468 0.3922184705734253 3123
1784276984479 0.2675504684448242 3124
1784276984491 0.09883067011833191 3125
1784276984501 0.25745683908462524 3126
1784276984512 0.29790663719177246 3127
1784276984524 0.14600691199302673 3128
1784276984536 0.31847772002220154 3129
1784276984547 0.28939059376716614 3130
1784276984559 0.11289744824171066 3131
1784276984570 0.14012932777404785 3132
1784276984581 0.29986125230789185 3133
1784276984592 0.19569844007492065 3134
1784276984604 0.32051363587379456 3135
1784276984616 0.2908986210823059 3136
1784276984628 0.10134662687778473 3137
1784276984639 0.3190614879131317 3138
1784276984650 0.06683284044265747 3139
1784276984663 0.15085427463054657 3140
1784276984674 0.22451260685920715 3141
1784276984685 0.529905378818512 3142
1784276984697 0.3548063039779663 3143
1784276984709 0.485050231218338 3144
1784276984720 0.38991808891296387 3145
1784276984731 0.45851942896842957 3146
1784276984743 0.12707367539405823 3147
1784276984760 0.17188914120197296 3148
1784276984771 0.323068767786026 3149
1784276984782 0.10068295150995255 3150
1784276984794 0.5227699875831604 3151
1784276984806 0.1536170095205307 3152
1784276984817 0.24298250675201416 3153
1784276984827 0.4138094186782837 3154
1784276984839 0.6943798661231995 3155
1784276984852 0.4883725345134735 3156
1784276984863 0.10292784869670868 3157
1784276984875 0.2546142637729645 3158
1784276984886 0.12358691543340683 3159
1784276984898 0.06536408513784409 3160
1784276984908 0.3209320604801178 3161
1784276984920 0.19466686248779297 3162
1784276984930 0.3518805503845215 3163
1784276984944 0.4837496280670166 3164
1784276984956 0.22465604543685913 3165
1784276984967 0.4022044241428375 3166
1784276984980 0.46880826354026794 3167
1784276984990 0.3034738600254059 3168
1784276985002 0.2090969830751419 3169
1784276985014 0.34682175517082214 3170
1784276985027 0.24468956887722015 3171
1784276985039 0.29530689120292664 3172
1784276985050 0.4664032757282257 3173
1784276985063 0.3238672614097595 3174
1784276985075 0.3781806230545044 3175
1784276985086 0.11729711294174194 3176
1784276985096 0.34993332624435425 3177
1784276985108 0.6337929964065552 3178
1784276985120 0.7075331211090088 3179
1784276985131 0.3813266158103943 3180
1784276985141 0.17352600395679474 3181
1784276985153 0.23621167242527008 3182
1784276985164 0.3410130739212036 3183
1784276985177 0.06358750909566879 3184
1784276985188 0.2841183841228485 3185
1784276985199 0.1659766137599945 3186
1784276985210 0.28293099999427795 3187
1784276985222 0.5502339005470276 3188
1784276985235 0.38318055868148804 3189
1784276985246 0.2395721673965454 3190
1784276985258 0.4555610418319702 3191
1784276985271 0.17508788406848907 3192
1784276985282 0.3048442006111145 3193
1784276985295 0.18847456574440002 3194
1784276985306 0.285636305809021 3195
1784276985321 0.6613978147506714 3196
1784276985333 0.15353095531463623 3197
1784276985345 0.28136077523231506 3198
1784276985357 0.19296616315841675 3199
1784276985372 0.5726035833358765 3200
1784276985387 0.5884889960289001 3201
1784276985405 0.435561865568161 3202
1784276985425 0.16330820322036743 3203
1784276985441 0.22316360473632812 3204
1784276985455 0.5799188613891602 3205
1784276985465 0.3814881443977356 3206
1784276985479 0.6157389879226685 3207
1784276985491 0.1259596049785614 3208
1784276985502 0.10219600796699524 3209
1784276985513 0.6253880858421326 3210
1784276985525 0.2923683524131775 3211
1784276985535 0.24301911890506744 3212
1784276985546 0.1504511833190918 3213
1784276985558 0.16895975172519684 3214
1784276985570 0.3306528627872467 3215
1784276985581 0.6442268490791321 3216
1784276985590 0.14891672134399414 3217
1784276985600 0.2111797034740448 3218
1784276985611 0.3010612726211548 3219
1784276985623 0.07935723662376404 3220
1784276985634 0.2546570897102356 3221
1784276985646 0.3152325451374054 3222
1784276985657 0.19749003648757935 3223
1784276985667 0.22436702251434326 3224
1784276985678 0.45919209718704224 3225
1784276985692 0.20067015290260315 3226
1784276985702 0.07746841758489609 3227
1784276985714 0.4524194300174713 3228
1784276985725 0.2325936108827591 3229
1784276985737 0.424737811088562 3230
1784276985748 0.1808011531829834 3231
1784276985760 0.7288519740104675 3232
1784276985770 0.2819293141365051 3233
1784276985781 0.5183365941047668 3234
1784276985793 0.517597496509552 3235
1784276985805 0.21173061430454254 3236
1784276985819 0.45866018533706665 3237
1784276985832 0.2425951212644577 3238
1784276985843 0.4564369320869446 3239
1784276985855 0.5667598843574524 3240
1784276985866 0.140415221452713 3241
1784276985878 0.38334885239601135 3242
1784276985891 0.2578858733177185 3243
1784276985903 0.3372361361980438 3244
1784276985913 0.07599879056215286 3245
1784276985925 0.1294076144695282 3246
1784276985940 0.2392919957637787 3247
1784276985951 0.30203327536582947 3248
1784276985964 0.2849365770816803 3249
1784276985974 0.2235599160194397 3250
1784276985984 0.33018574118614197 3251
1784276985994 0.15307483077049255 3252
1784276986005 0.4847058057785034 3253
1784276986020 0.19123511016368866 3254
1784276986033 0.29683300852775574 3255
1784276986046 0.34394535422325134 3256
1784276986058 0.17302094399929047 3257
1784276986069 0.8197808861732483 3258
1784276986082 0.17516151070594788 3259
1784276986095 0.5007530450820923 3260
1784276986107 0.41455739736557007 3261
1784276986118 0.2140258103609085 3262
1784276986130 0.204140305519104 3263
1784276986142 0.5248502492904663 3264
1784276986152 0.4249986410140991 3265
1784276986164 0.4642517566680908 3266
1784276986176 0.17040249705314636 3267
1784276986188 0.19909125566482544 3268
1784276986199 0.1166849210858345 3269
1784276986212 0.30330610275268555 3270
1784276986224 0.3488636314868927 3271
1784276986234 0.19409355521202087 3272
1784276986245 0.257022887468338 3273
1784276986255 0.23027555644512177 3274
1784276986267 0.21586059033870697 3275
1784276986279 0.08766000717878342 3276
1784276986291 0.3999730944633484 3277
1784276986302 0.210685595870018 3278
1784276986313 0.30632922053337097 3279
1784276986325 0.08378884196281433 3280
1784276986338 0.42574912309646606 3281
1784276986349 0.6181074380874634 3282
1784276986361 0.10314509272575378 3283
1784276986373 0.36684170365333557 3284
1784276986385 0.2959522306919098 3285
1784276986397 0.2349681556224823 3286
1784276986411 0.30567803978919983 3287
1784276986423 0.5073787569999695 3288
1784276986434 0.21235129237174988 3289
1784276986444 0.1673785001039505 3290
1784276986456 0.13760057091712952 3291
1784276986467 0.5488951206207275 3292
1784276986478 0.6496530771255493 3293
1784276986490 0.41693413257598877 3294
1784276986501 0.6133862137794495 3295
1784276986512 0.7365065217018127 3296
1784276986524 0.41444534063339233 3297
1784276986536 0.17334319651126862 3298
1784276986548 0.04964160546660423 3299
1784276986560 0.5046043395996094 3300
1784276986571 0.050741877406835556 3301
1784276986582 0.2720130980014801 3302
1784276986593 0.23894022405147552 3303
1784276986605 0.2941049635410309 3304
1784276986616 0.42375367879867554 3305
1784276986626 0.5383152365684509 3306
1784276986638 0.12550638616085052 3307
1784276986650 0.24352601170539856 3308
1784276986661 0.24818673729896545 3309
1784276986674 0.08705908060073853 3310
1784276986685 0.1432948261499405 3311
1784276986696 0.24447189271450043 3312
1784276986707 0.27014029026031494 3313
1784276986719 0.21255631744861603 3314
1784276986731 0.4206036329269409 3315
1784276986743 0.41672277450561523 3316
1784276986756 0.36240077018737793 3317
1784276986768 0.474670946598053 3318
1784276986780 0.3720151484012604 3319
1784276986792 0.458305686712265 3320
1784276986801 0.19714157283306122 3321
1784276986813 0.4969917833805084 3322
1784276986823 0.6528533697128296 3323
1784276986833 0.19367654621601105 3324
1784276986845 0.26549071073532104 3325
1784276986857 0.2282361537218094 3326
1784276986868 0.31936460733413696 3327
1784276986878 0.13540372252464294 3328
1784276986891 0.26277291774749756 3329
1784276986903 0.6945210099220276 3330
1784276986914 0.3552740216255188 3331
1784276986925 0.23366215825080872 3332
1784276986937 0.1992589682340622 3333
1784276986947 0.2940050959587097 3334
1784276986958 0.13417139649391174 3335
1784276986967 0.3672703802585602 3336
1784276986979 0.21520577371120453 3337
1784276986990 0.4412122964859009 3338
1784276987000 0.13296091556549072 3339
1784276987010 0.31094610691070557 3340
1784276987022 0.20280569791793823 3341
1784276987033 0.23568081855773926 3342
1784276987044 0.06397077441215515 3343
1784276987054 0.4933481216430664 3344
1784276987064 0.23108413815498352 3345
1784276987075 0.24184268712997437 3346
1784276987087 0.6969277858734131 3347
1784276987098 0.27144306898117065 3348
1784276987112 0.6957536935806274 3349
1784276987124 0.5499194264411926 3350
1784276987136 0.2173534333705902 3351
1784276987148 0.37316304445266724 3352
1784276987160 0.13923627138137817 3353
1784276987171 0.17407099902629852 3354
1784276987180 0.4490646719932556 3355
1784276987190 0.39100515842437744 3356
1784276987200 0.3395558297634125 3357
1784276987212 0.20774756371974945 3358
1784276987225 0.4858677089214325 3359
1784276987237 0.3493909537792206 3360
1784276987248 0.17259007692337036 3361
1784276987260 0.39112162590026855 3362
1784276987272 0.409534215927124 3363
1784276987283 0.2686567008495331 3364
1784276987294 0.5692628622055054 3365
1784276987305 0.16495473682880402 3366
1784276987316 0.38904789090156555 3367
1784276987328 0.2600875794887543 3368
1784276987340 0.6029053330421448 3369
1784276987350 0.6583919525146484 3370
1784276987362 0.5727702379226685 3371
1784276987373 0.25325947999954224 3372
1784276987385 0.06664619594812393 3373
1784276987396 0.2567332684993744 3374
1784276987409 0.21976277232170105 3375
1784276987420 0.44658729434013367 3376
1784276987431 0.4301711618900299 3377
1784276987443 0.6206797361373901 3378
1784276987454 0.31547731161117554 3379
1784276987463 0.2569890022277832 3380
1784276987472 0.2775638997554779 3381
1784276987482 0.1832534223794937 3382
1784276987494 0.4616817831993103 3383
1784276987505 0.2928553819656372 3384
1784276987516 0.28793686628341675 3385
1784276987526 0.17985478043556213 3386
1784276987538 0.3947112560272217 3387
1784276987550 0.2327037751674652 3388
1784276987562 0.6023260354995728 3389
1784276987573 0.13743440806865692 3390
1784276987586 0.5576657652854919 3391
1784276987598 0.21852438151836395 3392
1784276987610 0.2561948001384735 3393
1784276987621 0.17656511068344116 3394
1784276987633 0.09826543182134628 3395
1784276987644 0.5468882918357849 3396
1784276987656 0.4330601692199707 3397
1784276987668 0.3503756523132324 3398
1784276987680 0.4395287334918976 3399
1784276987692 0.39532536268234253 3400
1784276987705 0.3703595995903015 3401
1784276987717 0.37452155351638794 3402
1784276987730 0.5175115466117859 3403
1784276987741 0.78216552734375 3404
1784276987754 0.3080228567123413 3405
1784276987765 0.21474675834178925 3406
1784276987776 0.1785365641117096 3407
1784276987789 0.6198087334632874 3408
1784276987800 0.32673975825309753 3409
1784276987813 0.28719839453697205 3410
1784276987827 0.5817717909812927 3411
1784276987840 0.626149594783783 3412
1784276987852 0.5352351665496826 3413
1784276987864 0.11478682607412338 3414
1784276987876 0.41827255487442017 3415
1784276987888 0.53614741563797 3416
1784276987902 0.2502855956554413 3417
1784276987913 0.4085240960121155 3418
1784276987927 0.1479267179965973 3419
1784276987941 0.18952061235904694 3420
1784276987952 0.23553769290447235 3421
1784276987965 0.3060413897037506 3422
1784276987977 0.19118522107601166 3423
1784276987988 0.20120234787464142 3424
1784276988001 0.332004576921463 3425
1784276988013 0.30350735783576965 3426
1784276988024 0.2049979269504547 3427
1784276988038 0.5208312273025513 3428
1784276988049 0.3084949851036072 3429
1784276988061 0.5436108112335205 3430
1784276988071 0.42566221952438354 3431
1784276988084 0.309354692697525 3432
1784276988096 0.1871900111436844 3433
1784276988109 0.37128034234046936 3434
1784276988122 0.39931896328926086 3435
1784276988133 0.31551533937454224 3436
1784276988147 0.12254972010850906 3437
1784276988159 0.5110675096511841 3438
1784276988171 0.41162997484207153 3439
1784276988181 0.5627404451370239 3440
1784276988192 0.1754990965127945 3441
1784276988204 0.2892816364765167 3442
1784276988215 0.24047847092151642 3443
1784276988229 0.10223112255334854 3444
1784276988240 0.3928564786911011 3445
1784276988253 0.45503678917884827 3446
1784276988265 0.2714154124259949 3447
1784276988276 0.3406289219856262 3448
1784276988288 0.5639711022377014 3449
1784276988301 0.22900128364562988 3450
1784276988315 0.5951576232910156 3451
1784276988328 0.23621822893619537 3452
1784276988345 0.1556268036365509 3453
1784276988355 0.452279657125473 3454
1784276988364 0.12223445624113083 3455
1784276988376 0.4046042263507843 3456
1784276988387 0.2814478874206543 3457
1784276988400 0.3433903455734253 3458
1784276988412 0.16324909031391144 3459
1784276988429 0.37473875284194946 3460
1784276988441 0.5077077746391296 3461
1784276988453 0.2989288866519928 3462
1784276988464 0.28832072019577026 3463
1784276988475 0.05462482199072838 3464
1784276988487 0.20618599653244019 3465
1784276988498 0.3448420763015747 3466
1784276988509 0.2910435199737549 3467
1784276988521 0.23163051903247833 3468
1784276988532 0.19288749992847443 3469
1784276988544 0.9239628314971924 3470
1784276988556 0.375355988740921 3471
1784276988566 0.33406034111976624 3472
1784276988576 0.11107031255960464 3473
1784276988585 0.6357583403587341 3474
1784276988596 0.40412652492523193 3475
1784276988607 0.43738627433776855 3476
1784276988620 0.2872347831726074 3477
1784276988630 0.3869297504425049 3478
1784276988642 0.38297075033187866 3479
1784276988652 0.22121454775333405 3480
1784276988664 0.18406854569911957 3481
1784276988674 0.13170677423477173 3482
1784276988685 0.2091270536184311 3483
1784276988696 0.24337390065193176 3484
1784276988707 0.4503529965877533 3485
1784276988717 0.149892657995224 3486
1784276988729 0.48847734928131104 3487
1784276988741 0.21960289776325226 3488
1784276988752 0.5663870573043823 3489
1784276988764 0.2967749238014221 3490
1784276988775 0.4106512665748596 3491
1784276988786 0.08543556928634644 3492
1784276988797 0.15316088497638702 3493
1784276988808 0.1805747002363205 3494
1784276988820 0.31795674562454224 3495
1784276988831 0.2217167317867279 3496
1784276988843 0.5179770588874817 3497
1784276988855 0.36592140793800354 3498
1784276988866 0.35700225830078125 3499
1784276988877 0.33537256717681885 3500
1784276988889 0.10021787881851196 3501
1784276988902 0.08744819462299347 3502
1784276988913 0.1662922203540802 3503
1784276988925 0.22459694743156433 3504
1784276988937 0.21436798572540283 3505
1784276988948 0.19473375380039215 3506
1784276988960 0.3668938875198364 3507
1784276988971 0.169029101729393 3508
1784276988981 0.765702486038208 3509
1784276988994 0.12201489508152008 3510
1784276989005 0.24000853300094604 3511
1784276989018 0.3335120677947998 3512
1784276989029 0.286230206489563 3513
1784276989041 0.19871102273464203 3514
1784276989053 0.1626388281583786 3515
1784276989064 0.05514299497008324 3516
1784276989075 0.2869810163974762 3517
1784276989086 0.19793184101581573 3518
1784276989096 0.1948731243610382 3519
1784276989107 0.6034973859786987 3520
1784276989117 0.11868683993816376 3521
1784276989129 0.10917328298091888 3522
1784276989142 0.20054370164871216 3523
1784276989154 0.09806790947914124 3524
1784276989166 0.36085838079452515 3525
1784276989177 0.34332531690597534 3526
1784276989188 0.04911700636148453 3527
1784276989199 0.2070310264825821 3528
1784276989211 0.09008970856666565 3529
1784276989221 0.21029268205165863 3530
1784276989230 0.36897388100624084 3531
1784276989243 0.41320160031318665 3532
1784276989255 0.3040071427822113 3533
1784276989266 0.4040493667125702 3534
1784276989277 0.11372900754213333 3535
1784276989288 0.26796337962150574 3536
1784276989300 0.15006819367408752 3537
1784276989310 0.21958787739276886 3538
1784276989320 0.19017177820205688 3539
1784276989331 0.2772272229194641 3540
1784276989343 0.33767884969711304 3541
1784276989354 0.5263189077377319 3542
1784276989363 0.3234831988811493 3543
1784276989375 0.6864039897918701 3544
1784276989385 0.207868292927742 3545
1784276989397 0.3114789128303528 3546
1784276989409 0.182807058095932 3547
1784276989421 0.30802062153816223 3548
1784276989432 0.23496057093143463 3549
1784276989444 0.36798542737960815 3550
1784276989454 0.11318802833557129 3551
1784276989464 0.5076438784599304 3552
1784276989477 0.28906959295272827 3553
1784276989489 0.2649552524089813 3554
1784276989501 0.2392646074295044 3555
1784276989512 0.21154066920280457 3556
1784276989524 0.22243373095989227 3557
1784276989536 0.2702691853046417 3558
1784276989547 0.2904595136642456 3559
1784276989558 0.4132523834705353 3560
1784276989570 0.2468251734972 3561
1784276989581 0.24632734060287476 3562
1784276989592 0.13218647241592407 3563
1784276989603 0.2245621532201767 3564
1784276989614 0.520912766456604 3565
1784276989626 0.4133274257183075 3566
1784276989637 0.2642708122730255 3567
1784276989646 0.1298466920852661 3568
1784276989658 0.314864844083786 3569
1784276989670 0.10601271688938141 3570
1784276989680 0.2834899127483368 3571
1784276989692 0.28893277049064636 3572
1784276989704 0.5971622467041016 3573
1784276989715 0.40349188446998596 3574
1784276989727 0.25723186135292053 3575
1784276989739 0.12231655418872833 3576
1784276989749 0.13015033304691315 3577
1784276989760 0.41885215044021606 3578
1784276989772 0.43596696853637695 3579
1784276989783 0.21555443108081818 3580
1784276989795 0.46767765283584595 3581
1784276989806 0.14954973757266998 3582
1784276989817 0.14927731454372406 3583
1784276989829 0.24469244480133057 3584
1784276989841 0.5519738793373108 3585
1784276989852 0.2824735641479492 3586
1784276989863 0.4769447147846222 3587
1784276989875 0.11472631245851517 3588
1784276989886 0.3044619858264923 3589
1784276989896 0.4104681611061096 3590
1784276989910 0.6292539238929749 3591
1784276989921 0.27315229177474976 3592
1784276989932 0.1825282722711563 3593
1784276989944 0.4691523611545563 3594
1784276989956 0.1334839016199112 3595
1784276989968 0.09133811295032501 3596
1784276989978 0.5925700664520264 3597
1784276989990 0.4084555208683014 3598
1784276990001 0.12236970663070679 3599
1784276990013 0.19740714132785797 3600
1784276990024 0.39999881386756897 3601
1784276990035 0.48529839515686035 3602
1784276990046 0.2944523096084595 3603
1784276990057 0.3870267868041992 3604
1784276990068 0.2681320607662201 3605
1784276990079 0.34847474098205566 3606
1784276990091 0.34514302015304565 3607
1784276990104 0.23950795829296112 3608
1784276990115 0.12058088183403015 3609
1784276990128 0.6797642707824707 3610
1784276990146 0.14076144993305206 3611
1784276990158 0.15727674961090088 3612
1784276990169 0.21607354283332825 3613
1784276990182 0.3371092975139618 3614
1784276990195 0.09779929369688034 3615
1784276990206 0.3791274130344391 3616
1784276990217 0.437926709651947 3617
1784276990229 0.3859221041202545 3618
1784276990242 0.13952966034412384 3619
1784276990253 0.22107915580272675 3620
1784276990264 0.29004234075546265 3621
1784276990274 0.3769056797027588 3622
1784276990284 0.3601665496826172 3623
1784276990293 0.32153069972991943 3624
1784276990304 0.4761127233505249 3625
1784276990314 0.8387220501899719 3626
1784276990326 0.2647237181663513 3627
1784276990338 0.31937891244888306 3628
1784276990350 0.3979547321796417 3629
1784276990361 0.5206124186515808 3630
1784276990372 0.2545071840286255 3631
1784276990383 0.35068970918655396 3632
1784276990394 0.3794868588447571 3633
1784276990407 0.15319125354290009 3634
1784276990419 0.44866225123405457 3635
1784276990430 0.4056664705276489 3636
1784276990441 0.09419059753417969 3637
1784276990454 0.43401989340782166 3638
1784276990469 0.33601129055023193 3639
1784276990482 0.18688082695007324 3640
1784276990493 0.2939649224281311 3641
1784276990507 0.2337578684091568 3642
1784276990521 0.24334226548671722 3643
1784276990533 0.46709826588630676 3644
1784276990546 0.2919712960720062 3645
1784276990558 0.27544093132019043 3646
1784276990569 0.5117095708847046 3647
1784276990578 0.1445242464542389 3648
1784276990590 0.26627346873283386 3649
1784276990602 0.2901354432106018 3650
1784276990613 0.17550857365131378 3651
1784276990625 0.3965791165828705 3652
1784276990637 0.47704270482063293 3653
1784276990648 0.15370798110961914 3654
1784276990660 0.41375309228897095 3655
1784276990674 0.28918716311454773 3656
1784276990684 0.21644434332847595 3657
1784276990696 0.4763391315937042 3658
1784276990707 0.1510237455368042 3659
1784276990716 0.3565371334552765 3660
1784276990728 0.29183244705200195 3661
1784276990739 0.12211661785840988 3662
1784276990751 0.3417302668094635 3663
1784276990761 0.2853083610534668 3664
1784276990772 0.21343682706356049 3665
1784276990784 0.15145167708396912 3666
1784276990794 0.10015740990638733 3667
1784276990807 0.5427528023719788 3668
1784276990819 0.1592179238796234 3669
1784276990830 0.2591799795627594 3670
1784276990841 0.22931450605392456 3671
1784276990885 0.27290239930152893 3672
1784276990914 0.1771228313446045 3673
1784276990938 0.0833560898900032 3674
1784276990949 0.342929869890213 3675
1784276990961 0.6774510741233826 3676
1784276990972 0.21052199602127075 3677
1784276990983 0.18387481570243835 3678
1784276990995 0.14819477498531342 3679
1784276991007 0.2607473134994507 3680
1784276991019 0.24735817313194275 3681
1784276991030 0.1535676270723343 3682
1784276991043 0.3008897304534912 3683
1784276991057 0.3929671049118042 3684
1784276991068 0.4789949655532837 3685
1784276991080 0.5027526617050171 3686
1784276991091 0.34994587302207947 3687
1784276991103 0.3988187313079834 3688
1784276991113 0.4106106758117676 3689
1784276991125 0.4188905656337738 3690
1784276991137 0.3467981219291687 3691
1784276991149 0.2817626893520355 3692
1784276991159 0.27881526947021484 3693
1784276991170 0.30568239092826843 3694
1784276991182 0.13742929697036743 3695
1784276991194 0.49093949794769287 3696
1784276991206 0.10032722353935242 3697
1784276991217 0.38279449939727783 3698
1784276991230 0.20693793892860413 3699
1784276991241 0.24829673767089844 3700
1784276991255 0.2960960566997528 3701
1784276991265 0.21627061069011688 3702
1784276991275 0.146900475025177 3703
1784276991286 0.06923004239797592 3704
1784276991296 0.3643478453159332 3705
1784276991308 0.22307249903678894 3706
1784276991320 0.058657724410295486 3707
1784276991331 0.28201034665107727 3708
1784276991341 0.5898953676223755 3709
1784276991350 0.2841591238975525 3710
1784276991359 0.3845500648021698 3711
1784276991369 0.720695972442627 3712
1784276991380 0.21510480344295502 3713
1784276991392 0.8718559145927429 3714
1784276991403 0.07144451141357422 3715
1784276991414 0.45219334959983826 3716
1784276991426 0.29318591952323914 3717
1784276991437 0.14996787905693054 3718
1784276991448 0.31637200713157654 3719
1784276991461 0.43962979316711426 3720
1784276991474 0.3954903781414032 3721
1784276991486 0.10386311262845993 3722
1784276991498 0.3060537278652191 3723
1784276991511 0.5492077469825745 3724
1784276991523 0.3018561601638794 3725
1784276991535 0.2802298069000244 3726
1784276991546 0.5780901908874512 3727
1784276991558 0.1917630434036255 3728
1784276991570 0.20455823838710785 3729
1784276991581 0.28246116638183594 3730
1784276991594 0.25220298767089844 3731
1784276991607 0.4167349338531494 3732
1784276991620 0.16595754027366638 3733
1784276991632 0.32322412729263306 3734
1784276991646 0.11353185027837753 3735
1784276991658 0.2485390156507492 3736
1784276991670 0.25840479135513306 3737
1784276991681 0.40710026025772095 3738
1784276991693 0.22993366420269012 3739
1784276991705 0.7032669186592102 3740
1784276991717 0.21914005279541016 3741
1784276991730 0.26090162992477417 3742
1784276991742 0.21749447286128998 3743
1784276991755 0.5031494498252869 3744
1784276991767 0.22273573279380798 3745
1784276991780 0.6166578531265259 3746
1784276991792 0.29937782883644104 3747
1784276991804 0.1215924471616745 3748
1784276991817 0.17170031368732452 3749
1784276992827 0.1989392191171646 3750
1784276992839 0.24587051570415497 3751
1784276992850 0.27304592728614807 3752
1784276992863 0.15499506890773773 3753
1784276992875 0.6060047745704651 3754
1784276992887 0.3845946788787842 3755
1784276992898 0.16860777139663696 3756
1784276992909 0.24345353245735168 3757
1784276992919 0.35678258538246155 3758
1784276992929 0.26625868678092957 3759
1784276992941 0.16195198893547058 3760
1784276992953 0.2896305024623871 3761
1784276992963 0.12869873642921448 3762
1784276992973 0.37307485938072205 3763
1784276992985 0.1262875199317932 3764
1784276992995 0.25508543848991394 3765
1784276993007 0.14302508533000946 3766
1784276993021 0.5282410383224487 3767
1784276993033 0.4825776219367981 3768
1784276993044 0.2753448486328125 3769
1784276993057 0.20228101313114166 3770
1784276993067 0.1587792932987213 3771
1784276993092 0.19225841760635376 3772
1784276993104 0.23923715949058533 3773
1784276993114 0.2923794090747833 3774
1784276993127 0.20093506574630737 3775
1784276993141 0.3196078836917877 3776
1784276993152 0.4336802661418915 3777
1784276993163 0.3248843848705292 3778
1784276993175 0.13831980526447296 3779
1784276993187 0.27446725964546204 3780
1784276993199 0.3061447739601135 3781
1784276993209 0.2756996750831604 3782
1784276993221 0.31728067994117737 3783
1784276993232 0.5748279094696045 3784
1784276993242 0.28339850902557373 3785
1784276993253 0.09105142951011658 3786
1784276993263 0.20335109531879425 3787
1784276993274 0.21513380110263824 3788
1784276993287 0.34337711334228516 3789
1784276993298 0.2564767599105835 3790
1784276993309 0.1361849159002304 3791
1784276993320 0.21536682546138763 3792
1784276993330 0.2697121500968933 3793
1784276993340 0.877372145652771 3794
1784276993350 0.24549470841884613 3795
1784276993362 0.23438496887683868 3796
1784276993373 0.10906917601823807 3797
1784276993386 0.17477566003799438 3798
1784276993399 0.23876215517520905 3799
1784276993410 0.28329962491989136 3800
1784276993421 0.20103326439857483 3801
1784276993431 0.26201099157333374 3802
1784276993441 0.5295535922050476 3803
1784276993453 0.4277667999267578 3804
1784276993464 0.6582875847816467 3805
1784276993475 0.3705786466598511 3806
1784276993486 0.439490407705307 3807
1784276993497 0.1150987297296524 3808
1784276993510 0.22161997854709625 3809
1784276993521 0.20113524794578552 3810
1784276993531 0.09814263135194778 3811
1784276993542 0.4591221511363983 3812
1784276993553 0.22217804193496704 3813
1784276993563 0.2858949303627014 3814
1784276993575 0.6954347491264343 3815
1784276993587 0.16152004897594452 3816
1784276993598 0.4266955852508545 3817
1784276993613 0.24896718561649323 3818
1784276993625 0.27581629157066345 3819
1784276993638 0.2645733952522278 3820
1784276993649 0.3451685905456543 3821
1784276993661 0.2492114156484604 3822
1784276993672 0.15422819554805756 3823
1784276993681 0.3045910596847534 3824
1784276993693 0.824323296546936 3825
1784276993704 0.19507282972335815 3826
1784276993716 0.48627907037734985 3827
1784276993728 0.2955061197280884 3828
1784276993740 0.7869724035263062 3829
1784276993752 0.6012148261070251 3830
1784276993762 0.24736635386943817 3831
1784276993774 0.19022288918495178 3832
1784276993786 0.44177910685539246 3833
1784276993797 0.2694180905818939 3834
1784276993809 0.2955215573310852 3835
1784276993821 0.4349939525127411 3836
1784276993831 0.21068739891052246 3837
1784276993844 0.539889395236969 3838
1784276993855 0.4433371424674988 3839
1784276993867 0.3266107141971588 3840
1784276993879 0.40539512038230896 3841
1784276993891 0.24575471878051758 3842
1784276993903 0.24326418340206146 3843
1784276993915 0.14782196283340454 3844
1784276993926 0.21613575518131256 3845
1784276993937 0.2189856320619583 3846
1784276993948 0.25430092215538025 3847
1784276993960 0.2652508020401001 3848
1784276993971 0.2841207683086395 3849
1784276993982 0.8204056024551392 3850
1784276993995 0.06544273346662521 3851
1784276994005 0.2497481256723404 3852
1784276994017 0.12946413457393646 3853
1784276994029 0.5824156403541565 3854
1784276994040 0.2898399829864502 3855
1784276994051 0.10536570847034454 3856
1784276994062 0.2868530750274658 3857
1784276994073 0.12802797555923462 3858
1784276994084 0.4018784463405609 3859
1784276994096 0.2606864273548126 3860
1784276994108 0.38853567838668823 3861
1784276994119 0.08782674372196198 3862
1784276994129 0.5790517330169678 3863
1784276994141 0.38567933440208435 3864
1784276994151 0.6414140462875366 3865
1784276994162 0.1946609765291214 3866
1784276994172 0.16349954903125763 3867
1784276994182 0.6512477993965149 3868
1784276994193 0.5729429125785828 3869
1784276994205 0.35798147320747375 3870
1784276994216 0.38104555010795593 3871
1784276994228 0.19181954860687256 3872
1784276994239 0.2664048969745636 3873
1784276994248 0.4324730336666107 3874
1784276994259 0.23610813915729523 3875
1784276994270 0.43368905782699585 3876
1784276994281 0.329206258058548 3877
1784276994295 0.2376236915588379 3878
1784276994308 0.46784287691116333 3879
1784276994323 0.18080450594425201 3880
1784276994334 0.320104718208313 3881
1784276994352 0.511326253414154 3882
1784276994365 0.5615485906600952 3883
1784276994379 0.31406480073928833 3884
1784276994396 0.0806570053100586 3885
1784276994411 0.08852981775999069 3886
1784276994425 0.43270280957221985 3887
1784276994438 0.6355447173118591 3888
1784276994451 0.769507110118866 3889
1784276994464 0.11858832836151123 3890
1784276994479 0.16679641604423523 3891
1784276994492 0.3556493818759918 3892
1784276994505 0.3136787414550781 3893
1784276994518 0.3210775554180145 3894
1784276994531 0.06454617530107498 3895
1784276994546 0.21687591075897217 3896
1784276994558 0.2641851305961609 3897
1784276994571 0.14349842071533203 3898
1784276994584 0.27027973532676697 3899
1784276994597 0.3061879873275757 3900
1784276994609 0.28155598044395447 3901
1784276994622 0.2582705616950989 3902
1784276994633 0.4616914391517639 3903
1784276994646 0.16658833622932434 3904
1784276994660 0.1475444883108139 3905
1784276994674 0.581229031085968 3906
1784276994687 0.19663356244564056 3907
1784276994701 0.22497346997261047 3908
1784276994714 0.34419161081314087 3909
1784276994727 0.17548313736915588 3910
1784276994741 0.9638429880142212 3911
1784276994755 0.08658767491579056 3912
1784276994768 0.4031360447406769 3913
1784276994781 0.44570398330688477 3914
1784276994797 0.630077064037323 3915
1784276994813 0.13436754047870636 3916
1784276994826 0.35260209441185 3917
1784276994839 0.9936338663101196 3918
1784276994850 0.28480032086372375 3919
1784276994862 0.25329694151878357 3920
1784276994876 0.22801430523395538 3921
1784276994890 0.43657803535461426 3922
1784276994907 0.3535833954811096 3923
1784276994924 0.21681813895702362 3924
1784276994938 0.1536853313446045 3925
1784276994952 0.2185973972082138 3926
1784276994966 0.12297075241804123 3927
1784276994981 0.2156655490398407 3928
1784276994996 0.5052758455276489 3929
1784276995009 0.11076240986585617 3930
1784276995019 0.365020751953125 3931
1784276995032 0.22985105216503143 3932
1784276995042 0.3518151044845581 3933
1784276995054 0.45098161697387695 3934
1784276995067 0.5626838803291321 3935
1784276995079 0.19396933913230896 3936
1784276995091 0.23405468463897705 3937
1784276995103 0.11736404895782471 3938
1784276995113 0.2290235459804535 3939
1784276995126 0.3125304579734802 3940
1784276995138 0.31604528427124023 3941
1784276995148 0.2827959656715393 3942
1784276995162 0.25298652052879333 3943
1784276995180 0.08295721560716629 3944
1784276995194 0.4378863275051117 3945
1784276995205 0.29674094915390015 3946
1784276995217 0.24859173595905304 3947
1784276995228 0.2971321642398834 3948
1784276995241 0.2555980682373047 3949
1784276995252 0.2705878019332886 3950
1784276995264 0.3373684883117676 3951
1784276995275 0.35208362340927124 3952
1784276995286 0.16254468262195587 3953
1784276995297 0.23521341383457184 3954
1784276995310 0.6605386734008789 3955
1784276995321 0.3138795495033264 3956
1784276995331 0.256408154964447 3957
1784276995343 0.3074283301830292 3958
1784276995354 0.21452966332435608 3959
1784276995364 0.5112444162368774 3960
1784276995375 0.05274581536650658 3961
1784276995387 0.32982224225997925 3962
1784276995398 0.4382024109363556 3963
1784276995411 0.2776276767253876 3964
1784276995423 0.44018301367759705 3965
1784276995434 0.19172905385494232 3966
1784276995446 0.22894836962223053 3967
1784276995457 0.16899226605892181 3968
1784276995469 0.4923500120639801 3969
1784276995480 0.31984254717826843 3970
1784276995493 0.20279337465763092 3971
1784276995507 0.3200259804725647 3972
1784276995519 0.0762777179479599 3973
1784276995530 0.3074668347835541 3974
1784276995543 0.1185474693775177 3975
1784276995554 0.23919005692005157 3976
1784276995565 0.2320822924375534 3977
1784276995575 0.09749265015125275 3978
1784276995586 0.39203137159347534 3979
1784276995596 0.23200860619544983 3980
1784276995607 0.28938207030296326 3981
1784276995620 0.28455013036727905 3982
1784276995630 0.17901712656021118 3983
1784276995644 0.46007877588272095 3984
1784276995655 0.07820554822683334 3985
1784276995667 0.7785118818283081 3986
1784276995679 0.20746847987174988 3987
1784276995691 0.20411016047000885 3988
1784276995703 0.46059101819992065 3989
1784276995715 0.3927294909954071 3990
1784276995725 0.3292781710624695 3991
1784276995736 0.23555916547775269 3992
1784276995748 0.15295709669589996 3993
1784276995760 0.09559671580791473 3994
1784276995771 0.3008888363838196 3995
1784276995781 0.19328609108924866 3996
1784276995793 0.5772005915641785 3997
1784276995803 0.47777169942855835 3998
1784276995813 0.28605005145072937 3999
1784276995825 0.30415430665016174 4000
1784276995837 0.1178518757224083 4001
1784276995848 0.4063323438167572 4002
1784276995860 0.18657031655311584 4003
1784276995872 0.17395003139972687 4004
1784276995883 0.31057316064834595 4005
1784276995895 0.3916703164577484 4006
1784276995906 0.10764772444963455 4007
1784276995917 0.227155864238739 4008
1784276995929 0.3340112268924713 4009
1784276995942 0.6474035382270813 4010
1784276995954 0.0863887220621109 4011
1784276995965 0.06179068610072136 4012
1784276995978 0.16947045922279358 4013
1784276995988 0.07958542555570602 4014
1784276995998 0.37233802676200867 4015
1784276996010 0.17729249596595764 4016
1784276996022 0.19872260093688965 4017
1784276996032 0.7351820468902588 4018
1784276996044 0.10763823240995407 4019
1784276996055 0.2900802195072174 4020
1784276996068 0.21185854077339172 4021
1784276996079 0.21848773956298828 4022
1784276996094 0.21307219564914703 4023
1784276996108 0.21135160326957703 4024
1784276996120 0.552405059337616 4025
1784276996132 0.29814696311950684 4026
1784276996144 0.41445645689964294 4027
1784276996156 0.8716486692428589 4028
1784276996168 0.14420580863952637 4029
1784276996179 0.480795294046402 4030
1784276996191 0.500292956829071 4031
1784276996202 0.3311820328235626 4032
1784276996214 0.13740748167037964 4033
1784276996225 0.4383868873119354 4034
1784276996237 0.4406931400299072 4035
1784276996248 0.12071024626493454 4036
1784276996259 0.5292205214500427 4037
1784276996270 0.7231021523475647 4038
1784276996281 0.22437837719917297 4039
1784276996292 0.18151667714118958 4040
1784276996303 0.36351826786994934 4041
1784276996314 0.3012966215610504 4042
1784276996327 0.4892653822898865 4043
1784276996338 0.4725838899612427 4044
1784276996349 0.32795730233192444 4045
1784276996359 0.3530316948890686 4046
1784276996370 0.333910197019577 4047
1784276996380 0.24729537963867188 4048
1784276996393 0.6002590656280518 4049
1784276996402 0.23268850147724152 4050
1784276996412 0.32036498188972473 4051
1784276996421 0.15722094476222992 4052
1784276996434 0.19482044875621796 4053
1784276996446 0.23953324556350708 4054
1784276996456 0.28254637122154236 4055
1784276996467 0.26907962560653687 4056
1784276996478 0.36294424533843994 4057
1784276996489 0.28726184368133545 4058
1784276996501 0.17352287471294403 4059
1784276996512 0.07647432386875153 4060
1784276996524 0.24232007563114166 4061
1784276996535 0.29452621936798096 4062
1784276996545 0.12642966210842133 4063
1784276996557 0.23308849334716797 4064
1784276996568 0.12346288561820984 4065
1784276996578 0.3035537600517273 4066
1784276996588 0.39343586564064026 4067
1784276996600 0.3657545745372772 4068
1784276996610 0.3723583221435547 4069
1784276996622 0.2433239370584488 4070
1784276996634 0.26180779933929443 4071
1784276996644 0.20499438047409058 4072
1784276996654 0.1986011415719986 4073
1784276996666 0.5524299740791321 4074
1784276996677 0.17295576632022858 4075
1784276996690 0.4112457036972046 4076
1784276996702 0.15090607106685638 4077
1784276996714 0.37876829504966736 4078
1784276996727 0.2530975341796875 4079
1784276996739 0.17918609082698822 4080
1784276996750 0.1848880648612976 4081
1784276996764 0.3328324258327484 4082
1784276996777 0.3232710361480713 4083
1784276996791 0.3337506055831909 4084
1784276996803 0.2353682965040207 4085
1784276996814 0.22065657377243042 4086
1784276996827 0.3205529451370239 4087
1784276996838 0.464969664812088 4088
1784276996849 0.25935837626457214 4089
1784276996860 0.3700648546218872 4090
1784276996872 0.3234531879425049 4091
1784276996884 0.2303144335746765 4092
1784276996894 0.3777230381965637 4093
1784276996906 0.5208010077476501 4094
1784276996918 0.6203562021255493 4095
1784276996930 0.4456084370613098 4096
1784276996941 0.41536709666252136 4097
1784276996953 0.20036959648132324 4098
1784276996964 0.553642988204956 4099
1784276996976 0.29227960109710693 4100
1784276996987 0.34499335289001465 4101
1784276996998 0.5154070258140564 4102
1784276997010 0.2332681268453598 4103
1784276997022 0.2906177043914795 4104
1784276997032 0.3762432932853699 4105
1784276997045 0.12141809612512589 4106
1784276997054 0.5336460471153259 4107
1784276997065 0.34178459644317627 4108
1784276997076 0.41287967562675476 4109
1784276997093 0.05565717816352844 4110
1784276997105 0.3849807381629944 4111
1784276997122 0.3502839207649231 4112
1784276997136 0.24099712073802948 4113
1784276997148 0.099266916513443 4114
1784276997161 0.6123371720314026 4115
1784276997173 0.49910789728164673 4116
1784276997185 0.2962471842765808 4117
1784276997198 0.274474561214447 4118
1784276997209 0.6742298603057861 4119
1784276997220 0.3125152289867401 4120
1784276997231 0.37504878640174866 4121
1784276997243 0.3705559968948364 4122
1784276997255 0.48581835627555847 4123
1784276997266 0.12494389712810516 4124
1784276997279 0.1864900290966034 4125
1784276997291 0.26314160227775574 4126
1784276997303 0.1600271463394165 4127
1784276997314 0.2032245248556137 4128
1784276997325 0.18103018403053284 4129
1784276997337 0.251039057970047 4130
1784276997349 0.2660009562969208 4131
1784276997359 0.2683296203613281 4132
1784276997371 0.5169274210929871 4133
1784276997385 0.5934062600135803 4134
1784276997397 0.23552319407463074 4135
1784276997409 0.37543848156929016 4136
1784276997420 0.12813279032707214 4137
1784276997431 0.3548039197921753 4138
1784276997442 0.12024881690740585 4139
1784276997453 0.22288596630096436 4140
1784276997464 0.14810721576213837 4141
1784276997475 0.15445436537265778 4142
1784276997487 0.27131369709968567 4143
1784276997497 0.38911303877830505 4144
1784276997509 0.3999159634113312 4145
1784276997521 0.20229457318782806 4146
1784276997532 0.1332007497549057 4147
1784276997545 0.19257554411888123 4148
1784276997557 0.2927247881889343 4149
1784276997569 0.19462986290454865 4150
1784276997579 0.1272546499967575 4151
1784276997590 0.4073253273963928 4152
1784276997599 0.424734503030777 4153
1784276997610 0.23757028579711914 4154
1784276997623 0.27620795369148254 4155
1784276997635 0.41631120443344116 4156
1784276997649 0.28982844948768616 4157
1784276997660 0.4305085241794586 4158
1784276997673 0.12210100889205933 4159
1784276997684 0.18068329989910126 4160
1784276997693 0.14960888028144836 4161
1784276997704 0.3504449427127838 4162
1784276997713 0.08562325686216354 4163
1784276997725 0.3934136629104614 4164
1784276997737 0.3794991672039032 4165
1784276997748 0.2929002642631531 4166
1784276997759 0.20532003045082092 4167
1784276997770 0.20657524466514587 4168
1784276997781 0.42161425948143005 4169
1784276997793 0.5850555896759033 4170
1784276997805 0.1631675660610199 4171
1784276997816 0.6146393418312073 4172
1784276997828 0.18231406807899475 4173
1784276997840 0.34137144684791565 4174
1784276997853 0.22639615833759308 4175
1784276997863 0.27151796221733093 4176
1784276997876 0.46153727173805237 4177
1784276997888 0.09185796976089478 4178
1784276997901 0.2034459114074707 4179
1784276997912 0.1898421198129654 4180
1784276997923 0.27149519324302673 4181
1784276997934 0.5222989320755005 4182
1784276997945 0.37007805705070496 4183
1784276997957 0.15877315402030945 4184
1784276997966 0.48108887672424316 4185
1784276997980 0.26319265365600586 4186
1784276997990 0.28293585777282715 4187
1784276998002 0.5235408544540405 4188
1784276998013 0.39782458543777466 4189
1784276998024 0.17900130152702332 4190
1784276998036 0.11403106153011322 4191
1784276998048 0.3174448013305664 4192
1784276998060 0.36528268456459045 4193
1784276998071 0.2286248356103897 4194
1784276998083 0.1784544587135315 4195
1784276998093 0.765293300151825 4196
1784276998107 0.5229698419570923 4197
1784276998119 0.5313361287117004 4198
1784276998131 0.2398427277803421 4199
1784276998143 0.22555379569530487 4200
1784276998153 0.16343875229358673 4201
1784276998163 0.2964770197868347 4202
1784276998174 0.1884452998638153 4203
1784276998184 0.3869914710521698 4204
1784276998194 0.4702596068382263 4205
1784276998206 0.6365265846252441 4206
1784276998218 0.11099075525999069 4207
1784276998232 0.2844255268573761 4208
1784276998243 0.17509892582893372 4209
1784276998255 0.4116428792476654 4210
1784276998264 0.25139811635017395 4211
1784276998275 0.2826405167579651 4212
1784276998285 0.1532260775566101 4213
1784276998295 0.3388700783252716 4214
1784276998306 0.42647886276245117 4215
1784276998317 0.20635204017162323 4216
1784276998329 0.3638288378715515 4217
1784276998344 0.13564763963222504 4218
1784276998356 0.4152231812477112 4219
1784276998368 0.6662408709526062 4220
1784276998380 0.30363672971725464 4221
1784276998394 0.30110976099967957 4222
1784276998406 0.2647958993911743 4223
1784276998417 0.44942450523376465 4224
1784276998428 0.48684173822402954 4225
1784276998441 0.17229460179805756 4226
1784276998454 0.32566773891448975 4227
1784276998466 0.4491083025932312 4228
1784276998478 0.23169706761837006 4229
1784276998491 0.2632919251918793 4230
1784276998503 0.3764898478984833 4231
1784276998513 0.21245454251766205 4232
1784276998526 0.23639404773712158 4233
1784276998538 0.44898495078086853 4234
1784276998550 0.3282930552959442 4235
1784276998562 0.1137440875172615 4236
1784276998576 0.05116584897041321 4237
1784276998589 0.6421447992324829 4238
1784276998602 0.19804148375988007 4239
1784276998613 0.3641711175441742 4240
1784276998626 0.14655321836471558 4241
1784276998638 0.5063278675079346 4242
1784276998649 0.5820686221122742 4243
1784276998661 0.27261650562286377 4244
1784276998673 0.061951152980327606 4245
1784276998685 0.21734747290611267 4246
1784276998698 0.1938653439283371 4247
1784276998711 0.4240213930606842 4248
1784276998723 0.3196762502193451 4249
1784276998734 0.6675351858139038 4250
1784276998747 0.1640763133764267 4251
1784276998759 0.22861912846565247 4252
1784276998771 0.3176712393760681 4253
1784276998784 0.21727396547794342 4254
1784276998794 0.17189432680606842 4255
1784276998807 0.44459739327430725 4256
1784276998819 0.29258930683135986 4257
1784276998831 0.43952271342277527 4258
1784276998843 0.24054758250713348 4259
1784276998855 0.25047749280929565 4260
1784276998865 0.34592440724372864 4261
1784276998877 0.349513441324234 4262
1784276998888 0.0635986402630806 4263
1784276998899 0.26590150594711304 4264
1784276998912 0.3533155024051666 4265
1784276998924 0.21111439168453217 4266
1784276998934 0.27495306730270386 4267
1784276998945 0.3715379536151886 4268
1784276998957 0.22958403825759888 4269
1784276998969 0.55109041929245 4270
1784276998980 0.22218456864356995 4271
1784276998992 0.2837071716785431 4272
1784276999004 0.2040393054485321 4273
1784276999017 0.09768673032522202 4274
1784276999029 0.3169046640396118 4275
1784276999041 0.13369120657444 4276
1784276999053 0.16533581912517548 4277
1784276999064 0.15063390135765076 4278
1784276999076 0.29756152629852295 4279
1784276999086 0.38987451791763306 4280
1784276999096 0.4284520149230957 4281
1784276999108 0.42094773054122925 4282
1784276999120 0.6365131735801697 4283
1784276999130 0.12548574805259705 4284
1784276999143 0.3598128855228424 4285
1784276999156 0.11526098847389221 4286
1784276999167 0.733439028263092 4287
1784276999177 0.11060825735330582 4288
1784276999188 0.20654703676700592 4289
1784276999199 0.2789612412452698 4290
1784276999211 0.4233678877353668 4291
1784276999222 0.3069145083427429 4292
1784276999233 0.2174072116613388 4293
1784276999244 0.2983219623565674 4294
1784276999254 0.5180050134658813 4295
1784276999267 0.28624871373176575 4296
1784276999278 0.21429936587810516 4297
1784276999292 0.22031547129154205 4298
1784276999303 0.6020118594169617 4299
1784276999313 0.3569168746471405 4300
1784276999326 0.14690695703029633 4301
1784276999341 0.5705463886260986 4302
1784276999354 0.2602090537548065 4303
1784276999366 0.39778953790664673 4304
1784276999378 0.3441964387893677 4305
1784276999392 0.15826186537742615 4306
1784276999406 0.12975595891475677 4307
1784276999417 0.3262406289577484 4308
1784276999429 0.21692724525928497 4309
1784276999441 0.4241110682487488 4310
1784276999453 0.44718417525291443 4311
1784276999464 0.17209304869174957 4312
1784276999475 0.3265640437602997 4313
1784276999486 0.17079059779644012 4314
1784276999496 0.5590861439704895 4315
1784276999508 0.4431317150592804 4316
1784276999519 0.2086227983236313 4317
1784276999533 0.16463805735111237 4318
1784276999544 0.2814911901950836 4319
1784276999556 0.28795045614242554 4320
1784276999568 0.12461838871240616 4321
1784276999577 0.5360651612281799 4322
1784276999589 0.3476019501686096 4323
1784276999600 0.5782577991485596 4324
1784276999611 0.05484989657998085 4325
1784276999624 0.11378032714128494 4326
1784276999635 0.3934452533721924 4327
1784276999647 0.8414002060890198 4328
1784276999658 0.18498903512954712 4329
1784276999671 0.26586103439331055 4330
1784276999683 0.20240627229213715 4331
1784276999694 0.214097797870636 4332
1784276999706 0.2957695722579956 4333
1784276999718 0.36296311020851135 4334
1784276999729 0.15476074814796448 4335
1784276999741 0.21952229738235474 4336
1784276999752 0.3774794936180115 4337
1784276999762 0.4608815610408783 4338
1784276999773 0.08749565482139587 4339
1784276999786 0.21701332926750183 4340
1784276999797 0.2126942127943039 4341
1784276999808 0.22288623452186584 4342
1784276999820 0.33868351578712463 4343
1784276999830 0.2674473524093628 4344
1784276999843 0.2563552260398865 4345
1784276999854 0.09247416257858276 4346
1784276999864 0.1548161655664444 4347
1784276999878 0.3262961506843567 4348
1784276999890 0.18578821420669556 4349
1784276999902 0.26578158140182495 4350
1784276999913 0.10007093101739883 4351
1784276999924 0.4061279594898224 4352
1784276999936 0.11812765896320343 4353
1784276999947 0.489676296710968 4354
1784276999958 0.1098344698548317 4355
1784276999970 0.2002127766609192 4356
1784276999980 0.48453816771507263 4357
1784276999993 0.2928008437156677 4358
1784277000004 0.3375910520553589 4359
1784277000018 0.5007836222648621 4360
1784277000030 0.10798525810241699 4361
1784277000043 0.5563900470733643 4362
1784277000055 0.3697662949562073 4363
1784277000069 0.22294528782367706 4364
1784277000081 0.2093803435564041 4365
1784277000092 0.6559832096099854 4366
1784277000105 0.17542999982833862 4367
1784277000116 0.33904221653938293 4368
1784277000129 0.5592980980873108 4369
1784277000142 0.18822814524173737 4370
1784277000153 0.1464432179927826 4371
1784277000165 0.4024578332901001 4372
1784277000177 0.23230645060539246 4373
1784277000189 0.13790518045425415 4374
1784277000201 0.17306941747665405 4375
1784277000212 0.34175604581832886 4376
1784277000226 0.3229627013206482 4377
1784277000240 0.3081500828266144 4378
1784277000252 0.4780648350715637 4379
1784277000263 0.3451008200645447 4380
1784277000274 0.24877382814884186 4381
1784277000286 0.23988279700279236 4382
1784277000297 0.1761508285999298 4383
1784277000310 0.12414605170488358 4384
1784277000322 0.28016695380210876 4385
1784277000333 0.5349933505058289 4386
1784277000343 0.3834085166454315 4387
1784277000352 0.17203345894813538 4388
1784277000363 0.21945948898792267 4389
1784277000373 0.25497856736183167 4390
1784277000384 0.18492940068244934 4391
1784277000395 0.19157461822032928 4392
1784277000407 0.3489159345626831 4393
1784277000417 0.18651220202445984 4394
1784277000427 0.3692704439163208 4395
1784277000438 0.22895148396492004 4396
1784277000449 0.28508299589157104 4397
1784277000462 0.06015574187040329 4398
1784277000474 0.22154511511325836 4399
1784277000487 0.4526224136352539 4400
1784277000499 0.46290796995162964 4401
1784277000511 0.30832788348197937 4402
1784277000522 0.32969048619270325 4403
1784277000534 0.5205219984054565 4404
1784277000548 0.19379928708076477 4405
1784277000557 0.2193707823753357 4406
1784277000569 0.15944762527942657 4407
1784277000581 0.29573437571525574 4408
1784277000592 0.4550991952419281 4409
1784277000605 0.2590744197368622 4410
1784277000617 0.1817973107099533 4411
1784277000627 0.8242022395133972 4412
1784277000639 0.21748647093772888 4413
1784277000651 0.5374573469161987 4414
1784277000661 0.5412981510162354 4415
1784277000673 0.3166941702365875 4416
1784277000684 0.24259215593338013 4417
1784277000694 0.5565495491027832 4418
1784277000704 0.4554397165775299 4419
1784277000716 0.6031656861305237 4420
1784277000728 0.16169923543930054 4421
1784277000738 0.1106572076678276 4422
1784277000747 0.37287941575050354 4423
1784277000759 0.2825588881969452 4424
1784277000770 0.27002835273742676 4425
1784277000780 0.3634883463382721 4426
1784277000791 0.7693520188331604 4427
1784277000803 0.5070999264717102 4428
1784277000814 0.3892792761325836 4429
1784277000827 0.08284690231084824 4430
1784277000839 0.2012212872505188 4431
1784277000851 0.339158296585083 4432
1784277000862 0.35483822226524353 4433
1784277000874 0.10869742184877396 4434
1784277000885 0.3175683617591858 4435
1784277000896 0.14120441675186157 4436
1784277000907 0.251415878534317 4437
1784277000919 0.44095319509506226 4438
1784277000930 0.2858128845691681 4439
1784277000942 0.3623981773853302 4440
1784277000953 0.22334197163581848 4441
1784277000965 0.4153037667274475 4442
1784277000977 0.4196130335330963 4443
1784277000989 0.2804200053215027 4444
1784277000999 0.20725247263908386 4445
1784277001010 0.14676174521446228 4446
1784277001023 0.3732798397541046 4447
1784277001040 0.28396716713905334 4448
1784277001051 0.36765870451927185 4449
1784277001063 0.24808311462402344 4450
1784277001074 0.24229615926742554 4451
1784277001085 0.3488447964191437 4452
1784277001096 0.09276111423969269 4453
1784277001108 0.8516038060188293 4454
1784277001119 0.33025577664375305 4455
1784277001130 0.25505203008651733 4456
1784277001142 0.18458053469657898 4457
1784277001153 0.5470369458198547 4458
1784277001164 0.2810521423816681 4459
1784277001176 0.2138475626707077 4460
1784277001188 0.544983446598053 4461
1784277001200 1.0577410459518433 4462
1784277001211 0.18906863033771515 4463
1784277001223 0.23720653355121613 4464
1784277001235 0.2871519923210144 4465
1784277001246 0.40014538168907166 4466
1784277001258 0.11807510256767273 4467
1784277001269 0.5004379749298096 4468
1784277001282 0.1936635822057724 4469
1784277001294 0.41934406757354736 4470
1784277001306 0.6355338096618652 4471
1784277001317 0.19884611666202545 4472
1784277001329 0.33602121472358704 4473
1784277001341 0.16746382415294647 4474
1784277001352 0.08637753874063492 4475
1784277001363 0.3880957067012787 4476
1784277001375 0.43989530205726624 4477
1784277001385 0.3625863194465637 4478
1784277001396 0.1805068701505661 4479
1784277001409 0.32201334834098816 4480
1784277001421 0.5236871838569641 4481
1784277001429 0.48705893754959106 4482
1784277001440 0.3425885736942291 4483
1784277001449 0.17298384010791779 4484
1784277001460 0.4042654037475586 4485
1784277001473 0.07726992666721344 4486
1784277001484 0.2586396336555481 4487
1784277001495 0.3749750852584839 4488
1784277001507 0.13168498873710632 4489
1784277001516 0.24904116988182068 4490
1784277001526 0.3444903492927551 4491
1784277001536 0.33960774540901184 4492
1784277001546 0.10347981750965118 4493
1784277001558 0.174789160490036 4494
1784277001570 0.39679816365242004 4495
1784277001585 0.26114824414253235 4496
1784277001597 0.6577143669128418 4497
1784277001611 0.9737930297851562 4498
1784277001624 0.27994897961616516 4499
1784277001637 0.3480723202228546 4500
1784277001651 0.141269713640213 4501
1784277001662 0.4120508134365082 4502
1784277001674 0.2274502068758011 4503
1784277001686 0.2975541651248932 4504
1784277001698 0.2759310305118561 4505
1784277001709 0.26105162501335144 4506
1784277001719 0.16566826403141022 4507
1784277001730 0.14328277111053467 4508
1784277001742 0.42486175894737244 4509
1784277001754 0.43682554364204407 4510
1784277001765 0.3945738673210144 4511
1784277001775 0.1779886931180954 4512
1784277001786 0.3621561825275421 4513
1784277001797 0.2665746510028839 4514
1784277001807 0.14543043076992035 4515
1784277001819 0.16565079987049103 4516
1784277001831 0.2946072220802307 4517
1784277001841 0.1981661021709442 4518
1784277001852 0.4088405668735504 4519
1784277001863 0.3808871805667877 4520
1784277001874 0.30129823088645935 4521
1784277001885 0.37257394194602966 4522
1784277001897 0.21935343742370605 4523
1784277001909 0.17507679760456085 4524
1784277001920 0.161692276597023 4525
1784277001929 0.14582158625125885 4526
1784277001941 0.30924493074417114 4527
1784277001953 0.17884612083435059 4528
1784277001965 0.5407243371009827 4529
1784277001976 0.1749245524406433 4530
1784277001989 0.1655500829219818 4531
1784277002001 0.14316636323928833 4532
1784277002013 0.17351913452148438 4533
1784277002023 0.27168574929237366 4534
1784277002034 0.42288127541542053 4535
1784277002044 0.11434011161327362 4536
1784277002054 0.27733084559440613 4537
1784277002063 0.3515195846557617 4538
1784277002074 0.3393101692199707 4539
1784277002086 0.1865645796060562 4540
1784277002097 0.3753461539745331 4541
1784277002110 0.41368746757507324 4542
1784277002123 0.2309139519929886 4543
1784277002136 0.26364070177078247 4544
1784277002146 0.273069828748703 4545
1784277002156 0.6407700181007385 4546
1784277002169 0.3783179521560669 4547
1784277002181 0.2854374051094055 4548
1784277002192 0.2722635865211487 4549
1784277002204 0.2387097030878067 4550
1784277002215 0.48324406147003174 4551
1784277002227 0.6706967353820801 4552
1784277002240 0.18164394795894623 4553
1784277002252 0.24297669529914856 4554
1784277002262 0.0854712575674057 4555
1784277002273 0.3400253355503082 4556
1784277002285 0.3442300856113434 4557
1784277002296 0.9042667150497437 4558
1784277002306 0.07376990467309952 4559
1784277002316 0.23070356249809265 4560
1784277002326 0.31413328647613525 4561
1784277002338 0.16101455688476562 4562
1784277002350 0.32668718695640564 4563
1784277002361 0.45687615871429443 4564
1784277002372 0.24006839096546173 4565
1784277002384 0.19742894172668457 4566
1784277002396 0.4471937417984009 4567
1784277002408 0.28408777713775635 4568
1784277002418 0.21206627786159515 4569
1784277002429 0.23487922549247742 4570
1784277002441 0.041769735515117645 4571
1784277002453 1.0973284244537354 4572
1784277002463 0.35599231719970703 4573
1784277002475 0.11441503465175629 4574
1784277002487 0.16436585783958435 4575
1784277002499 0.2288789302110672 4576
1784277002510 0.6163787841796875 4577
1784277002521 0.1984192132949829 4578
1784277002534 0.19110149145126343 4579
1784277002545 0.30487552285194397 4580
1784277002557 0.08878006041049957 4581
1784277002568 0.6761710047721863 4582
1784277002579 0.4063282608985901 4583
1784277002591 0.7909426093101501 4584
1784277002603 0.3631840944290161 4585
1784277002614 0.16623789072036743 4586
1784277002627 0.33459392189979553 4587
1784277002639 0.38263896107673645 4588
1784277002651 0.24806229770183563 4589
1784277002662 0.4593488276004791 4590
1784277002673 0.5360508561134338 4591
1784277002685 0.278232604265213 4592
1784277002696 0.2262229025363922 4593
1784277002712 0.3089044988155365 4594
1784277002725 0.4019621014595032 4595
1784277002736 0.5100032687187195 4596
1784277002748 0.3505932092666626 4597
1784277002760 0.30850082635879517 4598
1784277002771 0.3777454197406769 4599
1784277002783 0.1648135781288147 4600
1784277002794 0.12562738358974457 4601
1784277002806 0.34674909710884094 4602
1784277002818 0.23525215685367584 4603
1784277002829 0.15954096615314484 4604
1784277002841 0.16606688499450684 4605
1784277002853 0.17935271561145782 4606
1784277002864 0.4046242833137512 4607
1784277002876 0.3444875478744507 4608
1784277002888 0.6852470636367798 4609
1784277002899 0.4944342076778412 4610
1784277002909 0.6681320071220398 4611
1784277002919 0.09180721640586853 4612
1784277002931 0.18149372935295105 4613
1784277002943 0.6248359680175781 4614
1784277002954 0.41998669505119324 4615
1784277002965 0.17058676481246948 4616
1784277002975 0.22607457637786865 4617
1784277002988 0.09511100500822067 4618
1784277002997 0.45196425914764404 4619
1784277003009 0.23909170925617218 4620
1784277003022 0.38854968547821045 4621
1784277003033 0.3469815254211426 4622
1784277003044 0.5792845487594604 4623
1784277003056 0.1487620323896408 4624
1784277003068 0.23593714833259583 4625
1784277003078 0.2874893248081207 4626
1784277003090 0.19374416768550873 4627
1784277003102 0.44508299231529236 4628
1784277003112 0.3215758502483368 4629
1784277003125 0.18955443799495697 4630
1784277003136 0.33614546060562134 4631
1784277003147 0.2707436680793762 4632
1784277003158 0.1420476883649826 4633
1784277003170 0.5753510594367981 4634
1784277003179 0.22742153704166412 4635
1784277003191 0.32665586471557617 4636
1784277003203 0.18432652950286865 4637
1784277003214 0.17869408428668976 4638
1784277003226 0.4424409568309784 4639
1784277003239 0.3375559449195862 4640
1784277003251 0.8836321234703064 4641
1784277003262 0.0894092544913292 4642
1784277003273 0.3305107057094574 4643
1784277003285 0.32204878330230713 4644
1784277003295 0.2113870531320572 4645
1784277003307 0.6760297417640686 4646
1784277003319 0.4157867729663849 4647
1784277003330 0.25667229294776917 4648
1784277003342 0.24840210378170013 4649
1784277003354 0.32674726843833923 4650
1784277003367 0.11150462925434113 4651
1784277003379 0.2202099859714508 4652
1784277003390 0.4829338788986206 4653
1784277003404 0.29208025336265564 4654
1784277003418 0.19366201758384705 4655
1784277003430 0.15078985691070557 4656
1784277003443 0.3000253140926361 4657
1784277003456 0.34577345848083496 4658
1784277003469 0.3026702404022217 4659
1784277003481 0.5256402492523193 4660
1784277003492 0.3268654942512512 4661
1784277003505 0.1271296739578247 4662
1784277003517 0.33858558535575867 4663
1784277003529 0.093105249106884 4664
1784277003541 0.3074330985546112 4665
1784277003553 0.23281429708003998 4666
1784277003563 0.210951566696167 4667
1784277003574 0.2535882592201233 4668
1784277003588 0.41548970341682434 4669
1784277003601 0.3628334105014801 4670
1784277003613 0.46626633405685425 4671
1784277003624 0.3237931728363037 4672
1784277003635 0.7547311782836914 4673
1784277003648 0.13577045500278473 4674
1784277003658 0.24844232201576233 4675
1784277003671 0.3671600818634033 4676
1784277003683 0.8097426295280457 4677
1784277003694 0.3657870292663574 4678
1784277003706 0.4101865887641907 4679
1784277003718 0.13579916954040527 4680
1784277003729 0.19987431168556213 4681
1784277003742 0.19070453941822052 4682
1784277003753 0.4321106970310211 4683
1784277003767 0.46457839012145996 4684
1784277003781 0.35980308055877686 4685
1784277003795 0.42170414328575134 4686
1784277003808 0.3630809783935547 4687
1784277003821 0.24337032437324524 4688
1784277003836 0.356357604265213 4689
1784277003849 0.38997843861579895 4690
1784277003863 0.4346335530281067 4691
1784277003878 0.1293608695268631 4692
1784277003888 0.679149866104126 4693
1784277003898 0.5264438986778259 4694
1784277003911 0.20335054397583008 4695
1784277003923 0.20041637122631073 4696
1784277003936 0.8248074054718018 4697
1784277003948 0.12124764174222946 4698
1784277003960 0.15879696607589722 4699
1784277003971 0.38173893094062805 4700
1784277003984 0.5602021217346191 4701
1784277003994 0.4508383870124817 4702
1784277004011 0.6026284694671631 4703
1784277004022 0.3034816086292267 4704
1784277004035 0.33972597122192383 4705
1784277004048 0.12635409832000732 4706
1784277004060 0.4326123595237732 4707
1784277004072 0.12474210560321808 4708
1784277004085 0.11394976079463959 4709
1784277004098 0.10401152819395065 4710
1784277004110 0.06551437079906464 4711
1784277004123 0.18518999218940735 4712
1784277004134 0.3126057982444763 4713
1784277004143 0.5188583135604858 4714
1784277004154 0.5378136038780212 4715
1784277004164 0.2338883876800537 4716
1784277004175 0.11680136620998383 4717
1784277004184 0.2989145815372467 4718
1784277004193 0.25856268405914307 4719
1784277004204 0.31446540355682373 4720
1784277004214 0.30087167024612427 4721
1784277004226 0.12395250797271729 4722
1784277004238 0.388632208108902 4723
1784277004250 0.22894571721553802 4724
1784277004262 0.36923083662986755 4725
1784277004274 0.06623264402151108 4726
1784277004285 0.21217328310012817 4727
1784277004297 0.1486414223909378 4728
1784277004308 0.5286039710044861 4729
1784277004319 0.3815279006958008 4730
1784277004330 0.38224494457244873 4731
1784277004343 0.43941399455070496 4732
1784277004354 0.274027019739151 4733
1784277004365 0.280646950006485 4734
1784277004376 0.13123181462287903 4735
1784277004388 0.5204445123672485 4736
1784277004401 0.14390891790390015 4737
1784277004413 0.1001417487859726 4738
1784277004424 0.4196026027202606 4739
1784277004438 0.15502306818962097 4740
1784277004449 0.20193901658058167 4741
1784277004460 0.3374825716018677 4742
1784277004472 0.450331449508667 4743
1784277004484 0.3828973174095154 4744
1784277004495 0.5790218710899353 4745
1784277004505 0.1535080075263977 4746
1784277004516 0.19666047394275665 4747
1784277004527 0.6525865793228149 4748
1784277004538 0.14194674789905548 4749
1784277004550 0.39841386675834656 4750
1784277004560 0.3448914885520935 4751
1784277004572 0.16776347160339355 4752
1784277004582 0.38283511996269226 4753
1784277004591 0.26696857810020447 4754
1784277004605 0.087565116584301 4755
1784277004616 0.1842985302209854 4756
1784277004625 0.30188214778900146 4757
1784277004635 0.364845871925354 4758
1784277004646 0.10458974540233612 4759
1784277004656 0.7526617646217346 4760
1784277004666 0.5337227582931519 4761
1784277004676 0.48393937945365906 4762
1784277004688 0.13467220962047577 4763
1784277004697 0.8036983609199524 4764
1784277004709 0.4139341711997986 4765
1784277004722 0.7125746607780457 4766
1784277004733 0.30922505259513855 4767
1784277004744 0.27888360619544983 4768
1784277004755 0.3031378388404846 4769
1784277004768 0.16603539884090424 4770
1784277004781 0.21979914605617523 4771
1784277004792 0.14305269718170166 4772
1784277004804 0.16088426113128662 4773
1784277004816 0.26586586236953735 4774
1784277004827 0.2027534544467926 4775
1784277004839 0.3191487789154053 4776
1784277004850 0.29810842871665955 4777
1784277004861 0.2796024978160858 4778
1784277004871 0.5124276280403137 4779
1784277004882 0.590990424156189 4780
1784277004894 0.1852531135082245 4781
1784277004906 0.9563083648681641 4782
1784277004918 0.22607260942459106 4783
1784277004931 0.45455238223075867 4784
1784277004943 0.13156360387802124 4785
1784277004955 0.12838545441627502 4786
1784277004966 0.20708994567394257 4787
1784277004977 0.3047367334365845 4788
1784277004990 0.3441956043243408 4789
1784277005001 0.6539428234100342 4790
1784277005012 0.32681047916412354 4791
1784277005025 0.41344091296195984 4792
1784277005036 0.3506166636943817 4793
1784277005062 0.5071390271186829 4794
1784277005074 0.15928497910499573 4795
1784277005085 0.09106861054897308 4796
1784277005097 0.31521618366241455 4797
1784277005109 0.18214617669582367 4798
1784277005119 0.10067901760339737 4799
1784277005128 0.28005796670913696 4800
1784277005138 0.31870365142822266 4801
1784277005148 0.2800435721874237 4802
1784277005159 0.20919673144817352 4803
1784277005171 0.27439796924591064 4804
1784277005182 0.05505647510290146 4805
1784277005196 0.32860565185546875 4806
1784277005208 0.5534762740135193 4807
1784277005220 0.16521400213241577 4808
1784277005231 0.5237104892730713 4809
1784277005243 0.39550620317459106 4810
1784277005254 0.13838274776935577 4811
1784277005265 0.3993186950683594 4812
1784277005278 0.1605689972639084 4813
1784277005290 0.3767102360725403 4814
1784277005301 0.31188976764678955 4815
1784277005310 0.7828319072723389 4816
1784277005322 0.47524046897888184 4817
1784277005334 0.11056012660264969 4818
1784277005345 0.2322336584329605 4819
1784277005356 0.3102785646915436 4820
1784277005368 0.22826142609119415 4821
1784277005379 0.21448567509651184 4822
1784277005391 0.5624126195907593 4823
1784277005401 0.14978951215744019 4824
1784277005410 0.26835691928863525 4825
1784277005422 0.4051302671432495 4826
1784277005434 0.3055689036846161 4827
1784277005445 0.6211616396903992 4828
1784277005456 0.5091755986213684 4829
1784277005466 0.0692000761628151 4830
1784277005477 0.1923205554485321 4831
1784277005489 0.5435775518417358 4832
1784277005501 0.21874085068702698 4833
1784277005513 0.11424113065004349 4834
1784277005524 0.2420746386051178 4835
1784277005537 0.3310696482658386 4836
1784277005548 0.34117329120635986 4837
1784277005559 0.22713834047317505 4838
1784277005569 0.1677914410829544 4839
1784277005580 0.1683548539876938 4840
1784277005593 0.3879762887954712 4841
1784277005604 0.17891666293144226 4842
1784277005614 0.24713560938835144 4843
1784277005625 0.2467522919178009 4844
1784277005635 0.5824975371360779 4845
1784277005646 0.35437315702438354 4846
1784277005657 0.39720407128334045 4847
1784277005668 0.060330409556627274 4848
1784277005678 0.13882268965244293 4849
1784277005689 0.35805684328079224 4850
1784277005700 0.1562585085630417 4851
1784277005711 0.4721110463142395 4852
1784277005723 0.2524935007095337 4853
1784277005735 0.322214275598526 4854
1784277005745 0.11151943355798721 4855
1784277005757 0.39706864953041077 4856
1784277005768 0.24169820547103882 4857
1784277005778 0.4020880460739136 4858
1784277005790 0.3966217637062073 4859
1784277005801 0.25945091247558594 4860
1784277005813 0.47683900594711304 4861
1784277005825 0.417999267578125 4862
1784277005835 0.05167026445269585 4863
1784277005844 0.20938542485237122 4864
1784277005854 0.20690253376960754 4865
1784277005866 0.22024713456630707 4866
1784277005877 0.13289940357208252 4867
1784277005889 0.09031552076339722 4868
1784277005901 0.25703462958335876 4869
1784277005912 0.20599326491355896 4870
1784277005923 0.33090972900390625 4871
1784277005934 0.23057635128498077 4872
1784277005945 0.3245849013328552 4873
1784277005956 0.1284501850605011 4874
1784277005968 0.4539985656738281 4875
1784277005978 0.4692246615886688 4876
1784277005993 0.419219046831131 4877
1784277006005 0.2915658950805664 4878
1784277006019 0.23822470009326935 4879
1784277006033 0.4912843406200409 4880
1784277006045 0.5737306475639343 4881
1784277006058 0.3993569016456604 4882
1784277006070 0.4139130115509033 4883
1784277006083 0.4253159165382385 4884
1784277006095 0.1896103024482727 4885
1784277006106 0.19458429515361786 4886
1784277006118 0.4112558960914612 4887
1784277006130 0.16631053388118744 4888
1784277006142 0.11968045681715012 4889
1784277006153 0.377811074256897 4890
1784277006165 0.1379288136959076 4891
1784277006176 0.18388503789901733 4892
1784277006188 0.1001993790268898 4893
1784277006199 0.2745636999607086 4894
1784277006210 0.25125938653945923 4895
1784277006222 0.35496997833251953 4896
1784277006234 0.2134552001953125 4897
1784277006244 0.5183826684951782 4898
1784277006256 0.17192256450653076 4899
1784277006268 0.699749767780304 4900
1784277006279 0.17685121297836304 4901
1784277006291 0.22968411445617676 4902
1784277006301 0.372229665517807 4903
1784277006312 0.21928910911083221 4904
1784277006324 0.16009536385536194 4905
1784277006335 0.3538256585597992 4906
1784277006346 0.43718692660331726 4907
1784277006358 0.6923937201499939 4908
1784277006371 0.1928555965423584 4909
1784277006383 0.16100279986858368 4910
1784277006392 0.33367690443992615 4911
1784277006404 0.19113841652870178 4912
1784277006415 0.03903655707836151 4913
1784277006427 0.17562603950500488 4914
1784277006438 0.2897453308105469 4915
1784277006450 0.3884527385234833 4916
1784277006459 0.23344631493091583 4917
1784277006468 0.0709962248802185 4918
1784277006478 0.2105320394039154 4919
1784277006489 0.1802246868610382 4920
1784277006503 0.4507486820220947 4921
1784277006515 0.17846041917800903 4922
1784277006525 0.158136785030365 4923
1784277006538 0.4485032558441162 4924
1784277006548 0.2901894450187683 4925
1784277006558 0.29070037603378296 4926
1784277006568 0.5024951696395874 4927
1784277006579 0.11506517976522446 4928
1784277006591 0.28745904564857483 4929
1784277006602 0.4256574511528015 4930
1784277006614 0.36074838042259216 4931
1784277006627 0.411879301071167 4932
1784277006641 0.6725941300392151 4933
1784277006654 0.16281047463417053 4934
1784277006666 0.5839927196502686 4935
1784277006679 0.3972928524017334 4936
1784277006691 0.06422269344329834 4937
1784277006703 0.14267663657665253 4938
1784277006714 0.14130933582782745 4939
1784277006726 0.3794214427471161 4940
1784277006738 0.4940113425254822 4941
1784277006750 0.16982433199882507 4942
1784277006761 0.22336003184318542 4943
1784277006773 0.5720614194869995 4944
1784277006785 0.3439098298549652 4945
1784277006797 0.3046695291996002 4946
1784277006809 0.23185551166534424 4947
1784277006821 0.16177970170974731 4948
1784277006833 0.3346262276172638 4949
1784277006843 0.23922333121299744 4950
1784277006854 0.447223961353302 4951
1784277006866 0.1513976752758026 4952
1784277006878 0.34909695386886597 4953
1784277006889 0.12709730863571167 4954
1784277006900 0.3023041784763336 4955
1784277006909 0.15876136720180511 4956
1784277006919 0.12554152309894562 4957
1784277006929 0.20204675197601318 4958
1784277006942 0.3592278063297272 4959
1784277006954 0.2386988401412964 4960
1784277006967 0.17172099649906158 4961
1784277006977 0.19647255539894104 4962
1784277006989 0.4537334442138672 4963
1784277007001 0.6569185256958008 4964
1784277007012 0.7323124408721924 4965
1784277007024 0.2652934491634369 4966
1784277007035 0.32285764813423157 4967
1784277007046 0.4553852677345276 4968
1784277007056 0.43516191840171814 4969
1784277007067 0.24716077744960785 4970
1784277007078 0.296528697013855 4971
1784277007089 0.21232415735721588 4972
1784277007101 0.26772263646125793 4973
1784277007112 0.3384299874305725 4974
1784277007124 0.27133190631866455 4975
1784277007135 0.17175830900669098 4976
1784277007147 0.17008651793003082 4977
1784277007158 0.10290111601352692 4978
1784277007170 0.32543253898620605 4979
1784277007182 0.22539058327674866 4980
1784277007193 0.6464815139770508 4981
1784277007207 0.22444239258766174 4982
1784277007220 0.31293147802352905 4983
1784277007232 0.2699611783027649 4984
1784277007243 0.32962408661842346 4985
1784277007255 0.19079270958900452 4986
1784277007266 0.07717697322368622 4987
1784277007277 0.532711923122406 4988
1784277007289 0.1880919188261032 4989
1784277007301 0.0753619596362114 4990
1784277007313 0.5175113677978516 4991
1784277007325 0.49537718296051025 4992
1784277007337 0.2106378823518753 4993
1784277007348 0.33679628372192383 4994
1784277007362 0.7785714864730835 4995
1784277007376 0.18299661576747894 4996
1784277007387 0.22437089681625366 4997
1784277007400 0.2793918251991272 4998
1784277007414 0.2656480073928833 4999
1784277007427 0.1384430080652237 5000
1784277007440 0.17157170176506042 5001
1784277007451 0.16027186810970306 5002
1784277007462 0.24816212058067322 5003
1784277007475 0.43542611598968506 5004
1784277007487 0.14952225983142853 5005
1784277007499 0.562726616859436 5006
1784277007511 0.08405956625938416 5007
1784277007523 0.5701300501823425 5008
1784277007595 0.4200716018676758 5009
1784277007622 0.523864209651947 5010
1784277007633 0.4526522755622864 5011
1784277007645 0.3551165461540222 5012
1784277007657 0.5366191267967224 5013
1784277007669 0.07923880219459534 5014
1784277007681 0.2650192081928253 5015
1784277007694 0.651797890663147 5016
1784277007707 0.3342975974082947 5017
1784277007720 0.49418485164642334 5018
1784277007733 0.4901142120361328 5019
1784277007743 0.2971484065055847 5020
1784277007755 0.25036755204200745 5021
1784277007767 0.12079466879367828 5022
1784277007779 0.2181355208158493 5023
1784277007792 0.25513824820518494 5024
1784277007804 0.31862494349479675 5025
1784277007814 0.3991949260234833 5026
1784277007825 0.39781454205513 5027
1784277007838 0.10910617560148239 5028
1784277007848 0.2077261209487915 5029
1784277007858 0.6829735040664673 5030
1784277007869 0.23935535550117493 5031
1784277007880 0.5050679445266724 5032
1784277007892 0.34565603733062744 5033
1784277007905 0.1726917326450348 5034
1784277007917 0.3090555965900421 5035
1784277007929 0.4224090278148651 5036
1784277007941 0.26237377524375916 5037
1784277007953 0.23058372735977173 5038
1784277007964 0.2538646161556244 5039
1784277007975 0.17163053154945374 5040
1784277007985 0.5094742178916931 5041
1784277007996 0.5204318165779114 5042
1784277008010 0.5318036675453186 5043
1784277008023 0.4098270535469055 5044
1784277008036 0.6841342449188232 5045
1784277008048 0.24204257130622864 5046
1784277008059 0.049635738134384155 5047
1784277008069 0.27054503560066223 5048
1784277008079 0.48822951316833496 5049
1784277008092 0.14871874451637268 5050
1784277008103 0.6213712096214294 5051
1784277008112 0.6895187497138977 5052
1784277008123 0.4189562499523163 5053
1784277008134 0.31364619731903076 5054
1784277008150 0.19591043889522552 5055
1784277008160 0.5086444020271301 5056
1784277008172 0.2547420263290405 5057
1784277008183 0.886535108089447 5058
1784277008195 0.20108701288700104 5059
1784277008208 0.4647238850593567 5060
1784277008222 0.24497787654399872 5061
1784277008235 0.18809190392494202 5062
1784277008248 0.28343522548675537 5063
1784277008261 0.875218391418457 5064
1784277008274 0.20484407246112823 5065
1784277008287 0.24497409164905548 5066
1784277008300 0.42354583740234375 5067
1784277008312 0.35903069376945496 5068
1784277008322 0.0808909460902214 5069
1784277008335 0.12112828344106674 5070
1784277008346 0.2669666111469269 5071
1784277008358 0.163674458861351 5072
1784277008370 0.23643286526203156 5073
1784277008382 0.3243386447429657 5074
1784277008394 0.7224498391151428 5075
1784277008407 0.4120677411556244 5076
1784277008419 0.4730440676212311 5077
1784277008431 0.5548419952392578 5078
1784277008443 0.20708201825618744 5079
1784277008454 0.9230063557624817 5080
1784277008466 0.27049922943115234 5081
1784277008476 0.2783125936985016 5082
1784277008486 0.2744382321834564 5083
1784277008495 0.15846382081508636 5084
1784277008507 0.42659100890159607 5085
1784277008518 0.3327549695968628 5086
1784277008527 0.6047979593276978 5087
1784277008540 0.1752038300037384 5088
1784277008551 0.19913752377033234 5089
1784277008562 0.37973394989967346 5090
1784277008576 0.767045795917511 5091
1784277008589 0.5451095700263977 5092
1784277008600 0.543060839176178 5093
1784277008610 0.16624952852725983 5094
1784277008622 0.5480309724807739 5095
1784277008635 0.2500969171524048 5096
1784277008647 0.13587349653244019 5097
1784277008658 0.4514143466949463 5098
1784277008669 0.31457972526550293 5099
1784277008683 0.29733625054359436 5100
1784277008692 0.5136533975601196 5101
1784277008704 0.2162054181098938 5102
1784277008716 0.16529220342636108 5103
1784277008728 0.22544576227664948 5104
1784277008740 0.22066397964954376 5105
1784277008752 0.11399395763874054 5106
1784277008761 0.20318730175495148 5107
1784277008771 0.3409847915172577 5108
1784277008783 0.19340455532073975 5109
1784277008795 0.21912403404712677 5110
1784277008807 0.4428206980228424 5111
1784277008818 0.32413315773010254 5112
1784277008829 0.14361664652824402 5113
1784277008840 0.07332618534564972 5114
1784277008850 0.44923901557922363 5115
1784277008860 0.732093095779419 5116
1784277008871 0.44170504808425903 5117
1784277008884 0.1270352452993393 5118
1784277008895 0.2964814305305481 5119
1784277008907 0.1787957400083542 5120
1784277008919 0.13513882458209991 5121
1784277008931 0.18989120423793793 5122
1784277008946 0.2751806080341339 5123
1784277008958 0.2312576174736023 5124
1784277008969 0.09056839346885681 5125
1784277008981 0.4164634346961975 5126
1784277008994 0.5235264897346497 5127
1784277009004 0.39644935727119446 5128
1784277009017 0.2667388617992401 5129
1784277009027 0.36055317521095276 5130
1784277009037 0.22642861306667328 5131
1784277009050 0.2180752158164978 5132
1784277009060 0.0733598992228508 5133
1784277009072 0.7253260016441345 5134
1784277009083 0.08720721304416656 5135
1784277009098 0.38081109523773193 5136
1784277009110 0.2786509692668915 5137
1784277009123 0.18201665580272675 5138
1784277009134 0.24230597913265228 5139
1784277009145 0.22731903195381165 5140
1784277009157 0.10797930508852005 5141
1784277009166 0.49262535572052 5142
1784277009178 0.3506685197353363 5143
1784277009189 0.19445274770259857 5144
1784277009201 0.33958208560943604 5145
1784277009212 0.48140963912010193 5146
1784277009224 0.2871569097042084 5147
1784277009234 0.11234007030725479 5148
1784277009244 0.0879942774772644 5149
1784277009254 0.6397538185119629 5150
1784277009265 0.45725420117378235 5151
1784277009276 0.5060566067695618 5152
1784277009288 0.04626935347914696 5153
1784277009300 0.46443670988082886 5154
1784277009310 0.27980107069015503 5155
1784277009324 0.4574872851371765 5156
1784277009335 0.6049609780311584 5157
1784277009344 0.48450297117233276 5158
1784277009355 0.23669862747192383 5159
1784277009368 0.24713140726089478 5160
1784277009378 0.24691011011600494 5161
1784277009390 0.41263267397880554 5162
1784277009402 0.212224543094635 5163
1784277009414 0.14641962945461273 5164
1784277009425 0.5007951259613037 5165
1784277009437 0.18775126338005066 5166
1784277009447 0.22191329300403595 5167
1784277009457 0.5284628868103027 5168
1784277009467 0.1729433536529541 5169
1784277009477 0.2095983475446701 5170
1784277009488 0.44092246890068054 5171
1784277009499 0.06356622278690338 5172
1784277009510 0.4082567095756531 5173
1784277009522 0.21738439798355103 5174
1784277009532 0.641667902469635 5175
1784277009543 0.16871488094329834 5176
1784277009557 0.6552501916885376 5177
1784277009568 0.14136694371700287 5178
1784277009578 0.15058204531669617 5179
1784277009589 0.40576666593551636 5180
1784277009599 0.30309057235717773 5181
1784277009609 0.4562932550907135 5182
1784277009622 0.3885446786880493 5183
1784277009633 0.24947480857372284 5184
1784277009644 0.3646294176578522 5185
1784277009655 0.2897900640964508 5186
1784277009667 0.46436038613319397 5187
1784277009677 0.4156382083892822 5188
1784277009687 0.2626116871833801 5189
1784277009700 0.1896720826625824 5190
1784277009710 0.1936938762664795 5191
1784277009722 0.32109811902046204 5192
1784277009733 0.34327176213264465 5193
1784277009742 0.4649130702018738 5194
1784277009753 0.5054671764373779 5195
1784277009765 0.4211631417274475 5196
1784277009776 0.3338407278060913 5197
1784277009789 0.35812288522720337 5198
1784277009801 0.08871324360370636 5199
1784277009812 0.6707465648651123 5200
1784277009825 0.19269180297851562 5201
1784277009836 0.6396450400352478 5202
1784277009846 0.2867465317249298 5203
1784277009858 0.21474674344062805 5204
1784277009870 0.1928129345178604 5205
1784277009882 0.25145459175109863 5206
1784277009892 0.459459125995636 5207
1784277009907 0.2215878665447235 5208
1784277009917 0.3048156797885895 5209
1784277009929 0.26537033915519714 5210
1784277009939 0.11899378150701523 5211
1784277009951 0.7247606515884399 5212
1784277009963 0.25000959634780884 5213
1784277009976 0.5702024698257446 5214
1784277009988 0.17992529273033142 5215
1784277009998 0.32430484890937805 5216
1784277010009 0.5056304335594177 5217
1784277010021 0.14994877576828003 5218
1784277010032 0.2670775353908539 5219
1784277010043 0.15454261004924774 5220
1784277010055 0.25922760367393494 5221
1784277010067 0.2077031135559082 5222
1784277010076 0.7426736354827881 5223
1784277010089 0.435859352350235 5224
1784277010101 0.08372513204813004 5225
1784277010111 0.36633914709091187 5226
1784277010123 0.23951409757137299 5227
1784277010134 0.4584924578666687 5228
1784277010146 0.18162281811237335 5229
1784277010159 0.2569562792778015 5230
1784277010169 0.32363978028297424 5231
1784277010178 0.20283719897270203 5232
1784277010190 0.1526830792427063 5233
1784277010200 0.2383452206850052 5234
1784277010210 0.06408058851957321 5235
1784277010219 0.30651435256004333 5236
1784277010230 0.16144013404846191 5237
1784277010240 0.08613526821136475 5238
1784277010251 0.2880304157733917 5239
1784277010262 0.5309574604034424 5240
1784277010273 0.13866478204727173 5241
1784277010284 0.24043740332126617 5242
1784277010294 0.19331520795822144 5243
1784277010305 0.16477058827877045 5244
1784277010317 0.3403928279876709 5245
1784277010329 0.17432501912117004 5246
1784277010340 0.5669379830360413 5247
1784277010351 0.4241337180137634 5248
1784277010361 0.23775850236415863 5249
1784277010373 0.3677658438682556 5250
1784277010384 0.14281994104385376 5251
1784277010394 0.18403320014476776 5252
1784277010407 1.3101754188537598 5253
1784277010420 0.11818549782037735 5254
1784277010434 0.4946734309196472 5255
1784277010446 0.1620730310678482 5256
1784277010459 0.2159551978111267 5257
1784277010472 0.3359072506427765 5258
1784277010486 0.1266368180513382 5259
1784277010498 0.1823798567056656 5260
1784277010508 0.5490490198135376 5261
1784277010520 0.2866062819957733 5262
1784277010532 0.1833176165819168 5263
1784277010543 0.28137385845184326 5264
1784277010555 0.23603931069374084 5265
1784277010567 0.523636519908905 5266
1784277010577 0.31490471959114075 5267
1784277010589 0.11000489443540573 5268
1784277010601 0.20188242197036743 5269
1784277010613 0.2914216220378876 5270
1784277010624 0.1331862062215805 5271
1784277010635 0.2666444182395935 5272
1784277010647 0.32176467776298523 5273
1784277010658 0.21403346955776215 5274
1784277010670 0.23601242899894714 5275
1784277010687 0.3749403655529022 5276
1784277010700 0.25701022148132324 5277
1784277010712 0.22593142092227936 5278
1784277010724 0.19270150363445282 5279
1784277010737 0.366122305393219 5280
1784277010752 0.5865853428840637 5281
1784277010763 0.2867194712162018 5282
1784277010777 0.12303382158279419 5283
1784277010789 0.13633255660533905 5284
1784277010799 0.17448857426643372 5285
1784277010811 0.3437778949737549 5286
1784277010823 0.23488350212574005 5287
1784277010836 0.2918033301830292 5288
1784277010848 0.4145773649215698 5289
1784277010860 0.6058267951011658 5290
1784277010872 0.07372954487800598 5291
1784277010884 0.2811773121356964 5292
1784277010897 0.09410767257213593 5293
1784277010909 0.26405733823776245 5294
1784277010921 0.9486048817634583 5295
1784277010932 0.23821769654750824 5296
1784277010944 0.4047527313232422 5297
1784277010956 0.17947547137737274 5298
1784277010967 0.3465237617492676 5299
1784277010980 0.3349933326244354 5300
1784277010995 0.24222633242607117 5301
1784277011006 0.29200002551078796 5302
1784277011018 0.3260982036590576 5303
1784277011031 0.21873939037322998 5304
1784277011044 0.4752342998981476 5305
1784277011056 0.16857300698757172 5306
1784277011069 0.09410374611616135 5307
1784277011082 0.21853607892990112 5308
1784277011094 0.5302481651306152 5309
1784277011105 0.306246817111969 5310
1784277011118 0.28997716307640076 5311
1784277011131 0.43368855118751526 5312
1784277011143 0.13086536526679993 5313
1784277011154 0.3053668439388275 5314
1784277011166 0.49172109365463257 5315
1784277011178 0.1011492982506752 5316
1784277011189 0.3134760856628418 5317
1784277011202 0.33093002438545227 5318
1784277011214 0.4923223853111267 5319
1784277011226 0.2767321765422821 5320
1784277011237 0.15976837277412415 5321
1784277011249 0.4873150587081909 5322
1784277011260 0.14131976664066315 5323
1784277011273 0.6615446209907532 5324
1784277011286 0.12664484977722168 5325
1784277011297 0.327585905790329 5326
1784277011309 0.5351265072822571 5327
1784277011321 0.25124236941337585 5328
1784277011336 0.1601099669933319 5329
1784277011348 0.10371285676956177 5330
1784277011360 0.16258598864078522 5331
1784277011372 0.4056302607059479 5332
1784277011384 0.32035577297210693 5333
1784277011394 0.4115355908870697 5334
1784277011408 0.17027516663074493 5335
1784277011420 0.44775256514549255 5336
1784277011430 0.5424952507019043 5337
1784277011440 0.20228058099746704 5338
1784277011450 0.10184997320175171 5339
1784277011460 0.23852629959583282 5340
1784277011470 0.16815786063671112 5341
1784277011481 0.22573567926883698 5342
1784277011491 0.2819177508354187 5343
1784277011502 0.40144410729408264 5344
1784277011513 0.21084648370742798 5345
1784277011524 0.25214099884033203 5346
1784277011536 0.08181709051132202 5347
1784277011546 0.2197858840227127 5348
1784277011556 0.21873410046100616 5349
1784277011568 0.4357464015483856 5350
1784277011579 0.05030408129096031 5351
1784277011591 0.13068455457687378 5352
1784277011603 0.5434474945068359 5353
1784277011616 0.1466086357831955 5354
1784277011627 0.3530868887901306 5355
1784277011639 0.32112908363342285 5356
1784277011651 0.1736454963684082 5357
1784277011662 0.40555039048194885 5358
1784277011674 0.19389064610004425 5359
1784277011687 0.47030162811279297 5360
1784277011699 0.10565603524446487 5361
1784277011710 0.3803129196166992 5362
1784277011721 0.29116156697273254 5363
1784277011733 0.44982630014419556 5364
1784277011743 0.6979990601539612 5365
1784277011756 0.2901313006877899 5366
1784277011766 0.6577553749084473 5367
1784277011776 0.507824718952179 5368
1784277011786 0.2814774215221405 5369
1784277011795 0.2212340533733368 5370
1784277011807 0.40647590160369873 5371
1784277011819 0.1827358901500702 5372
1784277011828 0.17969617247581482 5373
1784277011839 0.674720287322998 5374
1784277011851 0.13762354850769043 5375
1784277011861 0.48157158493995667 5376
1784277011872 0.34776630997657776 5377
1784277011884 0.2778385877609253 5378
1784277011894 0.10655456781387329 5379
1784277011907 0.7396457195281982 5380
1784277011919 0.18566584587097168 5381
1784277011932 0.1857396960258484 5382
1784277011942 0.05969545245170593 5383
1784277011953 0.18012189865112305 5384
1784277011965 0.6100969910621643 5385
1784277011976 0.15994460880756378 5386
1784277011988 0.2784677743911743 5387
1784277012000 0.5242408514022827 5388
1784277012011 0.43830835819244385 5389
1784277012023 0.306708425283432 5390
1784277012034 0.28526571393013 5391
1784277012046 0.36683741211891174 5392
1784277012058 0.13715384900569916 5393
1784277012069 0.1311798095703125 5394
1784277012082 0.5751200318336487 5395
1784277012094 0.2099224179983139 5396
1784277012106 0.49496883153915405 5397
1784277012117 0.7048248052597046 5398
1784277012129 0.22630488872528076 5399
1784277012141 0.30388227105140686 5400
1784277012152 0.2663252055644989 5401
1784277012167 0.1811990737915039 5402
1784277012179 0.6052213311195374 5403
1784277012191 0.719141960144043 5404
1784277012202 0.6144119501113892 5405
1784277012214 0.28237801790237427 5406
1784277012225 0.4945554733276367 5407
1784277012235 0.14144966006278992 5408
1784277012245 0.2973487973213196 5409
1784277012256 0.48596858978271484 5410
1784277012267 0.1817271113395691 5411
1784277012282 0.07861336320638657 5412
1784277012294 0.14985334873199463 5413
1784277012306 0.5595464706420898 5414
1784277012317 0.7561450600624084 5415
1784277012329 0.34359991550445557 5416
1784277012340 0.7429004907608032 5417
1784277012351 0.27710485458374023 5418
1784277012363 0.38823771476745605 5419
1784277012372 0.0561101995408535 5420
1784277012383 0.2952892482280731 5421
1784277012395 0.31912121176719666 5422
1784277012408 0.20822398364543915 5423
1784277012419 0.5984110236167908 5424
1784277012431 0.26183021068573 5425
1784277012442 0.20814524590969086 5426
1784277012453 0.6133323907852173 5427
1784277012465 0.0782749354839325 5428
1784277012476 0.31112509965896606 5429
1784277012488 0.057972513139247894 5430
1784277012500 0.13951455056667328 5431
1784277012512 0.1674572229385376 5432
1784277012524 0.3018361032009125 5433
1784277012536 0.19616273045539856 5434
1784277012546 0.33093443512916565 5435
1784277012558 0.22626754641532898 5436
1784277012570 0.14261317253112793 5437
1784277012582 0.06355471163988113 5438
1784277012594 0.17865273356437683 5439
1784277012606 0.2088438868522644 5440
1784277012618 0.0597786121070385 5441
1784277012631 0.1672673225402832 5442
1784277012643 0.6611268520355225 5443
1784277012658 0.29651013016700745 5444
1784277012671 0.4290057420730591 5445
1784277012685 0.123473159968853 5446
1784277012701 0.1408638060092926 5447
1784277012714 0.47758007049560547 5448
1784277012727 0.11855463683605194 5449
1784277012738 0.060186680406332016 5450
1784277012748 0.17243817448616028 5451
1784277012762 0.21158643066883087 5452
1784277012774 0.21899831295013428 5453
1784277012787 0.2623627185821533 5454
1784277012799 0.7207145690917969 5455
1784277012809 0.1989143043756485 5456
1784277012822 0.1892240345478058 5457
1784277012834 0.12811924517154694 5458
1784277012845 0.37035083770751953 5459
1784277012856 0.4633772373199463 5460
1784277012869 0.14553183317184448 5461
1784277012882 0.4162886142730713 5462
1784277012893 0.7133660316467285 5463
1784277012905 0.3587579131126404 5464
1784277012919 0.5305771827697754 5465
1784277012930 0.3529373109340668 5466
1784277012941 0.5638329982757568 5467
1784277012953 0.35908496379852295 5468
1784277012964 0.24797028303146362 5469
1784277012975 0.2109636813402176 5470
1784277012987 0.30004480481147766 5471
1784277013000 0.24902687966823578 5472
1784277013012 0.2448815405368805 5473
1784277013024 0.2606295049190521 5474
1784277013035 0.5049729943275452 5475
1784277013045 0.19926519691944122 5476
1784277013055 0.2533109784126282 5477
1784277013065 0.27374908328056335 5478
1784277013074 0.34834909439086914 5479
1784277013085 0.14247536659240723 5480
1784277013096 0.20399512350559235 5481
1784277013108 0.16581110656261444 5482
1784277013120 0.23776468634605408 5483
1784277013130 0.45671817660331726 5484
1784277013140 0.13839268684387207 5485
1784277013152 0.32363802194595337 5486
1784277013162 0.13241536915302277 5487
1784277013174 0.1694701910018921 5488
1784277013185 0.4286450743675232 5489
1784277013196 0.5463001728057861 5490
1784277013206 0.31922662258148193 5491
1784277013217 0.5711562037467957 5492
1784277013228 0.3510400950908661 5493
1784277013238 0.35169509053230286 5494
1784277013250 0.36830657720565796 5495
1784277013260 0.26802727580070496 5496
1784277013272 0.3851248621940613 5497
1784277013283 0.20823198556900024 5498
1784277013293 0.16205249726772308 5499
1784277013305 0.34521520137786865 5500
1784277013317 0.18528352677822113 5501
1784277013328 0.10767063498497009 5502
1784277013340 0.24642594158649445 5503
1784277013353 0.40704551339149475 5504
1784277013363 0.32968300580978394 5505
1784277013375 0.47398799657821655 5506
1784277013384 0.15648940205574036 5507
1784277013395 0.2680463194847107 5508
1784277013408 0.40363365411758423 5509
1784277013420 0.3439607322216034 5510
1784277013431 0.5235826969146729 5511
1784277013442 0.33740657567977905 5512
1784277013455 0.42051953077316284 5513
1784277013467 0.1426755040884018 5514
1784277013479 0.47203528881073 5515
1784277013491 0.5229619145393372 5516
1784277013503 0.3308292329311371 5517
1784277013515 0.15499021112918854 5518
1784277013526 0.3646334409713745 5519
1784277013537 0.4516034722328186 5520
1784277013547 0.5748131275177002 5521
1784277013558 0.1830199658870697 5522
1784277013570 0.1877422332763672 5523
1784277013582 0.6232566833496094 5524
1784277013594 0.08339887857437134 5525
1784277013607 0.26831746101379395 5526
1784277013618 0.3626250624656677 5527
1784277013630 0.4279586672782898 5528
1784277013645 0.15917783975601196 5529
1784277013656 0.16396136581897736 5530
1784277013666 0.27481821179389954 5531
1784277013676 0.4572513997554779 5532
1784277013687 0.29621535539627075 5533
1784277013700 0.414462685585022 5534
1784277013712 0.22320936620235443 5535
1784277013723 0.144881471991539 5536
1784277013735 0.4634430408477783 5537
1784277013746 0.4439157247543335 5538
1784277013757 0.21634279191493988 5539
1784277013768 0.39176297187805176 5540
1784277013780 0.20354150235652924 5541
1784277013792 0.2878744900226593 5542
1784277013804 0.10746699571609497 5543
1784277013815 0.19548112154006958 5544
1784277013825 0.6722122430801392 5545
1784277013836 0.31071385741233826 5546
1784277013848 0.13927830755710602 5547
1784277013860 0.6501777768135071 5548
1784277013870 0.2810491621494293 5549
1784277013885 0.37076815962791443 5550
1784277013895 0.08019458502531052 5551
1784277013906 0.3647625148296356 5552
1784277013918 0.1950969398021698 5553
1784277013931 0.12561571598052979 5554
1784277013941 0.20722195506095886 5555
1784277013952 0.3232244849205017 5556
1784277013963 0.10378071665763855 5557
1784277013974 0.07223004102706909 5558
1784277013987 0.15996569395065308 5559
1784277013999 0.36687877774238586 5560
1784277014010 0.35415464639663696 5561
1784277014023 0.24258163571357727 5562
1784277014034 0.30626094341278076 5563
1784277014045 0.31441137194633484 5564
1784277014058 0.135290265083313 5565
1784277014070 0.23845818638801575 5566
1784277014082 0.20856204628944397 5567
1784277014093 0.17307034134864807 5568
1784277014105 0.36712130904197693 5569
1784277014117 0.32306575775146484 5570
1784277014130 0.11190661042928696 5571
1784277014141 0.37208595871925354 5572
1784277014152 0.0934833362698555 5573
1784277014165 0.345784068107605 5574
1784277014177 0.3448995351791382 5575
1784277014188 0.5564436316490173 5576
1784277014200 0.15015514194965363 5577
1784277014214 0.07600291818380356 5578
1784277014225 0.2443772554397583 5579
1784277014236 0.507102370262146 5580
1784277014248 0.35377225279808044 5581
1784277014260 0.40769779682159424 5582
1784277014271 0.3729130029678345 5583
1784277014285 0.32133957743644714 5584
1784277014300 0.3138832747936249 5585
1784277014311 0.34959909319877625 5586
1784277014324 0.43702808022499084 5587
1784277014338 0.2782595753669739 5588
1784277014351 0.18255145847797394 5589
1784277014363 0.19226430356502533 5590
1784277014373 0.35851892828941345 5591
1784277014385 0.43509623408317566 5592
1784277014398 0.2389778196811676 5593
1784277014411 0.16365715861320496 5594
1784277014424 0.23040348291397095 5595
1784277014437 0.5493612885475159 5596
1784277014450 0.14580987393856049 5597
1784277014462 0.1719759702682495 5598
1784277014474 0.15986528992652893 5599
1784277014486 0.03507929667830467 5600
1784277014498 0.35639211535453796 5601
1784277014509 0.427837610244751 5602
1784277014522 0.22457949817180634 5603
1784277014533 0.46642035245895386 5604
1784277014543 0.20959724485874176 5605
1784277014554 0.31210821866989136 5606
1784277014564 0.06335999816656113 5607
1784277014573 0.054681699723005295 5608
1784277014584 0.776070237159729 5609
1784277014593 0.45520517230033875 5610
1784277014603 0.24343542754650116 5611
1784277014615 0.26118525862693787 5612
1784277014626 0.5617461800575256 5613
1784277014638 0.480657160282135 5614
1784277014651 0.802315354347229 5615
1784277014661 0.30940788984298706 5616
1784277014674 0.14023062586784363 5617
1784277014686 0.34438028931617737 5618
1784277014698 0.34044918417930603 5619
1784277014708 0.6285038590431213 5620
1784277014720 0.2474661022424698 5621
1784277014731 0.4288620352745056 5622
1784277014741 0.41381847858428955 5623
1784277014752 0.149733766913414 5624
