1784236080437 2.4678847789764404 0
1784236080494 2.6056110858917236 1
1784236080539 2.2541303634643555 2
1784236080582 2.2019410133361816 3
1784236080691 2.222970485687256 4
1784236080723 2.3113670349121094 5
1784236080754 2.27255916595459 6
1784236080786 2.0820729732513428 7
1784236080810 1.8764607906341553 8
1784236080840 1.9795576333999634 9
1784236080868 1.8452963829040527 10
1784236080899 1.7123113870620728 11
1784236080928 1.8495408296585083 12
1784236080955 1.7204290628433228 13
1784236080980 1.7441478967666626 14
1784236081003 1.6514519453048706 15
1784236081026 1.5248475074768066 16
1784236081053 1.6618210077285767 17
1784236081081 1.4914677143096924 18
1784236081102 1.674325942993164 19
1784236081133 1.3610213994979858 20
1784236081158 1.5012438297271729 21
1784236081177 1.5004762411117554 22
1784236081201 1.145986795425415 23
1784236081222 1.0910933017730713 24
1784236081242 1.0724492073059082 25
1784236081264 1.3449550867080688 26
1784236081285 1.247479796409607 27
1784236081306 1.1294440031051636 28
1784236081326 1.015779972076416 29
1784236081348 1.2796157598495483 30
1784236081369 1.5409208536148071 31
1784236081393 1.2229739427566528 32
1784236081418 1.043148159980774 33
1784236081446 1.1469426155090332 34
1784236081473 0.9527881741523743 35
1784236081493 1.1800340414047241 36
1784236081517 1.0884487628936768 37
1784236081538 1.0381442308425903 38
1784236081555 1.1909990310668945 39
1784236081579 1.040764570236206 40
1784236081598 1.0521478652954102 41
1784236081614 0.990470290184021 42
1784236081631 1.0395128726959229 43
1784236081648 1.199708104133606 44
1784236081666 1.2210347652435303 45
1784236081684 0.7927637100219727 46
1784236081702 0.9019657373428345 47
1784236081720 1.033695101737976 48
1784236081738 0.8953077793121338 49
1784236081767 1.2011644840240479 50
1784236081790 1.3408164978027344 51
1784236081810 0.5897687077522278 52
1784236081838 0.6908484101295471 53
1784236081855 0.9603701829910278 54
1784236081871 0.8166786432266235 55
1784236081891 0.8463167548179626 56
1784236081908 0.7195146083831787 57
1784236081925 0.9659393429756165 58
1784236081941 0.9949426054954529 59
1784236081960 0.7353581190109253 60
1784236081977 0.9404099583625793 61
1784236081993 0.8128179907798767 62
1784236082009 0.9771715402603149 63
1784236082030 0.5972901582717896 64
1784236082047 0.7767173647880554 65
1784236082066 0.8080226182937622 66
1784236082084 0.9133013486862183 67
1784236082099 0.9762222766876221 68
1784236082115 0.8250861763954163 69
1784236082131 0.5355440974235535 70
1784236082146 0.5567811727523804 71
1784236082161 0.7070083022117615 72
1784236082176 0.762787401676178 73
1784236082193 1.0575470924377441 74
1784236082207 0.8240734934806824 75
1784236082226 0.7972447276115417 76
1784236082242 0.6594433784484863 77
1784236082259 0.7579841613769531 78
1784236082274 1.0039926767349243 79
1784236082294 0.7823066711425781 80
1784236082313 0.8446727395057678 81
1784236082331 0.8215298056602478 82
1784236082346 0.690423309803009 83
1784236082359 0.5594815611839294 84
1784236082381 0.6614987850189209 85
1784236082400 0.5985628366470337 86
1784236082418 0.7313588261604309 87
1784236082436 0.6060934066772461 88
1784236082451 0.7552453279495239 89
1784236082467 0.6619535088539124 90
1784236082482 0.672271192073822 91
1784236082495 0.7570090293884277 92
1784236082517 0.9125469923019409 93
1784236082535 0.6637056469917297 94
1784236082552 0.6360623836517334 95
1784236082569 1.0003162622451782 96
1784236082586 0.5492905974388123 97
1784236082605 0.6518890857696533 98
1784236082626 0.6627899408340454 99
1784236082644 0.7009158730506897 100
1784236082671 0.47635015845298767 101
1784236082690 0.6290633082389832 102
1784236082708 0.4968462288379669 103
1784236082724 0.6888648867607117 104
1784236082742 0.7648550868034363 105
1784236082758 0.6670198440551758 106
1784236082791 0.714867115020752 107
1784236082809 0.6108936667442322 108
1784236082826 0.779258131980896 109
1784236082853 0.675006628036499 110
1784236082872 0.5405765771865845 111
1784236082890 0.41349413990974426 112
1784236082909 0.7004643678665161 113
1784236082927 0.8169182538986206 114
1784236082943 0.4283759295940399 115
1784236082959 0.716038167476654 116
1784236082975 0.7106491923332214 117
1784236082992 0.8252165913581848 118
1784236083018 0.5766955018043518 119
1784236083041 0.6414700150489807 120
1784236083060 0.6491691470146179 121
1784236083078 0.6773258447647095 122
1784236083178 0.5666029453277588 123
1784236083192 0.5100834965705872 124
1784236083220 0.45935049653053284 125
1784236083237 0.5684173703193665 126
1784236083255 0.5237853527069092 127
1784236083274 0.6413686275482178 128
1784236083291 0.6482635140419006 129
1784236083324 0.5956780910491943 130
1784236083349 0.8031237721443176 131
1784236083370 0.30291181802749634 132
1784236083389 0.6680323481559753 133
1784236083407 0.5030417442321777 134
1784236083423 0.4150576591491699 135
1784236083438 0.6664783954620361 136
1784236083457 0.6415198445320129 137
1784236083474 0.48160895705223083 138
1784236083494 0.6642743945121765 139
1784236083510 0.44364988803863525 140
1784236083530 0.5183505415916443 141
1784236083558 0.4557724893093109 142
1784236083580 0.5694897174835205 143
1784236083599 0.4809591472148895 144
1784236083619 0.5242478847503662 145
1784236083637 0.5846297740936279 146
1784236083658 0.7193205952644348 147
1784236083674 0.7014748454093933 148
1784236083690 0.5492611527442932 149
1784236083706 0.5716785788536072 150
1784236083721 0.5658795833587646 151
1784236083736 0.7929739952087402 152
1784236083751 0.743098258972168 153
1784236083768 0.5103302597999573 154
1784236083784 0.5895388722419739 155
1784236083802 0.6257271766662598 156
1784236083819 0.5723288059234619 157
1784236083834 0.7156837582588196 158
1784236083848 0.555347204208374 159
1784236083864 0.3775425851345062 160
1784236083882 0.5858736634254456 161
1784236083898 0.35580286383628845 162
1784236083915 0.4712243676185608 163
1784236083930 0.44035834074020386 164
1784236083946 0.501065731048584 165
1784236083965 0.32181814312934875 166
1784236083980 0.7294763922691345 167
1784236083999 0.6916786432266235 168
1784236084014 0.3874416649341583 169
1784236084035 0.5958840250968933 170
1784236084048 0.7351853251457214 171
1784236084064 0.45984771847724915 172
1784236084081 0.3904947340488434 173
1784236084099 0.7422583699226379 174
1784236084117 0.6363722681999207 175
1784236084131 0.8546046614646912 176
1784236084149 0.265786349773407 177
1784236084167 0.5163048505783081 178
1784236084183 0.40590137243270874 179
1784236084200 0.6134608387947083 180
1784236084214 0.6044902205467224 181
1784236084228 0.7235423922538757 182
1784236084244 0.5948108434677124 183
1784236084260 0.5798501968383789 184
1784236084275 0.6041218638420105 185
1784236084290 0.715101957321167 186
1784236084307 0.5399744510650635 187
1784236084323 0.5577079653739929 188
1784236084338 0.5929338335990906 189
1784236084352 0.6968948841094971 190
1784236084368 0.42912790179252625 191
1784236084383 0.812135636806488 192
1784236084401 0.6290550827980042 193
1784236084418 0.536091685295105 194
1784236084436 0.3625517785549164 195
1784236084451 0.49321964383125305 196
1784236084466 0.5536327958106995 197
1784236084482 0.4100402891635895 198
1784236084496 0.466866672039032 199
1784236084511 0.3700450658798218 200
1784236084527 0.5848060846328735 201
1784236084542 0.5115842223167419 202
1784236084558 0.40653038024902344 203
1784236084572 0.41301316022872925 204
1784236084588 0.3583551347255707 205
1784236084604 0.47877728939056396 206
1784236084619 0.498839795589447 207
1784236084635 0.6496589779853821 208
1784236084651 0.6113462448120117 209
1784236084666 0.5385180711746216 210
1784236084683 0.4311923086643219 211
1784236084698 0.3991198241710663 212
1784236084713 0.2673274874687195 213
1784236084729 0.5586430430412292 214
1784236084745 0.6000335812568665 215
1784236084760 0.41767266392707825 216
1784236084776 0.5994782447814941 217
1784236084792 0.5808037519454956 218
1784236084808 0.4853213429450989 219
1784236084823 0.3866436779499054 220
1784236084838 0.3995567560195923 221
1784236084855 0.5961755514144897 222
1784236084870 0.30889198184013367 223
1784236084885 0.5451971888542175 224
1784236084901 0.5022595524787903 225
1784236084916 0.6194226145744324 226
1784236084931 0.35992127656936646 227
1784236084945 0.4746203124523163 228
1784236084960 0.3986058831214905 229
1784236084976 0.28999313712120056 230
1784236084990 0.3527691662311554 231
1784236085006 0.6155908703804016 232
1784236085020 0.3594595193862915 233
1784236085035 0.47726133465766907 234
1784236085054 0.30405065417289734 235
1784236085069 0.655580461025238 236
1784236085084 0.6023085713386536 237
1784236085099 0.6801148653030396 238
1784236085114 0.49137866497039795 239
1784236085128 0.36722564697265625 240
1784236085144 0.41884729266166687 241
1784236085160 0.41714707016944885 242
1784236085176 0.3937780261039734 243
1784236085192 0.44984912872314453 244
1784236085208 0.45430663228034973 245
1784236085225 0.4395909905433655 246
1784236085242 0.4013128876686096 247
1784236085262 0.5183756947517395 248
1784236085277 0.5689606070518494 249
1784236085293 0.5859037041664124 250
1784236085308 0.652494490146637 251
1784236085325 0.3917985260486603 252
1784236085341 0.28029313683509827 253
1784236085359 0.4988017678260803 254
1784236085375 0.5532137751579285 255
1784236085392 0.7762324810028076 256
1784236085409 0.5248138308525085 257
1784236085425 0.5500051975250244 258
1784236085442 0.21595722436904907 259
1784236085459 0.7257105708122253 260
1784236085474 0.6229069232940674 261
1784236085490 0.4021310806274414 262
1784236085505 0.49990254640579224 263
1784236085520 0.3885815441608429 264
1784236085539 0.48502057790756226 265
1784236085556 0.6982051730155945 266
1784236085572 0.5251724123954773 267
1784236085587 0.6725627183914185 268
1784236085602 0.17426341772079468 269
1784236085617 0.6341428756713867 270
1784236085633 0.7701963782310486 271
1784236085647 0.5443512201309204 272
1784236085663 0.5312520861625671 273
1784236085679 0.7559124231338501 274
1784236085693 0.4051438570022583 275
1784236085707 0.4951164722442627 276
1784236085724 0.47339358925819397 277
1784236085740 0.4087272882461548 278
1784236085838 0.5686297416687012 279
1784236085851 0.18891721963882446 280
1784236085874 0.40322110056877136 281
1784236085889 0.41189414262771606 282
1784236085906 0.5085575580596924 283
1784236085925 0.42946842312812805 284
1784236085943 0.5544354319572449 285
1784236085959 0.39571741223335266 286
1784236085973 0.38435783982276917 287
1784236085988 0.3471094071865082 288
1784236086004 0.32212427258491516 289
1784236086019 0.3097432553768158 290
1784236086035 0.7796182036399841 291
1784236086050 0.47024860978126526 292
1784236086065 0.41028934717178345 293
1784236086079 0.7426018118858337 294
1784236086094 0.48902183771133423 295
1784236086109 0.8103088140487671 296
1784236086125 0.9392791986465454 297
1784236086140 0.39585137367248535 298
1784236086155 0.43109482526779175 299
1784236086170 0.2892599403858185 300
1784236086185 0.17344725131988525 301
1784236086199 0.5334160327911377 302
1784236086213 0.3053746521472931 303
1784236086229 0.39627066254615784 304
1784236086243 0.5987126231193542 305
1784236086258 0.3370066285133362 306
1784236086274 0.41639530658721924 307
1784236086288 0.292967289686203 308
1784236086304 0.3792325258255005 309
1784236086319 0.4665164649486542 310
1784236086337 0.5599232316017151 311
1784236086354 0.3537229597568512 312
1784236086374 0.3985980153083801 313
1784236086394 0.3298754394054413 314
1784236086413 0.3262643814086914 315
1784236086430 0.5732507109642029 316
1784236086454 0.4133584797382355 317
1784236086472 0.3021426200866699 318
1784236086487 0.4416837692260742 319
1784236086503 0.7492259740829468 320
1784236086519 0.42107588052749634 321
1784236086533 0.31898826360702515 322
1784236086550 0.3964279890060425 323
1784236086567 0.5781635642051697 324
1784236086582 0.2264067679643631 325
1784236086595 0.4136395752429962 326
1784236086612 0.44161471724510193 327
1784236086627 0.2960403859615326 328
1784236086642 0.4156663715839386 329
1784236086658 0.2969089150428772 330
1784236086675 0.35927072167396545 331
1784236086692 0.5575807094573975 332
1784236086707 0.4042292833328247 333
1784236086724 0.42505306005477905 334
1784236086741 0.42151162028312683 335
1784236086757 0.3427773118019104 336
1784236086773 0.5012032985687256 337
1784236086788 0.39914122223854065 338
1784236086805 0.6117697954177856 339
1784236086820 0.52971351146698 340
1784236086836 0.4308052361011505 341
1784236086851 0.6074959635734558 342
1784236086865 0.4349633753299713 343
1784236086880 0.46313124895095825 344
1784236086895 0.42720386385917664 345
1784236086911 0.5609533190727234 346
1784236086929 0.3369198143482208 347
1784236086946 0.17411483824253082 348
1784236086962 0.5283399224281311 349
1784236086977 0.5712471008300781 350
1784236086993 0.4917556345462799 351
1784236087009 0.49388808012008667 352
1784236087024 0.3036365509033203 353
1784236087116 0.4073135256767273 354
1784236087153 0.3102232813835144 355
1784236087169 0.23795638978481293 356
1784236087185 0.42732641100883484 357
1784236087200 0.6521079540252686 358
1784236087215 0.25920623540878296 359
1784236087230 0.30203568935394287 360
1784236087244 0.32316499948501587 361
1784236087259 0.32009512186050415 362
1784236087276 0.44409725069999695 363
1784236087292 0.16751247644424438 364
1784236087308 0.5657632946968079 365
1784236087326 0.3723181188106537 366
1784236087343 0.4256660044193268 367
1784236087360 0.43581587076187134 368
1784236087376 0.509614109992981 369
1784236087393 0.2973763942718506 370
1784236087410 0.29542970657348633 371
1784236087426 0.5201617479324341 372
1784236087443 0.39157646894454956 373
1784236087462 0.27405035495758057 374
1784236087478 0.436580091714859 375
1784236087506 0.5431225299835205 376
1784236087524 0.1708223521709442 377
1784236087540 0.5421122908592224 378
1784236087556 0.30130428075790405 379
1784236087572 0.4439699649810791 380
1784236087588 0.43264350295066833 381
1784236087603 0.3592149615287781 382
1784236087618 0.5985110998153687 383
1784236087634 0.4963911175727844 384
1784236087649 0.3928423523902893 385
1784236087665 0.3783476948738098 386
1784236087682 0.5626731514930725 387
1784236087699 0.7403798699378967 388
1784236087715 0.5197577476501465 389
1784236087729 0.23334018886089325 390
1784236087744 0.3244226574897766 391
1784236087760 0.600283682346344 392
1784236087776 0.39159122109413147 393
1784236087792 0.3131554126739502 394
1784236087807 0.5121241211891174 395
1784236087824 0.43736982345581055 396
1784236087841 0.3051764667034149 397
1784236087856 0.445591002702713 398
1784236087871 0.15252985060214996 399
1784236087886 0.26344799995422363 400
1784236087901 0.4446575939655304 401
1784236087916 0.3928775489330292 402
1784236087932 0.37672072649002075 403
1784236087948 0.3915131688117981 404
1784236087965 0.31246092915534973 405
1784236087983 0.33976319432258606 406
1784236088000 0.3864733874797821 407
1784236088017 0.4942157566547394 408
1784236088033 0.36238086223602295 409
1784236088049 0.45618805289268494 410
1784236088065 0.39585015177726746 411
1784236088081 1.198155403137207 412
1784236088094 0.9169738292694092 413
1784236088109 0.40925857424736023 414
1784236088126 0.5949667692184448 415
1784236088141 0.4503267705440521 416
1784236088158 0.693985641002655 417
1784236088174 0.26315391063690186 418
1784236088191 0.6806741952896118 419
1784236088207 0.309221088886261 420
1784236088223 0.7110261917114258 421
1784236088241 0.38648489117622375 422
1784236088257 0.39851897954940796 423
1784236088271 0.3109894096851349 424
1784236088286 0.534606397151947 425
1784236088303 0.2175973355770111 426
1784236088318 0.439097136259079 427
1784236088334 0.15036951005458832 428
1784236088351 0.38462531566619873 429
1784236088366 0.7300764918327332 430
1784236088382 0.5071341395378113 431
1784236088401 0.3498185873031616 432
1784236088418 0.4017980992794037 433
1784236088433 0.4113278388977051 434
1784236088450 0.37920260429382324 435
1784236088468 0.5850245952606201 436
1784236088482 0.46093568205833435 437
1784236088495 0.46956202387809753 438
1784236088510 0.3535202145576477 439
1784236088526 0.49649733304977417 440
1784236088542 0.22350795567035675 441
1784236088557 0.6188908815383911 442
1784236088575 0.47114837169647217 443
1784236088590 0.44070449471473694 444
1784236088608 0.23035043478012085 445
1784236088630 0.2954241931438446 446
1784236088646 0.5974751114845276 447
1784236088664 0.6064716577529907 448
1784236088686 0.4184141755104065 449
1784236088704 0.3512023985385895 450
1784236088719 0.34175771474838257 451
1784236088736 0.4129868447780609 452
1784236088752 0.2081446647644043 453
1784236088769 0.40058785676956177 454
1784236088783 0.24238170683383942 455
1784236088800 0.4581889510154724 456
1784236088817 0.22748440504074097 457
1784236088833 0.3303053081035614 458
1784236088849 0.41699498891830444 459
1784236088867 0.3550493121147156 460
1784236088885 0.4499419629573822 461
1784236088901 0.38027864694595337 462
1784236088920 0.6031811833381653 463
1784236088939 0.521145761013031 464
1784236089027 0.44494593143463135 465
1784236089041 0.49485331773757935 466
1784236089067 0.3630739748477936 467
1784236089086 0.3084902763366699 468
1784236089104 0.4182435870170593 469
1784236089121 0.34537264704704285 470
1784236089136 0.6725542545318604 471
1784236089154 0.2536069452762604 472
1784236089169 0.10461205244064331 473
1784236089185 0.5690770745277405 474
1784236089201 0.37867826223373413 475
1784236089217 0.29690316319465637 476
1784236089233 0.5145317316055298 477
1784236089249 0.3840368986129761 478
1784236089265 0.5286125540733337 479
1784236089281 0.308074951171875 480
1784236089298 0.30470210313796997 481
1784236089311 0.24064619839191437 482
1784236089330 0.20273923873901367 483
1784236089345 0.40041062235832214 484
1784236089360 0.5279277563095093 485
1784236089376 0.5069518089294434 486
1784236089392 0.35334068536758423 487
1784236089409 0.4698150157928467 488
1784236089425 0.4036182463169098 489
1784236089441 0.3462904989719391 490
1784236089458 0.4858918786048889 491
1784236089474 0.5125270485877991 492
1784236089490 0.37945225834846497 493
1784236089505 0.44153761863708496 494
1784236089521 0.3094879388809204 495
1784236089538 0.42078453302383423 496
1784236089562 0.6551053524017334 497
1784236089577 0.1905554085969925 498
1784236089594 0.39068928360939026 499
1784236089612 0.5415292382240295 500
1784236089626 0.5298373103141785 501
1784236089644 0.41118699312210083 502
1784236089659 0.2990785837173462 503
1784236089674 0.26349878311157227 504
1784236089689 0.2666971683502197 505
1784236089705 0.3744524121284485 506
1784236089720 0.3901806175708771 507
1784236089734 0.418227881193161 508
1784236089749 0.24404224753379822 509
1784236089763 0.27106088399887085 510
1784236089778 0.3410033583641052 511
1784236089795 0.6476746201515198 512
1784236089809 0.20220400393009186 513
1784236089824 0.5460354685783386 514
1784236089841 0.5143260359764099 515
1784236089858 0.45201465487480164 516
1784236089874 0.28327125310897827 517
1784236089891 0.3161623775959015 518
1784236089908 0.2058209925889969 519
1784236089924 0.37046200037002563 520
1784236089941 0.5765044093132019 521
1784236089959 0.4227020740509033 522
1784236089975 0.5409688949584961 523
1784236089991 0.3883393406867981 524
1784236090006 0.3100716769695282 525
1784236090023 0.6892296075820923 526
1784236090038 0.2879711985588074 527
1784236090054 0.3321654498577118 528
1784236090069 0.39981257915496826 529
1784236090083 0.34603846073150635 530
1784236090100 0.28406015038490295 531
1784236090114 0.3310754895210266 532
1784236090202 0.4287826418876648 533
1784236090234 0.1816534698009491 534
1784236090251 0.5312772393226624 535
1784236090269 0.430914044380188 536
1784236090285 0.18828818202018738 537
1784236090301 0.3404428958892822 538
1784236090319 0.3851436972618103 539
1784236090334 0.5943848490715027 540
1784236090350 0.23149284720420837 541
1784236090367 0.3170583248138428 542
1784236090382 0.3281673192977905 543
1784236090400 0.6039115786552429 544
1784236090417 0.2530685365200043 545
1784236090433 0.48960357904434204 546
1784236090449 0.6169899702072144 547
1784236090464 0.4014999568462372 548
1784236090478 0.4936329424381256 549
1784236090493 0.31045249104499817 550
1784236090510 0.3354826867580414 551
1784236090526 0.6207727789878845 552
1784236090543 0.2910929322242737 553
1784236090559 0.2628628611564636 554
1784236090578 0.36809390783309937 555
1784236090593 0.4728603959083557 556
1784236090608 0.20032775402069092 557
1784236090625 0.2766093611717224 558
1784236090639 0.48601794242858887 559
1784236090655 0.758926510810852 560
1784236090669 0.16880986094474792 561
1784236090684 0.4350751042366028 562
1784236090701 0.33386972546577454 563
1784236090715 0.36306604743003845 564
1784236090729 0.2857827842235565 565
1784236090761 0.3396245241165161 566
1784236090778 0.3429456651210785 567
1784236090793 0.2954528331756592 568
1784236090809 0.40072914958000183 569
1784236090825 0.2176244556903839 570
1784236090843 0.44679397344589233 571
1784236090860 0.4673914313316345 572
1784236090876 0.40689167380332947 573
1784236090893 0.5093074440956116 574
1784236090911 0.4637828469276428 575
1784236090933 0.403717041015625 576
1784236090952 0.4600815773010254 577
1784236090968 0.29612302780151367 578
1784236090984 0.19366729259490967 579
1784236091000 0.3621799647808075 580
1784236091018 0.3355829417705536 581
1784236091034 0.41579094529151917 582
1784236091050 0.29398947954177856 583
1784236091070 0.22150956094264984 584
1784236091085 0.3987271785736084 585
1784236091099 0.35552483797073364 586
1784236091113 0.4184095561504364 587
1784236091130 0.3061642348766327 588
1784236091146 0.40985625982284546 589
1784236091161 0.35572031140327454 590
1784236091177 0.3185739517211914 591
1784236091192 0.23731645941734314 592
1784236091206 0.36994487047195435 593
1784236091221 0.5383780598640442 594
1784236091236 0.22925323247909546 595
1784236091252 0.19858165085315704 596
1784236091267 0.2568906843662262 597
1784236091283 0.43380364775657654 598
1784236091300 0.46873795986175537 599
1784236091316 0.3345601558685303 600
1784236091329 0.21057462692260742 601
1784236091342 0.3552042543888092 602
1784236091358 0.3035171926021576 603
1784236091373 0.20158922672271729 604
1784236091390 0.368276983499527 605
1784236091407 0.24342116713523865 606
1784236091424 0.4441462457180023 607
1784236091440 0.8967946171760559 608
1784236091456 0.4079846441745758 609
1784236091472 0.22913725674152374 610
1784236091488 0.2670626640319824 611
1784236091504 0.33208999037742615 612
1784236091518 0.4301643967628479 613
1784236091533 0.41893449425697327 614
1784236091549 0.303604394197464 615
1784236091563 0.7466121912002563 616
1784236091580 0.2275744527578354 617
1784236091596 0.5292205214500427 618
1784236091611 0.5259960293769836 619
1784236091625 0.3427397310733795 620
1784236091640 0.4682177007198334 621
1784236091655 0.34435126185417175 622
1784236091671 0.4630288779735565 623
1784236091688 0.30229443311691284 624
1784236091771 0.27065062522888184 625
1784236091785 0.5179224014282227 626
1784236091804 0.49896740913391113 627
1784236091819 0.4834994673728943 628
1784236091838 0.27220019698143005 629
1784236091857 0.3642251491546631 630
1784236091875 0.22960440814495087 631
1784236091889 0.31658610701560974 632
1784236091904 0.38280579447746277 633
1784236091921 0.26399487257003784 634
1784236091936 0.6642043590545654 635
1784236091950 0.3733063340187073 636
1784236091966 0.31778985261917114 637
1784236091982 0.4868820905685425 638
1784236091997 0.43613672256469727 639
1784236092013 0.3956739008426666 640
1784236092027 0.3158150613307953 641
1784236092042 0.3865775763988495 642
1784236092058 0.4368869662284851 643
1784236092073 0.3045203685760498 644
1784236092090 0.23026613891124725 645
1784236092107 0.24005304276943207 646
1784236092124 0.4149555265903473 647
1784236092139 0.27474862337112427 648
1784236092161 0.7784005403518677 649
1784236092176 0.26727256178855896 650
1784236092195 0.3640235662460327 651
1784236092210 0.28544121980667114 652
1784236092226 0.3832668662071228 653
1784236092244 0.27345335483551025 654
1784236092259 0.35070136189460754 655
1784236092275 0.32730987668037415 656
1784236092297 0.6128067374229431 657
1784236092312 0.2406536042690277 658
1784236092331 0.46795567870140076 659
1784236092350 0.55145663022995 660
1784236092367 0.31712019443511963 661
1784236092383 0.38391655683517456 662
1784236092400 0.41207626461982727 663
1784236092415 0.22946138679981232 664
1784236092435 0.29035109281539917 665
1784236092451 0.2614955008029938 666
1784236092469 0.315947949886322 667
1784236092485 0.228720024228096 668
1784236092502 0.14340023696422577 669
1784236092528 0.5714777708053589 670
1784236092543 0.3446694016456604 671
1784236092562 0.5310536623001099 672
1784236092577 0.37986981868743896 673
1784236092593 0.30063924193382263 674
1784236092610 0.37283194065093994 675
1784236092632 0.3883240818977356 676
1784236092648 0.31021517515182495 677
1784236092679 0.6395623087882996 678
1784236092693 0.25649046897888184 679
1784236092708 0.3303309977054596 680
1784236092725 0.7098114490509033 681
1784236092742 0.2940256893634796 682
1784236092760 0.34931835532188416 683
1784236092789 0.29588302969932556 684
1784236092806 0.5252043008804321 685
1784236092823 0.4303436279296875 686
1784236092839 0.46833622455596924 687
1784236092854 0.2906494438648224 688
1784236092871 0.2660479247570038 689
1784236092887 0.46441930532455444 690
1784236092904 0.3495729863643646 691
1784236092994 0.3945314288139343 692
1784236093008 0.5460283160209656 693
1784236093033 0.4635971188545227 694
1784236093050 0.3536880910396576 695
1784236093068 0.6577183604240417 696
1784236093084 0.45301252603530884 697
1784236093100 0.3529767096042633 698
1784236093115 0.24998734891414642 699
1784236093131 0.5405135750770569 700
1784236093149 0.1720997393131256 701
1784236093166 0.429758757352829 702
1784236093183 0.3358600437641144 703
1784236093202 0.5143250823020935 704
1784236093217 0.2415483444929123 705
1784236093232 0.36598750948905945 706
1784236093249 0.2786920964717865 707
1784236093265 0.42784154415130615 708
1784236093278 0.3468009829521179 709
1784236093292 0.20175844430923462 710
1784236093307 0.436981737613678 711
1784236093320 0.3062850534915924 712
1784236093334 0.3982163071632385 713
1784236093349 0.4330759048461914 714
1784236093363 0.5229523777961731 715
1784236093376 0.2891882658004761 716
1784236093391 0.43522945046424866 717
1784236093409 0.2643287181854248 718
1784236093424 0.33474886417388916 719
1784236093438 0.5108418464660645 720
1784236093454 0.7830682396888733 721
1784236093471 0.4246625006198883 722
1784236093498 0.35467228293418884 723
1784236093516 0.5285935401916504 724
1784236093532 0.4281873404979706 725
1784236093547 0.4789065718650818 726
1784236093559 0.2160550355911255 727
1784236093575 0.3288021385669708 728
1784236093589 0.10246183723211288 729
1784236093605 0.7973774075508118 730
1784236093619 0.37241074442863464 731
1784236093634 0.37547823786735535 732
1784236093647 0.27560901641845703 733
1784236093663 0.24626478552818298 734
1784236093676 0.15020523965358734 735
1784236093691 0.3132109045982361 736
1784236093705 0.18570683896541595 737
1784236093720 0.6824381351470947 738
1784236093735 0.20014655590057373 739
1784236093748 0.23272955417633057 740
1784236093759 0.6324048042297363 741
1784236093775 0.6076174974441528 742
1784236093791 0.3736887574195862 743
1784236093807 0.27427059412002563 744
1784236093821 0.6323845386505127 745
1784236093835 0.351708322763443 746
1784236093859 0.200903058052063 747
1784236093873 0.38949644565582275 748
1784236093888 0.35527926683425903 749
1784236093904 0.5679895281791687 750
1784236093918 0.2104048877954483 751
1784236093931 0.4406311810016632 752
1784236093945 0.4472835659980774 753
1784236093957 0.851009726524353 754
1784236093971 0.2858852744102478 755
1784236093982 0.2597109079360962 756
1784236093998 0.38484957814216614 757
1784236094014 0.5701284408569336 758
1784236094029 0.26919445395469666 759
1784236094045 0.35549697279930115 760
1784236094057 0.4980214238166809 761
1784236094071 0.11012277007102966 762
1784236094088 0.35126110911369324 763
1784236094102 0.33394867181777954 764
1784236094118 0.3491339385509491 765
1784236094134 0.369358628988266 766
1784236094150 1.1856508255004883 767
1784236094165 0.19297342002391815 768
1784236094179 0.37540557980537415 769
1784236094194 0.9359784722328186 770
1784236094209 0.4757809042930603 771
1784236094225 0.3374761641025543 772
1784236094240 0.12862594425678253 773
1784236094255 0.397244393825531 774
1784236094268 0.2597725987434387 775
1784236094283 0.5012360215187073 776
1784236094299 0.31110015511512756 777
1784236094314 0.1726575642824173 778
1784236094330 0.600865364074707 779
1784236094350 0.3647427260875702 780
1784236094365 0.38518452644348145 781
1784236094378 0.3498131334781647 782
1784236094394 0.3053920865058899 783
1784236094411 0.3773549497127533 784
1784236094426 0.4130682647228241 785
1784236094441 0.2583266496658325 786
1784236094456 0.4927559196949005 787
1784236094470 0.4909531772136688 788
1784236094486 0.1966741383075714 789
1784236094501 0.3048568069934845 790
1784236094516 0.1899857074022293 791
1784236094530 0.39166706800460815 792
1784236094546 0.4930676221847534 793
1784236094559 0.32592901587486267 794
1784236094574 0.4414021968841553 795
1784236094591 0.3345964252948761 796
1784236094607 0.22772882878780365 797
1784236094622 0.24839791655540466 798
1784236094637 0.1988854706287384 799
1784236094651 0.3528606593608856 800
1784236094665 0.3153834640979767 801
1784236094678 0.7212303280830383 802
1784236094692 0.20873482525348663 803
1784236094707 0.5289952754974365 804
1784236094722 0.340955913066864 805
1784236094737 0.5358273983001709 806
1784236094750 0.40464988350868225 807
1784236094765 0.39701634645462036 808
1784236094778 0.3388846218585968 809
1784236094792 0.17715363204479218 810
1784236094806 0.6716370582580566 811
1784236094821 0.29241278767585754 812
1784236094834 0.19462385773658752 813
1784236094920 0.366265207529068 814
1784236094934 0.525172233581543 815
1784236094952 0.6408703923225403 816
1784236094966 0.3314804434776306 817
1784236094984 0.502072811126709 818
1784236094998 0.231257364153862 819
1784236095015 0.5164891481399536 820
1784236095027 0.19311626255512238 821
1784236095041 0.3591404855251312 822
1784236095055 0.33453357219696045 823
1784236095069 0.5683606863021851 824
1784236095082 0.2273523360490799 825
1784236095096 0.18770712614059448 826
1784236095113 0.3735094368457794 827
1784236095128 0.6906415820121765 828
1784236095143 0.3917158842086792 829
1784236095157 0.3149976134300232 830
1784236095172 0.16862209141254425 831
1784236095186 0.4096883535385132 832
1784236095202 0.3549375534057617 833
1784236095217 0.3669130206108093 834
1784236095233 0.24649189412593842 835
1784236095247 0.41680145263671875 836
1784236095262 0.23961472511291504 837
1784236095276 0.45301103591918945 838
1784236095290 0.38150498270988464 839
1784236095304 0.24709650874137878 840
1784236095317 0.3538805842399597 841
1784236095330 0.4836574196815491 842
1784236095344 0.46023890376091003 843
1784236095358 0.37753093242645264 844
1784236095373 0.409083753824234 845
1784236095387 0.41700488328933716 846
1784236095403 0.4907902181148529 847
1784236095420 0.20726773142814636 848
1784236095436 0.6048411726951599 849
1784236095452 0.4150693714618683 850
1784236095470 0.35504409670829773 851
1784236095488 0.2641870379447937 852
1784236095507 0.5253551006317139 853
1784236095525 0.496012806892395 854
1784236095541 0.7196599841117859 855
1784236095558 0.2995050549507141 856
1784236095575 0.7751917243003845 857
1784236095591 0.21634718775749207 858
1784236095606 0.3868939280509949 859
1784236095621 0.46137964725494385 860
1784236095636 0.1854943186044693 861
1784236095651 0.3269850015640259 862
1784236095666 0.41530680656433105 863
1784236095681 0.46291089057922363 864
1784236095696 0.5348233580589294 865
1784236095711 0.6967177391052246 866
1784236095726 0.5806270837783813 867
1784236095741 0.4982036054134369 868
1784236095757 0.45621854066848755 869
1784236095771 0.24117040634155273 870
1784236095785 0.361250638961792 871
1784236095800 0.20305700600147247 872
1784236095812 0.3151306211948395 873
1784236095825 0.45683231949806213 874
1784236095840 0.6653444766998291 875
1784236095855 0.5190256237983704 876
1784236095869 0.15673522651195526 877
1784236095882 0.3706042468547821 878
1784236095896 0.4393428564071655 879
1784236095910 0.34170717000961304 880
1784236095955 0.5335729122161865 881
1784236096006 0.33989039063453674 882
1784236096019 0.36117953062057495 883
1784236096040 0.6795997619628906 884
1784236096057 0.294630765914917 885
1784236096071 0.17886726558208466 886
1784236096084 0.4654541313648224 887
1784236096097 0.44422677159309387 888
1784236096112 0.2750125229358673 889
1784236096126 0.3673724830150604 890
1784236096141 0.2768765985965729 891
1784236096153 0.4307348132133484 892
1784236096167 0.30796873569488525 893
1784236096181 0.35591983795166016 894
1784236096195 0.644901692867279 895
1784236096208 0.33765938878059387 896
1784236096224 0.6467460989952087 897
1784236096239 0.3547370731830597 898
1784236096254 0.31366264820098877 899
1784236096270 0.38017651438713074 900
1784236096285 0.13383063673973083 901
1784236096301 0.5031375885009766 902
1784236096318 0.447275310754776 903
1784236096332 0.33228012919425964 904
1784236096344 0.32329171895980835 905
1784236096357 0.2231227308511734 906
1784236096371 0.2769755721092224 907
1784236096384 0.36879175901412964 908
1784236096399 0.25055137276649475 909
1784236096419 0.284278005361557 910
1784236096435 0.4363846480846405 911
1784236096449 0.6260645389556885 912
1784236096465 0.31630343198776245 913
1784236096481 0.40076112747192383 914
1784236096495 0.3676888644695282 915
1784236096510 0.25777530670166016 916
1784236096524 0.6113415956497192 917
1784236096538 0.21925963461399078 918
1784236096552 0.3231496810913086 919
1784236096565 0.4330507218837738 920
1784236096577 0.2845628261566162 921
1784236096591 0.3681650757789612 922
1784236096606 0.643204927444458 923
1784236096621 0.6460065245628357 924
1784236096636 0.29932788014411926 925
1784236096649 0.2627410888671875 926
1784236096661 0.5683912634849548 927
1784236096674 0.3445356488227844 928
1784236096691 0.13059523701667786 929
1784236096705 0.40435919165611267 930
1784236096721 0.5223960876464844 931
1784236096734 0.33280718326568604 932
1784236096748 0.33453720808029175 933
1784236096761 0.13637800514698029 934
1784236096774 0.2537083923816681 935
1784236096789 0.48323023319244385 936
1784236096803 0.6021443605422974 937
1784236096818 0.24286261200904846 938
1784236096834 0.32034140825271606 939
1784236096848 0.44211864471435547 940
1784236096863 0.31244727969169617 941
1784236096882 0.3120897710323334 942
1784236096897 0.3165481984615326 943
1784236096911 0.39693471789360046 944
1784236096924 0.2755199074745178 945
1784236096939 0.48039495944976807 946
1784236096955 0.3492891490459442 947
1784236096970 0.2701387405395508 948
1784236097059 0.19517283141613007 949
1784236097085 0.4821104407310486 950
1784236097102 0.5357491374015808 951
1784236097115 0.19991454482078552 952
1784236097133 0.4069792926311493 953
1784236097151 0.3072204291820526 954
1784236097167 0.4607013463973999 955
1784236097182 0.09750771522521973 956
1784236097200 0.23213142156600952 957
1784236097214 0.3223262429237366 958
1784236097229 0.4174804091453552 959
1784236097246 0.40099871158599854 960
1784236097261 0.3213287591934204 961
1784236097276 0.3230782151222229 962
1784236097291 0.3169710338115692 963
1784236097307 0.2966703772544861 964
1784236097323 0.21619071066379547 965
1784236097340 0.49203696846961975 966
1784236097355 0.5043837428092957 967
1784236097372 0.5284634828567505 968
1784236097387 0.2274591326713562 969
1784236097402 0.3422034680843353 970
1784236097418 0.1355932354927063 971
1784236097433 0.3153451085090637 972
1784236097449 0.23633216321468353 973
1784236097465 0.44212016463279724 974
1784236097481 0.4885149896144867 975
1784236097497 0.4486943483352661 976
1784236097512 0.367825448513031 977
1784236097526 0.3593465983867645 978
1784236097541 0.1856275200843811 979
1784236097558 0.3838302195072174 980
1784236097574 0.18148404359817505 981
1784236097592 0.09692739695310593 982
1784236097607 0.40805408358573914 983
1784236097623 0.20925362408161163 984
1784236097640 0.15649542212486267 985
1784236097656 0.40120992064476013 986
1784236097672 0.4163879156112671 987
1784236097688 0.26053643226623535 988
1784236097707 0.3338014483451843 989
1784236097735 0.5117461085319519 990
1784236097756 0.3498927354812622 991
1784236097774 0.5825749039649963 992
1784236097791 1.142008662223816 993
1784236097808 0.32329604029655457 994
1784236097824 0.19083377718925476 995
1784236097841 0.5572803616523743 996
1784236097857 0.2405117154121399 997
1784236097872 0.11584261804819107 998
1784236097888 0.24532635509967804 999
1784236097903 0.4189395010471344 1000
1784236097926 0.22009676694869995 1001
1784236097942 0.49916455149650574 1002
1784236097959 0.2985304892063141 1003
1784236097975 0.8574858903884888 1004
1784236097990 0.3430795967578888 1005
1784236098006 0.38529831171035767 1006
1784236098021 0.5953097343444824 1007
1784236098037 0.17632630467414856 1008
1784236098052 0.1276702582836151 1009
1784236098066 0.45926281809806824 1010
1784236098080 0.1118188425898552 1011
1784236098094 0.2045893520116806 1012
1784236098109 0.22776873409748077 1013
1784236098125 0.21981015801429749 1014
1784236098141 0.2772582471370697 1015
1784236098157 0.45939743518829346 1016
1784236098173 0.6427013874053955 1017
1784236098189 0.31504905223846436 1018
1784236098205 0.33025074005126953 1019
1784236098220 0.21600046753883362 1020
1784236098235 0.18361224234104156 1021
1784236098251 0.2357233315706253 1022
1784236098266 0.13142068684101105 1023
1784236098281 0.32035425305366516 1024
1784236098294 0.2924168109893799 1025
1784236098309 0.3343508541584015 1026
1784236098324 0.33482134342193604 1027
1784236098339 0.4977878928184509 1028
1784236098353 0.37488576769828796 1029
1784236098367 0.24471046030521393 1030
1784236098378 0.36491647362709045 1031
1784236098391 0.4414725601673126 1032
1784236098407 0.2673346698284149 1033
1784236098421 0.17034603655338287 1034
1784236098436 0.4615790843963623 1035
1784236098452 0.7592447400093079 1036
1784236098466 0.5358352661132812 1037
1784236098478 0.23839332163333893 1038
1784236098493 0.5703040361404419 1039
1784236098512 0.24237628281116486 1040
1784236098530 0.5241730809211731 1041
1784236098545 0.5514547824859619 1042
1784236098560 0.2981419861316681 1043
1784236098581 0.49038589000701904 1044
1784236098603 0.23085039854049683 1045
1784236098621 0.15258514881134033 1046
1784236098720 0.7657074332237244 1047
1784236098736 0.21029718220233917 1048
1784236098794 0.18633140623569489 1049
1784236098814 0.7856859564781189 1050
1784236098832 0.859150230884552 1051
1784236098848 0.3150714933872223 1052
1784236098864 0.20922550559043884 1053
1784236098878 0.15704026818275452 1054
1784236098891 0.32976439595222473 1055
1784236098906 0.22220343351364136 1056
1784236098922 0.5140209197998047 1057
1784236098954 0.45463281869888306 1058
1784236098969 0.3673798441886902 1059
1784236098985 0.9497742652893066 1060
1784236098998 0.36163321137428284 1061
1784236099023 0.5511378049850464 1062
1784236099041 0.28761592507362366 1063
1784236099060 0.3882388770580292 1064
1784236099079 0.46473413705825806 1065
1784236099096 0.19531120359897614 1066
1784236099114 0.6183626055717468 1067
1784236099131 0.2831306457519531 1068
1784236099151 0.3255285620689392 1069
1784236099168 0.311223566532135 1070
1784236099195 0.2799944281578064 1071
1784236099215 0.4365174472332001 1072
1784236099232 0.20398782193660736 1073
1784236099253 0.23565933108329773 1074
1784236099267 0.16632795333862305 1075
1784236099282 0.13361001014709473 1076
1784236099298 0.3824760615825653 1077
1784236099312 0.3012678325176239 1078
1784236099325 0.3820737898349762 1079
1784236099342 0.43110108375549316 1080
1784236099357 0.8477446436882019 1081
1784236099372 0.5435682535171509 1082
1784236099387 0.47416990995407104 1083
1784236099404 0.43074119091033936 1084
1784236099421 0.26845791935920715 1085
1784236099436 0.67474365234375 1086
1784236099452 0.19085010886192322 1087
1784236099467 0.21878671646118164 1088
1784236099483 0.36315497756004333 1089
1784236099499 0.37524279952049255 1090
1784236099515 0.23611679673194885 1091
1784236099530 0.4708905518054962 1092
1784236099547 0.6748080849647522 1093
1784236099562 0.2050764262676239 1094
1784236099576 0.4244699478149414 1095
1784236099591 0.31730037927627563 1096
1784236099607 0.3047690987586975 1097
1784236099624 0.2803610861301422 1098
1784236099643 0.44029006361961365 1099
1784236099657 0.21763975918293 1100
1784236099674 0.364554226398468 1101
1784236099690 0.5320479869842529 1102
1784236099706 0.5021886825561523 1103
1784236099721 0.12668710947036743 1104
1784236099740 0.17101238667964935 1105
1784236099755 0.1911487579345703 1106
1784236099771 0.46767231822013855 1107
1784236099786 0.45516398549079895 1108
1784236099802 0.18587777018547058 1109
1784236099816 0.41435593366622925 1110
1784236099831 0.6586812138557434 1111
1784236099846 0.6472142934799194 1112
1784236099861 0.19682303071022034 1113
1784236099877 0.15647663176059723 1114
1784236099892 0.5547014474868774 1115
1784236099908 0.2703609764575958 1116
1784236099923 0.475683331489563 1117
1784236099938 0.38480252027511597 1118
1784236099954 0.15843679010868073 1119
1784236099970 0.08689232915639877 1120
1784236099987 0.3958403766155243 1121
1784236100004 0.4038463234901428 1122
1784236100020 0.22591817378997803 1123
1784236100036 0.48619118332862854 1124
1784236100052 0.5049722790718079 1125
1784236100069 0.30098477005958557 1126
1784236100162 0.15276625752449036 1127
1784236100193 0.29555457830429077 1128
1784236100211 0.14082610607147217 1129
1784236100230 0.2016899585723877 1130
1784236100246 0.3236587643623352 1131
1784236100261 0.37241384387016296 1132
1784236100278 0.24962088465690613 1133
1784236100291 0.19829212129116058 1134
1784236100307 0.28957244753837585 1135
1784236100321 0.5375615954399109 1136
1784236100335 0.43410757184028625 1137
1784236100351 0.39458996057510376 1138
1784236100366 0.22793549299240112 1139
1784236100381 0.3824045956134796 1140
1784236100397 0.15442223846912384 1141
1784236100416 0.1911734789609909 1142
1784236100432 0.45470955967903137 1143
1784236100449 0.40611109137535095 1144
1784236100467 0.3431221544742584 1145
1784236100484 0.16888688504695892 1146
1784236100504 0.3036233186721802 1147
1784236100522 0.26490557193756104 1148
1784236100541 0.5210038423538208 1149
1784236100556 0.10696637630462646 1150
1784236100574 0.1873496025800705 1151
1784236100603 0.18289513885974884 1152
1784236100627 0.9220794439315796 1153
1784236100648 0.3774625062942505 1154
1784236100670 0.21588349342346191 1155
1784236100690 0.2365020364522934 1156
1784236100717 0.30957886576652527 1157
1784236100741 0.1858624666929245 1158
1784236100768 0.28385716676712036 1159
1784236100790 0.49459338188171387 1160
1784236100806 0.2627421021461487 1161
1784236100825 0.17499983310699463 1162
1784236100848 0.3034135103225708 1163
1784236100870 0.2548145353794098 1164
1784236100895 0.29651501774787903 1165
1784236100916 0.2775491178035736 1166
1784236100934 0.35098764300346375 1167
1784236100949 0.09375365823507309 1168
1784236100964 0.22100241482257843 1169
1784236100984 0.3073161244392395 1170
1784236101001 0.22441917657852173 1171
1784236101019 0.30170196294784546 1172
1784236101035 0.1868334412574768 1173
1784236101051 0.3054308295249939 1174
1784236101074 0.1875705122947693 1175
1784236101095 0.21465489268302917 1176
1784236101110 0.368021160364151 1177
1784236101126 0.610641598701477 1178
1784236101149 0.37972497940063477 1179
1784236101173 0.5745086669921875 1180
1784236101195 0.17396864295005798 1181
1784236101214 0.37066197395324707 1182
1784236101231 0.42633679509162903 1183
1784236101248 0.36109375953674316 1184
1784236101264 0.5420292615890503 1185
1784236101283 0.46794044971466064 1186
1784236101300 0.6757082343101501 1187
1784236101317 0.21167778968811035 1188
1784236101332 0.5040067434310913 1189
1784236101347 0.2554086148738861 1190
1784236101361 0.5186188220977783 1191
1784236101377 0.6090046167373657 1192
1784236101394 0.4211289882659912 1193
1784236101484 0.16169030964374542 1194
1784236101500 0.4882645905017853 1195
1784236101532 0.46465161442756653 1196
1784236101548 0.3221276104450226 1197
1784236101566 0.4348636269569397 1198
1784236101582 0.19421589374542236 1199
1784236101597 0.3139135539531708 1200
1784236101610 0.4393760561943054 1201
1784236101623 0.3506298065185547 1202
1784236101639 0.22819818556308746 1203
1784236101653 0.5284963250160217 1204
1784236101668 0.49283719062805176 1205
1784236101682 0.23960715532302856 1206
1784236101697 0.4336951673030853 1207
1784236101710 0.3634912967681885 1208
1784236101724 0.24113322794437408 1209
1784236101740 0.20733222365379333 1210
1784236101754 0.33597785234451294 1211
1784236101770 0.5249890089035034 1212
1784236101784 0.42741408944129944 1213
1784236101800 0.6821518540382385 1214
1784236101814 0.4527295231819153 1215
1784236101830 0.16467152535915375 1216
1784236101844 0.28224048018455505 1217
1784236101857 0.18726427853107452 1218
1784236101872 0.6997165679931641 1219
1784236101889 0.35932695865631104 1220
1784236101906 0.6564592719078064 1221
1784236101924 0.2908104658126831 1222
1784236101939 0.7669228315353394 1223
1784236101959 0.4463927745819092 1224
1784236101979 0.3763189911842346 1225
1784236101998 0.27471724152565 1226
1784236102015 0.6992342472076416 1227
1784236102036 0.7132018804550171 1228
1784236102055 0.3147558867931366 1229
1784236102078 0.25788450241088867 1230
1784236102100 0.3950515389442444 1231
1784236102118 0.3778098225593567 1232
1784236102139 0.2595127522945404 1233
1784236102160 0.1749965399503708 1234
1784236102177 0.21804597973823547 1235
1784236102196 0.29246947169303894 1236
1784236102217 0.4607551097869873 1237
1784236102235 0.3551863729953766 1238
1784236102254 0.11453289538621902 1239
1784236102275 0.18050183355808258 1240
1784236102314 0.1744231879711151 1241
1784236102338 0.3230942189693451 1242
1784236102363 0.24896401166915894 1243
1784236102389 0.2766959071159363 1244
1784236102436 0.26364952325820923 1245
1784236102458 0.3607127070426941 1246
1784236102481 0.3015897870063782 1247
1784236102513 0.31949418783187866 1248
1784236102541 0.708430290222168 1249
1784236102567 0.4449325501918793 1250
1784236102589 0.17177827656269073 1251
1784236102610 1.0004926919937134 1252
1784236102636 0.27489379048347473 1253
1784236102656 0.5613595843315125 1254
1784236102674 0.353977233171463 1255
1784236102695 0.3632981479167938 1256
1784236102713 0.2369089275598526 1257
1784236102733 0.2852684259414673 1258
1784236102752 0.20230218768119812 1259
1784236102770 0.31714746356010437 1260
1784236102790 0.3008466958999634 1261
1784236102817 0.49065330624580383 1262
1784236102836 0.2707579433917999 1263
1784236102853 0.359125018119812 1264
1784236102961 0.529274582862854 1265
1784236102984 0.39165937900543213 1266
1784236103018 0.41098690032958984 1267
1784236103039 0.2910109758377075 1268
1784236103057 0.3117583990097046 1269
1784236103074 0.42064839601516724 1270
1784236103091 0.40287572145462036 1271
1784236103111 0.11062393337488174 1272
1784236103128 0.2419281303882599 1273
1784236103147 0.17482063174247742 1274
1784236103166 0.20439419150352478 1275
1784236103184 0.6753135919570923 1276
1784236103201 0.6568158268928528 1277
1784236103217 0.4602137804031372 1278
1784236103237 0.3245377242565155 1279
1784236103259 0.2327904999256134 1280
1784236103278 0.38579869270324707 1281
1784236103297 0.21605607867240906 1282
1784236103314 0.36160582304000854 1283
1784236103329 0.2056775987148285 1284
1784236103350 0.4261889159679413 1285
1784236103365 0.26841872930526733 1286
1784236103382 0.6993097066879272 1287
1784236103398 0.2802273631095886 1288
1784236103416 0.3845857083797455 1289
1784236103435 0.09263931214809418 1290
1784236103452 0.3384604752063751 1291
1784236103469 0.22085392475128174 1292
1784236103484 0.3614341616630554 1293
1784236103498 0.24166123569011688 1294
1784236103511 0.2833547592163086 1295
1784236103528 0.24422241747379303 1296
1784236103544 0.40303751826286316 1297
1784236103559 0.39227962493896484 1298
1784236103574 0.5775180459022522 1299
1784236103592 0.2680297791957855 1300
1784236103606 0.43734100461006165 1301
1784236103622 0.47419223189353943 1302
1784236103638 0.46562665700912476 1303
1784236103656 0.19901011884212494 1304
1784236103671 0.05763969197869301 1305
1784236103688 0.343745619058609 1306
1784236103704 0.5393984317779541 1307
1784236103720 0.1390685886144638 1308
1784236103734 0.16441144049167633 1309
1784236103752 0.747089147567749 1310
1784236103771 0.2025713175535202 1311
1784236103791 0.20604315400123596 1312
1784236103808 0.29161563515663147 1313
1784236103826 0.28687235713005066 1314
1784236103842 0.24174930155277252 1315
1784236103857 0.5746121406555176 1316
1784236103872 0.3030638098716736 1317
1784236103888 0.36767733097076416 1318
1784236103905 0.5362384915351868 1319
1784236103921 0.13245496153831482 1320
1784236103937 0.24569500982761383 1321
1784236103955 0.5541625618934631 1322
1784236103972 0.6180947422981262 1323
1784236103990 0.17074304819107056 1324
1784236104007 0.4204774498939514 1325
1784236104024 0.43788373470306396 1326
1784236104041 0.3567391335964203 1327
1784236104057 0.6064456105232239 1328
1784236104074 0.30319252610206604 1329
1784236104092 0.21125002205371857 1330
1784236104109 0.3702138364315033 1331
1784236104205 0.15016572177410126 1332
1784236104250 0.6255537271499634 1333
1784236104268 0.2512328624725342 1334
1784236104291 0.49133816361427307 1335
1784236104317 0.31364986300468445 1336
1784236104336 0.4538794159889221 1337
1784236104353 0.4822332262992859 1338
1784236104374 0.44576919078826904 1339
1784236104395 0.23070749640464783 1340
1784236104413 0.36731651425361633 1341
1784236104434 0.3691330552101135 1342
1784236104454 0.18306860327720642 1343
1784236104472 0.36464864015579224 1344
1784236104490 0.29397040605545044 1345
1784236104509 0.20639970898628235 1346
1784236104524 0.43239790201187134 1347
1784236104545 0.29762423038482666 1348
1784236104563 0.16173163056373596 1349
1784236104580 0.2736758887767792 1350
1784236104598 0.10693378001451492 1351
1784236104616 0.5750513076782227 1352
1784236104635 0.3496917188167572 1353
1784236104653 0.5016627311706543 1354
1784236104677 0.2515747845172882 1355
1784236104698 0.2788298726081848 1356
1784236104722 0.5344981551170349 1357
1784236104743 0.39769086241722107 1358
1784236104763 0.6437994837760925 1359
1784236104783 0.22946514189243317 1360
1784236104803 0.13866594433784485 1361
1784236104819 0.2764025628566742 1362
1784236104836 0.13781039416790009 1363
1784236104852 0.3250058591365814 1364
1784236104865 0.16730327904224396 1365
1784236104880 0.7622596621513367 1366
1784236104895 0.41493740677833557 1367
1784236104912 0.4892227351665497 1368
1784236104926 0.15348707139492035 1369
1784236104940 0.23019824922084808 1370
1784236104954 0.23364710807800293 1371
1784236104969 0.405985027551651 1372
1784236104985 0.30108484625816345 1373
1784236105000 0.2984834313392639 1374
1784236105015 0.5053228735923767 1375
1784236105030 0.4945630431175232 1376
1784236105043 0.22822518646717072 1377
1784236105057 0.21311736106872559 1378
1784236105072 0.5490692257881165 1379
1784236105088 0.13051342964172363 1380
1784236105103 0.6539016366004944 1381
1784236105119 0.3580237925052643 1382
1784236105133 0.3024260103702545 1383
1784236105146 0.151092991232872 1384
1784236105160 0.4778793454170227 1385
1784236105174 0.21095962822437286 1386
1784236105187 0.21797116100788116 1387
1784236105203 0.18973831832408905 1388
1784236105219 0.33906063437461853 1389
1784236105233 0.33327820897102356 1390
1784236105248 0.3319021463394165 1391
1784236105267 0.425468772649765 1392
1784236105282 0.2973717451095581 1393
1784236105296 0.27053338289260864 1394
1784236105310 0.06874220073223114 1395
1784236105327 0.39825189113616943 1396
1784236105343 0.40182924270629883 1397
1784236105359 0.13899067044258118 1398
1784236105460 0.30252593755722046 1399
1784236105495 0.423101544380188 1400
1784236105511 0.21131235361099243 1401
1784236105530 0.22997219860553741 1402
1784236105545 0.3666978180408478 1403
1784236105563 0.23889632523059845 1404
1784236105581 0.24136969447135925 1405
1784236105606 0.5631851553916931 1406
1784236105623 0.1592686027288437 1407
1784236105639 0.08856474608182907 1408
1784236105655 0.29386264085769653 1409
1784236105670 0.20174089074134827 1410
1784236105687 0.405332088470459 1411
1784236105703 0.33526408672332764 1412
1784236105716 0.4583967924118042 1413
1784236105731 0.3353550434112549 1414
1784236105748 0.758899986743927 1415
1784236105766 0.33396971225738525 1416
1784236105780 0.14692796766757965 1417
1784236105797 0.27212217450141907 1418
1784236105813 0.26160699129104614 1419
1784236105828 0.35211503505706787 1420
1784236105846 0.24303555488586426 1421
1784236105861 0.2092873752117157 1422
1784236105877 0.32121580839157104 1423
1784236105895 0.23656892776489258 1424
1784236105911 0.2931061387062073 1425
1784236105925 0.5244197845458984 1426
1784236105939 0.17036192119121552 1427
1784236105956 0.3711016774177551 1428
1784236105972 0.2983962595462799 1429
1784236105990 0.5827817916870117 1430
1784236106010 0.4234811067581177 1431
1784236106028 0.4863133430480957 1432
1784236106048 0.35023435950279236 1433
1784236106066 0.5417550802230835 1434
1784236106085 0.4423874020576477 1435
1784236106102 0.3243546783924103 1436
1784236106121 0.581825315952301 1437
1784236106139 0.28984010219573975 1438
1784236106156 0.13629299402236938 1439
1784236106173 0.3637220859527588 1440
1784236106189 0.31688228249549866 1441
1784236106207 0.285702645778656 1442
1784236106228 0.3608032763004303 1443
1784236106242 0.23300640285015106 1444
1784236106259 0.2971075773239136 1445
1784236106276 0.5921744704246521 1446
1784236106294 0.474822074174881 1447
1784236106312 0.1257353276014328 1448
1784236106328 0.5931406021118164 1449
1784236106342 0.4121914207935333 1450
1784236106358 0.1984545886516571 1451
1784236106372 0.8335555791854858 1452
1784236106388 0.39952877163887024 1453
1784236106405 0.27297326922416687 1454
1784236106422 0.2725861072540283 1455
1784236106437 0.12956564128398895 1456
1784236106451 0.44693347811698914 1457
1784236106466 0.17780327796936035 1458
1784236106482 0.13378065824508667 1459
1784236106496 0.5707220435142517 1460
1784236106510 0.12791964411735535 1461
1784236106525 0.20523668825626373 1462
1784236106545 0.3568838834762573 1463
1784236106560 0.43219730257987976 1464
1784236106578 0.2810063660144806 1465
1784236106596 0.44877198338508606 1466
1784236106611 0.292746365070343 1467
1784236106628 0.37768450379371643 1468
1784236106645 0.6324050426483154 1469
1784236106665 0.619600772857666 1470
1784236106682 0.26021984219551086 1471
1784236106702 0.4614151120185852 1472
1784236106718 0.21909451484680176 1473
1784236106733 0.5050712823867798 1474
1784236106749 0.4052850902080536 1475
1784236106766 0.501628577709198 1476
1784236106782 0.874824047088623 1477
1784236106797 0.09449918568134308 1478
1784236106812 0.3929949700832367 1479
1784236106825 0.23486751317977905 1480
1784236106841 0.542044460773468 1481
1784236106859 0.46281152963638306 1482
1784236106890 0.19250136613845825 1483
1784236106910 0.5603388547897339 1484
1784236106928 0.24963679909706116 1485
1784236106945 0.25808483362197876 1486
1784236107030 0.3801981210708618 1487
1784236107065 0.42889225482940674 1488
1784236107082 0.23992787301540375 1489
1784236107099 0.2959485650062561 1490
1784236107112 0.5386291146278381 1491
1784236107126 0.1847018003463745 1492
1784236107138 0.5064540505409241 1493
1784236107153 0.6287409067153931 1494
1784236107169 0.07210011780261993 1495
1784236107184 0.21962834894657135 1496
1784236107199 0.32054781913757324 1497
1784236107215 0.21179696917533875 1498
1784236107229 0.27752211689949036 1499
1784236107243 0.3538389801979065 1500
1784236107258 0.7428415417671204 1501
1784236107273 0.48739466071128845 1502
1784236107289 0.21852585673332214 1503
1784236107304 0.18320296704769135 1504
1784236107319 0.25960034132003784 1505
1784236107333 0.36187776923179626 1506
1784236107348 0.4743058979511261 1507
1784236107363 0.1349661499261856 1508
1784236107377 0.40908756852149963 1509
1784236107395 0.35860127210617065 1510
1784236107411 0.36402609944343567 1511
1784236107426 0.4056677222251892 1512
1784236107440 0.12472919374704361 1513
1784236107456 0.3155294954776764 1514
1784236107471 0.32384946942329407 1515
1784236107488 0.28972434997558594 1516
1784236107503 0.30969470739364624 1517
1784236107519 0.30605629086494446 1518
1784236107532 0.37879741191864014 1519
1784236107547 0.6227694749832153 1520
1784236107562 0.23315416276454926 1521
1784236107576 0.5046684741973877 1522
1784236107590 0.36404183506965637 1523
1784236107605 0.19388312101364136 1524
1784236107621 0.2844007611274719 1525
1784236107637 0.3063240051269531 1526
1784236107651 0.25491881370544434 1527
1784236107666 0.35782933235168457 1528
1784236107683 0.15915118157863617 1529
1784236107695 0.10037928074598312 1530
1784236107713 0.3854963183403015 1531
1784236107728 0.4429611563682556 1532
1784236107741 0.07921800017356873 1533
1784236107755 0.46946313977241516 1534
1784236107771 0.6090609431266785 1535
1784236107785 0.34008461236953735 1536
1784236107801 0.2743665277957916 1537
1784236107815 0.30927959084510803 1538
1784236107828 0.07836491614580154 1539
1784236107844 0.13057906925678253 1540
1784236107862 0.2915661334991455 1541
1784236107878 0.40088385343551636 1542
1784236107896 0.35631293058395386 1543
1784236107917 0.20627692341804504 1544
1784236107933 0.3177289366722107 1545
1784236107953 0.49018776416778564 1546
1784236107974 0.8742366433143616 1547
1784236107994 0.5038891434669495 1548
1784236108013 0.5630300045013428 1549
1784236108050 0.12675130367279053 1550
1784236108071 0.6190412640571594 1551
1784236108092 0.18125632405281067 1552
1784236108110 0.230511873960495 1553
1784236108222 0.28790780901908875 1554
1784236108257 0.564026951789856 1555
1784236108277 0.18375355005264282 1556
1784236108301 0.32688066363334656 1557
1784236108320 0.4425652325153351 1558
1784236108340 0.3144090473651886 1559
1784236108360 0.19110402464866638 1560
1784236108380 0.5365278124809265 1561
1784236108397 0.43754804134368896 1562
1784236108418 0.28670358657836914 1563
1784236108440 0.1746480017900467 1564
1784236108461 0.3197549283504486 1565
1784236108479 0.5569128394126892 1566
1784236108494 0.36232829093933105 1567
1784236108510 0.5026361346244812 1568
1784236108525 0.3657602071762085 1569
1784236108544 0.13056199252605438 1570
1784236108563 0.35775279998779297 1571
1784236108578 0.2392297238111496 1572
1784236108593 0.31771647930145264 1573
1784236108607 0.21742406487464905 1574
1784236108621 0.12961386144161224 1575
1784236108638 0.23140132427215576 1576
1784236108654 0.512722373008728 1577
1784236108669 0.5253991484642029 1578
1784236108685 0.46779245138168335 1579
1784236108700 0.18396878242492676 1580
1784236108716 0.21180611848831177 1581
1784236108731 0.3281797170639038 1582
1784236108747 0.30007630586624146 1583
1784236108763 0.3927607834339142 1584
1784236108781 0.5086492300033569 1585
1784236108797 0.4941232204437256 1586
1784236108814 0.3678228557109833 1587
1784236108828 0.25312289595603943 1588
1784236108843 0.43537041544914246 1589
1784236108857 0.46059688925743103 1590
1784236108872 0.6415090560913086 1591
1784236108889 0.3648450970649719 1592
1784236108905 0.38393542170524597 1593
1784236108922 0.44109395146369934 1594
1784236108938 0.54844731092453 1595
1784236108953 0.2838265001773834 1596
1784236108965 0.3127962052822113 1597
1784236108982 0.2858099341392517 1598
1784236108999 0.11845681816339493 1599
1784236109015 0.31950998306274414 1600
1784236109031 0.1943759024143219 1601
1784236109045 0.2289724051952362 1602
1784236109062 0.2732563018798828 1603
1784236109076 0.22097666561603546 1604
1784236109090 0.38686805963516235 1605
1784236109106 0.7940192818641663 1606
1784236109122 0.31466424465179443 1607
1784236109136 0.17042328417301178 1608
1784236109151 0.3534528911113739 1609
1784236109167 0.28734034299850464 1610
1784236109181 0.5081588625907898 1611
1784236109197 0.4019564390182495 1612
1784236109212 0.24721373617649078 1613
1784236109226 0.5478540658950806 1614
1784236109243 0.2870389521121979 1615
1784236109262 0.366458535194397 1616
1784236109282 0.417645663022995 1617
1784236109300 0.14074937999248505 1618
1784236109322 0.1932430863380432 1619
1784236109343 0.4352891445159912 1620
1784236109504 0.38643765449523926 1621
1784236109523 0.4304424822330475 1622
1784236109564 0.4172505736351013 1623
1784236109615 0.3080054819583893 1624
1784236109635 0.4122495651245117 1625
1784236109655 0.34723398089408875 1626
1784236109672 0.12445513159036636 1627
1784236109688 0.3094649612903595 1628
1784236109705 0.4409623444080353 1629
1784236109732 0.45184290409088135 1630
1784236109755 0.38313746452331543 1631
1784236109778 0.4395364820957184 1632
1784236109812 0.44611528515815735 1633
1784236109852 0.3832099735736847 1634
1784236109885 0.23420792818069458 1635
1784236109906 0.2721555233001709 1636
1784236109922 0.7833014726638794 1637
1784236109940 0.3412131369113922 1638
1784236109967 0.4307795763015747 1639
1784236109988 0.25394323468208313 1640
1784236110009 0.22355127334594727 1641
1784236110028 0.09640882909297943 1642
1784236110049 0.513866126537323 1643
1784236110076 0.13705410063266754 1644
1784236110100 0.16317880153656006 1645
1784236110127 0.17988091707229614 1646
1784236110151 0.2377549111843109 1647
1784236110173 0.19394011795520782 1648
1784236110190 0.20842626690864563 1649
1784236110211 0.15963870286941528 1650
1784236110229 0.34040966629981995 1651
1784236110244 0.1980484426021576 1652
1784236110258 0.1802441030740738 1653
1784236110275 0.5004792213439941 1654
1784236110292 0.285105437040329 1655
1784236110307 0.581455647945404 1656
1784236110324 0.34137940406799316 1657
1784236110339 0.32133030891418457 1658
1784236110356 0.2547914981842041 1659
1784236110371 0.10184165835380554 1660
1784236110387 0.264378160238266 1661
1784236110405 0.29753464460372925 1662
1784236110422 0.35825425386428833 1663
1784236110437 0.13112697005271912 1664
1784236110459 0.3860248029232025 1665
1784236110477 0.29469043016433716 1666
1784236110499 0.24435317516326904 1667
1784236110515 0.509272038936615 1668
1784236110534 0.35411494970321655 1669
1784236110550 0.3337116539478302 1670
1784236110569 0.3409997224807739 1671
1784236110588 0.5687113404273987 1672
1784236110609 0.3518363833427429 1673
1784236110627 0.6188877820968628 1674
1784236110646 0.5267304182052612 1675
1784236110663 0.29990628361701965 1676
1784236110681 0.4348836839199066 1677
1784236110695 0.21104946732521057 1678
1784236110714 0.47702157497406006 1679
1784236110729 0.24172243475914001 1680
1784236110746 0.27839264273643494 1681
1784236110764 0.3200075030326843 1682
1784236110780 0.31256991624832153 1683
1784236110800 0.5109347105026245 1684
1784236110815 0.38607412576675415 1685
1784236110835 0.1303834319114685 1686
1784236110949 0.321230947971344 1687
1784236110966 0.19749116897583008 1688
1784236111007 0.19893795251846313 1689
1784236111029 0.3162234425544739 1690
1784236111048 0.2589741051197052 1691
1784236111065 0.18076147139072418 1692
1784236111084 0.07287078350782394 1693
1784236111103 0.4641872048377991 1694
1784236111123 0.0920460969209671 1695
1784236111142 0.12256944924592972 1696
1784236111163 0.4539530575275421 1697
1784236111187 0.26946309208869934 1698
1784236111206 0.4295820891857147 1699
1784236111225 0.38701122999191284 1700
1784236111245 0.38796117901802063 1701
1784236111263 0.5242103338241577 1702
1784236111282 0.6525700688362122 1703
1784236111297 0.527229368686676 1704
1784236111313 0.2543126344680786 1705
1784236111328 0.21978241205215454 1706
1784236111347 0.39894503355026245 1707
1784236111361 0.4364052414894104 1708
1784236111375 0.36315909028053284 1709
1784236111390 0.4631885290145874 1710
1784236111407 0.21174168586730957 1711
1784236111428 0.4446013867855072 1712
1784236111449 0.40044742822647095 1713
1784236111467 0.37000295519828796 1714
1784236111485 0.38936468958854675 1715
1784236111501 0.2678488790988922 1716
1784236111519 0.41903483867645264 1717
1784236111536 0.4715479612350464 1718
1784236111555 0.12278591096401215 1719
1784236111572 0.20059767365455627 1720
1784236111594 0.3419553339481354 1721
1784236111609 0.31264275312423706 1722
1784236111630 0.1321462243795395 1723
1784236111648 0.7611701488494873 1724
1784236111667 0.4716810882091522 1725
1784236111686 0.3199939429759979 1726
1784236111706 0.28267204761505127 1727
1784236111725 0.39344698190689087 1728
1784236111747 0.22341373562812805 1729
1784236111762 0.2698350250720978 1730
1784236111777 0.12821315228939056 1731
1784236111795 0.3360936939716339 1732
1784236111811 0.3430159389972687 1733
1784236111831 0.44914156198501587 1734
1784236111854 0.14607691764831543 1735
1784236111875 0.3431338667869568 1736
1784236111895 0.22182194888591766 1737
1784236111912 0.21755294501781464 1738
1784236111928 0.5363175272941589 1739
1784236111949 0.2133266180753708 1740
1784236111975 0.07334062457084656 1741
1784236111995 0.27186501026153564 1742
1784236112016 0.6073480844497681 1743
1784236112036 0.1801632195711136 1744
1784236112054 0.3340524137020111 1745
1784236112072 0.47912344336509705 1746
1784236112092 0.3152400851249695 1747
1784236112115 0.34464606642723083 1748
1784236112134 0.14372707903385162 1749
1784236112152 0.29073262214660645 1750
1784236112169 0.2932397425174713 1751
1784236112186 0.4693390429019928 1752
1784236112207 0.4143633246421814 1753
1784236112229 0.3254830539226532 1754
1784236112328 0.3649536073207855 1755
1784236112354 0.25268855690956116 1756
1784236112377 0.3303430378437042 1757
1784236112392 0.3214561343193054 1758
1784236112407 0.20185507833957672 1759
1784236112421 0.19549345970153809 1760
1784236112436 0.3394223153591156 1761
1784236112451 0.36281493306159973 1762
1784236112466 0.2585957944393158 1763
1784236112481 0.2628205716609955 1764
1784236112496 0.15686939656734467 1765
1784236112513 0.3791966140270233 1766
1784236112527 0.328323096036911 1767
1784236112541 0.36702242493629456 1768
1784236112555 0.5839271545410156 1769
1784236112569 0.49072518944740295 1770
1784236112585 0.22110986709594727 1771
1784236112602 0.20817315578460693 1772
1784236112617 0.8217006921768188 1773
1784236112632 0.20455987751483917 1774
1784236112650 0.26475346088409424 1775
1784236112667 0.2409171313047409 1776
1784236112683 0.2635968029499054 1777
1784236112698 0.35888463258743286 1778
1784236112712 0.37990182638168335 1779
1784236112727 0.5892173051834106 1780
1784236112740 0.24487639963626862 1781
1784236112754 0.36999788880348206 1782
1784236112770 0.13511113822460175 1783
1784236112785 0.737774133682251 1784
1784236112799 0.27228114008903503 1785
1784236112815 0.12167807668447495 1786
1784236112829 0.2314196676015854 1787
1784236112844 0.49801862239837646 1788
1784236112860 0.33839747309684753 1789
1784236112874 0.6827031970024109 1790
1784236112891 0.2225828617811203 1791
1784236112907 0.33249109983444214 1792
1784236112931 0.2134770005941391 1793
1784236112949 0.3990447521209717 1794
1784236112964 0.45593148469924927 1795
1784236112981 0.5701914429664612 1796
1784236112998 0.2715175151824951 1797
1784236113018 0.16672329604625702 1798
1784236113044 0.2682458460330963 1799
1784236113081 0.19485260546207428 1800
1784236113104 0.1622573733329773 1801
1784236113124 0.2963187098503113 1802
1784236113152 0.23650333285331726 1803
1784236113175 0.9473163485527039 1804
1784236113196 0.3174956738948822 1805
1784236113216 0.3241721987724304 1806
1784236113235 0.906949520111084 1807
1784236113255 0.28944727778434753 1808
1784236113282 0.19293004274368286 1809
1784236113309 0.5601255297660828 1810
1784236113338 0.4326312243938446 1811
1784236113376 0.22311432659626007 1812
1784236113443 0.3053014576435089 1813
1784236113465 0.2792505621910095 1814
1784236113488 0.5217189192771912 1815
1784236113526 0.5543743371963501 1816
1784236113561 0.31753435730934143 1817
1784236113582 0.2934059500694275 1818
1784236113626 0.17546440660953522 1819
1784236113648 0.5484654307365417 1820
1784236113669 0.9206203818321228 1821
1784236113807 0.33252647519111633 1822
1784236113853 0.5637624263763428 1823
1784236113877 0.21691127121448517 1824
1784236113937 0.41871944069862366 1825
1784236113961 0.5422308444976807 1826
1784236113999 0.27996569871902466 1827
1784236114036 0.2822842299938202 1828
1784236114083 0.1308053582906723 1829
1784236114099 0.23074838519096375 1830
1784236114114 0.18552613258361816 1831
1784236114128 0.29598334431648254 1832
1784236114143 0.15966607630252838 1833
1784236114157 0.6257258057594299 1834
1784236114182 0.4300950765609741 1835
1784236114203 0.20857523381710052 1836
1784236114224 0.4087860882282257 1837
1784236114241 0.31422844529151917 1838
1784236114260 0.16024264693260193 1839
1784236114278 0.4107089936733246 1840
1784236114302 0.3190882205963135 1841
1784236114321 0.6070677042007446 1842
1784236114343 0.26136451959609985 1843
1784236114368 0.2995116412639618 1844
1784236114384 0.3916984498500824 1845
1784236114400 0.3160340487957001 1846
1784236114420 0.12213630229234695 1847
1784236114437 0.3258448839187622 1848
1784236114452 0.2716120779514313 1849
1784236114468 0.3082059323787689 1850
1784236114484 0.3482367694377899 1851
1784236114502 0.30986109375953674 1852
1784236114520 0.5622797012329102 1853
1784236114536 0.4313950538635254 1854
1784236114553 0.33622950315475464 1855
1784236114569 0.25036659836769104 1856
1784236114584 0.462423712015152 1857
1784236114600 0.5780393481254578 1858
1784236114616 0.48053690791130066 1859
1784236114631 0.40109163522720337 1860
1784236114648 0.4857621192932129 1861
1784236114665 0.5021584033966064 1862
1784236114682 0.13984419405460358 1863
1784236114699 0.42155858874320984 1864
1784236114717 0.26652252674102783 1865
1784236114738 0.21456384658813477 1866
1784236114756 0.14399376511573792 1867
1784236114773 0.4850457012653351 1868
1784236114791 0.10712742060422897 1869
1784236114807 0.2139369696378708 1870
1784236114825 0.46139809489250183 1871
1784236114843 0.3522961139678955 1872
1784236114860 0.3209307789802551 1873
1784236114876 0.32386910915374756 1874
1784236116365 0.3468494117259979 1875
1784236116383 0.2358679175376892 1876
1784236116409 0.19584113359451294 1877
1784236116428 0.6972173452377319 1878
1784236116450 0.8022961616516113 1879
1784236116469 0.14971855282783508 1880
1784236116488 0.4990917146205902 1881
1784236116505 0.3360053598880768 1882
1784236116524 0.17630939185619354 1883
1784236116541 0.31071391701698303 1884
1784236116562 0.38776662945747375 1885
1784236116641 0.4002378284931183 1886
1784236116654 0.20283134281635284 1887
1784236116685 0.5456774830818176 1888
1784236116704 0.6456217169761658 1889
1784236116723 0.41227880120277405 1890
1784236116742 0.2433634251356125 1891
1784236116773 0.3685591518878937 1892
1784236116792 0.23407244682312012 1893
1784236116817 0.4052749276161194 1894
1784236116833 0.19482402503490448 1895
1784236116851 0.25131604075431824 1896
1784236116867 0.4602581560611725 1897
1784236116885 0.24721704423427582 1898
1784236116903 0.3103204369544983 1899
1784236116919 0.109340600669384 1900
1784236116940 0.601676881313324 1901
1784236116961 0.10401050746440887 1902
1784236116985 0.23213830590248108 1903
1784236117005 0.3718656599521637 1904
1784236117022 0.20246072113513947 1905
1784236117036 0.35225731134414673 1906
1784236117051 0.3551979660987854 1907
1784236117067 0.3173683285713196 1908
1784236117082 0.2224498689174652 1909
1784236117096 0.4913615882396698 1910
1784236117110 0.2631891667842865 1911
1784236117123 0.39897093176841736 1912
1784236117138 0.6922234296798706 1913
1784236117157 0.4715314209461212 1914
1784236117178 0.2203834056854248 1915
1784236117197 0.28491899371147156 1916
1784236117213 0.11778848618268967 1917
1784236117230 0.16954079270362854 1918
1784236117248 0.2431260347366333 1919
1784236117267 0.5487231016159058 1920
1784236117289 0.18533329665660858 1921
1784236117309 0.19671641290187836 1922
1784236117334 0.1586621105670929 1923
1784236117354 0.4853506088256836 1924
1784236117374 0.16532781720161438 1925
1784236117388 0.2976868152618408 1926
1784236117404 0.2900025248527527 1927
1784236117418 0.20581836998462677 1928
1784236117435 0.5281968712806702 1929
1784236117452 0.4000047743320465 1930
1784236117469 0.27970561385154724 1931
1784236117488 0.7413432598114014 1932
1784236117505 0.17300070822238922 1933
1784236117520 0.2677832841873169 1934
1784236117538 0.14198188483715057 1935
1784236117554 0.2660275399684906 1936
1784236117573 0.4265993535518646 1937
1784236117595 0.4886518716812134 1938
1784236117614 0.7259535789489746 1939
1784236117632 0.39165958762168884 1940
1784236117650 0.29078733921051025 1941
1784236117666 0.487542986869812 1942
1784236117682 0.28060561418533325 1943
1784236117700 0.31412649154663086 1944
1784236117718 0.14960378408432007 1945
1784236117735 0.1662685126066208 1946
1784236117753 0.19680963456630707 1947
1784236117772 0.6223734617233276 1948
1784236117790 0.09750981628894806 1949
1784236117807 0.3113815188407898 1950
1784236117825 0.14205387234687805 1951
1784236117841 0.5277563333511353 1952
1784236117854 0.17038290202617645 1953
1784236117868 0.21999113261699677 1954
1784236117883 0.30230578780174255 1955
1784236117897 0.26656821370124817 1956
1784236117910 0.2198958694934845 1957
1784236117926 0.20455197989940643 1958
1784236117941 0.3471260368824005 1959
1784236117956 0.16191650927066803 1960
1784236117972 0.7312497496604919 1961
1784236117985 0.10986784100532532 1962
1784236118000 0.16750358045101166 1963
1784236118015 0.1650390475988388 1964
1784236118031 0.5139620900154114 1965
1784236118045 0.1630735546350479 1966
1784236118059 0.4064094126224518 1967
1784236118074 0.3219718635082245 1968
1784236118089 0.5257983803749084 1969
1784236118105 0.30088376998901367 1970
1784236118119 0.2165101021528244 1971
1784236118135 0.3722647726535797 1972
1784236118150 0.23841620981693268 1973
1784236118166 0.2700115740299225 1974
1784236118180 0.4869202673435211 1975
1784236118197 0.5177550315856934 1976
1784236118213 0.20650769770145416 1977
1784236118232 0.1940026581287384 1978
1784236118252 0.10514584928750992 1979
1784236118271 0.7776650786399841 1980
1784236118291 0.2363417148590088 1981
1784236118311 0.23084060847759247 1982
1784236118330 0.2222370207309723 1983
1784236118347 0.18382911384105682 1984
1784236118368 0.13764089345932007 1985
1784236118390 0.3325631022453308 1986
1784236118411 0.06970342248678207 1987
1784236118437 0.29697713255882263 1988
1784236118455 0.2937811613082886 1989
1784236118470 0.7195845246315002 1990
1784236118485 0.6127666234970093 1991
1784236118514 0.14731761813163757 1992
1784236118530 0.11926475167274475 1993
1784236118545 0.2573056221008301 1994
1784236118562 0.30964604020118713 1995
1784236118583 0.3858422338962555 1996
1784236118676 0.5504123568534851 1997
1784236118693 0.6015967726707458 1998
1784236118719 0.5117180347442627 1999
1784236118742 0.3848331570625305 2000
1784236118765 0.25311562418937683 2001
1784236118779 0.20138728618621826 2002
1784236118795 0.16177856922149658 2003
1784236118811 0.5219520926475525 2004
1784236118826 0.395426481962204 2005
1784236118844 0.21249958872795105 2006
1784236118861 0.3163887560367584 2007
1784236118881 0.356557697057724 2008
1784236118900 0.263227641582489 2009
1784236118918 0.3337586522102356 2010
1784236118934 0.48416441679000854 2011
1784236118951 0.19187594950199127 2012
1784236118968 0.27522528171539307 2013
1784236118986 0.48158392310142517 2014
1784236119006 0.2936113178730011 2015
1784236119022 0.478272944688797 2016
1784236119038 0.208546981215477 2017
1784236119053 0.15955385565757751 2018
1784236119069 0.19397448003292084 2019
1784236119085 0.43643924593925476 2020
1784236119100 0.15181060135364532 2021
1784236119117 0.36547935009002686 2022
1784236119140 0.322020947933197 2023
1784236119157 0.17649222910404205 2024
1784236119175 0.1879589557647705 2025
1784236119192 0.7637744545936584 2026
1784236119209 0.3747934401035309 2027
1784236119227 0.3215295076370239 2028
1784236119242 0.6162344217300415 2029
1784236119257 0.36323562264442444 2030
1784236119273 0.14205330610275269 2031
1784236119286 0.6128579378128052 2032
1784236119301 0.43190160393714905 2033
1784236119316 0.34966233372688293 2034
1784236119336 0.2208905965089798 2035
1784236119352 0.401506245136261 2036
1784236119373 0.11586109548807144 2037
1784236119387 0.39901840686798096 2038
1784236119404 0.38488250970840454 2039
1784236119419 0.3896321654319763 2040
1784236119435 0.26547911763191223 2041
1784236119451 0.33375123143196106 2042
1784236119468 0.16488772630691528 2043
1784236119484 0.27069351077079773 2044
1784236119502 0.1964322179555893 2045
1784236119519 0.2277064323425293 2046
1784236119534 0.191999152302742 2047
1784236119551 0.18509399890899658 2048
1784236119568 0.38979989290237427 2049
1784236119585 0.18722392618656158 2050
1784236119602 0.5035795569419861 2051
1784236119623 0.21962971985340118 2052
1784236119645 0.41000935435295105 2053
1784236119664 0.6151847839355469 2054
1784236119682 0.18789049983024597 2055
1784236119696 0.5909042954444885 2056
1784236119712 0.34731006622314453 2057
1784236119729 0.40068599581718445 2058
1784236119745 0.18518806993961334 2059
1784236119762 0.25214883685112 2060
1784236119779 0.245624378323555 2061
1784236119870 0.15759876370429993 2062
1784236119885 0.3397400379180908 2063
1784236119909 0.14019960165023804 2064
1784236119932 0.4901799261569977 2065
1784236119951 0.22025203704833984 2066
1784236119969 0.22366853058338165 2067
1784236119989 0.3480565547943115 2068
1784236120009 0.146612748503685 2069
1784236120025 0.12698863446712494 2070
1784236120042 0.07940233498811722 2071
1784236120060 0.24405522644519806 2072
1784236120076 0.5142835974693298 2073
1784236120093 0.12012633681297302 2074
1784236120110 0.21897831559181213 2075
1784236120127 0.31072086095809937 2076
1784236120143 0.30857324600219727 2077
1784236120163 0.2793327867984772 2078
1784236120178 0.22035254538059235 2079
1784236120198 0.4428066611289978 2080
1784236120219 0.22766563296318054 2081
1784236120238 0.2889140546321869 2082
1784236120256 0.3258154094219208 2083
1784236120276 0.35641783475875854 2084
1784236120294 0.2328527569770813 2085
1784236120315 0.4438851475715637 2086
1784236120336 0.2169165015220642 2087
1784236120352 0.29165932536125183 2088
1784236120371 0.6192920207977295 2089
1784236120388 0.16432896256446838 2090
1784236120408 0.3653520941734314 2091
1784236120428 0.33096516132354736 2092
1784236120447 0.1761588305234909 2093
1784236120464 0.5823339223861694 2094
1784236120481 0.43711960315704346 2095
1784236120497 0.5080521702766418 2096
1784236120516 0.33033668994903564 2097
1784236120534 0.20699788630008698 2098
1784236120551 0.5365351438522339 2099
1784236120567 0.4348474144935608 2100
1784236120582 0.10950926691293716 2101
1784236120598 0.4527505040168762 2102
1784236120615 0.25505316257476807 2103
1784236120631 0.17599643766880035 2104
1784236120649 0.2729029953479767 2105
1784236120666 0.3751423954963684 2106
1784236120686 0.36593830585479736 2107
1784236120704 0.26726651191711426 2108
1784236120724 0.44897961616516113 2109
1784236120743 0.14907222986221313 2110
1784236120761 0.34542322158813477 2111
1784236120777 0.3320755958557129 2112
1784236120793 0.13413052260875702 2113
1784236120810 0.07295652478933334 2114
1784236120826 0.34443801641464233 2115
1784236120842 0.33816152811050415 2116
1784236120862 0.1395280808210373 2117
1784236120879 0.3955608904361725 2118
1784236120895 0.05583103001117706 2119
1784236120911 0.46883273124694824 2120
1784236120925 0.1613437831401825 2121
1784236120943 0.25609922409057617 2122
1784236120959 0.4428737759590149 2123
1784236120978 0.2991344928741455 2124
1784236120993 0.5848922729492188 2125
1784236121009 0.25766798853874207 2126
1784236121023 0.546249508857727 2127
1784236121042 0.24399524927139282 2128
1784236121070 0.6296390295028687 2129
1784236121131 0.39914470911026 2130
1784236121143 0.23607058823108673 2131
1784236121172 0.30216237902641296 2132
1784236121191 0.5113669037818909 2133
1784236121206 0.5031117796897888 2134
1784236121219 0.16381339728832245 2135
1784236121236 0.278665155172348 2136
1784236121251 0.3597108721733093 2137
1784236121266 0.4413081407546997 2138
1784236121282 0.3843640983104706 2139
1784236121297 0.20877386629581451 2140
1784236121313 0.2688848078250885 2141
1784236121327 0.4405565857887268 2142
1784236121343 0.36678898334503174 2143
1784236121357 0.5620102882385254 2144
1784236121371 0.6682726740837097 2145
1784236121388 0.5738725662231445 2146
1784236121406 0.37597984075546265 2147
1784236121422 0.1829715073108673 2148
1784236121435 0.18854542076587677 2149
1784236121451 0.7808603644371033 2150
1784236121469 0.22287075221538544 2151
1784236121487 0.2214345782995224 2152
1784236121503 0.3557354211807251 2153
1784236121523 0.7413277626037598 2154
1784236121542 0.27834317088127136 2155
1784236121560 0.6150214076042175 2156
1784236121576 0.3850198984146118 2157
1784236121591 0.18644391000270844 2158
1784236121605 0.46279028058052063 2159
1784236121619 0.2354094535112381 2160
1784236121634 0.20112080872058868 2161
1784236121664 0.45646804571151733 2162
1784236121680 0.9578874111175537 2163
1784236121695 0.19492210447788239 2164
1784236121710 0.2564723789691925 2165
1784236121725 0.47278517484664917 2166
1784236121739 0.33487391471862793 2167
1784236121754 0.160791277885437 2168
1784236121773 0.11039428412914276 2169
1784236121787 0.622943639755249 2170
1784236121803 0.1779283583164215 2171
1784236121818 0.17315548658370972 2172
1784236121833 0.27263566851615906 2173
1784236121849 0.3595978915691376 2174
1784236121865 0.36932748556137085 2175
1784236121880 0.16512297093868256 2176
1784236121895 0.1329026222229004 2177
1784236121911 0.20800776779651642 2178
1784236121927 0.23020349442958832 2179
1784236121945 0.2033761739730835 2180
1784236121961 0.37090614438056946 2181
1784236121977 0.3019239604473114 2182
1784236121993 0.5223224759101868 2183
1784236122010 0.14835068583488464 2184
1784236122028 0.10469429939985275 2185
1784236122046 0.17458251118659973 2186
1784236122062 0.3168628513813019 2187
1784236122079 0.5388695597648621 2188
1784236122096 0.33399683237075806 2189
1784236122115 0.3363174498081207 2190
1784236122130 0.48978620767593384 2191
1784236122147 0.25995054841041565 2192
1784236122163 0.427852600812912 2193
1784236122179 0.471497118473053 2194
1784236122195 0.3664654791355133 2195
1784236122211 0.5247927308082581 2196
1784236122227 0.6078912019729614 2197
1784236122243 0.37408363819122314 2198
1784236122260 0.2085093855857849 2199
1784236122276 0.2991999685764313 2200
1784236122293 0.04497848078608513 2201
1784236122310 0.26271817088127136 2202
1784236122327 0.47981441020965576 2203
1784236122344 0.355613648891449 2204
1784236122361 0.17931987345218658 2205
1784236122377 0.4540914297103882 2206
1784236122394 0.3544829785823822 2207
1784236122411 0.26557865738868713 2208
1784236122428 0.23141412436962128 2209
1784236122444 0.3778247833251953 2210
1784236122462 0.16322442889213562 2211
1784236122477 0.164770245552063 2212
1784236122493 0.38221126794815063 2213
1784236122509 0.48726868629455566 2214
1784236122523 0.28491735458374023 2215
1784236122538 0.44599273800849915 2216
1784236122553 0.16130422055721283 2217
1784236122569 0.158266082406044 2218
1784236122585 0.31756460666656494 2219
1784236122600 0.500840425491333 2220
1784236122616 0.11459644883871078 2221
1784236122632 0.37944212555885315 2222
1784236122648 0.21828581392765045 2223
1784236122663 0.6261848211288452 2224
1784236122684 0.3326946496963501 2225
1784236122702 0.6188748478889465 2226
1784236122719 0.1836927831172943 2227
1784236122739 0.38364291191101074 2228
1784236122756 0.22449395060539246 2229
1784236122769 0.4342261254787445 2230
1784236122785 0.1261797845363617 2231
1784236122800 0.0654408261179924 2232
1784236122816 0.2611352801322937 2233
1784236122831 0.23687951266765594 2234
1784236122848 0.3283458352088928 2235
1784236122864 0.32309839129447937 2236
1784236122878 0.1507132351398468 2237
1784236122892 0.19196438789367676 2238
1784236122907 0.3971099853515625 2239
1784236122923 0.08285938948392868 2240
1784236122941 0.1226077675819397 2241
1784236122957 0.3487226366996765 2242
1784236122970 0.2659972310066223 2243
1784236122984 0.29885032773017883 2244
1784236123000 0.22401124238967896 2245
1784236123017 0.48351404070854187 2246
1784236123033 0.10828788578510284 2247
1784236123050 0.17266279458999634 2248
1784236123066 0.20931774377822876 2249
1784236123084 0.30477428436279297 2250
1784236123103 0.47251027822494507 2251
1784236123196 0.4676527678966522 2252
1784236123215 0.5431512594223022 2253
1784236123243 0.46589532494544983 2254
1784236123259 0.2787887752056122 2255
1784236123282 0.26114556193351746 2256
1784236123302 0.12450632452964783 2257
1784236123322 0.31301185488700867 2258
1784236123341 0.3514157235622406 2259
1784236123357 0.12479513138532639 2260
1784236123373 0.31368526816368103 2261
1784236123388 0.3550959527492523 2262
1784236123407 0.2757400572299957 2263
1784236123421 0.3534033000469208 2264
1784236123437 0.3832751512527466 2265
1784236123453 0.46874555945396423 2266
1784236123469 0.5501829981803894 2267
1784236123487 0.34144189953804016 2268
1784236123504 0.42872756719589233 2269
1784236123521 0.3170624077320099 2270
1784236123536 0.31071212887763977 2271
1784236123551 0.14457754790782928 2272
1784236123566 0.6692589521408081 2273
1784236123581 0.44725826382637024 2274
1784236123598 0.12819433212280273 2275
1784236123613 0.20486211776733398 2276
1784236123628 0.22114796936511993 2277
1784236123642 0.24687546491622925 2278
1784236123659 0.46006327867507935 2279
1784236123674 0.22502532601356506 2280
1784236123689 0.374426931142807 2281
1784236123705 0.15893849730491638 2282
1784236123721 0.27258676290512085 2283
1784236123737 0.22075657546520233 2284
1784236123752 0.3457601070404053 2285
1784236123768 0.4228164851665497 2286
1784236123784 0.27293089032173157 2287
1784236123800 0.1633910834789276 2288
1784236123818 0.18887977302074432 2289
1784236123834 0.15804381668567657 2290
1784236123852 0.4329928457736969 2291
1784236123867 0.3191283047199249 2292
1784236123882 0.40520501136779785 2293
1784236123899 0.355319619178772 2294
1784236123916 0.11804204434156418 2295
1784236123936 0.6318424940109253 2296
1784236123952 0.24815674126148224 2297
1784236123968 0.3969190716743469 2298
1784236123983 0.5554055571556091 2299
1784236124000 0.21128571033477783 2300
1784236124016 0.5026569366455078 2301
1784236124032 0.1388431191444397 2302
1784236124060 0.3463127613067627 2303
1784236124079 0.15128985047340393 2304
1784236124095 0.32313045859336853 2305
1784236124110 0.12164216488599777 2306
1784236124126 0.5039957165718079 2307
1784236124142 0.20016944408416748 2308
1784236124157 0.8868855834007263 2309
1784236124174 0.3203139305114746 2310
1784236124188 0.2612155079841614 2311
1784236124203 0.15456782281398773 2312
1784236124218 0.062304962426424026 2313
1784236124236 0.3047964572906494 2314
1784236124252 0.24112527072429657 2315
1784236124269 0.23078131675720215 2316
1784236124284 0.3853761851787567 2317
1784236124389 0.3831731677055359 2318
1784236124403 0.8991873860359192 2319
1784236124431 0.7600790858268738 2320
1784236124450 0.3017598092556 2321
1784236124468 0.250139057636261 2322
1784236124485 0.46218469738960266 2323
1784236124501 0.31887343525886536 2324
1784236124521 0.26263025403022766 2325
1784236124537 0.25012633204460144 2326
1784236124551 0.5095477104187012 2327
1784236124568 0.7636608481407166 2328
1784236124584 0.22090938687324524 2329
1784236124599 0.6420176029205322 2330
1784236124613 0.32720524072647095 2331
1784236124629 0.0934210941195488 2332
1784236124644 0.2352069616317749 2333
1784236124661 0.30877920985221863 2334
1784236124676 0.22433406114578247 2335
1784236124692 0.14118798077106476 2336
1784236124715 0.2424147129058838 2337
1784236124731 0.8644026517868042 2338
1784236124749 0.2652066648006439 2339
1784236124764 0.3039100766181946 2340
1784236124780 0.16420087218284607 2341
1784236124795 0.2119273543357849 2342
1784236124810 0.11940968036651611 2343
1784236124826 0.1949644237756729 2344
1784236124841 0.20750845968723297 2345
1784236124857 0.3983916640281677 2346
1784236124874 0.27073749899864197 2347
1784236124889 0.3060230612754822 2348
1784236124905 0.38622596859931946 2349
1784236124920 0.4494895339012146 2350
1784236124936 0.48809438943862915 2351
1784236124951 0.1975725144147873 2352
1784236124968 0.1623799204826355 2353
1784236124986 0.35554665327072144 2354
1784236125002 0.20581507682800293 2355
1784236125019 0.2741967439651489 2356
1784236125035 0.20301976799964905 2357
1784236125049 0.1591797173023224 2358
1784236125066 0.13885945081710815 2359
1784236125084 0.16961677372455597 2360
1784236125103 0.4230715036392212 2361
1784236125119 0.16215771436691284 2362
1784236125135 0.3592284023761749 2363
1784236125151 0.453931599855423 2364
1784236125167 0.13972818851470947 2365
1784236125183 0.255341112613678 2366
1784236125201 0.29722127318382263 2367
1784236125218 0.05526656657457352 2368
1784236125238 0.29343515634536743 2369
1784236125253 0.3376087248325348 2370
1784236125269 0.47475653886795044 2371
1784236125286 0.33671295642852783 2372
1784236125301 0.2657509744167328 2373
1784236125318 0.3448067307472229 2374
1784236125332 0.14517061412334442 2375
1784236125350 0.25747448205947876 2376
1784236125365 0.2711794376373291 2377
1784236125380 0.23646409809589386 2378
1784236125397 0.11474167555570602 2379
1784236125412 0.32953327894210815 2380
1784236125428 0.11757100373506546 2381
1784236125443 0.48520901799201965 2382
1784236125459 0.2207256406545639 2383
1784236125475 0.05071207135915756 2384
1784236125491 0.13501791656017303 2385
1784236125509 0.16770246624946594 2386
1784236125528 0.17065075039863586 2387
1784236125545 0.5816845297813416 2388
1784236125564 0.6142113208770752 2389
1784236125581 0.44457727670669556 2390
1784236125599 0.4963519871234894 2391
1784236125613 0.607851505279541 2392
1784236125629 0.3741389811038971 2393
1784236125645 0.36332282423973083 2394
1784236125660 0.12580017745494843 2395
1784236125675 0.23456892371177673 2396
1784236125690 0.3328547775745392 2397
1784236125708 0.23907062411308289 2398
1784236125722 0.3492279052734375 2399
1784236125739 0.24632197618484497 2400
1784236125755 0.29507800936698914 2401
1784236125772 0.2361377477645874 2402
1784236125785 0.29990825057029724 2403
1784236125802 0.28263935446739197 2404
1784236125820 0.7649962306022644 2405
1784236125836 0.3762129545211792 2406
1784236125852 0.4430461525917053 2407
1784236125867 0.31563931703567505 2408
1784236125882 0.264704167842865 2409
1784236125897 0.3759121000766754 2410
1784236125913 0.15817327797412872 2411
1784236125926 0.33538904786109924 2412
1784236125942 0.30997440218925476 2413
1784236125958 0.31811627745628357 2414
1784236125972 0.32260391116142273 2415
1784236125988 0.14375285804271698 2416
1784236126004 0.3720627725124359 2417
1784236126022 0.6430368423461914 2418
1784236126038 0.3974727988243103 2419
1784236126054 0.35869300365448 2420
1784236126071 0.18414688110351562 2421
1784236126095 0.39758434891700745 2422
1784236126111 0.302848219871521 2423
1784236126126 0.5067377686500549 2424
1784236126143 0.1753500998020172 2425
1784236126157 0.29648545384407043 2426
1784236126169 0.32111263275146484 2427
1784236126186 0.13493581116199493 2428
1784236126200 0.3883472681045532 2429
1784236126217 0.2290768176317215 2430
1784236126235 0.3568316102027893 2431
1784236126253 0.28004688024520874 2432
1784236126268 0.3647576570510864 2433
1784236126283 0.5731048583984375 2434
1784236126299 0.37100860476493835 2435
1784236126316 0.1347946971654892 2436
1784236126336 0.14493873715400696 2437
1784236126352 0.3259589374065399 2438
1784236126368 0.35324275493621826 2439
1784236126385 0.39002835750579834 2440
1784236126401 0.14214645326137543 2441
1784236126417 0.47119781374931335 2442
1784236126432 0.2809610068798065 2443
1784236126448 0.4549192488193512 2444
1784236126464 0.2601848244667053 2445
1784236126480 0.18978919088840485 2446
1784236126497 0.2762749493122101 2447
1784236126512 0.2809900641441345 2448
1784236126526 0.12374266237020493 2449
1784236126542 0.22745203971862793 2450
1784236126558 0.28657642006874084 2451
1784236126572 0.16386818885803223 2452
1784236126588 0.11937127262353897 2453
1784236126604 0.45228761434555054 2454
1784236126620 0.4779713749885559 2455
1784236126638 0.4625321924686432 2456
1784236126653 0.49622392654418945 2457
1784236126670 0.5908095836639404 2458
1784236126684 0.18697084486484528 2459
1784236126700 0.45447438955307007 2460
1784236126715 0.18356814980506897 2461
1784236126732 0.1402520090341568 2462
1784236126750 0.09386271983385086 2463
1784236126765 0.15463469922542572 2464
1784236126783 0.5191991925239563 2465
1784236126802 0.18941420316696167 2466
1784236126822 0.06576614081859589 2467
1784236126840 0.6040275692939758 2468
1784236126855 0.625335693359375 2469
1784236126871 0.16338013112545013 2470
1784236126887 0.5029586553573608 2471
1784236126900 0.2887672185897827 2472
1784236126917 0.24806255102157593 2473
1784236126934 0.5538815855979919 2474
1784236126950 0.17930813133716583 2475
1784236126965 0.31245920062065125 2476
1784236127056 0.5632103085517883 2477
1784236127067 0.4600844085216522 2478
1784236127094 0.16737033426761627 2479
1784236127109 0.2590869069099426 2480
1784236127127 0.19901560246944427 2481
1784236127145 0.38759276270866394 2482
1784236127162 0.5961306095123291 2483
1784236127177 0.3328414559364319 2484
1784236127193 0.5571720004081726 2485
1784236127209 0.17888277769088745 2486
1784236127226 0.6620913743972778 2487
1784236127242 0.4720095992088318 2488
1784236127257 0.32443782687187195 2489
1784236127272 0.4402277171611786 2490
1784236127288 0.7169383764266968 2491
1784236127322 0.11705741286277771 2492
1784236127339 0.556812047958374 2493
1784236127358 0.26596522331237793 2494
1784236127374 0.20361189544200897 2495
1784236127392 0.29302144050598145 2496
1784236127408 0.21274231374263763 2497
1784236127426 0.2678201496601105 2498
1784236127442 0.2981067895889282 2499
1784236127459 0.2130104899406433 2500
1784236127475 0.7030812501907349 2501
1784236127492 0.24565047025680542 2502
1784236127509 0.16487635672092438 2503
1784236127526 0.15076202154159546 2504
1784236127544 0.406615287065506 2505
1784236127561 0.1190917044878006 2506
1784236127577 0.35997164249420166 2507
1784236127592 0.5249385237693787 2508
1784236127609 0.3197067081928253 2509
1784236127626 0.16864195466041565 2510
1784236127642 0.42206916213035583 2511
1784236127659 0.24579931795597076 2512
1784236127676 0.4313237965106964 2513
1784236127692 0.5363558530807495 2514
1784236127709 0.25651904940605164 2515
1784236127725 0.391459584236145 2516
1784236127742 0.0845695286989212 2517
1784236127758 0.22584152221679688 2518
1784236127778 0.2744996249675751 2519
1784236127795 0.4451298713684082 2520
1784236127814 0.4572086036205292 2521
1784236127833 0.14130960404872894 2522
1784236127850 0.3567696511745453 2523
1784236127868 0.5543779134750366 2524
1784236127886 0.28734028339385986 2525
1784236127917 0.0746230036020279 2526
1784236127937 0.22460827231407166 2527
1784236127953 0.4372631907463074 2528
1784236127970 0.26655060052871704 2529
1784236127987 0.3386976420879364 2530
1784236128003 0.2546486258506775 2531
1784236128021 0.21595509350299835 2532
1784236128037 0.43247148394584656 2533
1784236128054 0.19212284684181213 2534
1784236128072 0.30689308047294617 2535
1784236128088 0.166713684797287 2536
1784236128105 0.2029874622821808 2537
1784236128121 0.09104248881340027 2538
1784236128138 0.4022790789604187 2539
1784236128153 0.1614145040512085 2540
1784236128171 0.6389610171318054 2541
1784236128187 0.34311172366142273 2542
1784236128287 0.6541672348976135 2543
1784236128318 0.31789666414260864 2544
1784236128335 0.3132033348083496 2545
1784236128351 0.16110721230506897 2546
1784236128372 0.13694772124290466 2547
1784236128391 0.30636322498321533 2548
1784236128408 0.3780372440814972 2549
1784236128424 0.13441111147403717 2550
1784236128439 0.6759615540504456 2551
1784236128456 0.047228675335645676 2552
1784236128472 0.39184632897377014 2553
1784236128488 0.6011130213737488 2554
1784236128502 0.2594410479068756 2555
1784236128519 0.3139171600341797 2556
1784236128535 0.2542712688446045 2557
1784236128549 0.45447319746017456 2558
1784236128564 0.25708669424057007 2559
1784236128579 0.20780625939369202 2560
1784236128596 0.3488914370536804 2561
1784236128611 0.250490665435791 2562
1784236128629 0.25480130314826965 2563
1784236128644 0.20200438797473907 2564
1784236128659 0.2177150696516037 2565
1784236128673 0.18642115592956543 2566
1784236128689 0.21311472356319427 2567
1784236128702 0.5605040192604065 2568
1784236128720 0.6076253056526184 2569
1784236128735 0.19956019520759583 2570
1784236128751 0.16221827268600464 2571
1784236128767 0.39384639263153076 2572
1784236128783 0.5472917556762695 2573
1784236128799 0.5116103291511536 2574
1784236128814 0.11288981884717941 2575
1784236128829 0.1784086525440216 2576
1784236128842 0.20093493163585663 2577
1784236128858 0.7498539090156555 2578
1784236128876 0.5177911520004272 2579
1784236128892 0.25482165813446045 2580
1784236128907 0.2651767432689667 2581
1784236128921 0.31703856587409973 2582
1784236128938 0.24635539948940277 2583
1784236128952 0.574680745601654 2584
1784236128969 0.41733255982398987 2585
1784236128985 0.47774553298950195 2586
1784236129001 0.36193332076072693 2587
1784236129017 0.2922353744506836 2588
1784236129032 0.19296027719974518 2589
1784236129051 0.40756872296333313 2590
1784236129071 0.31692740321159363 2591
1784236129087 0.42074331641197205 2592
1784236129101 0.08289643377065659 2593
1784236129118 0.5742362141609192 2594
1784236129132 0.25023362040519714 2595
1784236129148 0.3212053179740906 2596
1784236129165 0.14444971084594727 2597
1784236129180 0.1871132105588913 2598
1784236129195 0.5010290145874023 2599
1784236129211 0.4432688057422638 2600
1784236129228 0.3243698477745056 2601
1784236129243 0.28975802659988403 2602
1784236129259 0.4286639392375946 2603
1784236129272 0.32894381880760193 2604
1784236129288 0.11705368012189865 2605
1784236129303 0.4110341966152191 2606
1784236129319 0.3143312633037567 2607
1784236129335 0.32923734188079834 2608
1784236129351 0.3939439356327057 2609
1784236129445 0.25502809882164 2610
1784236129474 0.24075764417648315 2611
1784236129494 0.42844539880752563 2612
1784236129513 0.2562492787837982 2613
1784236129531 0.3151967227458954 2614
1784236129547 0.3033653199672699 2615
1784236129566 0.3776996433734894 2616
1784236129584 0.2545527517795563 2617
1784236129601 0.26278331875801086 2618
1784236129619 0.2560857832431793 2619
1784236129642 0.2811979651451111 2620
1784236129658 0.5313159227371216 2621
1784236129675 0.4015199840068817 2622
1784236129691 0.18896761536598206 2623
1784236129707 0.5406283140182495 2624
1784236129723 0.33618831634521484 2625
1784236129740 0.6287349462509155 2626
1784236129755 0.043919846415519714 2627
1784236129769 0.23225119709968567 2628
1784236129785 0.30748796463012695 2629
1784236129801 0.20130203664302826 2630
1784236129817 0.1977190524339676 2631
1784236129833 0.152350053191185 2632
1784236129849 0.38178905844688416 2633
1784236129866 0.4010644257068634 2634
1784236129884 0.490204393863678 2635
1784236129902 0.27468186616897583 2636
1784236129918 0.40746259689331055 2637
1784236129935 0.25654497742652893 2638
1784236129951 0.4753361940383911 2639
1784236129968 0.2249433845281601 2640
1784236129984 0.21752169728279114 2641
1784236129999 0.5557234287261963 2642
1784236130015 0.3415488600730896 2643
1784236130031 0.24202361702919006 2644
1784236130047 0.18103918433189392 2645
1784236130063 0.18405339121818542 2646
1784236130081 0.3388994336128235 2647
1784236130097 0.3160180151462555 2648
1784236130117 0.17958886921405792 2649
1784236130142 0.5729867219924927 2650
1784236130161 0.18199533224105835 2651
1784236130179 0.7413149476051331 2652
1784236130196 0.2946641147136688 2653
1784236130213 0.5509605407714844 2654
1784236130229 0.608291506767273 2655
1784236130244 0.2632420063018799 2656
1784236130258 0.3414716422557831 2657
1784236130274 0.1862678825855255 2658
1784236130287 0.3636467754840851 2659
1784236130304 0.1897106170654297 2660
1784236130320 0.7847290635108948 2661
1784236130338 0.2904666066169739 2662
1784236130353 0.20794685184955597 2663
1784236130368 0.5486656427383423 2664
1784236130394 0.24348433315753937 2665
1784236130411 0.46171170473098755 2666
1784236130427 0.2907327115535736 2667
1784236130444 0.3144912123680115 2668
1784236130459 0.5110659599304199 2669
1784236130474 0.23042204976081848 2670
1784236130489 0.20323750376701355 2671
1784236130507 0.34379369020462036 2672
1784236130520 0.44220370054244995 2673
1784236130535 0.14166195690631866 2674
1784236130552 0.24275454878807068 2675
1784236130571 0.3404693305492401 2676
1784236130585 0.23828542232513428 2677
1784236130601 0.2905391454696655 2678
1784236130619 0.32505905628204346 2679
1784236130635 0.34924206137657166 2680
1784236130654 0.2626955807209015 2681
1784236130678 0.37150099873542786 2682
1784236130694 0.34901657700538635 2683
1784236130711 0.1646895706653595 2684
1784236130727 0.3202544152736664 2685
1784236130743 0.4766972064971924 2686
1784236130760 0.3344430923461914 2687
1784236130775 0.19547587633132935 2688
1784236130793 0.3646690547466278 2689
1784236130808 0.4861447215080261 2690
1784236130825 0.20699362456798553 2691
1784236130841 0.27407634258270264 2692
1784236130859 0.4410025477409363 2693
1784236130875 0.1669057160615921 2694
1784236130892 0.6403833031654358 2695
1784236130908 0.13460320234298706 2696
1784236130925 0.5996876955032349 2697
1784236130942 0.19159944355487823 2698
1784236130958 0.25101858377456665 2699
1784236130975 0.3897460103034973 2700
1784236130991 0.38375794887542725 2701
1784236131006 0.45044058561325073 2702
1784236131022 0.22938191890716553 2703
1784236131038 0.24519485235214233 2704
1784236131055 0.06517726182937622 2705
1784236131073 0.47738590836524963 2706
1784236131088 0.5504218339920044 2707
1784236131105 0.2927292585372925 2708
1784236131118 0.4144744575023651 2709
1784236131137 0.19401533901691437 2710
1784236131155 0.2512241005897522 2711
1784236131171 0.2746898829936981 2712
1784236131189 0.1600162535905838 2713
1784236131206 0.2632032334804535 2714
1784236131222 0.15699534118175507 2715
1784236131237 0.36209940910339355 2716
1784236131254 0.2562396824359894 2717
1784236131270 0.22282829880714417 2718
1784236131287 0.3766317367553711 2719
1784236131302 0.9133673310279846 2720
1784236131317 0.5109918117523193 2721
1784236131333 0.2727346122264862 2722
1784236131349 0.5564579963684082 2723
1784236131366 0.40275004506111145 2724
1784236131412 0.4274759888648987 2725
1784236131429 0.5512327551841736 2726
1784236131448 0.10400764644145966 2727
1784236131464 0.47432300448417664 2728
1784236131484 0.6104575395584106 2729
1784236131499 0.1845783293247223 2730
1784236131518 0.2731983959674835 2731
1784236131533 0.3152964413166046 2732
1784236131555 0.17799124121665955 2733
1784236131575 0.3710216283798218 2734
1784236131591 0.5446217060089111 2735
1784236131603 0.4577361047267914 2736
1784236131618 0.16330787539482117 2737
1784236131633 0.22021782398223877 2738
1784236131648 0.33226528763771057 2739
1784236131665 0.34174805879592896 2740
1784236131680 0.23518842458724976 2741
1784236131697 0.36321189999580383 2742
1784236131715 0.42777201533317566 2743
1784236131734 0.2696285545825958 2744
1784236131749 0.2824156880378723 2745
1784236131765 0.8438705205917358 2746
1784236131783 0.7620438933372498 2747
1784236131803 0.28019803762435913 2748
1784236131819 0.11294766515493393 2749
1784236131835 0.3315538167953491 2750
1784236131850 0.408186137676239 2751
1784236131867 0.1469406634569168 2752
1784236131882 0.31016242504119873 2753
1784236131900 0.29061204195022583 2754
1784236131917 0.16795571148395538 2755
1784236131933 0.28390392661094666 2756
1784236131947 0.39639395475387573 2757
1784236131963 0.2354404479265213 2758
1784236131977 0.1310027539730072 2759
1784236131995 0.36470434069633484 2760
1784236132011 0.3034086227416992 2761
1784236132032 0.25405192375183105 2762
1784236132049 0.3463738262653351 2763
1784236132065 0.4220706820487976 2764
1784236132081 0.38026997447013855 2765
1784236132098 0.10312647372484207 2766
1784236132191 0.151948481798172 2767
1784236132223 0.1465497761964798 2768
1784236132238 0.14367234706878662 2769
1784236132254 0.11772949248552322 2770
1784236132275 0.3289097249507904 2771
1784236132292 0.46308600902557373 2772
1784236132309 0.2611922025680542 2773
1784236132325 0.2500882148742676 2774
1784236132345 0.1322685033082962 2775
1784236132361 0.3374467194080353 2776
1784236132383 0.1758199781179428 2777
1784236132401 0.5921158194541931 2778
1784236132418 0.2997153401374817 2779
1784236132435 0.29547467827796936 2780
1784236132455 0.32532286643981934 2781
1784236132474 0.17254985868930817 2782
1784236132491 0.11354921013116837 2783
1784236132506 0.18384476006031036 2784
1784236132523 0.41862526535987854 2785
1784236132540 0.22002126276493073 2786
1784236132559 0.3783222734928131 2787
1784236132575 0.37645089626312256 2788
1784236132591 0.2971210777759552 2789
1784236132606 0.3698584735393524 2790
1784236132618 0.31512749195098877 2791
1784236132632 0.19169872999191284 2792
1784236132649 0.1309921145439148 2793
1784236132665 0.20391102135181427 2794
1784236132679 0.16713480651378632 2795
1784236132696 0.3958134949207306 2796
1784236132712 0.24710674583911896 2797
1784236132727 0.3239048421382904 2798
1784236132742 0.4166240990161896 2799
1784236132758 0.5949593186378479 2800
1784236132774 0.12910626828670502 2801
1784236132792 0.2402966320514679 2802
1784236132807 0.39065247774124146 2803
1784236132823 0.43962499499320984 2804
1784236132840 0.1673576384782791 2805
1784236132856 0.15657484531402588 2806
1784236132872 0.4185636341571808 2807
1784236132889 0.35839784145355225 2808
1784236132905 0.22895078361034393 2809
1784236132922 0.3200226128101349 2810
1784236132938 0.161287322640419 2811
1784236132951 0.31851810216903687 2812
1784236132967 0.6583490967750549 2813
1784236132983 0.1566305309534073 2814
1784236133000 0.37308698892593384 2815
1784236133017 0.5159466862678528 2816
1784236133033 0.3609870672225952 2817
1784236133049 0.15409579873085022 2818
1784236133066 0.5856977701187134 2819
1784236133087 0.4724147915840149 2820
1784236133108 0.6148213148117065 2821
1784236133125 0.4814473092556 2822
1784236133140 0.33205917477607727 2823
1784236133156 0.5122959017753601 2824
1784236133170 0.5159674882888794 2825
1784236133185 0.17034859955310822 2826
1784236133200 0.4531153440475464 2827
1784236133215 0.24520348012447357 2828
1784236133233 0.14695239067077637 2829
1784236133250 0.23207904398441315 2830
1784236133268 0.466860830783844 2831
1784236133283 0.36455410718917847 2832
1784236133301 0.18239447474479675 2833
1784236133316 0.1211838573217392 2834
1784236133331 0.21412883698940277 2835
1784236133438 0.5066885352134705 2836
1784236133462 0.7179487347602844 2837
1784236133497 0.10025858879089355 2838
1784236133514 0.4636078178882599 2839
1784236133530 0.24210265278816223 2840
1784236133548 0.1141677126288414 2841
1784236133568 0.6435936093330383 2842
1784236133583 0.5873883962631226 2843
1784236133600 0.3606129288673401 2844
1784236133616 0.24887089431285858 2845
1784236133633 0.45382362604141235 2846
1784236133650 0.44096291065216064 2847
1784236133672 0.2656417787075043 2848
1784236133687 0.5549097657203674 2849
1784236133703 0.20690463483333588 2850
1784236133717 0.5211018919944763 2851
1784236133734 0.17717227339744568 2852
1784236133751 0.27951207756996155 2853
1784236133767 0.2933618426322937 2854
1784236133784 0.3999629020690918 2855
1784236133800 0.19404231011867523 2856
1784236133815 0.19253157079219818 2857
1784236133832 0.30881690979003906 2858
1784236133849 0.2098356932401657 2859
1784236133870 0.13352273404598236 2860
1784236133887 0.6261836886405945 2861
1784236133905 0.2797282338142395 2862
1784236133920 0.19219881296157837 2863
1784236133936 0.16923271119594574 2864
1784236133953 0.16550830006599426 2865
1784236133968 0.3746131658554077 2866
1784236133985 0.31409022212028503 2867
1784236134002 0.2972120940685272 2868
1784236134020 1.0103498697280884 2869
1784236134036 0.37114283442497253 2870
1784236134053 0.13467945158481598 2871
1784236134071 0.32074424624443054 2872
1784236134087 0.8292741775512695 2873
1784236134104 0.3959510922431946 2874
1784236134120 0.2479277104139328 2875
1784236134137 0.44354695081710815 2876
1784236134152 0.27129822969436646 2877
1784236134169 0.45438525080680847 2878
1784236134187 0.6165580749511719 2879
1784236134202 0.335928738117218 2880
1784236134222 0.2589847445487976 2881
1784236134237 0.40198269486427307 2882
1784236134253 0.1819046437740326 2883
1784236134270 0.2030140906572342 2884
1784236134286 0.5332591533660889 2885
1784236134303 0.3527412414550781 2886
1784236134320 0.441086083650589 2887
1784236134336 0.24231727421283722 2888
1784236134349 0.15177080035209656 2889
1784236134365 0.28398701548576355 2890
1784236134380 0.751025915145874 2891
1784236134400 0.3453516960144043 2892
1784236134419 0.5956807732582092 2893
1784236134438 0.29267486929893494 2894
1784236134453 0.16590367257595062 2895
1784236134471 0.22679395973682404 2896
1784236134485 0.12429478019475937 2897
1784236134499 0.2817898690700531 2898
1784236134516 0.8583157658576965 2899
1784236134532 0.27516576647758484 2900
1784236134549 0.6594587564468384 2901
1784236134565 0.5856138467788696 2902
1784236134581 0.22423256933689117 2903
1784236134596 0.14942438900470734 2904
1784236134614 0.42410093545913696 2905
1784236134632 0.16311369836330414 2906
1784236134656 0.4069414734840393 2907
1784236134674 0.3464573323726654 2908
1784236134691 0.2232307642698288 2909
1784236134709 0.33968713879585266 2910
1784236134724 0.14939893782138824 2911
1784236134742 0.23955754935741425 2912
1784236134759 0.16729296743869781 2913
1784236134776 0.2990467846393585 2914
1784236134792 0.272777795791626 2915
1784236134808 0.47850653529167175 2916
1784236134823 0.18763117492198944 2917
1784236134839 0.41793254017829895 2918
1784236134856 0.5156775712966919 2919
1784236134872 0.5051333904266357 2920
1784236134888 0.5416911840438843 2921
1784236134904 0.3241592049598694 2922
1784236134920 0.103739432990551 2923
1784236134937 0.4721347391605377 2924
1784236134955 0.39917486906051636 2925
1784236134971 0.4241218864917755 2926
1784236134992 0.17687928676605225 2927
1784236135011 0.6232880353927612 2928
1784236135029 0.44449448585510254 2929
1784236135048 0.2069646418094635 2930
1784236135066 0.17989684641361237 2931
1784236135085 0.39348268508911133 2932
1784236135107 0.05232733488082886 2933
1784236135125 0.18394404649734497 2934
1784236135144 0.3420380651950836 2935
1784236135162 0.6799471974372864 2936
1784236135179 0.2778434455394745 2937
1784236135198 0.6320042014122009 2938
1784236135213 0.4801638126373291 2939
1784236135230 0.18811321258544922 2940
1784236135246 0.24852900207042694 2941
1784236135260 0.07128281146287918 2942
1784236135275 0.2995974123477936 2943
1784236135292 0.25066864490509033 2944
1784236135308 0.4079030454158783 2945
1784236135325 0.43136006593704224 2946
1784236135340 0.17914073169231415 2947
1784236135355 0.4970099925994873 2948
1784236135370 0.1327383816242218 2949
1784236135385 0.09441836178302765 2950
1784236135401 0.322515606880188 2951
1784236135417 0.31597205996513367 2952
1784236135434 0.0689258724451065 2953
1784236135449 0.4977160394191742 2954
1784236135466 0.4339505434036255 2955
1784236135484 0.2684859037399292 2956
1784236135509 0.16991762816905975 2957
1784236135531 0.4111061096191406 2958
1784236135555 0.09839235246181488 2959
1784236135572 0.16772308945655823 2960
1784236135591 0.36467012763023376 2961
1784236135700 0.1436387151479721 2962
1784236135716 0.1813485473394394 2963
1784236135752 0.3895135819911957 2964
1784236135770 0.37074071168899536 2965
1784236135790 0.7716661095619202 2966
1784236135805 0.3925640285015106 2967
1784236135818 0.17011140286922455 2968
1784236135833 0.30765610933303833 2969
1784236135848 0.421968549489975 2970
1784236135861 0.6247289776802063 2971
1784236135877 0.4770987033843994 2972
1784236135893 0.14198164641857147 2973
1784236135907 0.1682984083890915 2974
1784236135920 0.2238197773694992 2975
1784236135934 0.26293468475341797 2976
1784236135950 0.3063495457172394 2977
1784236135968 0.4869847297668457 2978
1784236135989 0.21879056096076965 2979
1784236136005 0.07440106570720673 2980
1784236136025 0.2539069950580597 2981
1784236136044 0.4158552885055542 2982
1784236136062 0.4261881113052368 2983
1784236136081 0.15815851092338562 2984
1784236136101 0.16785570979118347 2985
1784236136120 0.5152699947357178 2986
1784236136138 0.16179029643535614 2987
1784236136155 0.2813817262649536 2988
1784236136170 0.32475754618644714 2989
1784236136187 0.26207801699638367 2990
1784236136204 0.13821274042129517 2991
1784236136236 0.18153680860996246 2992
1784236136249 0.29013124108314514 2993
1784236136262 0.48761776089668274 2994
1784236136280 0.5297212600708008 2995
1784236136297 0.167471781373024 2996
1784236136315 0.19786642491817474 2997
1784236136332 0.7099567651748657 2998
1784236136348 0.11999465525150299 2999
1784236136368 0.3921675980091095 3000
1784236136387 0.16815035045146942 3001
1784236136406 0.4136817455291748 3002
1784236136425 0.08359865844249725 3003
1784236136442 0.2098483145236969 3004
1784236136461 0.20628398656845093 3005
1784236136477 0.14878419041633606 3006
1784236136496 0.27310141921043396 3007
1784236136513 0.2795751988887787 3008
1784236136533 0.15344001352787018 3009
1784236136550 0.11218804121017456 3010
1784236136567 0.1729211062192917 3011
1784236136583 0.3387000560760498 3012
1784236136601 0.2510925531387329 3013
1784236136617 0.15889357030391693 3014
1784236136633 0.345268577337265 3015
1784236136650 0.09577753394842148 3016
1784236136667 0.4669822156429291 3017
1784236136683 0.6068018078804016 3018
1784236136700 0.13146188855171204 3019
1784236136716 0.16321758925914764 3020
1784236136732 0.3567837178707123 3021
1784236136748 0.26443374156951904 3022
1784236136766 0.09464631229639053 3023
1784236136783 0.25641703605651855 3024
1784236136802 0.6301337480545044 3025
1784236136820 0.20487312972545624 3026
1784236136838 0.5219186544418335 3027
1784236136972 0.16928797960281372 3028
1784236137012 0.6221799254417419 3029
1784236137037 0.6059914231300354 3030
1784236137059 0.17304587364196777 3031
1784236137079 0.15770632028579712 3032
1784236137098 0.12729963660240173 3033
1784236137117 0.2397773265838623 3034
1784236137134 0.19831152260303497 3035
1784236137154 0.4560442864894867 3036
1784236137173 0.19079454243183136 3037
1784236137190 0.1714664250612259 3038
1784236137209 0.14869852364063263 3039
1784236137228 0.5580206513404846 3040
1784236137246 0.2065386027097702 3041
1784236137265 0.32744738459587097 3042
1784236137284 0.1346409022808075 3043
1784236137305 0.31804051995277405 3044
1784236137323 0.09177494794130325 3045
1784236137350 0.1986469179391861 3046
1784236137366 0.5082876682281494 3047
1784236137385 0.43339699506759644 3048
1784236137400 0.14795565605163574 3049
1784236137416 0.3055311441421509 3050
1784236137431 0.18176455795764923 3051
1784236137448 0.5007308125495911 3052
1784236137465 0.23787012696266174 3053
1784236137486 0.250306636095047 3054
1784236137510 0.06598148494958878 3055
1784236137526 0.3604758083820343 3056
1784236137541 0.14489750564098358 3057
1784236137560 0.33125144243240356 3058
1784236137581 0.14203868806362152 3059
1784236137605 0.4119125306606293 3060
1784236137623 0.6468151807785034 3061
1784236137640 0.4810361862182617 3062
1784236137659 0.37954002618789673 3063
1784236137674 0.5050907135009766 3064
1784236137691 0.5828921794891357 3065
1784236137710 0.06634974479675293 3066
1784236137726 0.3289439082145691 3067
1784236137743 0.22862586379051208 3068
1784236137761 0.3102492690086365 3069
1784236137777 0.25857046246528625 3070
1784236137791 0.41308581829071045 3071
1784236137806 0.6217144727706909 3072
1784236137821 0.17448130249977112 3073
1784236137834 0.19160740077495575 3074
1784236137850 0.2147115021944046 3075
1784236137864 0.13891638815402985 3076
1784236137880 0.13818664848804474 3077
1784236137896 0.3915832042694092 3078
1784236137911 0.290006160736084 3079
1784236137925 0.726710319519043 3080
1784236137940 0.14243769645690918 3081
1784236137955 0.391759991645813 3082
1784236137972 0.4881802201271057 3083
1784236137987 0.19313140213489532 3084
1784236138001 0.04435359314084053 3085
1784236138016 0.2482299506664276 3086
1784236138030 0.715282678604126 3087
1784236138045 0.08992742002010345 3088
1784236138061 0.26783376932144165 3089
1784236138075 0.10906554013490677 3090
1784236138090 0.11256285011768341 3091
1784236138105 0.5155883431434631 3092
1784236138198 0.41724786162376404 3093
1784236138213 0.764761745929718 3094
1784236138238 0.26842057704925537 3095
1784236138255 0.19027996063232422 3096
1784236138269 0.14525601267814636 3097
1784236138286 0.2751663327217102 3098
1784236138300 0.4322907030582428 3099
1784236138316 0.6303962469100952 3100
1784236138332 0.2609369456768036 3101
1784236138350 0.15531811118125916 3102
1784236138365 0.48299238085746765 3103
1784236138389 0.3195109963417053 3104
1784236138409 0.5180913209915161 3105
1784236138426 0.26456335186958313 3106
1784236138444 0.5420145392417908 3107
1784236138462 0.18680234253406525 3108
1784236138491 0.24011051654815674 3109
1784236138509 0.10887866467237473 3110
1784236138527 0.19734357297420502 3111
1784236138546 0.3155211806297302 3112
1784236138565 0.32394343614578247 3113
1784236138587 0.2121598869562149 3114
1784236138627 0.22910727560520172 3115
1784236138655 0.13687121868133545 3116
1784236138682 0.18801161646842957 3117
1784236138708 0.10266446322202682 3118
1784236138731 0.1874217838048935 3119
1784236138760 0.326773464679718 3120
1784236138792 0.28788110613822937 3121
1784236138812 0.5560357570648193 3122
1784236138833 0.26462969183921814 3123
1784236138865 0.2540849447250366 3124
1784236138886 0.18797224760055542 3125
1784236138909 0.234596848487854 3126
1784236138934 0.5243408679962158 3127
1784236138961 0.2959648370742798 3128
1784236138986 0.2252926230430603 3129
1784236139007 0.17805758118629456 3130
1784236139029 0.2173098772764206 3131
1784236139049 0.4483729898929596 3132
1784236139075 0.18959714472293854 3133
1784236139091 0.7278887033462524 3134
1784236139108 0.4761262536048889 3135
1784236139125 0.4964488744735718 3136
1784236139140 0.39029043912887573 3137
1784236139156 0.2601861357688904 3138
1784236139172 0.5232580304145813 3139
1784236139191 0.1325206458568573 3140
1784236139210 0.4639435410499573 3141
1784236139230 0.17506402730941772 3142
1784236139249 0.07851515710353851 3143
1784236139273 0.3636540174484253 3144
1784236139332 0.13459523022174835 3145
1784236139383 0.1940542459487915 3146
1784236139412 0.13751433789730072 3147
1784236139439 0.1852257251739502 3148
1784236139464 0.23745183646678925 3149
1784236139500 0.16431407630443573 3150
1784236139541 0.6559081077575684 3151
1784236139562 0.3450162708759308 3152
1784236139586 0.5903552770614624 3153
1784236139606 0.5400212407112122 3154
1784236139624 0.2713107466697693 3155
1784236139639 0.2071722000837326 3156
1784236139657 0.1695273071527481 3157
1784236139673 0.5526350736618042 3158
1784236139689 0.1461552083492279 3159
1784236139707 0.2735349237918854 3160
1784236139722 0.2705766260623932 3161
1784236139740 0.22288747131824493 3162
1784236139755 0.19975748658180237 3163
1784236139772 0.46343183517456055 3164
1784236139787 0.30201929807662964 3165
1784236139800 0.15480656921863556 3166
1784236139815 0.3800573945045471 3167
1784236139831 0.23403622210025787 3168
1784236139848 0.14313891530036926 3169
1784236139866 0.3317818343639374 3170
1784236139888 0.26074230670928955 3171
1784236139907 0.21960599720478058 3172
1784236139924 0.41061684489250183 3173
1784236139941 0.2977050244808197 3174
1784236139959 0.24936915934085846 3175
1784236139976 0.31902363896369934 3176
1784236139993 0.20349274575710297 3177
1784236140007 0.27331241965293884 3178
1784236140026 0.38941800594329834 3179
1784236140043 0.14441527426242828 3180
1784236140062 0.45713719725608826 3181
1784236140078 0.25556105375289917 3182
1784236140095 0.37254706025123596 3183
1784236140112 0.29221513867378235 3184
1784236140128 0.37144142389297485 3185
1784236140145 0.30135220289230347 3186
1784236140160 0.4113878309726715 3187
1784236140177 0.23722565174102783 3188
1784236140193 0.7039170861244202 3189
1784236140210 0.14303967356681824 3190
1784236140224 0.19129347801208496 3191
1784236140238 0.3700520992279053 3192
1784236140255 0.6091857552528381 3193
1784236140271 0.337881863117218 3194
1784236140287 0.30040064454078674 3195
1784236140305 0.226732075214386 3196
1784236140325 0.34222543239593506 3197
1784236140345 0.14715181291103363 3198
1784236140363 0.2664247155189514 3199
1784236140412 0.44501420855522156 3200
1784236140438 0.13386830687522888 3201
1784236140462 0.4213142395019531 3202
1784236140480 0.20635224878787994 3203
1784236140503 0.2968790531158447 3204
1784236140520 0.349115252494812 3205
1784236140534 0.3470848500728607 3206
1784236140550 0.21628378331661224 3207
1784236140566 0.4750847816467285 3208
1784236140582 0.6765009760856628 3209
1784236140599 0.31058168411254883 3210
1784236140615 0.40243613719940186 3211
1784236140633 0.33066049218177795 3212
1784236140651 0.365026593208313 3213
1784236140668 0.2120659053325653 3214
1784236140690 0.29568734765052795 3215
1784236140706 0.16055402159690857 3216
1784236140723 0.19834178686141968 3217
1784236140738 0.34637683629989624 3218
1784236140755 0.5061762928962708 3219
1784236140773 0.2230844646692276 3220
1784236140790 0.32156118750572205 3221
1784236140884 0.3183314800262451 3222
1784236140898 0.1406949907541275 3223
1784236140926 0.24630409479141235 3224
1784236140941 0.24840761721134186 3225
1784236140959 0.366947740316391 3226
1784236140977 0.16311460733413696 3227
1784236140997 0.1958213597536087 3228
1784236141013 0.10692550241947174 3229
1784236141032 0.4700426757335663 3230
1784236141048 0.10642996430397034 3231
1784236141065 0.367006778717041 3232
1784236141081 0.10362794995307922 3233
1784236141097 0.27336424589157104 3234
1784236141112 0.6122723817825317 3235
1784236141129 0.2781314551830292 3236
1784236141144 0.5203615427017212 3237
1784236141158 0.15468405187129974 3238
1784236141174 0.23588606715202332 3239
1784236141189 0.3170003294944763 3240
1784236141202 0.3057946562767029 3241
1784236141218 0.7459778189659119 3242
1784236141234 0.47904300689697266 3243
1784236141252 0.27961236238479614 3244
1784236141264 0.3591908812522888 3245
1784236141282 0.22059133648872375 3246
1784236141299 0.5744967460632324 3247
1784236141317 0.45350411534309387 3248
1784236141332 0.1478559821844101 3249
1784236141349 0.25544875860214233 3250
1784236141364 0.7889662384986877 3251
1784236141381 0.2413659691810608 3252
1784236141399 0.279089093208313 3253
1784236141416 0.09687617421150208 3254
1784236141433 0.2704993784427643 3255
1784236141449 0.26407331228256226 3256
1784236141467 0.4867483079433441 3257
1784236141482 0.3560049533843994 3258
1784236141501 0.7163628339767456 3259
1784236141517 0.31777963042259216 3260
1784236141532 0.24435290694236755 3261
1784236141548 0.34186986088752747 3262
1784236141563 0.3758179247379303 3263
1784236141579 0.3727099299430847 3264
1784236141595 0.4822389483451843 3265
1784236141611 0.44855138659477234 3266
1784236141628 0.2750576436519623 3267
1784236141645 0.6529133915901184 3268
1784236141661 0.19114314019680023 3269
1784236141679 0.6769704222679138 3270
1784236141696 0.10761480033397675 3271
1784236141715 0.10186145454645157 3272
1784236141731 0.18510182201862335 3273
1784236141749 0.2757449150085449 3274
1784236141772 0.8165563344955444 3275
1784236141787 0.2081390917301178 3276
1784236141802 0.5251414179801941 3277
1784236141817 0.29412931203842163 3278
1784236141833 0.6779012680053711 3279
1784236141847 0.3316778540611267 3280
1784236141861 0.5062083005905151 3281
1784236141880 0.407972514629364 3282
1784236141896 0.29752665758132935 3283
1784236141912 0.1817656308412552 3284
1784236141928 0.11464982479810715 3285
1784236141944 0.3282317519187927 3286
1784236141959 0.11876635998487473 3287
1784236141978 0.27616047859191895 3288
1784236142004 0.5554967522621155 3289
1784236142074 0.13738787174224854 3290
1784236142094 0.4394507110118866 3291
1784236142111 0.47161248326301575 3292
1784236142158 0.310209184885025 3293
1784236142175 0.36847031116485596 3294
1784236142191 0.4750087559223175 3295
1784236142207 0.42043134570121765 3296
1784236142222 0.18234649300575256 3297
1784236142238 0.14533428847789764 3298
1784236142254 0.28955766558647156 3299
1784236142272 0.6318482756614685 3300
1784236142289 0.3609422743320465 3301
1784236142307 0.27366989850997925 3302
1784236142323 0.7632477879524231 3303
1784236142339 0.5621099472045898 3304
1784236142356 0.3960040211677551 3305
1784236142376 0.4045487642288208 3306
1784236142394 0.30266711115837097 3307
1784236142414 0.4536413252353668 3308
1784236142436 0.4114626348018646 3309
1784236142454 0.14916208386421204 3310
1784236142473 0.32323455810546875 3311
1784236142491 0.4291956126689911 3312
1784236142510 0.4282815754413605 3313
1784236142528 0.3300411105155945 3314
1784236142545 0.3371545076370239 3315
1784236142563 0.2922721803188324 3316
1784236142580 0.30651065707206726 3317
1784236142598 0.3394175171852112 3318
1784236142614 0.30780139565467834 3319
1784236142632 0.30222731828689575 3320
1784236142648 0.14593172073364258 3321
1784236142664 0.1722264140844345 3322
1784236142678 0.7480037212371826 3323
1784236142693 0.26845982670783997 3324
1784236142710 0.2419680804014206 3325
1784236142723 0.6509592533111572 3326
1784236142738 0.7899287343025208 3327
1784236142754 0.1274099498987198 3328
1784236142771 0.18506889045238495 3329
1784236142785 0.4038664400577545 3330
1784236142798 0.20896437764167786 3331
1784236142815 0.404954731464386 3332
1784236142830 0.16179630160331726 3333
1784236142844 0.15676622092723846 3334
1784236142859 0.19577454030513763 3335
1784236142873 0.13712553679943085 3336
1784236142889 0.12755908071994781 3337
1784236142904 0.18291659653186798 3338
1784236142919 0.5150808095932007 3339
1784236142934 0.30145758390426636 3340
1784236142951 0.1979723870754242 3341
1784236142967 0.172728031873703 3342
1784236142984 0.477827250957489 3343
1784236143002 0.34153077006340027 3344
1784236143019 0.1751021295785904 3345
1784236143037 0.14356045424938202 3346
1784236143052 0.28197774291038513 3347
1784236143066 0.34034428000450134 3348
1784236143088 0.11383382230997086 3349
1784236143103 0.46551287174224854 3350
1784236143118 0.1651102900505066 3351
1784236143134 0.1335173398256302 3352
1784236143149 0.21266263723373413 3353
1784236143164 0.06294967234134674 3354
1784236143181 0.8476202487945557 3355
1784236143196 0.10516106337308884 3356
1784236143211 0.5953965187072754 3357
1784236143229 0.32237187027931213 3358
1784236143247 0.29746192693710327 3359
1784236143264 0.3497188091278076 3360
1784236143282 0.16681548953056335 3361
1784236143302 0.11383305490016937 3362
1784236143320 0.41024255752563477 3363
1784236143339 0.5175580382347107 3364
1784236143355 0.5890674591064453 3365
1784236143372 0.2352493852376938 3366
1784236143388 0.4658789038658142 3367
1784236143406 0.3471989929676056 3368
1784236143423 0.2580445110797882 3369
1784236143442 0.3600216209888458 3370
1784236143458 0.4056297838687897 3371
1784236143474 0.7179214358329773 3372
1784236143491 0.23998481035232544 3373
1784236143508 0.26391541957855225 3374
1784236143523 0.43895894289016724 3375
1784236143540 0.4665301442146301 3376
1784236143557 0.1883467137813568 3377
1784236143570 0.2307625114917755 3378
1784236143585 0.20938728749752045 3379
1784236143601 0.11967525631189346 3380
1784236143619 0.4626831114292145 3381
1784236143635 0.30074581503868103 3382
1784236143651 0.09150181710720062 3383
1784236143666 0.2975177466869354 3384
1784236143684 0.19755560159683228 3385
1784236143701 0.5357590317726135 3386
1784236143718 0.32381120324134827 3387
1784236143735 0.16835786402225494 3388
1784236143754 0.1303611397743225 3389
1784236143771 0.19194120168685913 3390
1784236143786 0.3463740944862366 3391
1784236143802 0.3422853648662567 3392
1784236143818 0.9124871492385864 3393
1784236143833 0.33628007769584656 3394
1784236143850 0.3831888437271118 3395
1784236143866 0.21256482601165771 3396
1784236143883 0.39829882979393005 3397
1784236143902 0.0938701257109642 3398
1784236143918 0.2564002275466919 3399
1784236143937 0.43852168321609497 3400
1784236143954 0.40403738617897034 3401
1784236143972 0.5756593942642212 3402
1784236143990 0.5623445510864258 3403
1784236144007 0.16729632019996643 3404
1784236144025 0.4556756317615509 3405
1784236144041 0.1740831434726715 3406
1784236144057 0.1765509992837906 3407
1784236144073 0.3336736261844635 3408
1784236144091 0.49846646189689636 3409
1784236144106 0.20717236399650574 3410
1784236144122 0.3024101257324219 3411
1784236144138 0.42681556940078735 3412
1784236144154 0.10805103927850723 3413
1784236144169 0.858972430229187 3414
1784236144185 0.2582477331161499 3415
1784236144199 0.35927537083625793 3416
1784236144213 0.2551964521408081 3417
1784236144229 0.2776860296726227 3418
1784236144245 0.18965572118759155 3419
1784236144261 0.4670986831188202 3420
1784236144283 0.17323949933052063 3421
1784236144300 0.13792669773101807 3422
1784236144317 0.11833268404006958 3423
1784236144336 0.3823740780353546 3424
1784236144353 1.2257360219955444 3425
1784236144370 0.45950305461883545 3426
1784236144386 0.14543890953063965 3427
1784236144403 0.5770173668861389 3428
1784236144418 0.2271433025598526 3429
1784236144435 0.35638052225112915 3430
1784236144449 0.5201059579849243 3431
1784236144470 0.2523830831050873 3432
1784236144486 0.12170787155628204 3433
1784236144500 0.4712894856929779 3434
1784236144517 0.47873109579086304 3435
1784236144535 0.17174270749092102 3436
1784236144550 0.23328612744808197 3437
1784236144567 0.13589774072170258 3438
1784236144585 0.09298206865787506 3439
1784236144603 0.13189679384231567 3440
1784236144620 0.3842954635620117 3441
1784236144637 0.26896873116493225 3442
1784236144651 0.11910171806812286 3443
1784236144665 0.3357570469379425 3444
1784236144681 0.2265305519104004 3445
1784236144698 0.45130452513694763 3446
1784236144715 0.3286105692386627 3447
1784236144731 0.1054869145154953 3448
1784236144747 0.18155279755592346 3449
1784236144766 0.24731869995594025 3450
1784236144860 0.13398267328739166 3451
1784236144877 0.1379743218421936 3452
1784236144900 0.3494795858860016 3453
1784236144915 0.23704659938812256 3454
1784236144932 0.21120591461658478 3455
1784236144950 0.05656193569302559 3456
1784236144972 0.2561739981174469 3457
1784236144989 0.7679741382598877 3458
1784236145008 0.4092079997062683 3459
1784236145028 0.17519493401050568 3460
1784236145044 0.21375204622745514 3461
1784236145061 0.20310640335083008 3462
1784236145077 0.691896378993988 3463
1784236145092 0.4167923033237457 3464
1784236145107 0.14173969626426697 3465
1784236145122 0.25311991572380066 3466
1784236145136 0.5976437926292419 3467
1784236145152 0.2599320411682129 3468
1784236145167 0.17535996437072754 3469
1784236145186 0.3019943833351135 3470
1784236145203 0.2894403636455536 3471
1784236145220 0.2735510468482971 3472
1784236145237 0.15902136266231537 3473
1784236145254 0.08311021327972412 3474
1784236145271 0.393215149641037 3475
1784236145289 0.5230773687362671 3476
1784236145306 0.24859853088855743 3477
1784236145322 0.4648060202598572 3478
1784236145338 0.5226228833198547 3479
1784236145355 0.20753374695777893 3480
1784236145372 0.1911463588476181 3481
1784236145388 0.6519001722335815 3482
1784236145405 0.2432442307472229 3483
1784236145422 0.30547574162483215 3484
1784236145439 0.34774279594421387 3485
1784236145456 0.28352153301239014 3486
1784236145472 0.20433062314987183 3487
1784236145489 0.3753836154937744 3488
1784236145504 0.451052725315094 3489
1784236145520 0.38322916626930237 3490
1784236145537 0.29291480779647827 3491
1784236145553 0.38588961958885193 3492
1784236145570 0.07428445667028427 3493
1784236145587 0.25164690613746643 3494
1784236145604 0.3199350833892822 3495
1784236145621 0.44336286187171936 3496
1784236145638 0.18646062910556793 3497
1784236145654 0.23237481713294983 3498
1784236145671 0.14600199460983276 3499
1784236145689 0.4188344180583954 3500
1784236145706 0.3944752514362335 3501
1784236145723 0.39930087327957153 3502
1784236145739 0.23993684351444244 3503
1784236145754 0.10983329266309738 3504
1784236145773 0.4014657735824585 3505
1784236145791 0.1335034817457199 3506
1784236145809 0.21226657927036285 3507
1784236145823 0.4110887050628662 3508
1784236145836 0.23029175400733948 3509
1784236145851 0.8267867565155029 3510
1784236145865 0.307223916053772 3511
1784236145882 0.3397091031074524 3512
1784236145898 0.6245970726013184 3513
1784236145921 0.18550677597522736 3514
1784236145937 0.3204036056995392 3515
1784236145953 0.3974997103214264 3516
1784236146073 0.28042376041412354 3517
1784236146123 0.3624580502510071 3518
1784236146153 0.7825096845626831 3519
1784236146180 0.2722620964050293 3520
1784236146204 0.5313811302185059 3521
1784236146229 0.2530243396759033 3522
1784236146265 0.1260259598493576 3523
1784236146295 0.3749214708805084 3524
1784236146328 0.17323026061058044 3525
1784236146345 0.41286981105804443 3526
1784236146363 0.14543937146663666 3527
1784236146378 0.20657871663570404 3528
1784236146391 0.12235505133867264 3529
1784236146405 0.6935191750526428 3530
1784236146421 0.2565689980983734 3531
1784236146438 0.32498428225517273 3532
1784236146457 0.2882612943649292 3533
1784236146472 0.48632314801216125 3534
1784236146489 0.5198186039924622 3535
1784236146503 0.18360041081905365 3536
1784236146519 0.15877071022987366 3537
1784236146536 0.26739227771759033 3538
1784236146552 0.18901534378528595 3539
1784236146568 0.45754188299179077 3540
1784236146582 0.2894650995731354 3541
1784236146598 0.1709791123867035 3542
1784236146614 0.1398954689502716 3543
1784236146630 0.3620329797267914 3544
1784236146646 0.6027951240539551 3545
1784236146661 0.4550114572048187 3546
1784236146676 0.24741631746292114 3547
1784236146694 0.35856759548187256 3548
1784236146710 0.2723208963871002 3549
1784236146726 0.5728057026863098 3550
1784236146742 0.15170162916183472 3551
1784236146755 0.04654937610030174 3552
1784236146770 0.467640221118927 3553
1784236146787 0.5785024166107178 3554
1784236146800 0.2785565257072449 3555
1784236146815 0.4216836094856262 3556
1784236146829 0.18393005430698395 3557
1784236146846 0.22536861896514893 3558
1784236146862 0.4130886197090149 3559
1784236146881 0.41787204146385193 3560
1784236146900 0.15162448585033417 3561
1784236146915 0.19310833513736725 3562
1784236146930 0.11229501664638519 3563
1784236146946 0.42604878544807434 3564
1784236146961 0.2183985561132431 3565
1784236146976 0.23296916484832764 3566
1784236147021 0.2371174693107605 3567
1784236147044 0.3409143388271332 3568
1784236147064 0.4716630280017853 3569
1784236147084 0.4537436366081238 3570
1784236147101 0.2812644839286804 3571
1784236147115 0.32598552107810974 3572
1784236147131 0.3998400568962097 3573
1784236147147 0.20795227587223053 3574
1784236147162 0.417067289352417 3575
1784236147178 0.21227553486824036 3576
1784236147191 0.6344992518424988 3577
1784236147205 0.7028577327728271 3578
1784236147221 0.3169799745082855 3579
1784236147236 0.3209638297557831 3580
1784236147250 0.4532119631767273 3581
1784236147265 0.20647010207176208 3582
1784236147281 0.31042924523353577 3583
1784236147300 0.334966242313385 3584
1784236147316 0.19549976289272308 3585
1784236147335 0.526993453502655 3586
1784236147355 0.323467880487442 3587
1784236147371 0.534146785736084 3588
1784236147388 0.2610160708427429 3589
1784236147406 0.23257048428058624 3590
1784236147424 0.4443758726119995 3591
1784236147440 0.4988168776035309 3592
1784236147456 0.1725689321756363 3593
1784236147474 0.47092771530151367 3594
1784236147489 0.24857428669929504 3595
1784236147504 0.31947341561317444 3596
1784236147520 0.5811468362808228 3597
1784236147537 0.14551092684268951 3598
1784236147553 0.3326079845428467 3599
1784236147571 0.17617638409137726 3600
1784236147586 0.25718414783477783 3601
1784236147603 0.3311457633972168 3602
1784236147618 0.34028178453445435 3603
1784236147635 0.17494869232177734 3604
1784236147652 0.4950772225856781 3605
1784236147668 0.2633470296859741 3606
1784236147774 0.15478695929050446 3607
1784236147810 0.2513003647327423 3608
1784236147827 0.3837527334690094 3609
1784236147844 0.38199859857559204 3610
1784236147867 0.08421488106250763 3611
1784236147882 0.25286972522735596 3612
1784236147899 0.3004932999610901 3613
1784236147918 0.6521522998809814 3614
1784236147931 0.4865577220916748 3615
1784236147947 0.22490371763706207 3616
1784236147964 0.32900476455688477 3617
1784236147979 0.5857611298561096 3618
1784236147994 0.3082294762134552 3619
1784236148011 0.24334193766117096 3620
1784236148027 0.4131166636943817 3621
1784236148043 0.3486252725124359 3622
1784236148059 0.1274675875902176 3623
1784236148076 0.577090859413147 3624
1784236148090 0.13873013854026794 3625
1784236148105 0.10882284492254257 3626
1784236148122 0.22653603553771973 3627
1784236148137 0.19451051950454712 3628
1784236148153 0.18015478551387787 3629
1784236148168 0.39571261405944824 3630
1784236148186 0.46493589878082275 3631
1784236148209 0.21163871884346008 3632
1784236148227 0.28420883417129517 3633
1784236148242 0.12845860421657562 3634
1784236148259 0.31792059540748596 3635
1784236148275 0.39654216170310974 3636
1784236148290 0.28463155031204224 3637
1784236148305 0.4140666723251343 3638
1784236148319 0.1891379952430725 3639
1784236148334 0.3996981680393219 3640
1784236148348 0.6931209564208984 3641
1784236148362 1.2584280967712402 3642
1784236148378 0.25632330775260925 3643
1784236148425 0.4733743965625763 3644
1784236148476 0.21376295387744904 3645
1784236148508 0.34805169701576233 3646
1784236148530 0.7061777114868164 3647
1784236148550 0.18703676760196686 3648
1784236148582 0.12705527245998383 3649
1784236148613 0.24628104269504547 3650
1784236148631 0.27756181359291077 3651
1784236148656 0.24748463928699493 3652
1784236148673 0.41280514001846313 3653
1784236148693 0.08007267117500305 3654
1784236148725 0.3080253601074219 3655
1784236148740 0.33891573548316956 3656
1784236148757 0.4373660683631897 3657
1784236148773 0.24659867584705353 3658
1784236148792 0.09605272114276886 3659
1784236148809 0.28211545944213867 3660
1784236148826 0.36385396122932434 3661
1784236148843 0.19660741090774536 3662
1784236148860 0.25341302156448364 3663
1784236148875 0.2508610188961029 3664
1784236148890 0.38786783814430237 3665
1784236148906 0.5430396199226379 3666
1784236148920 0.3044915795326233 3667
1784236148937 0.2799001932144165 3668
1784236148951 0.14106062054634094 3669
1784236148969 0.32743003964424133 3670
1784236149063 0.1496742069721222 3671
1784236149077 0.47610217332839966 3672
1784236149093 0.10939870774745941 3673
1784236149110 0.1668674349784851 3674
1784236149127 0.3237076699733734 3675
1784236149144 0.18659192323684692 3676
1784236149160 0.30705294013023376 3677
1784236149175 0.282975435256958 3678
1784236149195 0.3155263662338257 3679
1784236149213 0.42188140749931335 3680
1784236149232 0.21665674448013306 3681
1784236149249 0.2574940621852875 3682
1784236149267 0.492561012506485 3683
1784236149284 0.3205164968967438 3684
1784236149307 0.8159340023994446 3685
1784236149323 0.22450999915599823 3686
1784236149339 0.219808891415596 3687
1784236149355 0.12335675954818726 3688
1784236149369 0.3989979028701782 3689
1784236149385 0.14515994489192963 3690
1784236149403 0.34724634885787964 3691
1784236149421 0.11731535941362381 3692
1784236149438 0.21595968306064606 3693
1784236149454 0.292372465133667 3694
1784236149471 0.6326465606689453 3695
1784236149486 0.20771503448486328 3696
1784236149499 0.27391552925109863 3697
1784236149516 0.3011210858821869 3698
1784236149532 0.14160683751106262 3699
1784236149552 0.439643919467926 3700
1784236149568 0.2680251896381378 3701
1784236149589 0.19572414457798004 3702
1784236149606 0.394074410200119 3703
1784236149623 0.15682297945022583 3704
1784236149638 0.3545655608177185 3705
1784236149659 0.2766154110431671 3706
1784236149675 0.3757495582103729 3707
1784236149712 0.2295072227716446 3708
1784236149729 0.22286531329154968 3709
1784236149744 0.5765414834022522 3710
1784236149760 0.3582933843135834 3711
1784236149775 0.10105985403060913 3712
1784236149790 0.2327939122915268 3713
1784236149804 0.1955401450395584 3714
1784236149819 0.2028355896472931 3715
1784236149833 0.2623240649700165 3716
1784236149848 0.2300507128238678 3717
1784236149865 0.2755289375782013 3718
1784236149880 0.4409103989601135 3719
1784236149895 0.35419315099716187 3720
1784236149911 0.20199991762638092 3721
1784236149928 0.7536763548851013 3722
1784236149942 0.1597701758146286 3723
1784236149960 0.17107835412025452 3724
1784236149980 0.3284587264060974 3725
1784236149997 0.20010222494602203 3726
1784236150016 0.16149193048477173 3727
1784236150031 0.344767689704895 3728
1784236150046 0.1620340347290039 3729
1784236150061 0.1883510798215866 3730
1784236150075 0.615959644317627 3731
1784236150090 0.2620007395744324 3732
1784236150104 0.35233554244041443 3733
1784236150118 0.22917138040065765 3734
1784236150132 0.3468354046344757 3735
1784236150147 0.17306643724441528 3736
1784236150163 0.21957027912139893 3737
1784236150176 0.2804949879646301 3738
1784236150202 0.1422397941350937 3739
1784236150219 0.06818965077400208 3740
1784236150235 0.2688249349594116 3741
1784236150250 0.2643159031867981 3742
1784236150267 0.4037000834941864 3743
1784236150285 0.5509864091873169 3744
1784236150300 0.22977276146411896 3745
1784236150320 0.29248324036598206 3746
1784236150336 0.08096248656511307 3747
1784236150348 0.30477869510650635 3748
1784236150363 0.3460999131202698 3749
1784236151593 0.505081295967102 3750
1784236151607 0.3566993474960327 3751
1784236151624 0.42685434222221375 3752
1784236151637 0.5759538412094116 3753
1784236151652 0.14619188010692596 3754
1784236151664 0.3094477653503418 3755
1784236151680 0.2650843858718872 3756
1784236151695 0.21538415551185608 3757
1784236151709 0.220608651638031 3758
1784236151723 0.21065394580364227 3759
1784236151738 0.30177071690559387 3760
1784236151754 0.1768953949213028 3761
1784236151767 0.21153104305267334 3762
1784236151781 0.2411021590232849 3763
1784236151796 0.5787820816040039 3764
1784236151811 0.5511399507522583 3765
1784236151825 0.09200949221849442 3766
1784236151843 0.46599081158638 3767
1784236151861 0.7283664345741272 3768
1784236151877 0.7876596450805664 3769
1784236151895 0.37157556414604187 3770
1784236151910 0.362174928188324 3771
1784236151927 0.2368054836988449 3772
1784236151944 0.8175954818725586 3773
1784236151959 0.1506170630455017 3774
1784236151973 0.15564048290252686 3775
1784236151987 0.33650311827659607 3776
1784236152000 0.47593796253204346 3777
1784236152015 0.46077048778533936 3778
1784236152033 0.20318540930747986 3779
1784236152049 0.3293939232826233 3780
1784236152068 0.5268682241439819 3781
1784236152081 0.24904656410217285 3782
1784236152096 0.40860849618911743 3783
1784236152112 0.4145333170890808 3784
1784236152126 0.18943727016448975 3785
1784236152141 0.28986966609954834 3786
1784236152159 0.1070462167263031 3787
1784236152176 0.4439341723918915 3788
1784236152191 0.2450558841228485 3789
1784236152206 0.31992554664611816 3790
1784236152220 0.16726577281951904 3791
1784236152235 0.21861517429351807 3792
1784236152249 0.21873421967029572 3793
1784236152263 0.24924300611019135 3794
1784236152279 0.37390637397766113 3795
1784236152295 0.36270079016685486 3796
1784236152311 0.397522509098053 3797
1784236152327 0.6856206059455872 3798
1784236152344 0.2600146234035492 3799
1784236152362 0.10830294340848923 3800
1784236152380 0.5214296579360962 3801
1784236152395 0.41983357071876526 3802
1784236152411 0.3674859404563904 3803
1784236152429 0.16047590970993042 3804
1784236152446 0.1451766937971115 3805
1784236152462 0.20378726720809937 3806
1784236152479 0.23989051580429077 3807
1784236152493 0.34230470657348633 3808
1784236152510 0.409868061542511 3809
1784236152527 0.36068251729011536 3810
1784236152544 0.5169544219970703 3811
1784236152558 0.43129071593284607 3812
1784236152574 0.21325930953025818 3813
1784236152589 0.19735613465309143 3814
1784236152606 0.37264519929885864 3815
1784236152619 0.7611984014511108 3816
1784236152633 0.18869252502918243 3817
1784236152651 0.1932048797607422 3818
1784236152671 0.11299198865890503 3819
1784236152691 0.5738958120346069 3820
1784236152714 0.23706111311912537 3821
1784236152733 0.1760132759809494 3822
1784236152748 0.3691285252571106 3823
1784236152846 0.7167225480079651 3824
1784236152859 0.13240887224674225 3825
1784236152877 0.07300196588039398 3826
1784236152892 0.35703766345977783 3827
1784236152905 0.1483159065246582 3828
1784236152927 0.20270483195781708 3829
1784236152944 0.14232619106769562 3830
1784236152958 0.2525988817214966 3831
1784236152973 0.42148470878601074 3832
1784236152987 0.2502431571483612 3833
1784236153003 0.19778913259506226 3834
1784236153019 0.45342904329299927 3835
1784236153035 0.33453232049942017 3836
1784236153049 0.4602833688259125 3837
1784236153064 0.21643230319023132 3838
1784236153081 0.45743831992149353 3839
1784236153096 0.5286918878555298 3840
1784236153114 0.5405398607254028 3841
1784236153138 0.2836502492427826 3842
1784236153154 0.4650457203388214 3843
1784236153174 0.37336376309394836 3844
1784236153191 0.8097681999206543 3845
1784236153208 0.25775521993637085 3846
1784236153234 0.31052643060684204 3847
1784236153247 0.15252794325351715 3848
1784236153261 0.3109194040298462 3849
1784236153274 0.26345038414001465 3850
1784236153287 0.4061417579650879 3851
1784236153300 0.2744796872138977 3852
1784236153317 0.10807681083679199 3853
1784236153334 0.1502351611852646 3854
1784236153350 0.3530578911304474 3855
1784236153368 0.6646546721458435 3856
1784236153381 0.20292630791664124 3857
1784236153396 0.40914100408554077 3858
1784236153412 0.09183595329523087 3859
1784236153429 0.1930316537618637 3860
1784236153445 0.13291944563388824 3861
1784236153466 0.1889168918132782 3862
1784236153485 0.2583310306072235 3863
1784236153503 0.2524273097515106 3864
1784236153519 0.33617010712623596 3865
1784236153536 0.22429159283638 3866
1784236153551 0.22478574514389038 3867
1784236153563 0.3530816435813904 3868
1784236153578 0.3174247741699219 3869
1784236153593 0.39034342765808105 3870
1784236153608 0.3768371045589447 3871
1784236153626 0.34034568071365356 3872
1784236153644 0.27469402551651 3873
1784236153660 0.21182042360305786 3874
1784236153676 0.4601823687553406 3875
1784236153693 0.13028399646282196 3876
1784236153708 0.27383968234062195 3877
1784236153724 0.24784061312675476 3878
1784236153738 0.30389204621315 3879
1784236153753 0.2828391492366791 3880
1784236153766 0.639064371585846 3881
1784236153779 0.10414028912782669 3882
1784236153794 0.7080180644989014 3883
1784236153808 0.2556959390640259 3884
1784236153822 0.10000016540288925 3885
1784236153836 0.3571854829788208 3886
1784236153850 0.49893251061439514 3887
1784236153862 0.16922275722026825 3888
1784236153877 0.16529443860054016 3889
1784236153970 0.09951872378587723 3890
1784236154015 0.32029423117637634 3891
1784236154035 0.15111474692821503 3892
1784236154055 0.5720008611679077 3893
1784236154073 0.3232666552066803 3894
1784236154093 0.12972909212112427 3895
1784236154111 0.20246604084968567 3896
1784236154128 0.29439777135849 3897
1784236154146 0.11265894025564194 3898
1784236154165 0.2497033178806305 3899
1784236154183 0.15210330486297607 3900
1784236154199 0.13199062645435333 3901
1784236154215 0.2169792801141739 3902
1784236154232 0.14049719274044037 3903
1784236154254 0.6622954607009888 3904
1784236154270 0.8413984179496765 3905
1784236154290 0.0954195111989975 3906
1784236154307 0.47710445523262024 3907
1784236154331 0.20422708988189697 3908
1784236154346 0.24590200185775757 3909
1784236154361 0.2426963746547699 3910
1784236154376 0.17414894700050354 3911
1784236154392 0.3143814504146576 3912
1784236154409 0.4052686393260956 3913
1784236154428 0.3897324800491333 3914
1784236154444 0.4439220726490021 3915
1784236154458 0.23351643979549408 3916
1784236154474 0.16094470024108887 3917
1784236154492 0.40173113346099854 3918
1784236154513 0.632615864276886 3919
1784236154529 0.2843579649925232 3920
1784236154547 0.3506558835506439 3921
1784236154563 0.18842794001102448 3922
1784236154577 0.09182021021842957 3923
1784236154594 0.48702481389045715 3924
1784236154614 0.12251678109169006 3925
1784236154629 0.22663043439388275 3926
1784236154644 0.4133293628692627 3927
1784236154657 0.1661910116672516 3928
1784236154670 0.26459378004074097 3929
1784236154686 0.34354332089424133 3930
1784236154701 0.262245237827301 3931
1784236154716 0.11870104819536209 3932
1784236154730 0.21147926151752472 3933
1784236154746 0.33789053559303284 3934
1784236154762 0.15601035952568054 3935
1784236154777 0.15339742600917816 3936
1784236154793 0.3344414532184601 3937
1784236154808 0.2401542067527771 3938
1784236154826 0.40993019938468933 3939
1784236154842 0.41846972703933716 3940
1784236154857 0.40680935978889465 3941
1784236154871 0.19068694114685059 3942
1784236154886 0.2594030201435089 3943
1784236154899 0.1488649845123291 3944
1784236154913 0.1971222162246704 3945
1784236154928 0.2389177829027176 3946
1784236154943 0.3934742510318756 3947
1784236154958 0.15556934475898743 3948
1784236154972 0.12809179723262787 3949
1784236154986 0.32166779041290283 3950
1784236154999 0.19741898775100708 3951
1784236155014 0.858003556728363 3952
1784236155030 0.5419503450393677 3953
1784236155046 0.6302958130836487 3954
1784236155060 0.456989049911499 3955
1784236155076 0.08022089302539825 3956
1784236155089 0.32255205512046814 3957
1784236155102 0.4777161180973053 3958
1784236155116 0.7554920315742493 3959
1784236155131 0.054424405097961426 3960
1784236155147 0.4302399456501007 3961
1784236155161 0.2567206025123596 3962
1784236155177 0.28292709589004517 3963
1784236155194 0.1864268183708191 3964
1784236155210 0.4102781116962433 3965
1784236155226 0.3109920620918274 3966
1784236155242 0.09946976602077484 3967
1784236155259 0.48020118474960327 3968
1784236155275 0.3057039678096771 3969
1784236155291 0.4366679787635803 3970
1784236155305 0.40104660391807556 3971
1784236155319 0.5371178388595581 3972
1784236155332 0.24751225113868713 3973
1784236155347 0.19943058490753174 3974
1784236155363 0.22872669994831085 3975
1784236155379 0.3075201213359833 3976
1784236155396 0.6313661932945251 3977
1784236155489 0.18846696615219116 3978
1784236155512 0.23152005672454834 3979
1784236155533 0.12836699187755585 3980
1784236155557 0.17217248678207397 3981
1784236155577 0.35244297981262207 3982
1784236155594 0.3130429685115814 3983
1784236155612 0.1634175181388855 3984
1784236155632 0.14168588817119598 3985
1784236155648 0.07597988843917847 3986
1784236155663 0.23852497339248657 3987
1784236155695 0.671443521976471 3988
1784236155712 0.133414626121521 3989
1784236155727 0.11610554903745651 3990
1784236155742 0.27578914165496826 3991
1784236155756 0.23156307637691498 3992
1784236155771 0.622352659702301 3993
1784236155785 0.24564844369888306 3994
1784236155802 0.08412656933069229 3995
1784236155817 0.27054300904273987 3996
1784236155830 0.13960693776607513 3997
1784236155844 0.36688950657844543 3998
1784236155858 0.17133855819702148 3999
1784236155871 0.49237799644470215 4000
1784236155884 0.23360393941402435 4001
1784236155902 0.40923312306404114 4002
1784236155915 0.5744059681892395 4003
1784236155934 0.21094928681850433 4004
1784236155948 0.2930108308792114 4005
1784236155963 0.38537827134132385 4006
1784236155978 0.2779102921485901 4007
1784236155994 0.36413195729255676 4008
1784236156011 0.2612930238246918 4009
1784236156028 0.20098449289798737 4010
1784236156047 0.2986993193626404 4011
1784236156066 0.1587628722190857 4012
1784236156088 0.3983213007450104 4013
1784236156104 0.3305257260799408 4014
1784236156120 0.06248275190591812 4015
1784236156136 0.24955061078071594 4016
1784236156151 0.22964149713516235 4017
1784236156166 0.3570370078086853 4018
1784236156181 0.2808419167995453 4019
1784236156195 0.8676276206970215 4020
1784236156210 0.10368524491786957 4021
1784236156228 0.10526904463768005 4022
1784236156244 0.32180890440940857 4023
1784236156260 0.2714356482028961 4024
1784236156275 0.1176111102104187 4025
1784236156291 0.1590322107076645 4026
1784236156307 0.4000415503978729 4027
1784236156322 0.21296942234039307 4028
1784236156337 0.3196891248226166 4029
1784236156350 0.44823479652404785 4030
1784236156366 0.20548245310783386 4031
1784236156381 0.37555766105651855 4032
1784236156397 0.3361033499240875 4033
1784236156413 0.14704471826553345 4034
1784236156428 0.3024142384529114 4035
1784236156441 0.29075273871421814 4036
1784236156457 0.5770037770271301 4037
1784236156471 0.46248772740364075 4038
1784236156485 0.4453614056110382 4039
1784236156499 0.06996696442365646 4040
1784236156513 0.20023110508918762 4041
1784236156526 0.27673712372779846 4042
1784236156540 0.33441174030303955 4043
1784236156625 0.3451915383338928 4044
1784236156643 0.32716190814971924 4045
1784236156661 0.5486401915550232 4046
1784236156678 0.2789221405982971 4047
1784236156694 0.1789540797472 4048
1784236156710 0.09301115572452545 4049
1784236156725 0.43694862723350525 4050
1784236156739 0.11492496728897095 4051
1784236156757 0.11263857036828995 4052
1784236156775 0.32081568241119385 4053
1784236156790 0.35142844915390015 4054
1784236156805 0.13110224902629852 4055
1784236156821 0.23992204666137695 4056
1784236156835 0.21427865326404572 4057
1784236156850 0.13955552875995636 4058
1784236156864 0.23816397786140442 4059
1784236156880 0.04092630743980408 4060
1784236156894 0.3547152578830719 4061
1784236156912 0.31850147247314453 4062
1784236156926 0.4031907021999359 4063
1784236156942 0.24325254559516907 4064
1784236156956 0.21850793063640594 4065
1784236156972 0.48996683955192566 4066
1784236156987 0.48389676213264465 4067
1784236157001 0.11594326794147491 4068
1784236157015 0.23967334628105164 4069
1784236157029 0.19780217111110687 4070
1784236157044 0.2100543975830078 4071
1784236157058 0.27361759543418884 4072
1784236157072 0.12457901239395142 4073
1784236157090 0.1518394649028778 4074
1784236157108 0.1893106997013092 4075
1784236157125 0.25966909527778625 4076
1784236157141 0.2985222041606903 4077
1784236157157 0.25514447689056396 4078
1784236157172 0.4413938522338867 4079
1784236157187 0.31675654649734497 4080
1784236157204 0.2500600516796112 4081
1784236157218 0.1660158485174179 4082
1784236157234 0.5581872463226318 4083
1784236157248 0.2818608283996582 4084
1784236157263 0.2501823604106903 4085
1784236157278 0.270174115896225 4086
1784236157293 0.27761298418045044 4087
1784236157308 0.36728835105895996 4088
1784236157322 0.3701821267604828 4089
1784236157337 0.3925205171108246 4090
1784236157352 0.37691181898117065 4091
1784236157364 0.19945065677165985 4092
1784236157379 0.40676149725914 4093
1784236157393 0.2594843804836273 4094
1784236157409 0.1487387865781784 4095
1784236157424 0.31199586391448975 4096
1784236157440 0.24162691831588745 4097
1784236157455 0.7319286465644836 4098
1784236157470 0.17896772921085358 4099
1784236157487 0.10033895820379257 4100
1784236157501 0.4585913419723511 4101
1784236157517 0.0823979377746582 4102
1784236157531 0.25880178809165955 4103
1784236157545 0.3750465512275696 4104
1784236157560 0.46939244866371155 4105
1784236157573 0.31074368953704834 4106
1784236157586 0.17320318520069122 4107
1784236157600 0.12374018132686615 4108
1784236157615 0.16037119925022125 4109
1784236157630 0.40397098660469055 4110
1784236157649 0.26727598905563354 4111
1784236157666 0.32275712490081787 4112
1784236157678 0.25677475333213806 4113
1784236157693 0.4321537911891937 4114
1784236157707 0.1306774765253067 4115
1784236157722 0.3681912422180176 4116
1784236157740 0.20864662528038025 4117
1784236157757 0.3113044500350952 4118
1784236157773 0.08437582105398178 4119
1784236157789 0.1645723134279251 4120
1784236157804 0.22604526579380035 4121
1784236157821 0.29087018966674805 4122
1784236157840 0.11571473628282547 4123
1784236157859 0.4258102476596832 4124
1784236157875 0.38598906993865967 4125
1784236157890 0.32438838481903076 4126
1784236157904 0.5421031713485718 4127
1784236157919 0.346824049949646 4128
1784236157932 0.14576669037342072 4129
1784236157946 0.5075474977493286 4130
1784236157960 0.34464049339294434 4131
1784236157973 0.30770376324653625 4132
1784236157988 0.20685386657714844 4133
1784236158003 0.17163079977035522 4134
1784236158017 0.5033550262451172 4135
1784236158031 0.5377669334411621 4136
1784236158045 0.32119521498680115 4137
1784236158061 0.2185162752866745 4138
1784236158075 0.37479040026664734 4139
1784236158091 0.35995832085609436 4140
1784236158107 0.3401750326156616 4141
1784236158127 0.5242720246315002 4142
1784236158143 0.3923683166503906 4143
1784236158158 0.18956071138381958 4144
1784236158173 0.07915183156728745 4145
1784236158187 0.33070263266563416 4146
1784236158201 0.2364465892314911 4147
1784236158215 0.3543488383293152 4148
1784236158230 0.2360341101884842 4149
1784236158244 0.5058441758155823 4150
1784236158258 0.32189255952835083 4151
1784236158273 0.10556957125663757 4152
1784236158289 0.24128040671348572 4153
1784236158307 0.5076413750648499 4154
1784236158323 0.05792875587940216 4155
1784236158340 0.15805025398731232 4156
1784236158357 0.23721343278884888 4157
1784236158373 0.3988167345523834 4158
1784236158388 0.11443999409675598 4159
1784236158403 0.3048766255378723 4160
1784236158420 0.23324015736579895 4161
1784236158435 0.3678085207939148 4162
1784236158450 0.7555862069129944 4163
1784236158466 0.7026747465133667 4164
1784236158478 0.5726885795593262 4165
1784236158494 0.1523970067501068 4166
1784236158515 0.42849597334861755 4167
1784236158530 0.40445148944854736 4168
1784236158549 0.3061133623123169 4169
1784236158566 0.5497599244117737 4170
1784236158653 0.937910795211792 4171
1784236158682 0.1659475415945053 4172
1784236158703 0.39755886793136597 4173
1784236158718 0.3034365177154541 4174
1784236158736 0.30666080117225647 4175
1784236158751 0.18579770624637604 4176
1784236158766 0.23943443596363068 4177
1784236158782 0.11390905827283859 4178
1784236158798 0.0805332139134407 4179
1784236158812 0.19711914658546448 4180
1784236158827 0.1982579380273819 4181
1784236158843 0.16079092025756836 4182
1784236158856 0.1820039302110672 4183
1784236158873 0.4360124170780182 4184
1784236158890 0.5538870096206665 4185
1784236158907 0.12866729497909546 4186
1784236158924 0.5097437500953674 4187
1784236158940 0.3578226566314697 4188
1784236158955 0.2821906507015228 4189
1784236158971 0.21696129441261292 4190
1784236158987 0.558870792388916 4191
1784236159003 0.25776439905166626 4192
1784236159019 0.24356713891029358 4193
1784236159034 0.2197529524564743 4194
1784236159048 0.1353427916765213 4195
1784236159065 0.4137808382511139 4196
1784236159080 0.17133751511573792 4197
1784236159095 0.21528658270835876 4198
1784236159111 0.20695701241493225 4199
1784236159125 0.3643268346786499 4200
1784236159141 0.24682125449180603 4201
1784236159156 0.5320321917533875 4202
1784236159173 0.20985691249370575 4203
1784236159188 0.5610131025314331 4204
1784236159204 0.08371862769126892 4205
1784236159219 0.6049294471740723 4206
1784236159236 0.05043347179889679 4207
1784236159252 0.16009624302387238 4208
1784236159268 0.3579159379005432 4209
1784236159284 0.48468679189682007 4210
1784236159300 0.2705804705619812 4211
1784236159317 0.313186377286911 4212
1784236159332 0.3302152752876282 4213
1784236159344 0.14147375524044037 4214
1784236159358 0.49239423871040344 4215
1784236159372 0.08268547058105469 4216
1784236159386 0.39229848980903625 4217
1784236159399 0.2940606474876404 4218
1784236159416 0.4082072079181671 4219
1784236159431 0.3367801308631897 4220
1784236159447 0.16843892633914948 4221
1784236159462 0.6878942251205444 4222
1784236159478 0.16561691462993622 4223
1784236159495 0.09456577152013779 4224
1784236159511 0.2666599154472351 4225
1784236159528 0.2526266276836395 4226
1784236159544 0.2744503617286682 4227
1784236159559 0.5262206792831421 4228
1784236159576 0.28229379653930664 4229
1784236159591 0.2089882344007492 4230
1784236159607 0.06952264159917831 4231
1784236159627 0.317371129989624 4232
1784236159644 0.12092741578817368 4233
1784236159660 0.13242073357105255 4234
1784236159678 0.3083021938800812 4235
1784236159768 0.4306411147117615 4236
1784236159781 0.13495314121246338 4237
1784236159802 0.2276991307735443 4238
1784236159815 0.2034129798412323 4239
1784236159832 0.2824416756629944 4240
1784236159847 0.1741461306810379 4241
1784236159862 0.2847210466861725 4242
1784236159877 0.42157936096191406 4243
1784236159891 0.5607366561889648 4244
1784236159904 0.2697126865386963 4245
1784236159919 0.3228793740272522 4246
1784236159935 0.07910170406103134 4247
1784236159950 0.49405404925346375 4248
1784236159964 0.34267908334732056 4249
1784236159978 0.11171545833349228 4250
1784236159992 0.2202834188938141 4251
1784236160005 0.2639886438846588 4252
1784236160021 0.08874374628067017 4253
1784236160037 0.2821875512599945 4254
1784236160060 0.2300718128681183 4255
1784236160079 0.35710713267326355 4256
1784236160095 0.21716272830963135 4257
1784236160110 0.1910707950592041 4258
1784236160125 0.26246511936187744 4259
1784236160141 0.26752573251724243 4260
1784236160155 0.34410855174064636 4261
1784236160168 0.20456057786941528 4262
1784236160180 0.5618937015533447 4263
1784236160193 0.2978886067867279 4264
1784236160208 0.436892032623291 4265
1784236160221 0.1824759840965271 4266
1784236160234 0.1729390025138855 4267
1784236160249 0.35719308257102966 4268
1784236160266 0.45848649740219116 4269
1784236160280 0.3276585042476654 4270
1784236160294 0.3185137212276459 4271
1784236160308 0.2558194100856781 4272
1784236160322 0.5540835857391357 4273
1784236160338 0.4150593876838684 4274
1784236160352 0.32363179326057434 4275
1784236160365 0.44326353073120117 4276
1784236160381 0.15874633193016052 4277
1784236160396 0.15683028101921082 4278
1784236160412 0.267632395029068 4279
1784236160427 0.56430584192276 4280
1784236160443 0.30168387293815613 4281
1784236160459 0.4163901209831238 4282
1784236160476 0.3132418394088745 4283
1784236160492 0.2542192339897156 4284
1784236160511 0.12464085966348648 4285
1784236160526 0.46720781922340393 4286
1784236160542 0.15519094467163086 4287
1784236160557 0.4768638610839844 4288
1784236160573 0.33184880018234253 4289
1784236160587 0.3445481061935425 4290
1784236160602 0.2943829298019409 4291
1784236160617 0.5234475135803223 4292
1784236160630 0.25659245252609253 4293
1784236160644 0.12129466235637665 4294
1784236160659 0.34201306104660034 4295
1784236160673 0.2992287874221802 4296
1784236160688 0.5294844508171082 4297
1784236160703 0.47064751386642456 4298
1784236160716 0.32919740676879883 4299
1784236160729 0.0756336897611618 4300
1784236160745 0.2797200679779053 4301
1784236160762 0.15984292328357697 4302
1784236160777 0.35018253326416016 4303
1784236160793 0.2768538296222687 4304
1784236160809 0.2962092459201813 4305
1784236160826 0.224950909614563 4306
1784236160843 0.2948783040046692 4307
1784236160861 0.032505616545677185 4308
1784236160877 0.38544777035713196 4309
1784236160892 0.5080758929252625 4310
1784236160907 0.12141209095716476 4311
1784236160920 0.3107300102710724 4312
1784236160934 0.43711599707603455 4313
1784236160949 0.2394007295370102 4314
1784236160965 0.24606294929981232 4315
1784236160978 0.23224005103111267 4316
1784236160993 0.2640402317047119 4317
1784236161010 0.1748436689376831 4318
1784236161028 0.0939607247710228 4319
1784236161044 0.29685860872268677 4320
1784236161067 0.23106688261032104 4321
1784236161084 0.235196053981781 4322
1784236161100 0.12109629809856415 4323
1784236161115 0.16449810564517975 4324
1784236161131 0.1345376968383789 4325
1784236161145 0.2756395936012268 4326
1784236161161 0.3434358239173889 4327
1784236161176 0.15863214433193207 4328
1784236161192 0.32727110385894775 4329
1784236161207 0.12646149098873138 4330
1784236161225 0.5349975824356079 4331
1784236161240 0.13704276084899902 4332
1784236161256 0.17106811702251434 4333
1784236161269 0.5163143873214722 4334
1784236161282 0.16350236535072327 4335
1784236161294 0.4475266635417938 4336
1784236161309 0.07080711424350739 4337
1784236161322 0.1466144621372223 4338
1784236161336 0.8540283441543579 4339
1784236161421 0.2938375174999237 4340
1784236161444 0.4913902282714844 4341
1784236161467 0.24943411350250244 4342
1784236161483 0.5367100834846497 4343
1784236161502 0.13741788268089294 4344
1784236161518 0.21530228853225708 4345
1784236161534 0.38972145318984985 4346
1784236161550 0.165018692612648 4347
1784236161565 0.34387147426605225 4348
1784236161578 0.2334151417016983 4349
1784236161593 0.2107919603586197 4350
1784236161626 0.3320721983909607 4351
1784236161641 0.34197351336479187 4352
1784236161658 0.16191723942756653 4353
1784236161673 0.25236350297927856 4354
1784236161687 0.348680317401886 4355
1784236161703 0.27409112453460693 4356
1784236161718 0.28532931208610535 4357
1784236161733 0.3398241698741913 4358
1784236161748 0.30841511487960815 4359
1784236161764 0.27478504180908203 4360
1784236161778 0.36398017406463623 4361
1784236161796 0.27973493933677673 4362
1784236161815 0.4512348175048828 4363
1784236161831 0.26070359349250793 4364
1784236161845 0.37379440665245056 4365
1784236161861 0.21676191687583923 4366
1784236161876 0.19400157034397125 4367
1784236161892 0.3135521709918976 4368
1784236161908 0.5074568390846252 4369
1784236161924 0.18820920586585999 4370
1784236161939 0.1756708174943924 4371
1784236161954 0.22811251878738403 4372
1784236161968 0.5461576581001282 4373
1784236161985 0.06220870092511177 4374
1784236162001 0.20896227657794952 4375
1784236162017 0.25398752093315125 4376
1784236162032 0.2733229994773865 4377
1784236162047 0.2761448919773102 4378
1784236162063 0.3845229148864746 4379
1784236162078 0.3802095651626587 4380
1784236162092 0.28152796626091003 4381
1784236162107 0.31506675481796265 4382
1784236162123 0.3738381266593933 4383
1784236162140 0.15147534012794495 4384
1784236162154 0.25032660365104675 4385
1784236162170 0.07813388854265213 4386
1784236162186 0.21110522747039795 4387
1784236162202 0.24441911280155182 4388
1784236162217 0.40041568875312805 4389
1784236162234 0.23175999522209167 4390
1784236162251 0.6778234243392944 4391
1784236162266 0.5337421298027039 4392
1784236162287 0.37581759691238403 4393
1784236162303 0.3265917897224426 4394
1784236162326 0.20115070044994354 4395
1784236162343 0.3173632323741913 4396
1784236162362 0.40415725111961365 4397
1784236162381 0.5393013954162598 4398
1784236162401 0.3185971677303314 4399
1784236162419 0.18480978906154633 4400
1784236162436 0.30530810356140137 4401
1784236162451 0.1311243176460266 4402
1784236162465 0.09398534148931503 4403
1784236162479 0.26497796177864075 4404
1784236162494 0.32522180676460266 4405
1784236162511 0.24818705022335052 4406
1784236162528 0.7842326760292053 4407
1784236162544 0.11102459579706192 4408
1784236162559 0.3783491551876068 4409
1784236162574 0.39503198862075806 4410
1784236162589 0.5373843908309937 4411
1784236162603 0.33134302496910095 4412
1784236162616 0.3406265676021576 4413
1784236162633 0.2472863793373108 4414
1784236162648 0.22816923260688782 4415
1784236162664 0.3184487223625183 4416
1784236162678 0.4279389977455139 4417
1784236162692 0.2763245105743408 4418
1784236162708 0.20639795064926147 4419
1784236162722 0.13134494423866272 4420
1784236162737 0.16250929236412048 4421
1784236162752 0.2342025488615036 4422
1784236162769 0.43848350644111633 4423
1784236162783 0.37374910712242126 4424
1784236162797 0.32472795248031616 4425
1784236162812 0.34455692768096924 4426
1784236162827 0.598088264465332 4427
1784236162842 0.5862261056900024 4428
1784236162857 0.2659089267253876 4429
1784236162871 1.0200562477111816 4430
1784236162887 0.42419689893722534 4431
1784236162921 0.5217573642730713 4432
1784236162945 0.25126877427101135 4433
1784236162987 0.23057720065116882 4434
1784236163023 0.2696097493171692 4435
1784236163041 0.2223837822675705 4436
1784236163058 0.30191513895988464 4437
1784236163073 0.2965843677520752 4438
1784236163090 0.20415236055850983 4439
1784236163106 0.25286224484443665 4440
1784236163121 0.2794387936592102 4441
1784236163135 0.11609907448291779 4442
1784236163151 0.18458740413188934 4443
1784236163165 0.41413870453834534 4444
1784236163179 0.49270516633987427 4445
1784236163193 0.44385504722595215 4446
1784236163209 0.16999877989292145 4447
1784236163224 0.30162563920021057 4448
1784236163243 0.23357658088207245 4449
1784236163259 0.18273545801639557 4450
1784236163276 0.6061009764671326 4451
1784236163291 0.4087182581424713 4452
1784236163306 0.28831836581230164 4453
1784236163322 0.14475542306900024 4454
1784236163336 0.7034392952919006 4455
1784236163350 0.2569788694381714 4456
1784236163364 0.26550790667533875 4457
1784236163379 0.24668732285499573 4458
1784236163394 0.29545873403549194 4459
1784236163410 0.13364799320697784 4460
1784236163426 0.4557347893714905 4461
1784236163441 0.17353907227516174 4462
1784236163458 0.7715662717819214 4463
1784236163475 0.22772997617721558 4464
1784236163491 0.14234110713005066 4465
1784236163507 0.4081513583660126 4466
1784236163523 0.5240078568458557 4467
1784236163538 0.22044961154460907 4468
1784236163552 0.12068938463926315 4469
1784236163567 0.1365789771080017 4470
1784236163581 0.21579650044441223 4471
1784236163597 0.34993529319763184 4472
1784236163612 0.24712559580802917 4473
1784236163626 1.0319513082504272 4474
1784236163640 0.44094884395599365 4475
1784236163655 0.24298331141471863 4476
1784236163667 0.2702600955963135 4477
1784236163681 0.08153286576271057 4478
1784236163695 0.2591571509838104 4479
1784236163710 0.34329840540885925 4480
1784236163725 0.19925402104854584 4481
1784236163738 0.5909234881401062 4482
1784236163752 0.19080930948257446 4483
1784236163767 0.19574236869812012 4484
1784236163782 0.2102157324552536 4485
1784236163796 0.0868641659617424 4486
1784236163812 0.18256251513957977 4487
1784236163844 0.22007852792739868 4488
1784236163859 0.37733587622642517 4489
1784236163875 0.5903522968292236 4490
1784236163890 0.2719672918319702 4491
1784236163905 0.436866819858551 4492
1784236163919 0.17659929394721985 4493
1784236163934 0.3721051812171936 4494
1784236163949 0.2558180093765259 4495
1784236163962 0.18810318410396576 4496
1784236163976 0.24599714577198029 4497
1784236163991 0.3641358017921448 4498
1784236164008 0.07914043962955475 4499
1784236164098 0.11525754630565643 4500
1784236164111 0.15806064009666443 4501
1784236164136 0.18359050154685974 4502
1784236164154 0.40551087260246277 4503
1784236164171 0.33432623744010925 4504
1784236164188 0.460527628660202 4505
1784236164205 0.2535630762577057 4506
1784236164222 0.6109329462051392 4507
1784236164238 0.2670217454433441 4508
1784236164253 0.28549015522003174 4509
1784236164268 0.33314019441604614 4510
1784236164284 0.5065091848373413 4511
1784236164299 0.20321378111839294 4512
1784236164314 0.16345155239105225 4513
1784236164330 0.7401394844055176 4514
1784236164345 0.2870004177093506 4515
1784236164359 0.16619446873664856 4516
1784236164372 0.11973121017217636 4517
1784236164388 0.3476799428462982 4518
1784236164404 0.45193353295326233 4519
1784236164419 0.1173446774482727 4520
1784236164433 0.25833216309547424 4521
1784236164449 0.6684391498565674 4522
1784236164465 0.15813781321048737 4523
1784236164480 0.46610891819000244 4524
1784236164497 0.3174377977848053 4525
1784236164515 0.2422853261232376 4526
1784236164531 0.15561118721961975 4527
1784236164547 0.14399254322052002 4528
1784236164563 0.18623219430446625 4529
1784236164579 0.4371664822101593 4530
1784236164604 0.2529030740261078 4531
1784236164621 0.2899344563484192 4532
1784236164637 0.27724406123161316 4533
1784236164653 0.09668272733688354 4534
1784236164670 0.27353841066360474 4535
1784236164686 0.07142132520675659 4536
1784236164700 0.321088969707489 4537
1784236164713 0.17609186470508575 4538
1784236164728 0.4410397708415985 4539
1784236164743 0.305199533700943 4540
1784236164758 0.15591387450695038 4541
1784236164775 0.547106921672821 4542
1784236164791 0.19614283740520477 4543
1784236164808 0.2269493192434311 4544
1784236164825 0.3488016724586487 4545
1784236164841 0.5083057284355164 4546
1784236164855 0.2749069333076477 4547
1784236164867 0.3469911217689514 4548
1784236164882 0.26638829708099365 4549
1784236164896 0.19019988179206848 4550
1784236164909 0.13339556753635406 4551
1784236164922 0.35488253831863403 4552
1784236164939 0.1305692344903946 4553
1784236164955 0.3026108741760254 4554
1784236164970 0.23545493185520172 4555
1784236164983 0.2926732003688812 4556
1784236164998 0.22199136018753052 4557
1784236165013 0.3835481107234955 4558
1784236165027 0.5939266085624695 4559
1784236165043 0.3685172200202942 4560
1784236165059 0.31857821345329285 4561
1784236165075 0.23531179130077362 4562
1784236165090 0.20074453949928284 4563
1784236165105 0.21153734624385834 4564
1784236165123 0.24753133952617645 4565
1784236165140 0.4831237196922302 4566
1784236165156 0.20749108493328094 4567
1784236165170 0.27235642075538635 4568
1784236165184 0.6684522032737732 4569
1784236165198 0.3033587634563446 4570
1784236165211 0.16048511862754822 4571
1784236165226 0.7114293575286865 4572
1784236165242 0.3711075186729431 4573
1784236165255 0.2504340708255768 4574
1784236165269 0.21329596638679504 4575
1784236165285 0.3920484781265259 4576
1784236165299 0.4717811346054077 4577
1784236165314 0.5467228293418884 4578
1784236165328 0.2698138356208801 4579
1784236165343 0.1908588409423828 4580
1784236165359 0.2624298632144928 4581
1784236165374 0.3650110960006714 4582
1784236165390 0.1514066457748413 4583
1784236165407 0.26736190915107727 4584
1784236165426 0.19860844314098358 4585
1784236165442 0.2085719108581543 4586
1784236165458 0.22932448983192444 4587
1784236165474 0.1152753159403801 4588
1784236165493 0.13295206427574158 4589
1784236165510 0.623522162437439 4590
1784236165526 0.44418758153915405 4591
1784236165541 0.4854626953601837 4592
1784236165556 0.19629009068012238 4593
1784236165571 0.1723824143409729 4594
1784236165585 0.09594040364027023 4595
1784236165668 0.24869714677333832 4596
1784236165683 0.18375654518604279 4597
1784236165704 0.20226430892944336 4598
1784236165718 0.15504485368728638 4599
1784236165735 0.6096234917640686 4600
1784236165752 0.39504119753837585 4601
1784236165767 0.19707638025283813 4602
1784236165782 0.1673058718442917 4603
1784236165802 0.14857810735702515 4604
1784236165818 0.34541136026382446 4605
1784236165836 0.2973426580429077 4606
1784236165853 0.45185935497283936 4607
1784236165886 0.46892163157463074 4608
1784236165904 0.5378559827804565 4609
1784236165920 0.22712737321853638 4610
1784236165935 0.2582617998123169 4611
1784236165949 0.35730722546577454 4612
1784236165964 0.08592759817838669 4613
1784236165982 0.07288175076246262 4614
1784236165997 0.7685198783874512 4615
1784236166010 0.2849726974964142 4616
1784236166024 0.37783193588256836 4617
1784236166038 0.56779944896698 4618
1784236166052 0.3052341938018799 4619
1784236166067 0.2838099002838135 4620
1784236166083 0.1800631731748581 4621
1784236166099 0.33902445435523987 4622
1784236166111 0.27679309248924255 4623
1784236166126 0.20065948367118835 4624
1784236166141 0.38736334443092346 4625
1784236166155 0.5751987099647522 4626
1784236166170 0.5231280326843262 4627
1784236166183 0.2753462791442871 4628
1784236166199 0.37336236238479614 4629
1784236166214 0.28158044815063477 4630
1784236166227 0.10075056552886963 4631
1784236166241 0.26677021384239197 4632
1784236166256 0.35343053936958313 4633
1784236166270 0.2962096035480499 4634
1784236166284 0.23603864014148712 4635
1784236166298 0.22482942044734955 4636
1784236166313 0.19154979288578033 4637
1784236166326 0.33972907066345215 4638
1784236166341 0.4885571002960205 4639
1784236166357 0.2835460305213928 4640
1784236166372 0.2236875742673874 4641
1784236166387 0.20143799483776093 4642
1784236166403 0.10453933477401733 4643
1784236166418 0.3284163475036621 4644
1784236166434 0.5717412829399109 4645
1784236166449 0.7819823622703552 4646
1784236166465 0.18647639453411102 4647
1784236166479 0.33649951219558716 4648
1784236166494 0.42112264037132263 4649
1784236166513 0.04037369415163994 4650
1784236166527 0.6117522716522217 4651
1784236166541 0.35360875725746155 4652
1784236166554 0.37962639331817627 4653
1784236166568 0.24145835638046265 4654
1784236166585 0.3841477930545807 4655
1784236166599 0.2489774227142334 4656
1784236166614 0.4629175066947937 4657
1784236166630 0.35442543029785156 4658
1784236166642 0.4776724874973297 4659
1784236166658 0.15867413580417633 4660
1784236166672 0.298820823431015 4661
1784236166686 0.15733645856380463 4662
1784236166765 0.4052884578704834 4663
1784236166777 0.13430039584636688 4664
1784236166800 0.3207492530345917 4665
1784236166818 0.3850245773792267 4666
1784236166835 0.1971350461244583 4667
1784236166851 0.19585677981376648 4668
1784236166869 0.2612549960613251 4669
1784236166884 0.10094519704580307 4670
1784236166900 0.33180469274520874 4671
1784236166914 0.5387818813323975 4672
1784236166931 0.35815051198005676 4673
1784236166950 0.314862459897995 4674
1784236166976 0.28037428855895996 4675
1784236166992 0.4946654438972473 4676
1784236167007 0.10175680369138718 4677
1784236167023 0.11528366804122925 4678
1784236167040 0.14649295806884766 4679
1784236167052 0.29385697841644287 4680
1784236167068 0.10983725637197495 4681
1784236167082 0.12174079567193985 4682
1784236167098 0.47112607955932617 4683
1784236167110 0.11501707136631012 4684
1784236167125 0.41846799850463867 4685
1784236167140 0.6771584153175354 4686
1784236167154 0.10407208651304245 4687
1784236167167 0.08624590188264847 4688
1784236167183 0.09749408066272736 4689
1784236167197 0.5423884987831116 4690
1784236167213 0.41041117906570435 4691
1784236167227 0.46834713220596313 4692
1784236167247 0.2926792502403259 4693
1784236167263 0.2910533547401428 4694
1784236167276 0.2361001819372177 4695
1784236167292 0.6651529669761658 4696
1784236167308 0.460896760225296 4697
1784236167327 0.2661409378051758 4698
1784236167345 0.05560921132564545 4699
1784236167363 0.20222105085849762 4700
1784236167383 0.3592275083065033 4701
1784236167404 0.3838776648044586 4702
1784236167420 0.4219253957271576 4703
1784236167437 0.3906593918800354 4704
1784236167453 0.18915975093841553 4705
1784236167469 0.39008986949920654 4706
1784236167485 0.39363813400268555 4707
1784236167501 0.13670335710048676 4708
1784236167517 0.13147354125976562 4709
1784236167533 0.1577618569135666 4710
1784236167549 0.09951913356781006 4711
1784236167564 0.25427567958831787 4712
1784236167576 0.3493230640888214 4713
1784236167590 0.24701131880283356 4714
1784236167604 0.6106992959976196 4715
1784236167618 0.3476855158805847 4716
1784236167633 0.4588976502418518 4717
1784236167646 0.30291664600372314 4718
1784236167659 0.5236716270446777 4719
1784236167672 0.07795335352420807 4720
1784236167686 0.18764080107212067 4721
1784236167701 0.8930253386497498 4722
1784236167718 0.3015434741973877 4723
1784236167734 0.3307230770587921 4724
1784236167750 0.43542248010635376 4725
1784236167765 0.3904673457145691 4726
1784236167780 0.2316463589668274 4727
1784236167794 0.2855956256389618 4728
1784236167886 0.21707987785339355 4729
1784236167903 0.2606141269207001 4730
1784236167924 0.7297405004501343 4731
1784236167941 0.30804353952407837 4732
1784236167955 0.16868431866168976 4733
1784236167970 0.41267022490501404 4734
1784236167985 0.31992366909980774 4735
1784236167998 0.6284526586532593 4736
1784236168010 0.3017027974128723 4737
1784236168024 0.2904903292655945 4738
1784236168038 0.20932874083518982 4739
1784236168053 0.14369980990886688 4740
1784236168065 0.21085113286972046 4741
1784236168080 0.058328352868556976 4742
1784236168095 0.446053147315979 4743
1784236168109 0.5952258706092834 4744
1784236168124 0.2153768390417099 4745
1784236168138 0.1464889645576477 4746
1784236168154 0.2739555835723877 4747
1784236168167 0.3481302857398987 4748
1784236168182 0.18744392693042755 4749
1784236168197 0.11242294311523438 4750
1784236168212 0.308301717042923 4751
1784236168226 0.22024162113666534 4752
1784236168242 0.2854316234588623 4753
1784236168258 0.23260615766048431 4754
1784236168273 0.19108818471431732 4755
1784236168288 0.6462652683258057 4756
1784236168302 0.12866806983947754 4757
1784236168317 0.1503162682056427 4758
1784236168333 0.40888962149620056 4759
1784236168348 0.5514499545097351 4760
1784236168364 0.34251052141189575 4761
1784236168377 0.49141725897789 4762
1784236168393 0.14121705293655396 4763
1784236168408 0.34478622674942017 4764
1784236168425 1.1563632488250732 4765
1784236168441 0.4205477833747864 4766
1784236168457 0.1826690137386322 4767
1784236168472 0.23627601563930511 4768
1784236168487 0.14140507578849792 4769
1784236168502 0.32446932792663574 4770
1784236168517 0.4439554214477539 4771
1784236168533 0.22706764936447144 4772
1784236168547 0.20438501238822937 4773
1784236168560 0.4732159376144409 4774
1784236168574 0.5275363326072693 4775
1784236168590 0.6378868818283081 4776
1784236168606 0.3368198871612549 4777
1784236168622 0.11638431251049042 4778
1784236168637 0.41007936000823975 4779
1784236168652 0.3664070665836334 4780
1784236168666 0.5064610838890076 4781
1784236168680 0.3919481039047241 4782
1784236168693 0.510093629360199 4783
1784236168708 0.28619253635406494 4784
1784236168724 0.27839767932891846 4785
1784236168740 0.6794869899749756 4786
1784236168755 0.5376244783401489 4787
1784236168771 0.43425577878952026 4788
1784236168787 0.30083316564559937 4789
1784236168803 0.25318285822868347 4790
1784236168817 0.6073028445243835 4791
1784236168831 0.14159446954727173 4792
1784236168845 0.2809010446071625 4793
1784236168860 0.3693336546421051 4794
1784236168877 0.1629669964313507 4795
1784236168894 0.384816974401474 4796
1784236168916 0.37751349806785583 4797
1784236168932 0.4617912173271179 4798
1784236168949 0.2109355926513672 4799
1784236168966 0.26390525698661804 4800
1784236168981 0.31099510192871094 4801
1784236168994 0.24722060561180115 4802
1784236169008 0.33321917057037354 4803
1784236169023 0.2384234070777893 4804
1784236169037 0.32609865069389343 4805
1784236169053 0.43233704566955566 4806
1784236169068 0.3721979260444641 4807
1784236169163 0.39400407671928406 4808
1784236169181 0.7649022340774536 4809
1784236169206 0.23110875487327576 4810
1784236169225 0.40038561820983887 4811
1784236169243 0.47221171855926514 4812
1784236169260 0.2084977924823761 4813
1784236169277 0.4138641059398651 4814
1784236169292 0.38265910744667053 4815
1784236169306 0.7118813991546631 4816
1784236169321 0.20975333452224731 4817
1784236169335 0.4479576647281647 4818
1784236169351 0.6803485155105591 4819
1784236169366 0.23031926155090332 4820
1784236169380 0.4619957506656647 4821
1784236169393 0.37754201889038086 4822
1784236169409 0.20276567339897156 4823
1784236169429 0.16311968863010406 4824
1784236169448 0.35364776849746704 4825
1784236169462 0.1629040390253067 4826
1784236169480 0.2105797678232193 4827
1784236169496 0.49035006761550903 4828
1784236169514 0.38736072182655334 4829
1784236169535 0.3437771201133728 4830
1784236169550 0.30271589756011963 4831
1784236169564 0.135063037276268 4832
1784236169578 0.22063520550727844 4833
1784236169592 0.21008573472499847 4834
1784236169607 0.6013469696044922 4835
1784236169622 0.14035101234912872 4836
1784236169636 0.2236260622739792 4837
1784236169649 0.3211033344268799 4838
1784236169662 0.34609678387641907 4839
1784236169678 0.2747582197189331 4840
1784236169694 0.26626718044281006 4841
1784236169708 0.2383958101272583 4842
1784236169722 0.41113781929016113 4843
1784236169738 0.43061313033103943 4844
1784236169757 0.4115900695323944 4845
1784236169773 0.14277499914169312 4846
1784236169791 0.2965273857116699 4847
1784236169808 0.2474515289068222 4848
1784236169825 0.18798935413360596 4849
1784236169841 0.2998335063457489 4850
1784236169860 0.6984337568283081 4851
1784236169878 0.35206446051597595 4852
1784236169893 0.20036886632442474 4853
1784236169908 0.4685191810131073 4854
1784236169923 0.09029266238212585 4855
1784236169937 0.2599838674068451 4856
1784236169955 0.34483644366264343 4857
1784236169974 0.40866681933403015 4858
1784236169991 0.0604247972369194 4859
1784236170007 0.13052710890769958 4860
1784236170023 0.1623406708240509 4861
1784236170040 0.24246129393577576 4862
1784236170055 0.2691487669944763 4863
1784236170070 0.3778858780860901 4864
1784236170085 0.30000728368759155 4865
1784236170099 0.05745181441307068 4866
1784236170114 0.39602839946746826 4867
1784236170135 0.2637637257575989 4868
1784236170150 0.4714908301830292 4869
1784236170163 0.4444381594657898 4870
1784236170179 0.16986732184886932 4871
1784236170194 0.07491821050643921 4872
1784236170280 0.2597741186618805 4873
1784236170310 0.5836798548698425 4874
1784236170326 0.2533760964870453 4875
1784236170344 0.6523227095603943 4876
1784236170358 0.3242678940296173 4877
1784236170374 0.3251346945762634 4878
1784236170390 0.24115604162216187 4879
1784236170409 0.3233299255371094 4880
1784236170427 0.12356764823198318 4881
1784236170449 0.29918766021728516 4882
1784236170465 0.1668444573879242 4883
1784236170479 0.15052662789821625 4884
1784236170497 0.15601658821105957 4885
1784236170513 0.8255047798156738 4886
1784236170532 0.4523240029811859 4887
1784236170550 0.21888695657253265 4888
1784236170566 0.5187013149261475 4889
1784236170581 0.2681839168071747 4890
1784236170596 0.2617951035499573 4891
1784236170613 0.13186559081077576 4892
1784236170626 0.3678589463233948 4893
1784236170641 0.6155073642730713 4894
1784236170658 0.2677326500415802 4895
1784236170674 0.11524077504873276 4896
1784236170690 0.6052499413490295 4897
1784236170705 0.3247511684894562 4898
1784236170722 0.38931190967559814 4899
1784236170738 0.24162384867668152 4900
1784236170757 0.26920080184936523 4901
1784236170772 0.35446399450302124 4902
1784236170787 0.24182742834091187 4903
1784236170803 0.34769758582115173 4904
1784236170822 0.4187356233596802 4905
1784236170840 0.13059793412685394 4906
1784236170855 0.3646414577960968 4907
1784236170870 0.3175991177558899 4908
1784236170886 0.2559278607368469 4909
1784236170901 0.18919093906879425 4910
1784236170916 0.2061450481414795 4911
1784236170932 0.2986932396888733 4912
1784236170945 0.30287179350852966 4913
1784236170960 0.7288505434989929 4914
1784236170974 0.11036913096904755 4915
1784236170989 0.2251245230436325 4916
1784236171003 0.15907418727874756 4917
1784236171018 0.2959727346897125 4918
1784236171031 0.11566071212291718 4919
1784236171044 0.33881255984306335 4920
1784236171058 0.17123064398765564 4921
1784236171074 0.15699569880962372 4922
1784236171089 0.1282658576965332 4923
1784236171104 0.06295252591371536 4924
1784236171121 0.17762169241905212 4925
1784236171139 0.37589287757873535 4926
1784236171154 0.22763469815254211 4927
1784236171168 0.19705915451049805 4928
1784236171183 0.3416043519973755 4929
1784236171196 0.2528725266456604 4930
1784236171213 0.27308863401412964 4931
1784236171228 0.5360615849494934 4932
1784236171251 0.2815442383289337 4933
1784236171267 0.34758585691452026 4934
1784236171283 0.11358360946178436 4935
1784236171296 0.35162344574928284 4936
1784236171311 0.15621501207351685 4937
1784236171325 0.15438802540302277 4938
1784236171374 0.16228599846363068 4939
1784236171429 0.26753076910972595 4940
1784236171452 0.443281888961792 4941
1784236171475 0.11349618434906006 4942
1784236171492 0.5004632472991943 4943
1784236171511 0.4473288059234619 4944
1784236171532 0.38985762000083923 4945
1784236171551 0.39788925647735596 4946
1784236171568 0.18599867820739746 4947
1784236171585 0.364066481590271 4948
1784236171599 0.41859081387519836 4949
1784236171613 0.49461692571640015 4950
1784236171627 0.147283673286438 4951
1784236171641 0.27433422207832336 4952
1784236171656 0.20751795172691345 4953
1784236171670 0.1860370635986328 4954
1784236171685 0.10380854457616806 4955
1784236171700 0.516608715057373 4956
1784236171713 0.30440133810043335 4957
1784236171727 0.2270938903093338 4958
1784236171742 0.28266116976737976 4959
1784236171758 0.1464642882347107 4960
1784236171772 0.2866991460323334 4961
1784236171786 0.2806849777698517 4962
1784236171799 0.7332190275192261 4963
1784236171813 0.2852286100387573 4964
1784236171827 0.3323279619216919 4965
1784236171842 0.35461241006851196 4966
1784236171856 0.5142945647239685 4967
1784236171872 0.4529167711734772 4968
1784236171886 0.8286896347999573 4969
1784236171901 0.12360475212335587 4970
1784236171916 0.3125331699848175 4971
1784236171931 0.36574435234069824 4972
1784236171946 0.16265755891799927 4973
1784236171965 0.2925770878791809 4974
1784236171980 0.5134653449058533 4975
1784236171995 0.15875762701034546 4976
1784236172009 0.315692663192749 4977
1784236172023 0.2616618871688843 4978
1784236172040 0.5678566098213196 4979
1784236172054 0.4777175784111023 4980
1784236172070 0.06826522201299667 4981
1784236172084 0.3225213587284088 4982
1784236172096 0.06024752929806709 4983
1784236172110 0.39646363258361816 4984
1784236172125 0.3637670576572418 4985
1784236172140 0.509175717830658 4986
1784236172153 0.270681232213974 4987
1784236172165 0.32561013102531433 4988
1784236172179 0.07354101538658142 4989
1784236172196 0.27340930700302124 4990
1784236172210 0.544770359992981 4991
1784236172243 0.24244549870491028 4992
1784236172259 0.33447471261024475 4993
1784236172277 0.1697414517402649 4994
1784236172294 0.1934185028076172 4995
1784236172310 0.14117959141731262 4996
1784236172326 0.1953621208667755 4997
1784236172341 0.5016183257102966 4998
1784236172358 0.4927898049354553 4999
1784236172375 0.07795658707618713 5000
1784236172391 0.14948907494544983 5001
1784236172408 0.1523360311985016 5002
1784236172424 0.2808583080768585 5003
1784236172440 0.5075634717941284 5004
1784236172456 0.3620002269744873 5005
1784236172474 0.4827427566051483 5006
1784236172491 0.25235703587532043 5007
1784236172507 0.3413553833961487 5008
1784236172523 0.18314996361732483 5009
1784236172541 0.2064017504453659 5010
1784236172558 0.2917846441268921 5011
1784236172574 0.32958826422691345 5012
1784236172590 0.2634545564651489 5013
1784236172606 0.42919376492500305 5014
1784236172700 0.3378160893917084 5015
1784236172735 0.7748920321464539 5016
1784236172751 0.41781085729599 5017
1784236172765 0.113702692091465 5018
1784236172781 0.2255067676305771 5019
1784236172798 0.34147655963897705 5020
1784236172813 0.1279667317867279 5021
1784236172826 0.20488117635250092 5022
1784236172842 0.6437804102897644 5023
1784236172857 0.1268443912267685 5024
1784236172873 0.360122412443161 5025
1784236172888 0.447355180978775 5026
1784236172904 0.49920591711997986 5027
1784236172918 0.27587488293647766 5028
1784236172934 0.34835875034332275 5029
1784236172948 1.01947820186615 5030
1784236172964 0.3823288083076477 5031
1784236172978 0.5130845308303833 5032
1784236172995 0.5781545639038086 5033
1784236173012 0.27280908823013306 5034
1784236173029 0.189500629901886 5035
1784236173050 0.2485555112361908 5036
1784236173066 1.0061663389205933 5037
1784236173080 0.2591676414012909 5038
1784236173095 0.10547379404306412 5039
1784236173110 0.2138654738664627 5040
1784236173125 0.662749171257019 5041
1784236173141 0.21833795309066772 5042
1784236173157 0.10983724892139435 5043
1784236173172 0.4260961413383484 5044
1784236173187 0.42519935965538025 5045
1784236173202 0.8061698079109192 5046
1784236173216 0.6384533047676086 5047
1784236173229 0.44488704204559326 5048
1784236173244 0.6621611714363098 5049
1784236173258 0.15256577730178833 5050
1784236173274 0.3407474756240845 5051
1784236173290 0.2526412010192871 5052
1784236173306 0.4708312153816223 5053
1784236173322 0.07825767248868942 5054
1784236173336 0.5069200396537781 5055
1784236173350 0.601486325263977 5056
1784236173366 0.13179075717926025 5057
1784236173380 0.34880852699279785 5058
1784236173396 0.38121846318244934 5059
1784236173414 0.15867061913013458 5060
1784236173430 0.13746079802513123 5061
1784236173445 0.7834560871124268 5062
1784236173462 0.492890328168869 5063
1784236173477 0.3419453203678131 5064
1784236173493 0.5534024834632874 5065
1784236173508 0.3221140503883362 5066
1784236173524 0.09527871012687683 5067
1784236173540 0.14191916584968567 5068
1784236173556 0.2572646141052246 5069
1784236173574 0.3284364938735962 5070
1784236173592 0.27801206707954407 5071
1784236173609 0.3626284599304199 5072
1784236173624 0.08210495859384537 5073
1784236173640 0.6867399215698242 5074
1784236173657 0.502996563911438 5075
1784236173676 0.2790323495864868 5076
1784236173693 0.13784438371658325 5077
1784236173708 0.2776917517185211 5078
1784236173724 0.28825852274894714 5079
1784236173743 0.2863466739654541 5080
1784236173759 0.3046237826347351 5081
1784236173845 0.2377859354019165 5082
1784236173871 0.5003439784049988 5083
1784236173890 0.16292543709278107 5084
1784236173906 0.3593539893627167 5085
1784236173923 0.20363900065422058 5086
1784236173937 0.08333507925271988 5087
1784236173951 0.10346517711877823 5088
1784236173966 0.202870711684227 5089
1784236173980 0.04778189957141876 5090
1784236173997 0.08091762661933899 5091
1784236174010 0.13262329995632172 5092
1784236174025 0.2683221399784088 5093
1784236174042 0.2405092567205429 5094
1784236174055 0.3083958327770233 5095
1784236174069 0.13388872146606445 5096
1784236174083 0.1186084896326065 5097
1784236174098 0.17886567115783691 5098
1784236174112 0.5150620341300964 5099
1784236174128 0.14499592781066895 5100
1784236174143 0.27369076013565063 5101
1784236174159 0.4935897886753082 5102
1784236174174 0.44089052081108093 5103
1784236174188 0.36974549293518066 5104
1784236174201 0.42949509620666504 5105
1784236174216 0.459714412689209 5106
1784236174232 0.29448050260543823 5107
1784236174247 0.08532194048166275 5108
1784236174261 0.4383075535297394 5109
1784236174278 0.31924691796302795 5110
1784236174291 0.23415127396583557 5111
1784236174306 0.14466392993927002 5112
1784236174321 0.9159925580024719 5113
1784236174336 0.6897255182266235 5114
1784236174350 0.6164787411689758 5115
1784236174364 0.13231998682022095 5116
1784236174380 0.11369352787733078 5117
1784236174395 0.20329859852790833 5118
1784236174411 0.7045382857322693 5119
1784236174426 0.16074404120445251 5120
1784236174441 0.31895941495895386 5121
1784236174458 0.301416277885437 5122
1784236174473 0.30272987484931946 5123
1784236174488 0.10838571190834045 5124
1784236174503 0.11835595965385437 5125
1784236174517 0.21910694241523743 5126
1784236174531 0.6931159496307373 5127
1784236174544 0.36144691705703735 5128
1784236174559 0.29370832443237305 5129
1784236174573 0.398492693901062 5130
1784236174587 0.3380187451839447 5131
1784236174601 0.7921374440193176 5132
1784236174618 0.17446470260620117 5133
1784236174631 0.27158090472221375 5134
1784236174647 0.1741207093000412 5135
1784236174660 0.400511234998703 5136
1784236174674 0.5591016411781311 5137
1784236174690 0.6200920939445496 5138
1784236174703 0.290070503950119 5139
1784236174718 0.13717664778232574 5140
1784236174733 0.3252405524253845 5141
1784236174748 0.09013962745666504 5142
1784236174764 0.8332059383392334 5143
1784236174778 0.08008678257465363 5144
1784236174791 0.4118705689907074 5145
1784236174805 0.09942411631345749 5146
1784236174820 0.29378584027290344 5147
1784236174834 0.22709950804710388 5148
1784236174848 0.33070752024650574 5149
1784236174862 0.1408202350139618 5150
1784236174877 0.17178353667259216 5151
1784236174892 0.3053719997406006 5152
1784236174908 0.2928854823112488 5153
1784236174923 0.18200744688510895 5154
1784236174937 0.2534674108028412 5155
1784236174953 0.1664869785308838 5156
1784236174967 0.301764577627182 5157
1784236174981 0.09808102995157242 5158
1784236174996 0.6418359279632568 5159
1784236175011 0.6278328895568848 5160
1784236175026 0.04356088861823082 5161
1784236175041 0.1933584064245224 5162
1784236175056 0.348838210105896 5163
1784236175069 0.596100389957428 5164
1784236175085 0.4697315990924835 5165
1784236175100 0.3290758430957794 5166
1784236175115 0.7326650619506836 5167
1784236175157 0.12170372158288956 5168
1784236175228 0.3768469989299774 5169
1784236175263 0.05506981909275055 5170
1784236175278 0.2872464060783386 5171
1784236175292 0.09838150441646576 5172
1784236175307 0.4828072190284729 5173
1784236175336 0.48297885060310364 5174
1784236175350 0.690656840801239 5175
1784236175368 0.38736867904663086 5176
1784236175383 0.07993444055318832 5177
1784236175400 0.639080286026001 5178
1784236175415 0.1928328275680542 5179
1784236175432 0.7095026969909668 5180
1784236175448 0.4142151176929474 5181
1784236175466 0.3451674282550812 5182
1784236175483 0.30824631452560425 5183
1784236175499 0.3728514611721039 5184
1784236175515 0.27575188875198364 5185
1784236175527 0.29346349835395813 5186
1784236175541 0.33601710200309753 5187
1784236175556 0.31801778078079224 5188
1784236175571 0.3091501295566559 5189
1784236175588 0.18734201788902283 5190
1784236175604 0.29587239027023315 5191
1784236175619 0.3448505401611328 5192
1784236175633 0.36569783091545105 5193
1784236175648 0.19404137134552002 5194
1784236175663 0.7987670302391052 5195
1784236175677 0.6368444561958313 5196
1784236175692 0.33640649914741516 5197
1784236175709 0.5465786457061768 5198
1784236175724 0.6106856465339661 5199
1784236175743 0.408721923828125 5200
1784236175762 0.2531034052371979 5201
1784236175778 0.3695496916770935 5202
1784236175793 0.2067704051733017 5203
1784236175809 0.17799606919288635 5204
1784236175826 0.5070435404777527 5205
1784236175842 0.4985433518886566 5206
1784236175856 0.598986804485321 5207
1784236175873 0.5478447675704956 5208
1784236175896 0.3737318217754364 5209
1784236175912 0.5301152467727661 5210
1784236175931 0.43118786811828613 5211
1784236175948 0.17763882875442505 5212
1784236175964 0.41358599066734314 5213
1784236175978 0.3177657127380371 5214
1784236175993 0.3425438702106476 5215
1784236176011 0.4642781615257263 5216
1784236176028 0.307302325963974 5217
1784236176044 0.14904984831809998 5218
1784236176059 0.2961497902870178 5219
1784236176075 0.33659547567367554 5220
1784236176090 0.31025439500808716 5221
1784236176108 0.20963409543037415 5222
1784236176124 0.26464781165122986 5223
1784236176139 0.149563267827034 5224
1784236176155 0.2785602807998657 5225
1784236176169 0.3621603548526764 5226
1784236176187 0.27448585629463196 5227
1784236176204 0.6056298613548279 5228
1784236176220 0.5144863724708557 5229
1784236176236 0.25392961502075195 5230
1784236176250 0.1661675125360489 5231
1784236176265 0.9211516380310059 5232
1784236176277 0.45786622166633606 5233
1784236176292 0.4784432053565979 5234
1784236176379 0.06674356758594513 5235
1784236176397 0.4476199746131897 5236
1784236176421 0.2541534900665283 5237
1784236176436 0.36105433106422424 5238
1784236176456 0.30345651507377625 5239
1784236176476 0.16758683323860168 5240
1784236176500 0.30389925837516785 5241
1784236176515 0.16241589188575745 5242
1784236176531 0.1961006075143814 5243
1784236176547 0.24060285091400146 5244
1784236176562 0.33166375756263733 5245
1784236176576 0.783482015132904 5246
1784236176591 0.46208056807518005 5247
1784236176606 0.17476366460323334 5248
1784236176620 0.2439492642879486 5249
1784236176648 0.35932642221450806 5250
1784236176666 0.21409091353416443 5251
1784236176683 0.6618853807449341 5252
1784236176698 0.1320585012435913 5253
1784236176712 0.1271280199289322 5254
1784236176727 0.18907050788402557 5255
1784236176745 0.626737654209137 5256
1784236176761 0.08484793454408646 5257
1784236176775 0.24078884720802307 5258
1784236176789 0.0395941287279129 5259
1784236176805 0.4358605444431305 5260
1784236176819 0.6078792810440063 5261
1784236176833 0.5021830201148987 5262
1784236176847 0.2871706485748291 5263
1784236176864 0.5452017188072205 5264
1784236176879 0.532435417175293 5265
1784236176893 0.17104874551296234 5266
1784236176909 0.5000597238540649 5267
1784236176924 0.29305267333984375 5268
1784236176939 0.12398987263441086 5269
1784236176952 0.18107089400291443 5270
1784236176969 0.34310394525527954 5271
1784236176984 0.14077933132648468 5272
1784236176999 0.10584372282028198 5273
1784236177014 0.2334025502204895 5274
1784236177029 0.2198990434408188 5275
1784236177044 0.21864436566829681 5276
1784236177058 0.6539332866668701 5277
1784236177074 0.3852001130580902 5278
1784236177091 0.3205111026763916 5279
1784236177106 0.5578520894050598 5280
1784236177122 0.29285719990730286 5281
1784236177140 0.5606238842010498 5282
1784236177157 0.47654789686203003 5283
1784236177174 0.1830204725265503 5284
1784236177190 0.32822853326797485 5285
1784236177206 0.3020421266555786 5286
1784236177221 0.09617726504802704 5287
1784236177238 0.14527611434459686 5288
1784236177256 0.3980961740016937 5289
1784236177270 0.3422393500804901 5290
1784236177289 0.6590099930763245 5291
1784236177307 0.07130641490221024 5292
1784236177322 0.33699536323547363 5293
1784236177337 0.2007359117269516 5294
1784236177352 0.3052602708339691 5295
1784236177367 0.2345781773328781 5296
1784236177380 0.3233505189418793 5297
1784236177392 0.1231461614370346 5298
1784236177410 0.17334122955799103 5299
1784236177426 0.2202311009168625 5300
1784236177440 0.5158754587173462 5301
1784236177454 0.26946038007736206 5302
1784236177469 0.3157429099082947 5303
1784236177486 0.114154152572155 5304
1784236177503 0.4250084459781647 5305
1784236177586 0.5272281765937805 5306
1784236177598 0.5836170315742493 5307
1784236177620 0.05275772139430046 5308
1784236177635 0.3954872488975525 5309
1784236177652 0.5134896636009216 5310
1784236177666 0.41260451078414917 5311
1784236177681 0.4161068797111511 5312
1784236177696 0.6040871143341064 5313
1784236177709 0.2469697892665863 5314
1784236177725 0.18474166095256805 5315
1784236177741 0.33083608746528625 5316
1784236177755 0.13166944682598114 5317
1784236177770 0.48490437865257263 5318
1784236177783 0.6532108187675476 5319
1784236177798 0.3256390392780304 5320
1784236177812 0.19041311740875244 5321
1784236177827 0.1420590728521347 5322
1784236177841 0.1866833120584488 5323
1784236177856 0.3450028896331787 5324
1784236177870 0.6371822953224182 5325
1784236177886 0.5617046356201172 5326
1784236177900 0.626571774482727 5327
1784236177914 0.47094956040382385 5328
1784236177926 0.3789089024066925 5329
1784236177943 0.2940519154071808 5330
1784236177958 0.30326518416404724 5331
1784236177973 0.14753641188144684 5332
1784236177988 0.3363184928894043 5333
1784236178002 0.3688899278640747 5334
1784236178018 0.43661925196647644 5335
1784236178033 0.31641095876693726 5336
1784236178045 0.7839974164962769 5337
1784236178059 0.2764376699924469 5338
1784236178073 0.3367727994918823 5339
1784236178090 0.3578369915485382 5340
1784236178105 0.9677035212516785 5341
1784236178123 0.2444487065076828 5342
1784236178140 0.3132176995277405 5343
1784236178155 0.26783761382102966 5344
1784236178171 0.09661242365837097 5345
1784236178187 0.3354208767414093 5346
1784236178204 0.31115350127220154 5347
1784236178221 0.5932608246803284 5348
1784236178238 0.07441514730453491 5349
1784236178254 0.3580274283885956 5350
1784236178271 0.5363459587097168 5351
1784236178286 0.17102687060832977 5352
1784236178302 0.11396518349647522 5353
1784236178318 0.7836343050003052 5354
1784236178335 0.08831468969583511 5355
1784236178351 0.1256575584411621 5356
1784236178367 0.3805679976940155 5357
1784236178383 0.46579214930534363 5358
1784236178400 0.5201521515846252 5359
1784236178422 0.15078230202198029 5360
1784236178438 0.5618995428085327 5361
1784236178456 0.34895846247673035 5362
1784236178472 0.24065059423446655 5363
1784236178488 0.501629650592804 5364
1784236178506 0.1508433222770691 5365
1784236178523 0.4732704758644104 5366
1784236178539 0.11568380892276764 5367
1784236178557 0.34730803966522217 5368
1784236178575 0.3752340078353882 5369
1784236178590 0.34621092677116394 5370
1784236178608 0.18766388297080994 5371
1784236178626 0.4294290840625763 5372
1784236178640 0.25202858448028564 5373
1784236178655 0.5080581903457642 5374
1784236178670 0.4017450511455536 5375
1784236178686 0.44299423694610596 5376
1784236178705 0.44581419229507446 5377
1784236178724 0.3657333552837372 5378
1784236178740 0.12563985586166382 5379
1784236178755 0.10296041518449783 5380
1784236178771 0.25867190957069397 5381
1784236178788 0.3214779496192932 5382
1784236178806 0.21560297906398773 5383
1784236178823 0.18039509654045105 5384
1784236178838 0.4523424506187439 5385
1784236178854 0.6825807690620422 5386
1784236178870 0.21936461329460144 5387
1784236178886 0.2938604950904846 5388
1784236178901 0.2044459879398346 5389
1784236178916 0.13405047357082367 5390
1784236178931 0.23443694412708282 5391
1784236178945 0.26793140172958374 5392
1784236178961 0.6146531701087952 5393
1784236178975 0.09902425110340118 5394
1784236178989 0.10693482309579849 5395
1784236179005 0.14409978687763214 5396
1784236179021 0.7119854688644409 5397
1784236179036 0.4277001917362213 5398
1784236179053 0.08556516468524933 5399
1784236179067 0.3460548520088196 5400
1784236179083 0.2711070477962494 5401
1784236179104 0.3628602623939514 5402
1784236179123 0.2946730852127075 5403
1784236179142 0.24720744788646698 5404
1784236179180 0.46785128116607666 5405
1784236179197 0.4332214295864105 5406
1784236179231 0.17885437607765198 5407
1784236179245 0.8849771618843079 5408
1784236179266 0.24061322212219238 5409
1784236179285 0.30466145277023315 5410
1784236179303 0.5054671168327332 5411
1784236179321 0.33035314083099365 5412
1784236179338 0.5111501216888428 5413
1784236179352 0.29355186223983765 5414
1784236179367 0.3649982511997223 5415
1784236179385 0.8313606381416321 5416
1784236179400 0.3039461076259613 5417
1784236179416 0.17391246557235718 5418
1784236179429 0.19098733365535736 5419
1784236179450 0.64242023229599 5420
1784236179464 0.37015873193740845 5421
1784236179480 0.28698787093162537 5422
1784236179496 0.19410279393196106 5423
1784236179510 0.21963287889957428 5424
1784236179526 0.25582388043403625 5425
1784236179540 0.16116127371788025 5426
1784236179554 0.42824986577033997 5427
1784236179568 0.30341488122940063 5428
1784236179584 0.42666226625442505 5429
1784236179599 0.17515838146209717 5430
1784236179614 0.25802841782569885 5431
1784236179630 0.4102764427661896 5432
1784236179644 0.7815207839012146 5433
1784236179659 0.21794474124908447 5434
1784236179672 0.47195228934288025 5435
1784236179686 0.09797996282577515 5436
1784236179701 0.14590418338775635 5437
1784236179716 0.5117205381393433 5438
1784236179731 0.3411482572555542 5439
1784236179746 0.13987453281879425 5440
1784236179760 0.49721235036849976 5441
1784236179775 0.12042917311191559 5442
1784236179790 0.537542998790741 5443
1784236179805 0.12726828455924988 5444
1784236179820 0.22238297760486603 5445
1784236179835 0.12605668604373932 5446
1784236179854 0.3265102207660675 5447
1784236179869 0.10619203746318817 5448
1784236179886 0.41306522488594055 5449
1784236179900 0.2589515149593353 5450
1784236179915 0.48765045404434204 5451
1784236179929 0.1730884164571762 5452
1784236179944 0.7033748030662537 5453
1784236179959 0.4494951665401459 5454
1784236179974 0.08130951225757599 5455
1784236179991 0.23246517777442932 5456
1784236180007 0.4336186349391937 5457
1784236180023 0.12989702820777893 5458
1784236180037 0.3270370066165924 5459
1784236180050 0.2726495862007141 5460
1784236180065 0.08253096044063568 5461
1784236180079 0.4395076632499695 5462
1784236180091 0.21657738089561462 5463
1784236180106 0.25630614161491394 5464
1784236180121 0.1353791505098343 5465
1784236180135 0.34068286418914795 5466
1784236180154 0.38888129591941833 5467
1784236180167 1.1004183292388916 5468
1784236180183 0.2660283148288727 5469
1784236180199 0.32227930426597595 5470
1784236180213 0.2564282715320587 5471
1784236180225 0.2358512282371521 5472
1784236180243 0.03309870511293411 5473
1784236180257 0.1570325493812561 5474
1784236180272 0.17990025877952576 5475
1784236180287 0.23548009991645813 5476
1784236180302 0.41415056586265564 5477
1784236180320 0.38286149501800537 5478
1784236180338 0.1892317533493042 5479
1784236180439 0.2035447061061859 5480
1784236180458 0.1657477170228958 5481
1784236180480 0.2638777494430542 5482
1784236180499 0.1809343546628952 5483
1784236180517 0.12014304846525192 5484
1784236180533 0.1256878674030304 5485
1784236180549 0.10533782094717026 5486
1784236180566 0.1201280876994133 5487
1784236180582 0.2686373293399811 5488
1784236180612 0.1705603003501892 5489
1784236180630 0.10751060396432877 5490
1784236180644 0.35876524448394775 5491
1784236180660 0.14649786055088043 5492
1784236180675 0.2397276610136032 5493
1784236180691 0.49262914061546326 5494
1784236180706 0.06530608981847763 5495
1784236180721 0.12797611951828003 5496
1784236180735 0.1716078221797943 5497
1784236180750 0.07082583755254745 5498
1784236180763 0.5925747752189636 5499
1784236180777 0.5160338878631592 5500
1784236180793 0.1314532309770584 5501
1784236180806 0.332563191652298 5502
1784236180823 0.6408095359802246 5503
1784236180839 0.32331687211990356 5504
1784236180853 0.34942495822906494 5505
1784236180868 0.4058939516544342 5506
1784236180883 0.18270668387413025 5507
1784236180899 0.4267427623271942 5508
1784236180917 0.16215366125106812 5509
1784236180932 0.36813634634017944 5510
1784236180948 0.10025492310523987 5511
1784236180964 0.3306815028190613 5512
1784236180981 0.19336314499378204 5513
1784236180996 0.298000693321228 5514
1784236181011 0.4098229706287384 5515
1784236181028 0.10730893909931183 5516
1784236181042 0.1480582356452942 5517
1784236181057 0.27690327167510986 5518
1784236181072 0.3459237813949585 5519
1784236181088 0.4908086061477661 5520
1784236181104 0.32881343364715576 5521
1784236181121 0.534440815448761 5522
1784236181136 0.19338342547416687 5523
1784236181150 0.46283695101737976 5524
1784236181166 0.749225914478302 5525
1784236181181 0.2239701896905899 5526
1784236181196 0.3329678177833557 5527
1784236181210 0.17142228782176971 5528
1784236181225 0.18413186073303223 5529
1784236181240 0.21827419102191925 5530
1784236181263 0.7641950845718384 5531
1784236181282 0.41216328740119934 5532
1784236181297 0.11518613994121552 5533
1784236181314 0.1846766322851181 5534
1784236181329 0.29431676864624023 5535
1784236181341 0.2167489379644394 5536
1784236181356 0.09248508512973785 5537
1784236181372 0.24778896570205688 5538
1784236181387 0.23315012454986572 5539
1784236181404 0.6589571237564087 5540
1784236181421 0.055018823593854904 5541
1784236181437 0.21814972162246704 5542
1784236181452 0.07410921156406403 5543
1784236181471 0.28220421075820923 5544
1784236181485 0.14260663092136383 5545
1784236181503 0.1835351139307022 5546
1784236181518 0.09483113884925842 5547
1784236181533 0.3316018581390381 5548
1784236181547 0.19982817769050598 5549
1784236181562 0.13953715562820435 5550
1784236181577 0.5405460000038147 5551
1784236181592 0.2820224463939667 5552
1784236181605 0.6023242473602295 5553
1784236181619 0.21956998109817505 5554
1784236181633 0.17920571565628052 5555
1784236181649 0.2931078374385834 5556
1784236181664 0.2894152104854584 5557
1784236181680 0.18519733846187592 5558
1784236181697 0.26601171493530273 5559
1784236181712 0.4494425654411316 5560
1784236181725 0.1928831785917282 5561
1784236181740 0.10079620778560638 5562
1784236181755 0.13880912959575653 5563
1784236181771 0.05482504889369011 5564
1784236181789 0.3109196424484253 5565
1784236181806 0.17776371538639069 5566
1784236181823 0.416703999042511 5567
1784236181837 0.20313283801078796 5568
1784236181854 0.5395015478134155 5569
1784236181869 0.3776845932006836 5570
1784236181883 0.17054952681064606 5571
1784236181898 0.1720685511827469 5572
1784236181914 0.36612802743911743 5573
1784236181929 0.21345239877700806 5574
1784236181955 0.26904603838920593 5575
1784236181973 0.08515550196170807 5576
1784236181992 0.22658197581768036 5577
1784236182007 0.12007121741771698 5578
1784236182023 0.36267685890197754 5579
1784236182040 0.15517686307430267 5580
1784236182055 0.2254980206489563 5581
1784236182069 0.5222319960594177 5582
1784236182086 0.27311497926712036 5583
1784236182105 0.28276821970939636 5584
1784236182120 0.08963809907436371 5585
1784236182136 0.4964357614517212 5586
1784236182151 0.31839272379875183 5587
1784236182165 0.16724960505962372 5588
1784236182180 0.4332015812397003 5589
1784236182195 0.12005796283483505 5590
1784236182211 0.26919013261795044 5591
1784236182227 0.21055012941360474 5592
1784236182241 0.6169435977935791 5593
1784236182256 0.3075177073478699 5594
1784236182271 0.31174615025520325 5595
1784236182286 0.11408544331789017 5596
1784236182301 0.36624446511268616 5597
1784236182317 0.2961614429950714 5598
1784236182330 0.516872763633728 5599
1784236182345 0.4670633375644684 5600
1784236182359 0.5294047594070435 5601
1784236182374 0.35006195306777954 5602
1784236182390 0.21223847568035126 5603
1784236182406 0.2634875178337097 5604
1784236182421 0.16034716367721558 5605
1784236182436 0.20786859095096588 5606
1784236182451 0.06544999033212662 5607
1784236182464 0.7937953472137451 5608
1784236182478 0.15564769506454468 5609
1784236182493 0.15793438255786896 5610
1784236182507 0.12777858972549438 5611
1784236182520 0.2600870728492737 5612
1784236182534 0.14163878560066223 5613
1784236182549 0.20592711865901947 5614
1784236182565 0.6814851760864258 5615
1784236182581 0.13901135325431824 5616
1784236182594 0.2996364235877991 5617
1784236182608 0.24415571987628937 5618
1784236182623 0.13779465854167938 5619
1784236182639 0.4439229369163513 5620
1784236182654 0.24336455762386322 5621
1784236182671 0.17730684578418732 5622
1784236182688 0.2539485692977905 5623
1784236182704 0.28129974007606506 5624
1784236183828 0.2955363988876343 5625
1784236183844 0.21572735905647278 5626
1784236183856 0.44484251737594604 5627
1784236183874 0.13882391154766083 5628
1784236183897 0.5052940249443054 5629
1784236183915 0.25808438658714294 5630
1784236183934 0.34043002128601074 5631
1784236183953 0.10249388962984085 5632
1784236183977 0.2707866430282593 5633
1784236184001 0.19975188374519348 5634
1784236184103 0.22907914221286774 5635
1784236184118 0.2909492254257202 5636
1784236184178 0.34838688373565674 5637
1784236184198 0.5530559420585632 5638
1784236184233 0.17570337653160095 5639
1784236184252 0.19187654554843903 5640
1784236184273 0.44869956374168396 5641
1784236184303 0.20289696753025055 5642
1784236184319 0.2887823283672333 5643
1784236184336 0.13307131826877594 5644
1784236184350 0.3378749191761017 5645
1784236184365 0.08913026750087738 5646
1784236184380 0.4023075997829437 5647
1784236184395 0.26951122283935547 5648
1784236184412 0.47033756971359253 5649
1784236184432 0.19625194370746613 5650
1784236184448 0.12297795712947845 5651
1784236184463 0.16788215935230255 5652
1784236184478 0.19504038989543915 5653
1784236184492 0.22841419279575348 5654
1784236184508 0.3325308561325073 5655
1784236184522 0.4991956949234009 5656
1784236184538 0.7451819777488708 5657
1784236184553 0.44950300455093384 5658
1784236184569 0.2230367213487625 5659
1784236184587 0.2818213105201721 5660
1784236184604 0.3548603653907776 5661
1784236184619 0.16384512186050415 5662
1784236184635 0.14702108502388 5663
1784236184650 0.38040271401405334 5664
1784236184665 0.23490256071090698 5665
1784236184680 0.22515849769115448 5666
1784236184694 0.11671421676874161 5667
1784236184707 0.08701049536466599 5668
1784236184722 0.2611618936061859 5669
1784236184740 0.3270559012889862 5670
1784236184756 0.39749443531036377 5671
1784236184773 0.488716721534729 5672
1784236184789 0.30547335743904114 5673
1784236184803 0.15566232800483704 5674
1784236184819 0.3590368330478668 5675
1784236184836 0.45478692650794983 5676
1784236184854 0.364252507686615 5677
1784236184868 0.23023752868175507 5678
1784236184883 0.24142950773239136 5679
1784236184896 0.11516635864973068 5680
1784236184910 0.11285247653722763 5681
1784236184924 0.172671839594841 5682
1784236184939 0.22281205654144287 5683
1784236184954 0.5167863368988037 5684
1784236184970 0.5569758415222168 5685
1784236184984 0.2386440485715866 5686
1784236184998 0.1988023966550827 5687
1784236185011 0.38695722818374634 5688
1784236185023 0.4088403880596161 5689
1784236185039 0.14976197481155396 5690
1784236185054 0.13274942338466644 5691
1784236185070 0.1451300084590912 5692
1784236185086 0.4494153559207916 5693
1784236185103 0.561759352684021 5694
1784236185118 0.24115563929080963 5695
1784236185134 0.21858914196491241 5696
1784236185150 0.26629602909088135 5697
1784236185168 0.18194754421710968 5698
1784236185186 0.49438178539276123 5699
1784236185269 0.39816632866859436 5700
1784236185283 0.302009642124176 5701
1784236185310 0.4246019423007965 5702
1784236185329 0.3218124508857727 5703
1784236185341 0.38814109563827515 5704
1784236185357 0.6348704099655151 5705
1784236185378 0.15052084624767303 5706
1784236185395 0.19995377957820892 5707
1784236185410 0.1336107850074768 5708
1784236185426 0.19377057254314423 5709
1784236185440 0.579271137714386 5710
1784236185455 0.8085026741027832 5711
1784236185471 0.0538167767226696 5712
1784236185490 0.3303167521953583 5713
1784236185505 0.40117648243904114 5714
1784236185523 0.27018630504608154 5715
1784236185542 0.19658882915973663 5716
1784236185557 0.22243478894233704 5717
1784236185571 0.12109971791505814 5718
1784236185585 0.056896306574344635 5719
1784236185600 0.12489591538906097 5720
1784236185614 0.4059000611305237 5721
1784236185627 0.28991636633872986 5722
1784236185642 0.14580205082893372 5723
1784236185656 0.1917424201965332 5724
1784236185671 0.39486175775527954 5725
1784236185688 0.04849608987569809 5726
1784236185702 0.6664804220199585 5727
1784236185716 0.22991035878658295 5728
1784236185731 0.19479060173034668 5729
1784236185746 0.07255421578884125 5730
1784236185759 0.21267671883106232 5731
1784236185773 0.1593284159898758 5732
1784236185788 0.19943565130233765 5733
1784236185803 0.1450994908809662 5734
1784236185817 0.19376373291015625 5735
1784236185830 0.20903237164020538 5736
1784236185844 0.3077179193496704 5737
1784236185858 0.40667474269866943 5738
1784236185873 0.13738149404525757 5739
1784236185890 0.11855479329824448 5740
1784236185905 0.1504524201154709 5741
1784236185921 0.18698431551456451 5742
1784236185936 0.1573995053768158 5743
1784236185955 0.2950444519519806 5744
1784236185969 0.27098456025123596 5745
1784236185984 0.18432016670703888 5746
1784236186000 0.13131745159626007 5747
1784236186012 0.18403324484825134 5748
1784236186027 0.20548871159553528 5749
1784236186042 0.3293739855289459 5750
1784236186056 0.1703975647687912 5751
1784236186076 0.4376487135887146 5752
1784236186089 0.3121007978916168 5753
1784236186105 0.1715281456708908 5754
1784236186120 0.6559871435165405 5755
1784236186134 0.17629177868366241 5756
1784236186148 0.22636482119560242 5757
1784236186162 0.18850846588611603 5758
1784236186174 0.41616347432136536 5759
1784236186189 0.5801124572753906 5760
1784236186202 0.21735121309757233 5761
1784236186216 0.10709650069475174 5762
1784236186231 0.29309844970703125 5763
1784236186248 0.3539566397666931 5764
1784236186261 0.21058765053749084 5765
1784236186275 0.17991633713245392 5766
1784236186289 0.08519626408815384 5767
1784236186305 0.30801883339881897 5768
1784236186319 0.18964281678199768 5769
1784236186332 0.15611205995082855 5770
1784236186346 0.30637767910957336 5771
1784236186359 0.3711044490337372 5772
1784236186372 0.2325887680053711 5773
1784236186385 0.14445146918296814 5774
1784236186400 0.32414519786834717 5775
1784236186414 0.3134358525276184 5776
1784236186429 0.27721503376960754 5777
1784236186444 0.4530973732471466 5778
1784236186457 0.6226881146430969 5779
1784236186471 0.23206906020641327 5780
1784236186485 0.25565847754478455 5781
1784236186499 0.35859572887420654 5782
1784236186514 0.2995689809322357 5783
1784236186536 0.3878750503063202 5784
1784236186555 0.5282415747642517 5785
1784236186571 0.8207874894142151 5786
1784236186587 0.3114330768585205 5787
1784236186608 0.304037868976593 5788
1784236186630 0.2755785286426544 5789
1784236186647 0.31594356894493103 5790
1784236186663 0.20049002766609192 5791
1784236186679 0.28547388315200806 5792
1784236186693 0.40612122416496277 5793
1784236186709 0.3387402296066284 5794
1784236186727 0.3263790011405945 5795
1784236186741 0.512607216835022 5796
1784236186755 0.17283986508846283 5797
1784236186770 0.22252723574638367 5798
1784236186788 0.25732511281967163 5799
1784236186802 0.4056076407432556 5800
1784236186819 0.0966217964887619 5801
1784236186835 0.4506169855594635 5802
1784236186847 0.28954076766967773 5803
1784236186893 0.23323658108711243 5804
1784236186945 0.3169676661491394 5805
1784236186958 0.41708192229270935 5806
1784236186982 0.14458094537258148 5807
1784236186995 0.20880790054798126 5808
1784236187013 0.24054096639156342 5809
1784236187028 0.6931923627853394 5810
1784236187042 0.7591787576675415 5811
1784236187056 0.11282458901405334 5812
1784236187070 0.2119867503643036 5813
1784236187083 0.13920864462852478 5814
1784236187099 0.1846124678850174 5815
1784236187112 0.35297349095344543 5816
1784236187128 0.271114319562912 5817
1784236187143 0.482681006193161 5818
1784236187157 0.0811816081404686 5819
1784236187171 0.26950526237487793 5820
1784236187185 0.16897130012512207 5821
1784236187203 0.1807154417037964 5822
1784236187219 0.21478283405303955 5823
1784236187236 0.26965653896331787 5824
1784236187255 0.030174870043992996 5825
1784236187272 0.8230148553848267 5826
1784236187288 0.21524323523044586 5827
1784236187302 0.2708958685398102 5828
1784236187317 0.154682919383049 5829
1784236187331 0.28918710350990295 5830
1784236187343 0.2500435709953308 5831
1784236187358 0.4804256856441498 5832
1784236187371 0.44329702854156494 5833
1784236187396 0.052952710539102554 5834
1784236187416 0.34521910548210144 5835
1784236187438 0.21555720269680023 5836
1784236187455 0.2872872054576874 5837
1784236187473 0.12680242955684662 5838
1784236187493 0.25294557213783264 5839
1784236187513 0.24264584481716156 5840
1784236187530 0.22817499935626984 5841
1784236187548 0.5072659254074097 5842
1784236187565 0.2841467559337616 5843
1784236187579 0.1956387609243393 5844
1784236187593 0.1957111954689026 5845
1784236187606 0.31815290451049805 5846
1784236187620 0.16685213148593903 5847
1784236187640 0.23420804738998413 5848
1784236187656 0.1083875447511673 5849
1784236187674 0.1383238434791565 5850
1784236187693 0.28172606229782104 5851
1784236187711 0.16936855018138885 5852
1784236187727 0.321657657623291 5853
1784236187743 0.8248129487037659 5854
1784236187759 0.29055261611938477 5855
1784236187773 0.17344726622104645 5856
1784236187788 0.5254965424537659 5857
1784236187804 0.31595996022224426 5858
1784236187821 0.24552789330482483 5859
1784236187840 0.7048686742782593 5860
1784236187859 0.3624100685119629 5861
1784236187878 0.27985280752182007 5862
1784236187895 0.47515878081321716 5863
1784236187913 0.5200188159942627 5864
1784236187927 0.4637066125869751 5865
1784236187941 0.22091330587863922 5866
1784236187955 0.20366185903549194 5867
1784236187971 0.2289142906665802 5868
1784236187987 0.4223504960536957 5869
1784236188004 0.18089765310287476 5870
1784236188026 0.3060714602470398 5871
1784236188114 0.2924920320510864 5872
1784236188148 0.13059677183628082 5873
1784236188164 0.3588451147079468 5874
1784236188182 0.2532888650894165 5875
1784236188201 0.5818353295326233 5876
1784236188219 0.1667262464761734 5877
1784236188235 0.382671058177948 5878
1784236188252 0.332560658454895 5879
1784236188267 0.21942390501499176 5880
1784236188282 0.281097412109375 5881
1784236188295 0.12461642175912857 5882
1784236188309 0.2536320984363556 5883
1784236188323 0.3123692274093628 5884
1784236188337 0.19339348375797272 5885
1784236188351 0.3597045838832855 5886
1784236188366 0.25189530849456787 5887
1784236188382 0.14801201224327087 5888
1784236188396 0.1892533004283905 5889
1784236188411 0.1552705317735672 5890
1784236188426 0.46472373604774475 5891
1784236188440 0.21084491908550262 5892
1784236188454 0.41117721796035767 5893
1784236188471 0.26398029923439026 5894
1784236188487 0.11109670996665955 5895
1784236188506 0.1329386681318283 5896
1784236188523 0.30826497077941895 5897
1784236188542 0.15481513738632202 5898
1784236188559 0.14106518030166626 5899
1784236188573 0.19321170449256897 5900
1784236188591 0.3416196405887604 5901
1784236188606 0.10362623631954193 5902
1784236188622 0.39414703845977783 5903
1784236188638 0.22118446230888367 5904
1784236188653 0.1496468186378479 5905
1784236188668 0.17527882754802704 5906
1784236188684 0.41235390305519104 5907
1784236188698 0.2877867817878723 5908
1784236188712 0.18579992651939392 5909
1784236188728 0.132129967212677 5910
1784236188743 0.16937153041362762 5911
1784236188758 0.37120556831359863 5912
1784236188771 0.15985648334026337 5913
1784236188787 0.2387559711933136 5914
1784236188804 0.09264266490936279 5915
1784236188821 0.3163830637931824 5916
1784236188837 0.13310302793979645 5917
1784236188853 0.296292781829834 5918
1784236188879 0.33760231733322144 5919
1784236188895 0.4102880656719208 5920
1784236188912 0.5289911031723022 5921
1784236188927 0.086880624294281 5922
1784236188941 0.27460113167762756 5923
1784236188955 0.2579950988292694 5924
1784236188969 0.286817342042923 5925
1784236188984 0.41829079389572144 5926
1784236189000 0.13326436281204224 5927
1784236189015 0.26627907156944275 5928
1784236189031 0.23971790075302124 5929
1784236189046 0.12828856706619263 5930
1784236189064 0.12660838663578033 5931
1784236189082 0.3160538077354431 5932
1784236189099 0.5049276351928711 5933
1784236189117 0.1423879712820053 5934
1784236189133 0.34784218668937683 5935
1784236189150 0.14881248772144318 5936
1784236189166 0.31257158517837524 5937
1784236189180 0.41300562024116516 5938
1784236189196 0.2624928951263428 5939
1784236189211 0.16640929877758026 5940
1784236189225 0.23786194622516632 5941
1784236189240 0.304352730512619 5942
1784236189255 0.5189969539642334 5943
1784236189270 0.6378035545349121 5944
1784236189285 0.3963059186935425 5945
1784236189301 0.4821588695049286 5946
1784236189317 0.489319384098053 5947
1784236189334 0.06794165074825287 5948
1784236189350 0.30000385642051697 5949
1784236189364 0.18245841562747955 5950
1784236189379 0.2535657584667206 5951
1784236189393 0.25579091906547546 5952
1784236189410 0.0758519321680069 5953
1784236189426 0.20016203820705414 5954
1784236189439 0.3364500403404236 5955
1784236189454 0.4828266501426697 5956
1784236189468 0.0963037759065628 5957
1784236189483 0.2516346573829651 5958
1784236189498 0.1904049515724182 5959
1784236189512 0.3743220865726471 5960
1784236189526 0.28735899925231934 5961
1784236189540 0.5820022225379944 5962
1784236189554 0.1905945986509323 5963
1784236189568 0.1839338093996048 5964
1784236189584 0.2195310741662979 5965
1784236189600 0.476704865694046 5966
1784236189620 0.46471866965293884 5967
1784236189635 0.8393946886062622 5968
1784236189650 0.12381976842880249 5969
1784236189664 0.23045112192630768 5970
1784236189682 0.7249405980110168 5971
1784236189700 0.5172827243804932 5972
1784236189716 0.5069365501403809 5973
1784236189734 0.5856362581253052 5974
1784236189749 0.23090213537216187 5975
1784236189764 0.19861890375614166 5976
1784236189780 0.3229660987854004 5977
1784236189794 0.19484113156795502 5978
1784236189808 0.344401478767395 5979
1784236189821 0.2584441602230072 5980
1784236189836 0.4016111493110657 5981
1784236189850 0.28411123156547546 5982
1784236189864 0.14789250493049622 5983
1784236189895 0.5672394633293152 5984
1784236189910 0.18430942296981812 5985
1784236189925 0.23815275728702545 5986
1784236189939 0.4273509979248047 5987
1784236189954 0.28389158844947815 5988
1784236189970 0.35864561796188354 5989
1784236189984 0.17077131569385529 5990
1784236190000 0.5774704813957214 5991
1784236190015 0.27991586923599243 5992
1784236190029 0.33319851756095886 5993
1784236190041 0.627038300037384 5994
1784236190054 0.16577047109603882 5995
1784236190070 0.24353918433189392 5996
1784236190086 0.512117862701416 5997
1784236190103 0.512201189994812 5998
1784236190120 0.23144783079624176 5999
1784236190137 0.45316702127456665 6000
1784236190155 0.17853689193725586 6001
1784236190172 0.18798793852329254 6002
1784236190193 0.20077800750732422 6003
1784236190208 0.20720118284225464 6004
1784236190222 0.30007871985435486 6005
1784236190315 0.16920731961727142 6006
1784236190332 0.4211810827255249 6007
1784236190351 0.3721833825111389 6008
1784236190366 0.44428759813308716 6009
1784236190381 0.286869078874588 6010
1784236190399 0.09269114583730698 6011
1784236190414 0.33932915329933167 6012
1784236190429 0.34516441822052 6013
1784236190444 0.47056978940963745 6014
1784236190459 0.32549038529396057 6015
1784236190474 0.38039299845695496 6016
1784236190491 0.2664282023906708 6017
1784236190505 0.08354749530553818 6018
1784236190519 0.32892048358917236 6019
1784236190533 0.23751917481422424 6020
1784236190546 0.22971749305725098 6021
1784236190561 0.20239032804965973 6022
1784236190577 0.17421580851078033 6023
1784236190592 0.2177884429693222 6024
1784236190605 0.14398609101772308 6025
1784236190621 0.25993698835372925 6026
1784236190636 0.21681249141693115 6027
1784236190652 0.213315948843956 6028
1784236190669 0.6804517507553101 6029
1784236190687 0.4056171476840973 6030
1784236190704 0.3628329336643219 6031
1784236190720 0.6285799741744995 6032
1784236190739 0.10047750174999237 6033
1784236190756 0.1891864687204361 6034
1784236190772 0.1485518515110016 6035
1784236190787 0.4146985113620758 6036
1784236190801 0.1613033413887024 6037
1784236190817 0.2667161524295807 6038
1784236190833 0.10437451303005219 6039
1784236190857 0.10087766498327255 6040
1784236190875 0.5447826981544495 6041
1784236190893 0.2112456113100052 6042
1784236190908 0.1251213103532791 6043
1784236190921 0.21236048638820648 6044
1784236190936 0.19707225263118744 6045
1784236190951 0.23626023530960083 6046
1784236190967 0.12676140666007996 6047
1784236190982 0.14159691333770752 6048
1784236190996 0.30625611543655396 6049
1784236191009 0.4066290259361267 6050
1784236191025 0.6309382319450378 6051
1784236191038 0.2887493669986725 6052
1784236191053 0.13381114602088928 6053
1784236191069 0.12054556608200073 6054
1784236191085 0.26758304238319397 6055
1784236191104 0.2365749627351761 6056
1784236191120 0.23884615302085876 6057
1784236191135 0.46186959743499756 6058
1784236191152 0.15882356464862823 6059
1784236191170 0.755592405796051 6060
1784236191186 0.5239543318748474 6061
1784236191201 0.20129598677158356 6062
1784236191215 0.0575847402215004 6063
1784236191228 1.0169508457183838 6064
1784236191242 0.11821115761995316 6065
1784236191258 0.2085222452878952 6066
1784236191276 0.238996684551239 6067
1784236191290 0.392445832490921 6068
1784236191304 0.18649479746818542 6069
1784236191320 0.243783101439476 6070
1784236191408 0.22391769289970398 6071
1784236191439 1.080305576324463 6072
1784236191459 0.5429845452308655 6073
1784236191474 0.6133477687835693 6074
1784236191491 0.0738079771399498 6075
1784236191506 0.332175612449646 6076
1784236191521 0.9559441208839417 6077
1784236191536 0.24901032447814941 6078
1784236191550 0.2978062331676483 6079
1784236191565 0.6382430195808411 6080
1784236191579 0.3039790689945221 6081
1784236191595 0.16299447417259216 6082
1784236191609 0.44018062949180603 6083
1784236191622 0.3974960744380951 6084
1784236191638 0.4600743055343628 6085
1784236191653 0.30260297656059265 6086
1784236191669 0.22236552834510803 6087
1784236191685 0.21722041070461273 6088
1784236191703 0.25313863158226013 6089
1784236191722 0.33453646302223206 6090
1784236191738 0.3293783366680145 6091
1784236191752 0.3773186504840851 6092
1784236191767 0.21367540955543518 6093
1784236191781 0.1986158788204193 6094
1784236191795 0.32845669984817505 6095
1784236191810 0.1391899734735489 6096
1784236191823 0.13838648796081543 6097
1784236191838 0.14927498996257782 6098
1784236191852 0.342768132686615 6099
1784236191866 0.12006217241287231 6100
1784236191880 0.2697680592536926 6101
1784236191895 0.19090858101844788 6102
1784236191910 0.27511894702911377 6103
1784236191929 0.4936973452568054 6104
1784236191945 0.4047635495662689 6105
1784236191962 0.10862365365028381 6106
1784236191978 0.13187538087368011 6107
1784236191995 0.24522295594215393 6108
1784236192012 0.6236940026283264 6109
1784236192028 0.251185804605484 6110
1784236192044 0.1319168657064438 6111
1784236192058 0.4182344973087311 6112
1784236192071 0.35542768239974976 6113
1784236192087 0.32215556502342224 6114
1784236192106 0.7605694532394409 6115
1784236192121 0.29406484961509705 6116
1784236192136 0.1811235547065735 6117
1784236192155 0.3452475070953369 6118
1784236192171 0.3434724509716034 6119
1784236192188 0.5831801891326904 6120
1784236192205 0.3831334710121155 6121
1784236192220 0.6092777252197266 6122
1784236192236 0.12736618518829346 6123
1784236192251 0.4569571018218994 6124
1784236192266 0.3083909749984741 6125
1784236192280 0.4077141284942627 6126
1784236192296 0.4804179072380066 6127
1784236192309 0.24599260091781616 6128
1784236192323 0.06379847228527069 6129
1784236192338 0.07378598302602768 6130
1784236192353 0.2975858747959137 6131
1784236192369 0.047530826181173325 6132
1784236192384 0.5086377859115601 6133
1784236192399 0.30486202239990234 6134
1784236192416 0.19145092368125916 6135
1784236192432 0.11651782691478729 6136
1784236192448 0.09197527170181274 6137
1784236192463 0.08717124909162521 6138
1784236192478 0.23258787393569946 6139
1784236192495 0.09780451655387878 6140
1784236192510 0.2323007881641388 6141
1784236192526 0.25141507387161255 6142
1784236192540 0.159857839345932 6143
1784236192555 0.08641480654478073 6144
1784236192570 0.1915392279624939 6145
1784236192584 0.28439390659332275 6146
1784236192599 0.19037680327892303 6147
1784236192614 0.2401982843875885 6148
1784236192629 0.1898389756679535 6149
1784236192643 0.2712087035179138 6150
1784236192658 0.5188339352607727 6151
1784236192671 0.31850510835647583 6152
1784236192686 0.11657734215259552 6153
1784236192700 0.16418592631816864 6154
1784236192713 0.22683201730251312 6155
1784236192729 0.3201961815357208 6156
1784236192744 0.28901052474975586 6157
1784236192760 0.15897347033023834 6158
1784236192775 0.32262662053108215 6159
1784236192791 0.4509510099887848 6160
1784236192806 0.30515527725219727 6161
1784236192821 0.3513427674770355 6162
1784236192834 0.3977501094341278 6163
1784236192848 0.14386560022830963 6164
1784236192863 0.23022615909576416 6165
1784236192877 0.2905997335910797 6166
1784236192961 0.1743093878030777 6167
1784236192975 0.34048327803611755 6168
1784236192999 0.7284367084503174 6169
1784236193014 0.06406857073307037 6170
1784236193037 0.23383291065692902 6171
1784236193054 0.3565860688686371 6172
1784236193068 0.3472525477409363 6173
1784236193083 0.17240996658802032 6174
1784236193100 0.3490540087223053 6175
1784236193115 0.7818049192428589 6176
1784236193130 0.14945068955421448 6177
1784236193145 0.3270499110221863 6178
1784236193161 0.16722038388252258 6179
1784236193175 0.27922242879867554 6180
1784236193190 0.46753212809562683 6181
1784236193205 0.18024952709674835 6182
1784236193219 0.3839896619319916 6183
1784236193235 0.21992546319961548 6184
1784236193250 0.15199032425880432 6185
1784236193267 0.3209681808948517 6186
1784236193283 0.22610050439834595 6187
1784236193299 0.36903804540634155 6188
1784236193315 0.2777518033981323 6189
1784236193332 0.19577741622924805 6190
1784236193351 0.2943456768989563 6191
1784236193366 0.7831008434295654 6192
1784236193382 0.12576842308044434 6193
1784236193398 0.15030451118946075 6194
1784236193414 0.5541751384735107 6195
1784236193429 0.2293163537979126 6196
1784236193449 0.6241388916969299 6197
1784236193465 0.4155382215976715 6198
1784236193481 0.38181057572364807 6199
1784236193496 0.19483527541160583 6200
1784236193512 0.15910179913043976 6201
1784236193527 0.22684627771377563 6202
1784236193543 0.1710623800754547 6203
1784236193571 0.08343536406755447 6204
1784236193593 0.19502097368240356 6205
1784236193607 0.11308266222476959 6206
1784236193622 0.7756313681602478 6207
1784236193637 0.7745214104652405 6208
1784236193652 0.16977931559085846 6209
1784236193668 0.17016176879405975 6210
1784236193683 0.3230948746204376 6211
1784236193699 0.320939838886261 6212
1784236193715 0.2416636049747467 6213
1784236193729 0.5402752757072449 6214
1784236193743 0.2290314882993698 6215
1784236193760 0.07542639225721359 6216
1784236193773 0.3078511953353882 6217
1784236193787 0.7142949104309082 6218
1784236193802 0.6383776068687439 6219
1784236193817 0.39693668484687805 6220
1784236193834 0.16904431581497192 6221
1784236193851 0.46010228991508484 6222
1784236193868 0.3781677484512329 6223
1784236193883 0.25507548451423645 6224
1784236193898 0.41111302375793457 6225
1784236193912 0.19119194149971008 6226
1784236193927 0.2514319121837616 6227
1784236193940 0.3680711090564728 6228
1784236193955 0.6206692457199097 6229
1784236193971 0.7389183640480042 6230
1784236193986 0.20226263999938965 6231
1784236194001 0.15838730335235596 6232
1784236194018 0.20358341932296753 6233
1784236194036 0.19854260981082916 6234
1784236194056 0.3763234615325928 6235
1784236194141 0.3500385880470276 6236
1784236194166 0.1778881996870041 6237
1784236194181 0.06435374915599823 6238
1784236194199 0.25869104266166687 6239
1784236194216 0.4621630012989044 6240
1784236194233 0.11376608163118362 6241
1784236194249 0.2986665964126587 6242
1784236194264 0.2142311930656433 6243
1784236194278 0.4043400287628174 6244
1784236194294 0.23147447407245636 6245
1784236194310 0.32527533173561096 6246
1784236194324 0.2577503025531769 6247
1784236194338 0.10531939566135406 6248
1784236194352 0.14460070431232452 6249
1784236194368 0.40167903900146484 6250
1784236194384 0.2348087579011917 6251
1784236194400 0.23568962514400482 6252
1784236194418 0.4384741187095642 6253
1784236194433 0.0997752696275711 6254
1784236194448 0.2601653039455414 6255
1784236194464 0.18316702544689178 6256
1784236194479 0.1431218832731247 6257
1784236194494 0.5067829489707947 6258
1784236194510 0.12970495223999023 6259
1784236194524 0.4204947352409363 6260
1784236194539 0.29474738240242004 6261
1784236194554 0.20062516629695892 6262
1784236194568 0.11399547010660172 6263
1784236194584 0.10216088593006134 6264
1784236194600 0.6158129572868347 6265
1784236194616 0.29519131779670715 6266
1784236194630 0.22259359061717987 6267
1784236194645 0.2304864525794983 6268
1784236194659 0.29534807801246643 6269
1784236194673 0.6605324149131775 6270
1784236194688 0.3140009939670563 6271
1784236194704 0.2588222026824951 6272
1784236194719 0.46996933221817017 6273
1784236194734 0.194940984249115 6274
1784236194749 0.06830902397632599 6275
1784236194763 0.40140068531036377 6276
1784236194778 0.26617828011512756 6277
1784236194792 0.3733237385749817 6278
1784236194805 0.12110836803913116 6279
1784236194821 0.4237704873085022 6280
1784236194837 0.115043506026268 6281
1784236194851 0.20952053368091583 6282
1784236194866 0.2938622236251831 6283
1784236194885 0.2055685818195343 6284
1784236194902 0.21137653291225433 6285
1784236194917 0.34667474031448364 6286
1784236194932 0.21783675253391266 6287
1784236194946 0.2564724087715149 6288
1784236194960 0.11265575140714645 6289
1784236194974 0.1038365364074707 6290
1784236194989 0.7939504981040955 6291
1784236195003 0.47651779651641846 6292
1784236195017 0.25061342120170593 6293
1784236195033 0.3346495032310486 6294
1784236195050 0.8926806449890137 6295
1784236195069 0.22144067287445068 6296
1784236195084 0.2694837749004364 6297
1784236195100 0.2053244262933731 6298
1784236195118 0.25584450364112854 6299
1784236195136 0.12658019363880157 6300
1784236195151 0.7473099827766418 6301
1784236195166 0.2832050919532776 6302
1784236195182 0.2825187146663666 6303
1784236195198 0.1483955979347229 6304
1784236195216 0.04767904430627823 6305
1784236195229 0.3641257882118225 6306
1784236195244 0.18050768971443176 6307
1784236195260 0.3667696416378021 6308
1784236195274 0.23305901885032654 6309
1784236195292 0.7107556462287903 6310
1784236195306 0.19555048644542694 6311
1784236195323 0.11159922182559967 6312
1784236195337 0.25163716077804565 6313
1784236195352 0.14470697939395905 6314
1784236195367 0.2809719443321228 6315
1784236195381 0.17376534640789032 6316
1784236195396 0.26973098516464233 6317
1784236195411 0.5062668323516846 6318
1784236195427 0.26302406191825867 6319
1784236195440 0.33399367332458496 6320
1784236195453 0.6537607908248901 6321
1784236195469 0.35663700103759766 6322
1784236195484 0.11422941833734512 6323
1784236195501 0.8374703526496887 6324
1784236195518 0.22551703453063965 6325
1784236195536 0.40731051564216614 6326
1784236195552 0.438382625579834 6327
1784236195568 0.35694611072540283 6328
1784236195587 0.3362317383289337 6329
1784236195605 0.1013941690325737 6330
1784236195620 0.5056036114692688 6331
1784236195636 0.08844625949859619 6332
1784236195652 0.21796688437461853 6333
1784236195666 0.2473531812429428 6334
1784236195679 0.24775800108909607 6335
1784236195693 0.6896032094955444 6336
1784236195706 0.18677350878715515 6337
1784236195721 0.43758076429367065 6338
1784236195736 0.2056150734424591 6339
1784236195752 0.26325222849845886 6340
1784236195767 0.15033963322639465 6341
1784236195783 0.7806085348129272 6342
1784236195798 0.2694860100746155 6343
1784236195811 0.3238501250743866 6344
1784236195824 0.34540364146232605 6345
1784236195839 0.42284202575683594 6346
1784236195855 0.6600902676582336 6347
1784236195869 0.24086405336856842 6348
1784236195883 0.16376541554927826 6349
1784236195899 0.5941991209983826 6350
1784236195917 0.19628506898880005 6351
1784236195933 0.09247654676437378 6352
1784236195948 0.153916135430336 6353
1784236195962 0.1635185033082962 6354
1784236195977 0.3379434049129486 6355
1784236195989 0.30994585156440735 6356
1784236196004 0.43204525113105774 6357
1784236196018 0.30641061067581177 6358
1784236196032 0.3356383144855499 6359
1784236196045 0.2578354477882385 6360
1784236196060 0.39876100420951843 6361
1784236196074 0.307128369808197 6362
1784236196096 0.22847257554531097 6363
1784236196110 0.2713479995727539 6364
1784236196124 0.3328858017921448 6365
1784236196139 0.1617971807718277 6366
1784236196155 0.21578748524188995 6367
1784236196170 0.5752391219139099 6368
1784236196185 0.10355519503355026 6369
1784236196198 0.37711116671562195 6370
1784236196212 0.3308374285697937 6371
1784236196226 0.11354197561740875 6372
1784236196239 0.14901624619960785 6373
1784236196254 0.19334819912910461 6374
1784236196270 0.25133609771728516 6375
1784236196286 0.5161300301551819 6376
1784236196302 0.368805468082428 6377
1784236196319 0.14778240025043488 6378
1784236196336 0.12403248250484467 6379
1784236196409 0.2549331784248352 6380
1784236196451 0.46045953035354614 6381
1784236196467 0.13253429532051086 6382
1784236196492 0.35687780380249023 6383
1784236196513 0.4992237985134125 6384
1784236196528 0.16705627739429474 6385
1784236196548 0.14746548235416412 6386
1784236196565 0.30206814408302307 6387
1784236196583 0.36273089051246643 6388
1784236196600 0.3555334806442261 6389
1784236196616 0.3070409595966339 6390
1784236196631 0.11580942571163177 6391
1784236196647 0.4789944887161255 6392
1784236196662 0.3058485686779022 6393
1784236196677 0.2250463217496872 6394
1784236196691 0.2639901340007782 6395
1784236196709 0.2661588191986084 6396
1784236196724 0.23336055874824524 6397
1784236196738 0.32177919149398804 6398
1784236196754 0.20634545385837555 6399
1784236196770 0.6141822338104248 6400
1784236196785 0.2055092602968216 6401
1784236196802 0.18964894115924835 6402
1784236196821 0.20807863771915436 6403
1784236196838 0.39290621876716614 6404
1784236196858 0.22145020961761475 6405
1784236196875 0.207232266664505 6406
1784236196890 0.2764810025691986 6407
1784236196905 0.18589746952056885 6408
1784236196921 0.9761008620262146 6409
1784236196938 0.24290317296981812 6410
1784236196953 0.4474468231201172 6411
1784236196969 0.12838149070739746 6412
1784236196987 0.5755091905593872 6413
1784236197003 0.20202237367630005 6414
1784236197023 0.3003993034362793 6415
1784236197040 0.5348596572875977 6416
1784236197055 0.2981574535369873 6417
1784236197069 0.1254454255104065 6418
1784236197086 0.20357801020145416 6419
1784236197101 0.1319892555475235 6420
1784236197120 0.9137814044952393 6421
1784236197138 0.2196996808052063 6422
1784236197155 0.31232088804244995 6423
1784236197170 0.5865270495414734 6424
1784236197185 0.1641169786453247 6425
1784236197200 0.44891130924224854 6426
1784236197215 0.2720434367656708 6427
1784236197234 0.3718452751636505 6428
1784236197249 0.17048221826553345 6429
1784236197264 0.24566012620925903 6430
1784236197280 0.19761677086353302 6431
1784236197297 0.3576791286468506 6432
1784236197312 0.44376957416534424 6433
1784236197326 0.20165450870990753 6434
1784236197341 0.22572040557861328 6435
1784236197355 0.14923854172229767 6436
1784236197370 0.46440649032592773 6437
1784236197385 0.1543831080198288 6438
1784236197401 0.4474443197250366 6439
1784236197417 0.276913046836853 6440
1784236197435 0.3650553524494171 6441
1784236197453 0.07291681319475174 6442
1784236197469 0.40847885608673096 6443
1784236197484 0.2342151254415512 6444
1784236197499 0.21646937727928162 6445
1784236197515 0.036948900669813156 6446
1784236197531 0.12183921784162521 6447
1784236197547 0.30506080389022827 6448
1784236197561 0.10333479940891266 6449
1784236197647 0.5938982963562012 6450
1784236197677 0.29035675525665283 6451
1784236197693 0.24419523775577545 6452
1784236197707 0.22938662767410278 6453
1784236197723 0.2984347343444824 6454
1784236197739 0.7069013118743896 6455
1784236197753 0.32929250597953796 6456
1784236197767 0.3059178590774536 6457
1784236197782 0.38701850175857544 6458
1784236197797 0.2818017303943634 6459
1784236197812 0.3458719849586487 6460
1784236197827 0.13914085924625397 6461
1784236197842 0.5098520517349243 6462
1784236197856 0.10712501406669617 6463
1784236197871 0.19096305966377258 6464
1784236197886 0.10349642485380173 6465
1784236197902 0.24715706706047058 6466
1784236197917 0.4120483100414276 6467
1784236197932 0.25069496035575867 6468
1784236197949 0.2894420921802521 6469
1784236197966 0.44029006361961365 6470
1784236197982 0.18262937664985657 6471
1784236197997 0.26290643215179443 6472
1784236198011 0.4597620964050293 6473
1784236198026 0.6093411445617676 6474
1784236198041 0.235579252243042 6475
1784236198056 0.07466880232095718 6476
1784236198071 0.19511790573596954 6477
1784236198086 0.44239285588264465 6478
1784236198103 0.19802367687225342 6479
1784236198118 0.09409072995185852 6480
1784236198134 0.5487145185470581 6481
1784236198150 0.3050902187824249 6482
1784236198165 0.7066255807876587 6483
1784236198180 0.09712554514408112 6484
1784236198194 0.24906103312969208 6485
1784236198209 0.12628582119941711 6486
1784236198223 0.2090856432914734 6487
1784236198237 0.42417076230049133 6488
1784236198252 0.6518735289573669 6489
1784236198267 0.10038264840841293 6490
1784236198283 0.20127585530281067 6491
1784236198320 0.2988112270832062 6492
1784236198335 0.2509095072746277 6493
1784236198350 0.1098339781165123 6494
1784236198365 0.23496019840240479 6495
1784236198381 0.41800734400749207 6496
1784236198400 1.0198725461959839 6497
1784236198419 0.6359753012657166 6498
1784236198435 0.15927816927433014 6499
1784236198452 0.14292758703231812 6500
1784236198469 0.1531771719455719 6501
1784236198490 0.3087112605571747 6502
1784236198507 0.5079836249351501 6503
1784236198521 0.4300832450389862 6504
1784236198536 0.14632083475589752 6505
1784236198552 0.25919994711875916 6506
1784236198568 0.5356465578079224 6507
1784236198582 0.45980215072631836 6508
1784236198599 0.15678153932094574 6509
1784236198617 0.24163638055324554 6510
1784236198634 0.06351349502801895 6511
1784236198649 0.3992539048194885 6512
1784236198664 0.11004245281219482 6513
1784236198677 0.3582553565502167 6514
1784236198775 0.17836502194404602 6515
1784236198807 0.4098300635814667 6516
1784236198821 0.4293751120567322 6517
1784236198843 0.4917088747024536 6518
1784236198860 0.25901156663894653 6519
1784236198878 0.31027936935424805 6520
1784236198897 0.9962795376777649 6521
1784236198912 0.0980711281299591 6522
1784236198927 0.09342596679925919 6523
1784236198943 0.2578478157520294 6524
1784236198959 0.18714123964309692 6525
1784236198972 0.20907257497310638 6526
1784236198986 0.8069792985916138 6527
1784236199002 0.17431087791919708 6528
1784236199019 0.3642294108867645 6529
1784236199034 0.3705153465270996 6530
1784236199050 0.38022902607917786 6531
1784236199066 0.36648520827293396 6532
1784236199080 0.38210514187812805 6533
1784236199094 0.27467259764671326 6534
1784236199109 0.2602115273475647 6535
1784236199124 0.3332344591617584 6536
1784236199137 0.3158510625362396 6537
1784236199150 0.5583263635635376 6538
1784236199166 0.20086003839969635 6539
1784236199180 0.14530213177204132 6540
1784236199195 0.1286681741476059 6541
1784236199208 0.5889899730682373 6542
1784236199222 0.47801005840301514 6543
1784236199237 0.38051101565361023 6544
1784236199252 0.09737203270196915 6545
1784236199266 0.328010231256485 6546
1784236199281 0.2634076774120331 6547
1784236199299 0.5850592851638794 6548
1784236199317 0.30630627274513245 6549
1784236199333 0.5865253210067749 6550
1784236199347 0.16182997822761536 6551
1784236199361 0.19264906644821167 6552
1784236199375 0.1609611213207245 6553
1784236199388 0.2832566797733307 6554
1784236199405 0.4595186412334442 6555
1784236199421 0.21742261946201324 6556
1784236199435 0.3879373371601105 6557
1784236199451 0.28387245535850525 6558
1784236199467 0.33842819929122925 6559
1784236199483 0.10166467726230621 6560
1784236199502 0.33635395765304565 6561
1784236199517 0.19074442982673645 6562
1784236199531 0.33099037408828735 6563
1784236199545 0.36046358942985535 6564
1784236199558 0.1160656288266182 6565
1784236199572 0.06205972284078598 6566
1784236199587 0.6195330023765564 6567
1784236199602 0.15447574853897095 6568
1784236199616 0.31669631600379944 6569
1784236199631 0.1815522164106369 6570
1784236199646 0.15731695294380188 6571
1784236199662 0.5078573822975159 6572
1784236199677 0.13781268894672394 6573
1784236199691 0.14998026192188263 6574
1784236199705 0.6789930462837219 6575
1784236199720 0.4424530863761902 6576
1784236199734 0.25882458686828613 6577
1784236199748 0.5663541555404663 6578
1784236199764 0.126576229929924 6579
1784236199778 0.23625028133392334 6580
1784236199794 0.3351331949234009 6581
1784236199809 0.21761302649974823 6582
1784236199823 0.12015840411186218 6583
1784236199841 0.09460878372192383 6584
1784236199856 0.16638022661209106 6585
1784236199939 0.3893151879310608 6586
1784236199952 0.22984296083450317 6587
1784236199984 0.1848863661289215 6588
1784236200002 0.2939266562461853 6589
1784236200020 0.4912819266319275 6590
1784236200036 0.38925373554229736 6591
1784236200051 0.46321579813957214 6592
1784236200066 0.21289879083633423 6593
1784236200080 0.27648743987083435 6594
1784236200096 0.10317002236843109 6595
1784236200110 0.4001285433769226 6596
1784236200126 0.3076518177986145 6597
1784236200143 0.4276965856552124 6598
1784236200159 0.4700053036212921 6599
1784236200175 0.33412855863571167 6600
1784236200189 0.4489034414291382 6601
1784236200203 0.22042205929756165 6602
1784236200218 0.9732449054718018 6603
1784236200233 0.41924187541007996 6604
1784236200249 0.2686258554458618 6605
1784236200264 0.3231760561466217 6606
1784236200278 0.251113623380661 6607
1784236200293 0.3384106755256653 6608
1784236200308 0.7335287928581238 6609
1784236200324 0.3993121385574341 6610
1784236200338 0.5797456502914429 6611
1784236200352 0.22746194899082184 6612
1784236200368 0.07515446096658707 6613
1784236200383 0.06169053912162781 6614
1784236200402 0.14137187600135803 6615
1784236200420 0.2170911431312561 6616
1784236200438 0.2965388894081116 6617
1784236200454 0.22089071571826935 6618
1784236200483 0.4423283040523529 6619
1784236200500 0.45216867327690125 6620
1784236200518 0.17834259569644928 6621
1784236200536 0.07644416391849518 6622
1784236200552 0.179925799369812 6623
1784236200569 0.3359436094760895 6624
1784236200585 0.4289208650588989 6625
1784236200602 0.4481722414493561 6626
1784236200618 0.3607211410999298 6627
1784236200636 0.24102485179901123 6628
1784236200653 0.26573821902275085 6629
1784236200667 0.5297869443893433 6630
1784236200681 0.08845241367816925 6631
1784236200696 0.22480744123458862 6632
1784236200711 0.1796463578939438 6633
1784236200726 0.32289618253707886 6634
1784236200741 0.11647628247737885 6635
1784236200755 0.17417365312576294 6636
1784236200770 0.16098783910274506 6637
1784236200785 0.4381718635559082 6638
1784236200800 0.1336364895105362 6639
1784236200815 0.5193960070610046 6640
1784236200829 0.23329263925552368 6641
1784236200845 0.3141656816005707 6642
1784236200860 0.11261678487062454 6643
1784236200874 0.2009347379207611 6644
1784236200893 0.12226235121488571 6645
1784236200908 0.16666196286678314 6646
1784236200928 0.14458884298801422 6647
1784236200943 0.10345413535833359 6648
1784236200956 0.09454958140850067 6649
1784236200971 0.1982768177986145 6650
1784236201067 0.03727167844772339 6651
1784236201104 0.3931578993797302 6652
1784236201123 0.22503483295440674 6653
1784236201141 0.2626447081565857 6654
1784236201158 0.2548183798789978 6655
1784236201176 0.43860042095184326 6656
1784236201190 0.2687465250492096 6657
1784236201203 0.40595316886901855 6658
1784236201217 0.5404301881790161 6659
1784236201231 0.08130184561014175 6660
1784236201247 0.1365276724100113 6661
1784236201260 0.42072319984436035 6662
1784236201273 0.41916969418525696 6663
1784236201287 0.3736847937107086 6664
1784236201302 0.2122659683227539 6665
1784236201318 0.24199970066547394 6666
1784236201333 0.6127467155456543 6667
1784236201350 0.2701943814754486 6668
1784236201365 0.4403596818447113 6669
1784236201379 0.5560358762741089 6670
1784236201393 0.1787472814321518 6671
1784236201409 0.4329918920993805 6672
1784236201426 0.2341255098581314 6673
1784236201450 0.3078406751155853 6674
1784236201466 0.693374514579773 6675
1784236201481 0.23466134071350098 6676
1784236201497 0.17872902750968933 6677
1784236201511 0.2297636717557907 6678
1784236201525 0.6575860977172852 6679
1784236201540 0.3350553512573242 6680
1784236201554 0.15023407340049744 6681
1784236201569 0.12608948349952698 6682
1784236201584 0.2550852298736572 6683
1784236201599 0.1843574196100235 6684
1784236201614 0.170026034116745 6685
1784236201630 0.21621708571910858 6686
1784236201648 0.46495476365089417 6687
1784236201663 0.2284422516822815 6688
1784236201679 0.19768287241458893 6689
1784236201696 0.1661251187324524 6690
1784236201713 0.41790732741355896 6691
1784236201729 0.20806778967380524 6692
1784236201744 0.204971045255661 6693
1784236201760 0.46052825450897217 6694
1784236201777 0.38949400186538696 6695
1784236201795 0.3637755811214447 6696
1784236201811 0.15065062046051025 6697
1784236201826 0.14582526683807373 6698
1784236201842 0.689769446849823 6699
1784236201858 0.3572724759578705 6700
1784236201874 0.26250213384628296 6701
1784236201894 0.22818492352962494 6702
1784236201909 0.9540423154830933 6703
1784236201926 0.12617366015911102 6704
1784236201942 0.4085969924926758 6705
1784236201957 0.8588030934333801 6706
1784236201972 0.3376804292201996 6707
1784236201986 0.23634634912014008 6708
1784236202002 0.3806966245174408 6709
1784236202016 0.4039158523082733 6710
1784236202032 0.16655461490154266 6711
1784236202046 0.2507217228412628 6712
1784236202060 0.3795787990093231 6713
1784236202076 0.7205182909965515 6714
1784236202090 0.7941586971282959 6715
1784236202104 0.07611426711082458 6716
1784236202198 0.20167529582977295 6717
1784236202229 0.16971604526042938 6718
1784236202244 0.17580175399780273 6719
1784236202260 0.35045725107192993 6720
1784236202277 0.11091525852680206 6721
1784236202293 0.39012929797172546 6722
1784236202318 0.6506410241127014 6723
1784236202333 0.18539801239967346 6724
1784236202347 0.27760523557662964 6725
1784236202363 0.32878589630126953 6726
1784236202378 0.09750034660100937 6727
1784236202393 0.6811261177062988 6728
1784236202407 0.19890739023685455 6729
1784236202422 0.14140941202640533 6730
1784236202436 0.5599586367607117 6731
1784236202451 0.7193630337715149 6732
1784236202467 0.22465471923351288 6733
1784236202483 0.31970348954200745 6734
1784236202500 0.26853176951408386 6735
1784236202518 0.32277777791023254 6736
1784236202535 0.2636444568634033 6737
1784236202551 0.3987763524055481 6738
1784236202567 0.4042731523513794 6739
1784236202582 0.27500438690185547 6740
1784236202598 0.17361217737197876 6741
1784236202613 0.28233271837234497 6742
1784236202627 0.19174648821353912 6743
1784236202643 0.24700698256492615 6744
1784236202657 0.12655624747276306 6745
1784236202670 0.2834399342536926 6746
1784236202684 0.5660905838012695 6747
1784236202701 0.31135663390159607 6748
1784236202716 0.5388599038124084 6749
1784236202732 0.19729790091514587 6750
1784236202751 0.1962219923734665 6751
1784236202767 0.13048425316810608 6752
1784236202783 0.1479099839925766 6753
1784236202797 0.7483019232749939 6754
1784236202810 0.11043819785118103 6755
1784236202825 0.12096260488033295 6756
1784236202839 0.19037209451198578 6757
1784236202853 0.3034588396549225 6758
1784236202869 0.5695784091949463 6759
1784236202886 0.08351324498653412 6760
1784236202901 0.37928465008735657 6761
1784236202916 0.33640938997268677 6762
1784236202932 0.5734951496124268 6763
1784236202945 0.6716211438179016 6764
1784236202961 0.5988339185714722 6765
1784236202975 0.3763774037361145 6766
1784236202987 0.4156779944896698 6767
1784236203002 0.15446384251117706 6768
1784236203017 0.1549288034439087 6769
1784236203033 0.3518849015235901 6770
1784236203051 0.5157443881034851 6771
1784236203067 0.1010676696896553 6772
1784236203086 0.23900200426578522 6773
1784236203101 0.3045642077922821 6774
1784236203115 0.4210917055606842 6775
1784236203132 0.20253166556358337 6776
1784236203146 0.060750458389520645 6777
1784236203166 0.4144185185432434 6778
1784236203183 0.2107732892036438 6779
1784236203199 0.49583539366722107 6780
1784236203215 0.22344915568828583 6781
1784236203232 0.1570773720741272 6782
1784236203247 0.04793228954076767 6783
1784236203263 0.36210304498672485 6784
1784236203277 0.5052021145820618 6785
1784236203293 0.8826041221618652 6786
1784236203310 0.04823306202888489 6787
1784236203325 0.13318559527397156 6788
1784236203341 0.5378531217575073 6789
1784236203358 0.2120538204908371 6790
1784236203374 0.10159923881292343 6791
1784236203391 0.10406780987977982 6792
1784236203410 0.241953507065773 6793
1784236203426 0.4320957064628601 6794
1784236203442 0.16146709024906158 6795
1784236203457 0.4769138991832733 6796
1784236203472 0.28557032346725464 6797
1784236203485 0.1260049194097519 6798
1784236203502 0.08756265044212341 6799
1784236203519 0.3046942949295044 6800
1784236203534 0.5707458853721619 6801
1784236203550 0.36255890130996704 6802
1784236203566 0.1991262435913086 6803
1784236203580 0.29447391629219055 6804
1784236203596 0.43956586718559265 6805
1784236203611 0.09895823150873184 6806
1784236203628 0.5495508313179016 6807
1784236203643 0.33744800090789795 6808
1784236203659 0.55584317445755 6809
1784236203674 0.2460048645734787 6810
1784236203689 0.12920255959033966 6811
1784236203701 0.11991772055625916 6812
1784236203716 0.15897579491138458 6813
1784236203733 0.40930119156837463 6814
1784236203792 0.16485586762428284 6815
1784236203815 0.2591950297355652 6816
1784236203836 0.27416694164276123 6817
1784236203850 0.17277319729328156 6818
1784236203873 0.3172927796840668 6819
1784236203887 0.1494504064321518 6820
1784236203904 0.4800272583961487 6821
1784236203919 0.34624284505844116 6822
1784236203938 0.5048190355300903 6823
1784236203953 0.27987200021743774 6824
1784236203968 1.0741304159164429 6825
1784236203983 0.4645903408527374 6826
1784236203997 0.28874778747558594 6827
1784236204012 0.16998359560966492 6828
1784236204026 0.12541654706001282 6829
1784236204041 0.8760368824005127 6830
1784236204053 0.15404251217842102 6831
1784236204066 0.21808740496635437 6832
1784236204082 0.2150312066078186 6833
1784236204096 0.5094349384307861 6834
1784236204110 0.11045966297388077 6835
1784236204125 0.23167364299297333 6836
1784236204140 0.24632248282432556 6837
1784236204156 0.18688790500164032 6838
1784236204169 0.4690973460674286 6839
1784236204184 0.29799386858940125 6840
1784236204198 0.33459481596946716 6841
1784236204214 0.32654038071632385 6842
1784236204232 0.21643805503845215 6843
1784236204250 0.20456579327583313 6844
1784236204266 0.28471696376800537 6845
1784236204283 0.4001711308956146 6846
1784236204299 0.3867377042770386 6847
1784236204314 0.39374738931655884 6848
1784236204329 0.39228469133377075 6849
1784236204345 0.1256532371044159 6850
1784236204359 0.07895238697528839 6851
1784236204375 0.3553156554698944 6852
1784236204389 0.11818219721317291 6853
1784236204406 0.35698580741882324 6854
1784236204423 0.10743966698646545 6855
1784236204438 0.3099634051322937 6856
1784236204455 0.7500690817832947 6857
1784236204471 0.19707047939300537 6858
1784236204485 0.25753188133239746 6859
1784236204501 0.2690991163253784 6860
1784236204517 0.145765021443367 6861
1784236204532 0.11141428351402283 6862
1784236204556 0.2654291093349457 6863
1784236204576 0.3633935749530792 6864
1784236204590 0.24551819264888763 6865
1784236204603 0.13259334862232208 6866
1784236204618 0.31337353587150574 6867
1784236204631 0.28753137588500977 6868
1784236204645 0.29018446803092957 6869
1784236204658 0.20681554079055786 6870
1784236204673 0.25689032673835754 6871
1784236204689 0.3388057053089142 6872
1784236204704 0.2961306571960449 6873
1784236204721 0.36365970969200134 6874
1784236204737 0.0691663846373558 6875
1784236204755 0.22571417689323425 6876
1784236204770 0.20872952044010162 6877
1784236204785 0.2712761461734772 6878
1784236204799 0.3758198022842407 6879
1784236204814 0.2341461479663849 6880
1784236204863 0.258619487285614 6881
1784236204915 0.34882932901382446 6882
1784236204946 0.5859424471855164 6883
1784236204962 0.16235442459583282 6884
1784236204979 0.3539973497390747 6885
1784236204995 0.3344281315803528 6886
1784236205009 0.2270401567220688 6887
1784236205024 0.30724239349365234 6888
1784236205038 0.19368188083171844 6889
1784236205052 0.19814752042293549 6890
1784236205069 0.13652843236923218 6891
1784236205087 0.38384032249450684 6892
1784236205102 0.3687250018119812 6893
1784236205117 0.5148565769195557 6894
1784236205132 0.24802398681640625 6895
1784236205148 0.1488233506679535 6896
1784236205163 0.5590631365776062 6897
1784236205179 0.2607809901237488 6898
1784236205193 0.4673723578453064 6899
1784236205208 0.7198442816734314 6900
1784236205223 0.3769615888595581 6901
1784236205240 0.12468449026346207 6902
1784236205254 0.36282601952552795 6903
1784236205271 0.13823825120925903 6904
1784236205287 0.21657544374465942 6905
1784236205302 0.15243269503116608 6906
1784236205318 0.5632876753807068 6907
1784236205335 0.06526743620634079 6908
1784236205350 0.27787452936172485 6909
1784236205366 0.19628511369228363 6910
1784236205385 0.08832848817110062 6911
1784236205400 0.28945642709732056 6912
1784236205414 0.5020827651023865 6913
1784236205430 0.42888492345809937 6914
1784236205445 0.1349107176065445 6915
1784236205460 0.3500911593437195 6916
1784236205477 0.07198689877986908 6917
1784236205492 0.18897730112075806 6918
1784236205507 0.32851189374923706 6919
1784236205522 0.16435180604457855 6920
1784236205536 0.5347034931182861 6921
1784236205551 0.28818726539611816 6922
1784236205567 0.19669987261295319 6923
1784236205585 0.2335672229528427 6924
1784236205601 0.15578168630599976 6925
1784236205621 0.3116615116596222 6926
1784236205643 0.7466679215431213 6927
1784236205660 0.5945300459861755 6928
1784236205677 0.08350697159767151 6929
1784236205692 0.37985044717788696 6930
1784236205709 0.5816203951835632 6931
1784236205722 0.16790303587913513 6932
1784236205738 0.14465342462062836 6933
1784236205753 0.3848862946033478 6934
1784236205767 0.3059859871864319 6935
1784236205780 0.2286914885044098 6936
1784236205794 0.10872838646173477 6937
1784236205811 0.23527555167675018 6938
1784236205825 0.09725379943847656 6939
1784236205838 0.34170255064964294 6940
1784236205851 0.06021638587117195 6941
1784236205868 0.42600634694099426 6942
1784236205883 0.3074968755245209 6943
1784236205899 0.3518162965774536 6944
1784236205917 0.4535585045814514 6945
1784236205934 0.20369426906108856 6946
1784236205950 0.513359010219574 6947
1784236205965 0.34403377771377563 6948
1784236206050 0.25406569242477417 6949
1784236206065 0.38512295484542847 6950
1784236206083 0.1769367903470993 6951
1784236206099 0.12752389907836914 6952
1784236206116 0.2185230851173401 6953
1784236206131 0.31169593334198 6954
1784236206147 0.3583420217037201 6955
1784236206162 0.30336183309555054 6956
1784236206176 0.10509172827005386 6957
1784236206190 0.38919711112976074 6958
1784236206205 0.40038612484931946 6959
1784236206219 0.3468645513057709 6960
1784236206235 0.11043135076761246 6961
1784236206251 0.1691613644361496 6962
1784236206267 0.07777031511068344 6963
1784236206283 0.31775397062301636 6964
1784236206301 0.22244542837142944 6965
1784236206319 0.13143222033977509 6966
1784236206335 0.24640235304832458 6967
1784236206351 0.4378372132778168 6968
1784236206366 0.13375750184059143 6969
1784236206382 0.3533037006855011 6970
1784236206398 0.4454112946987152 6971
1784236206414 0.3184717893600464 6972
1784236206431 0.49590498208999634 6973
1784236206447 0.3644748628139496 6974
1784236206461 0.2228708565235138 6975
1784236206476 0.2739884853363037 6976
1784236206491 0.3860500454902649 6977
1784236206505 0.6084293127059937 6978
1784236206518 0.45963627099990845 6979
1784236206534 0.1283666342496872 6980
1784236206549 0.6689717173576355 6981
1784236206566 0.09463813900947571 6982
1784236206582 0.3410619795322418 6983
1784236206600 0.32567861676216125 6984
1784236206615 0.3085721731185913 6985
1784236206631 0.15808448195457458 6986
1784236206660 0.2474624365568161 6987
1784236206676 0.04043878614902496 6988
1784236206691 0.27288979291915894 6989
1784236206702 0.1034969687461853 6990
1784236206717 0.2903670370578766 6991
1784236206732 0.22279492020606995 6992
1784236206749 0.5864806175231934 6993
1784236206763 0.18911966681480408 6994
1784236206779 0.0872708410024643 6995
1784236206793 0.09324961155653 6996
1784236206807 0.35204634070396423 6997
1784236206823 0.4178727865219116 6998
1784236206837 0.2810822129249573 6999
1784236206851 0.19552162289619446 7000
1784236206866 0.2191448211669922 7001
1784236206882 0.38556137681007385 7002
1784236206897 0.2348964363336563 7003
1784236206917 0.07704705744981766 7004
1784236206934 0.2563680112361908 7005
1784236206950 0.3478003442287445 7006
1784236206968 0.46082356572151184 7007
1784236206985 0.18686257302761078 7008
1784236207003 0.3162366449832916 7009
1784236207018 0.1549593210220337 7010
1784236207033 0.19467715919017792 7011
1784236207048 0.16904951632022858 7012
1784236207062 0.4333992004394531 7013
1784236207075 0.1415022611618042 7014
1784236207159 0.30048713088035583 7015
1784236207172 0.2859686017036438 7016
1784236207192 0.38611388206481934 7017
1784236207214 0.38780197501182556 7018
1784236207230 0.14531905949115753 7019
1784236207246 0.1386246681213379 7020
1784236207260 0.2570832371711731 7021
1784236207276 0.25686365365982056 7022
1784236207289 0.19829575717449188 7023
1784236207304 0.12294401973485947 7024
1784236207317 0.27182185649871826 7025
1784236207333 0.157502219080925 7026
1784236207350 0.11400465667247772 7027
1784236207365 0.31943565607070923 7028
1784236207385 0.3113345205783844 7029
1784236207406 0.0932282954454422 7030
1784236207422 0.5214264988899231 7031
1784236207440 0.35123372077941895 7032
1784236207455 0.22589167952537537 7033
1784236207471 0.3934394121170044 7034
1784236207487 0.15230415761470795 7035
1784236207502 0.17853601276874542 7036
1784236207517 0.1890985369682312 7037
1784236207533 0.5108322501182556 7038
1784236207548 0.132590189576149 7039
1784236207563 0.21632033586502075 7040
1784236207590 0.1699645072221756 7041
1784236207606 0.31997984647750854 7042
1784236207621 0.2599821984767914 7043
1784236207635 0.3040219247341156 7044
1784236207650 0.7401689887046814 7045
1784236207668 0.3627746105194092 7046
1784236207685 0.23333127796649933 7047
1784236207702 0.24912413954734802 7048
1784236207716 0.2674095928668976 7049
1784236207733 0.24935957789421082 7050
1784236207749 0.2397666573524475 7051
1784236207765 0.4145612120628357 7052
1784236207780 0.34634900093078613 7053
1784236207794 0.4254211187362671 7054
1784236207808 0.48728716373443604 7055
1784236207825 0.39921557903289795 7056
1784236207841 0.21059292554855347 7057
1784236207857 0.1676417589187622 7058
1784236207875 0.2929360568523407 7059
1784236207892 0.4085029363632202 7060
1784236207910 0.541630744934082 7061
1784236207926 0.13223418593406677 7062
1784236207942 0.1741398274898529 7063
1784236207957 0.2759735584259033 7064
1784236207971 0.6357852220535278 7065
1784236207985 0.2779596447944641 7066
1784236208000 0.38898012042045593 7067
1784236208017 0.326460599899292 7068
1784236208034 0.21094383299350739 7069
1784236208052 0.6329991817474365 7070
1784236208070 0.10162138938903809 7071
1784236208085 0.4227648377418518 7072
1784236208100 0.06681196391582489 7073
1784236208116 0.5212326049804688 7074
1784236208131 0.3098851442337036 7075
1784236208145 0.3147071599960327 7076
1784236208160 0.7068604230880737 7077
1784236208175 0.6114417314529419 7078
1784236208189 0.5053659677505493 7079
1784236208204 0.4964752495288849 7080
1784236208218 0.13174773752689362 7081
1784236208234 0.5392000079154968 7082
1784236208248 0.508148193359375 7083
1784236208263 0.20006217062473297 7084
1784236208279 0.1084509864449501 7085
1784236208293 0.7008082270622253 7086
1784236208307 0.18722692131996155 7087
1784236208321 0.41871482133865356 7088
1784236208336 0.1766941100358963 7089
1784236208352 0.190916046500206 7090
1784236208367 0.31490617990493774 7091
1784236208382 0.5485641956329346 7092
1784236208398 0.3037864863872528 7093
1784236208414 0.2133703976869583 7094
1784236208429 0.33358657360076904 7095
1784236208517 0.2984982132911682 7096
1784236208532 0.5755162835121155 7097
1784236208550 0.1487816423177719 7098
1784236208566 0.40460750460624695 7099
1784236208583 0.448508620262146 7100
1784236208598 0.2415875792503357 7101
1784236208613 0.24318832159042358 7102
1784236208632 0.23243264853954315 7103
1784236208648 0.2788378596305847 7104
1784236208664 0.40581652522087097 7105
1784236208678 0.21208049356937408 7106
1784236208692 0.3666481375694275 7107
1784236208708 0.3253849148750305 7108
1784236208723 0.12511609494686127 7109
1784236208737 0.2589991092681885 7110
1784236208751 0.22175244987010956 7111
1784236208765 0.1425476372241974 7112
1784236208780 0.4033932685852051 7113
1784236208797 0.11218515783548355 7114
1784236208812 0.6417075395584106 7115
1784236208826 0.47578155994415283 7116
1784236208841 0.3357810378074646 7117
1784236208855 0.2508784830570221 7118
1784236208870 0.16560080647468567 7119
1784236208884 0.26231008768081665 7120
1784236208900 0.48555535078048706 7121
1784236208916 0.15515625476837158 7122
1784236208932 0.33450108766555786 7123
1784236208950 0.3397713899612427 7124
1784236208965 0.6170288324356079 7125
1784236208979 0.27297958731651306 7126
1784236208997 0.09727079421281815 7127
1784236209011 0.22078926861286163 7128
1784236209023 0.11421830207109451 7129
1784236209038 0.29644855856895447 7130
1784236209053 0.3599824607372284 7131
1784236209068 0.44111254811286926 7132
1784236209084 0.18868495523929596 7133
1784236209099 0.3191789984703064 7134
1784236209115 0.25541555881500244 7135
1784236209132 0.25434786081314087 7136
1784236209149 0.15174590051174164 7137
1784236209165 0.4813201129436493 7138
1784236209180 0.4625723958015442 7139
1784236209195 0.2888029217720032 7140
1784236209210 0.359678715467453 7141
1784236209223 0.1209697350859642 7142
1784236209236 0.3841227889060974 7143
1784236209250 0.20365823805332184 7144
1784236209264 0.16690760850906372 7145
1784236209278 0.23672384023666382 7146
1784236209292 0.3569282591342926 7147
1784236209305 0.35960274934768677 7148
1784236209319 0.43047213554382324 7149
1784236209334 0.23625503480434418 7150
1784236209351 0.35225245356559753 7151
1784236209366 0.28377360105514526 7152
1784236209383 0.5688880085945129 7153
1784236209401 0.29951658844947815 7154
1784236209416 0.27877476811408997 7155
1784236209432 0.3603459298610687 7156
1784236209451 0.2551577091217041 7157
1784236209469 0.40999504923820496 7158
1784236209485 0.3103038966655731 7159
1784236209500 0.2985665500164032 7160
1784236209514 0.10565805435180664 7161
1784236209609 0.24181576073169708 7162
1784236209623 0.6758022904396057 7163
1784236209650 0.2397545576095581 7164
1784236209667 0.0756290927529335 7165
1784236209684 0.1356339454650879 7166
1784236209702 0.48968738317489624 7167
1784236209719 0.3161706030368805 7168
1784236209734 0.13896669447422028 7169
1784236209747 0.17292112112045288 7170
1784236209764 0.732827365398407 7171
1784236209779 0.5218048095703125 7172
1784236209793 0.3776557445526123 7173
1784236209808 0.42536577582359314 7174
1784236209822 0.23423320055007935 7175
1784236209837 0.3988247811794281 7176
1784236209853 0.6918076872825623 7177
1784236209868 0.35475242137908936 7178
1784236209884 0.522085964679718 7179
1784236209898 0.36538565158843994 7180
1784236209914 0.2896213233470917 7181
1784236209929 0.057406775653362274 7182
1784236209944 0.27255135774612427 7183
1784236209959 0.4504241347312927 7184
1784236209972 0.09794855862855911 7185
1784236209987 0.13971205055713654 7186
1784236210002 0.3138386905193329 7187
1784236210017 0.28519904613494873 7188
1784236210032 0.4782902002334595 7189
1784236210046 0.3696705102920532 7190
1784236210062 0.18343481421470642 7191
1784236210077 0.14895768463611603 7192
1784236210094 0.244024395942688 7193
1784236210112 0.09756935387849808 7194
1784236210130 0.22275277972221375 7195
1784236210146 0.3410429060459137 7196
1784236210163 0.19259123504161835 7197
1784236210180 0.10874659568071365 7198
1784236210196 0.47126880288124084 7199
1784236210211 0.3397984206676483 7200
1784236210226 0.5471121072769165 7201
1784236210239 0.11961746960878372 7202
1784236210253 0.19280552864074707 7203
1784236210268 0.16864706575870514 7204
1784236210282 0.170241579413414 7205
1784236210296 0.3073287010192871 7206
1784236210312 0.5740145444869995 7207
1784236210327 0.14937368035316467 7208
1784236210340 0.10079941898584366 7209
1784236210356 0.3672811686992645 7210
1784236210371 0.380034476518631 7211
1784236210384 0.40832895040512085 7212
1784236210399 0.15257638692855835 7213
1784236210414 0.1000637635588646 7214
1784236210429 0.16410541534423828 7215
1784236210445 0.41595688462257385 7216
1784236210462 0.5026525259017944 7217
1784236210477 0.4467584192752838 7218
1784236210492 0.258591890335083 7219
1784236210507 0.4586503803730011 7220
1784236210524 0.212490513920784 7221
1784236210539 0.28649377822875977 7222
1784236210554 0.18677516281604767 7223
1784236210569 0.19667556881904602 7224
1784236210584 0.293937623500824 7225
1784236210599 0.12788580358028412 7226
1784236210613 0.2993013858795166 7227
1784236210629 0.7860696911811829 7228
1784236210647 0.999729573726654 7229
1784236210665 0.4157443642616272 7230
1784236210683 0.3938450515270233 7231
1784236210700 0.31122657656669617 7232
1784236210717 0.38217002153396606 7233
1784236210740 0.14219316840171814 7234
1784236210760 0.14806294441223145 7235
1784236210782 0.24518005549907684 7236
1784236210807 0.6052332520484924 7237
1784236210828 0.2534135580062866 7238
1784236210871 0.2735288143157959 7239
1784236210888 0.5834393501281738 7240
1784236210907 0.09698748588562012 7241
1784236210924 0.3311993181705475 7242
1784236210937 0.1550920307636261 7243
1784236210951 0.17299915850162506 7244
1784236210967 0.4950019121170044 7245
1784236210984 0.44129523634910583 7246
1784236211002 0.34441959857940674 7247
1784236211017 0.1504741609096527 7248
1784236211032 0.4729062020778656 7249
1784236211046 0.11928578466176987 7250
1784236211061 0.4656406342983246 7251
1784236211075 0.4607609510421753 7252
1784236211090 0.3038904666900635 7253
1784236211104 0.41912364959716797 7254
1784236211118 0.16371583938598633 7255
1784236211132 0.37821725010871887 7256
1784236211148 0.35266903042793274 7257
1784236211163 0.48482266068458557 7258
1784236211178 0.17518994212150574 7259
1784236211193 0.5735455751419067 7260
1784236211208 0.451653391122818 7261
1784236211222 0.2359958291053772 7262
1784236211235 0.3171236515045166 7263
1784236211250 0.7198809385299683 7264
1784236211266 0.49969881772994995 7265
1784236211283 0.08131056278944016 7266
1784236211298 0.10255298763513565 7267
1784236211312 0.3014815151691437 7268
1784236211327 0.25255924463272095 7269
1784236211341 0.9223313927650452 7270
1784236211358 0.34070971608161926 7271
1784236211373 0.595780074596405 7272
1784236211389 0.24626070261001587 7273
1784236211405 0.37415027618408203 7274
1784236211421 0.38368523120880127 7275
1784236211435 0.4447780251502991 7276
1784236211451 0.5367264151573181 7277
1784236211465 0.2857096493244171 7278
1784236211481 0.40829750895500183 7279
1784236211496 0.18412944674491882 7280
1784236211511 0.4035256803035736 7281
1784236211525 0.5236523747444153 7282
1784236211541 0.3278343081474304 7283
1784236211555 0.3855142295360565 7284
1784236211572 0.07113441079854965 7285
1784236211586 0.5197709202766418 7286
1784236211600 0.3821529746055603 7287
1784236211616 0.5633800625801086 7288
1784236211632 0.1542784571647644 7289
1784236211647 0.24755039811134338 7290
1784236211663 0.14981645345687866 7291
1784236211679 0.4740389585494995 7292
1784236211696 0.3053978383541107 7293
1784236211715 0.28856709599494934 7294
1784236211728 0.2006286233663559 7295
1784236211740 0.19706812500953674 7296
1784236211753 0.4917339086532593 7297
1784236211769 0.309635728597641 7298
1784236211783 0.15213629603385925 7299
1784236211798 0.3933998942375183 7300
1784236211815 0.08472172170877457 7301
1784236211834 0.7572482228279114 7302
1784236211851 0.13883699476718903 7303
1784236211867 0.25028225779533386 7304
1784236211883 0.4662867486476898 7305
1784236211900 0.2468167543411255 7306
1784236211917 0.1794474720954895 7307
1784236211933 0.49482348561286926 7308
1784236211950 0.14577355980873108 7309
1784236211967 0.22721204161643982 7310
1784236211982 0.44990527629852295 7311
1784236211998 0.277972549200058 7312
1784236212015 0.24827396869659424 7313
1784236212033 0.19160161912441254 7314
1784236212049 0.24734899401664734 7315
1784236212065 0.2207373082637787 7316
1784236212083 0.5484086871147156 7317
1784236212099 0.16897951066493988 7318
1784236212114 0.1406746804714203 7319
1784236212131 0.4709392786026001 7320
1784236212146 0.21183431148529053 7321
1784236212162 0.5901086926460266 7322
1784236212177 0.16202396154403687 7323
1784236212192 0.19075839221477509 7324
1784236212208 0.16315734386444092 7325
1784236212224 0.3316313326358795 7326
1784236212240 0.386296808719635 7327
1784236212255 0.1751926988363266 7328
1784236212270 0.24871176481246948 7329
1784236212284 0.3795454502105713 7330
1784236212300 0.26287227869033813 7331
1784236212315 0.2139188051223755 7332
1784236212330 0.5303528904914856 7333
1784236212349 0.18370437622070312 7334
1784236212366 0.2046581506729126 7335
1784236212386 0.1041141226887703 7336
1784236212412 0.6825015544891357 7337
1784236212432 0.5420371294021606 7338
1784236212451 0.15005870163440704 7339
1784236212468 0.16027198731899261 7340
1784236212562 0.11127456277608871 7341
1784236212576 0.18495294451713562 7342
1784236212600 0.10595894604921341 7343
1784236212615 0.223202645778656 7344
1784236212631 0.5053341388702393 7345
1784236212647 0.2624813914299011 7346
1784236212665 0.1625394970178604 7347
1784236212681 0.2353159636259079 7348
1784236212697 0.8455338478088379 7349
1784236212711 0.26995399594306946 7350
1784236212725 0.43657156825065613 7351
1784236212741 0.2740993797779083 7352
1784236212757 0.7734965085983276 7353
1784236212773 0.18604803085327148 7354
1784236212787 0.3824880123138428 7355
1784236212801 0.2062496542930603 7356
1784236212816 0.3622635304927826 7357
1784236212832 0.870302677154541 7358
1784236212848 0.09786175191402435 7359
1784236212865 0.6199606657028198 7360
1784236212883 0.2375495284795761 7361
1784236212900 0.16499774158000946 7362
1784236212915 0.1766643077135086 7363
1784236212931 0.11532475054264069 7364
1784236212946 0.3037909269332886 7365
1784236212962 0.1344350427389145 7366
1784236212979 0.19529187679290771 7367
1784236212994 0.11282063275575638 7368
1784236213008 0.6775336861610413 7369
1784236213021 0.10678403824567795 7370
1784236213036 0.11602862924337387 7371
1784236213051 0.1873021125793457 7372
1784236213066 0.3386964499950409 7373
1784236213082 0.29294848442077637 7374
1784236213099 0.5757043361663818 7375
1784236213114 0.2963160276412964 7376
1784236213132 0.20010064542293549 7377
1784236213150 0.37365496158599854 7378
1784236213166 0.11958649754524231 7379
1784236213181 0.3822779059410095 7380
1784236213198 0.11186572164297104 7381
1784236213213 0.5579063892364502 7382
1784236213227 0.4379385709762573 7383
1784236213239 0.4191421568393707 7384
1784236213254 0.484091579914093 7385
1784236213269 0.6560495495796204 7386
1784236213285 0.04519486799836159 7387
1784236213300 0.4308539032936096 7388
1784236213315 0.26849764585494995 7389
1784236213330 0.3728976547718048 7390
1784236213345 0.21113160252571106 7391
1784236213361 0.19336329400539398 7392
1784236213376 0.36892902851104736 7393
1784236213390 0.28454136848449707 7394
1784236213404 0.38052135705947876 7395
1784236213421 0.3193727731704712 7396
1784236213439 0.827307939529419 7397
1784236213456 0.36246904730796814 7398
1784236213472 0.40544021129608154 7399
1784236213487 0.834570586681366 7400
1784236213501 0.2614002227783203 7401
1784236213515 0.19910894334316254 7402
1784236213530 0.22896145284175873 7403
1784236213549 0.19565846025943756 7404
1784236213566 0.19028285145759583 7405
1784236213584 0.19235509634017944 7406
1784236213664 0.3724490702152252 7407
1784236213677 0.5332546234130859 7408
1784236213700 0.257101833820343 7409
1784236213722 0.22843986749649048 7410
1784236213737 0.11522547900676727 7411
1784236213751 0.35666292905807495 7412
1784236213771 0.701920211315155 7413
1784236213784 0.271342009305954 7414
1784236213800 0.8927905559539795 7415
1784236213816 0.06600375473499298 7416
1784236213832 0.4274537265300751 7417
1784236213845 0.2997925579547882 7418
1784236213862 0.3190799653530121 7419
1784236213877 0.4918328523635864 7420
1784236213892 0.0933159738779068 7421
1784236213906 0.3561724126338959 7422
1784236213919 0.2575397491455078 7423
1784236213937 0.2357049137353897 7424
1784236213950 0.16550326347351074 7425
1784236213965 0.2654314935207367 7426
1784236213981 0.26211246848106384 7427
1784236213995 0.3882399797439575 7428
1784236214010 0.22276243567466736 7429
1784236214025 0.6307616829872131 7430
1784236214042 0.11105227470397949 7431
1784236214056 0.08575280010700226 7432
1784236214069 0.4741581976413727 7433
1784236214086 0.0784793496131897 7434
1784236214100 0.11324340105056763 7435
1784236214115 0.37752342224121094 7436
1784236214129 0.19346362352371216 7437
1784236214144 0.29230785369873047 7438
1784236214158 0.1871786266565323 7439
1784236214172 0.12368594855070114 7440
1784236214186 0.20983292162418365 7441
1784236214201 0.19958654046058655 7442
1784236214217 0.28079095482826233 7443
1784236214241 0.4182029962539673 7444
1784236214259 0.4996349811553955 7445
1784236214274 0.07759740948677063 7446
1784236214290 0.2605181038379669 7447
1784236214304 0.15142768621444702 7448
1784236214319 0.402800053358078 7449
1784236214333 0.09132962673902512 7450
1784236214348 0.6109083294868469 7451
1784236214363 0.17844370007514954 7452
1784236214379 0.4547688364982605 7453
1784236214396 0.30494463443756104 7454
1784236214410 0.4719552993774414 7455
1784236214425 0.7374584674835205 7456
1784236214441 0.15430766344070435 7457
1784236214457 0.4718029499053955 7458
1784236214474 0.18188245594501495 7459
1784236214491 0.5087552666664124 7460
1784236214505 0.05398522689938545 7461
1784236214517 0.16714639961719513 7462
1784236214532 0.28072741627693176 7463
1784236214547 0.19521373510360718 7464
1784236214562 0.2454376369714737 7465
1784236214578 0.410674512386322 7466
1784236214591 0.3013063073158264 7467
1784236214606 0.3480144143104553 7468
1784236214620 0.4978184700012207 7469
1784236214635 0.3541143536567688 7470
1784236214649 0.8659108877182007 7471
1784236214666 0.3460806906223297 7472
1784236214682 0.25926700234413147 7473
1784236214704 0.17175772786140442 7474
1784236214726 0.24896179139614105 7475
1784236214748 0.33525538444519043 7476
1784236214767 0.0708402767777443 7477
1784236214785 0.9155635237693787 7478
1784236214815 0.3608129620552063 7479
1784236214841 0.11281322687864304 7480
1784236214857 0.5520959496498108 7481
1784236214873 0.1476963609457016 7482
1784236214895 0.239056795835495 7483
1784236214910 0.5636866092681885 7484
1784236214930 0.2798517644405365 7485
1784236214945 0.4110657572746277 7486
1784236214960 0.13526369631290436 7487
1784236214973 0.0500141903758049 7488
1784236214988 0.35519683361053467 7489
1784236215003 0.41834962368011475 7490
1784236215019 0.5148158669471741 7491
1784236215033 0.29343265295028687 7492
1784236215057 0.13154080510139465 7493
1784236215072 0.34558039903640747 7494
1784236215088 0.25316035747528076 7495
1784236215102 0.074068583548069 7496
1784236215116 0.5001984238624573 7497
1784236215130 0.23253096640110016 7498
1784236215146 0.09046309441328049 7499
1784236216349 0.1964966058731079 7500
1784236216367 0.16417093575000763 7501
1784236216387 0.16526369750499725 7502
1784236216414 0.5049046874046326 7503
1784236216434 0.3621166944503784 7504
1784236216452 0.061615653336048126 7505
1784236216471 0.16226229071617126 7506
1784236216494 0.15393322706222534 7507
1784236216510 0.4680979549884796 7508
1784236216528 0.4182784855365753 7509
1784236216546 0.20764468610286713 7510
1784236216564 0.2806597352027893 7511
1784236216581 0.06539248675107956 7512
1784236216599 0.2087060958147049 7513
1784236216618 0.3443993031978607 7514
1784236216638 0.08744754642248154 7515
1784236216654 0.545282781124115 7516
1784236216670 0.3674176335334778 7517
1784236216684 0.5346091389656067 7518
1784236216700 0.2499118149280548 7519
1784236216715 0.25202518701553345 7520
1784236216729 0.6657789349555969 7521
1784236216744 0.41047918796539307 7522
1784236216758 0.1278662085533142 7523
1784236216775 0.3690144419670105 7524
1784236216793 0.054103970527648926 7525
1784236216809 0.3881462514400482 7526
1784236216824 0.541511058807373 7527
1784236216839 0.26412373781204224 7528
1784236216854 0.12048231065273285 7529
1784236216869 0.17867407202720642 7530
1784236216883 0.12103474885225296 7531
1784236216899 0.31665855646133423 7532
1784236216916 0.3313763737678528 7533
1784236216932 0.1645076423883438 7534
1784236216947 0.19769425690174103 7535
1784236216962 0.09284969419240952 7536
1784236216977 0.4321228265762329 7537
1784236216993 0.7398139238357544 7538
1784236217010 0.43344390392303467 7539
1784236217025 0.16861563920974731 7540
1784236217041 0.1783738136291504 7541
1784236217056 0.22584465146064758 7542
1784236217073 0.33075398206710815 7543
1784236217108 0.3661564290523529 7544
1784236217125 0.23616242408752441 7545
1784236217142 0.22958840429782867 7546
1784236217160 0.5258827805519104 7547
1784236217176 0.41259026527404785 7548
1784236217194 0.5279152393341064 7549
1784236217208 0.30054008960723877 7550
1784236217223 0.4290776252746582 7551
1784236217238 0.22367918491363525 7552
1784236217253 0.39902085065841675 7553
1784236217268 0.38156628608703613 7554
1784236217283 0.41264984011650085 7555
1784236217300 0.4860621690750122 7556
1784236217317 0.25994426012039185 7557
1784236217332 0.315298467874527 7558
1784236217347 0.14655055105686188 7559
1784236217362 0.252807080745697 7560
1784236217377 0.653517484664917 7561
1784236217391 0.3625301122665405 7562
1784236217408 0.12134477496147156 7563
1784236217424 0.13638955354690552 7564
1784236217441 0.28192663192749023 7565
1784236217457 0.5641791820526123 7566
1784236217472 0.14836519956588745 7567
1784236217487 0.3753741681575775 7568
1784236217501 0.36887606978416443 7569
1784236217516 0.24055905640125275 7570
1784236217531 0.2076515406370163 7571
1784236217547 0.0698256567120552 7572
1784236217563 0.16690774261951447 7573
1784236217577 0.2215077430009842 7574
1784236217592 0.24109762907028198 7575
1784236217606 0.5638523101806641 7576
1784236217622 0.25061535835266113 7577
1784236217634 0.12414135038852692 7578
1784236217722 0.2710166573524475 7579
1784236217756 0.3678331673145294 7580
1784236217772 0.09641149640083313 7581
1784236217791 0.1245557889342308 7582
1784236217806 0.23860758543014526 7583
1784236217822 0.13090571761131287 7584
1784236217841 0.40773335099220276 7585
1784236217854 0.08626492321491241 7586
1784236217870 0.2766967713832855 7587
1784236217883 0.2953011393547058 7588
1784236217898 0.4387461543083191 7589
1784236217915 0.11589555442333221 7590
1784236217931 0.16819272935390472 7591
1784236217949 0.39442235231399536 7592
1784236217966 0.4725410044193268 7593
1784236217982 0.5711215138435364 7594
1784236217999 0.23949205875396729 7595
1784236218015 0.5977751016616821 7596
1784236218030 0.3978276252746582 7597
1784236218045 0.18817834556102753 7598
1784236218059 0.13188517093658447 7599
1784236218074 0.3609428107738495 7600
1784236218088 0.3049011528491974 7601
1784236218101 0.5774016380310059 7602
1784236218116 0.41904938220977783 7603
1784236218132 0.5011692047119141 7604
1784236218147 0.17438466846942902 7605
1784236218161 0.15576499700546265 7606
1784236218175 0.11017832159996033 7607
1784236218190 0.21363919973373413 7608
1784236218202 0.15270893275737762 7609
1784236218218 0.14704711735248566 7610
1784236218232 0.3503480553627014 7611
1784236218247 0.6020320653915405 7612
1784236218264 0.36881721019744873 7613
1784236218279 0.37571752071380615 7614
1784236218298 0.30850765109062195 7615
1784236218316 0.719467282295227 7616
1784236218331 0.43480440974235535 7617
1784236218347 0.1948269158601761 7618
1784236218370 0.08157003670930862 7619
1784236218386 0.24923601746559143 7620
1784236218407 0.1930476725101471 7621
1784236218424 0.10083405673503876 7622
1784236218442 0.07994569092988968 7623
1784236218457 0.19140306115150452 7624
1784236218474 0.27893954515457153 7625
1784236218490 0.1822671890258789 7626
1784236218504 0.2727104127407074 7627
1784236218519 0.22205312550067902 7628
1784236218535 0.1885177493095398 7629
1784236218551 0.1404007375240326 7630
1784236218565 0.13862335681915283 7631
1784236218580 0.22376035153865814 7632
1784236218596 0.17394308745861053 7633
1784236218609 0.7523584365844727 7634
1784236218624 0.11000897735357285 7635
1784236218641 0.31672507524490356 7636
1784236218654 0.3536494970321655 7637
1784236218668 0.26274871826171875 7638
1784236218683 0.7490268349647522 7639
1784236218696 0.2764570415019989 7640
1784236218711 0.13069503009319305 7641
1784236218727 0.276123046875 7642
1784236218742 0.13513772189617157 7643
1784236218757 0.2867562174797058 7644
1784236218850 0.13528205454349518 7645
1784236218879 0.3848896324634552 7646
1784236218895 0.2570272982120514 7647
1784236218912 0.2206052839756012 7648
1784236218928 0.0825863853096962 7649
1784236218944 0.3894459009170532 7650
1784236218957 0.4901168644428253 7651
1784236218970 0.7587642669677734 7652
1784236218985 0.2962270677089691 7653
1784236219000 0.30836448073387146 7654
1784236219014 0.4547671377658844 7655
1784236219030 0.26310300827026367 7656
1784236219045 0.27324119210243225 7657
1784236219058 0.1224004328250885 7658
1784236219072 0.21572370827198029 7659
1784236219086 0.21435070037841797 7660
1784236219100 0.18049056828022003 7661
1784236219115 0.2769708037376404 7662
1784236219129 0.4609300196170807 7663
1784236219145 0.2437218576669693 7664
1784236219160 0.2587311267852783 7665
1784236219175 0.6510467529296875 7666
1784236219191 0.34948602318763733 7667
1784236219205 0.09222907572984695 7668
1784236219217 0.05457059293985367 7669
1784236219233 0.37516456842422485 7670
1784236219249 0.4411623775959015 7671
1784236219264 0.2929414212703705 7672
1784236219279 0.2985435724258423 7673
1784236219295 0.3292391896247864 7674
1784236219314 0.29067519307136536 7675
1784236219330 0.23653361201286316 7676
1784236219347 0.2614426016807556 7677
1784236219365 0.3859027028083801 7678
1784236219386 0.3102695047855377 7679
1784236219406 0.3273150622844696 7680
1784236219428 0.2726210951805115 7681
1784236219445 0.19049812853336334 7682
1784236219461 0.21354496479034424 7683
1784236219477 0.25861841440200806 7684
1784236219493 0.4135150909423828 7685
1784236219508 0.3693375885486603 7686
1784236219522 0.3122132420539856 7687
1784236219536 0.3519207239151001 7688
1784236219551 0.16239769756793976 7689
1784236219567 0.10492854565382004 7690
1784236219582 0.24626067280769348 7691
1784236219597 0.20703919231891632 7692
1784236219614 0.2938559055328369 7693
1784236219631 0.21356402337551117 7694
1784236219650 0.2317809909582138 7695
1784236219668 0.16325455904006958 7696
1784236219684 0.136189803481102 7697
1784236219699 0.27663132548332214 7698
1784236219715 0.16840940713882446 7699
1784236219730 0.16190209984779358 7700
1784236219744 0.20902074873447418 7701
1784236219761 0.1468321681022644 7702
1784236219776 0.22203290462493896 7703
1784236219790 0.3414749801158905 7704
1784236219805 0.28240060806274414 7705
1784236219819 0.0798444151878357 7706
1784236219834 0.16653616726398468 7707
1784236219849 0.5102361440658569 7708
1784236219864 0.31322360038757324 7709
1784236219880 0.16891197860240936 7710
1784236219896 0.26323825120925903 7711
1784236219913 0.5743265151977539 7712
1784236219930 0.4655468463897705 7713
1784236219946 0.32907941937446594 7714
1784236219961 0.37844571471214294 7715
1784236219976 0.336277574300766 7716
1784236219991 0.4432920515537262 7717
1784236220004 0.32204294204711914 7718
1784236220017 0.08901934325695038 7719
1784236220033 0.23899106681346893 7720
1784236220048 0.37295159697532654 7721
1784236220063 0.18639172613620758 7722
1784236220078 0.21619060635566711 7723
1784236220094 0.22050829231739044 7724
1784236220109 0.28360193967819214 7725
1784236220124 0.2184680998325348 7726
1784236220138 0.12742455303668976 7727
1784236220151 0.26497137546539307 7728
1784236220168 0.3077171742916107 7729
1784236220183 0.05518292635679245 7730
1784236220198 0.1848386973142624 7731
1784236220213 0.27581578493118286 7732
1784236220228 0.24928992986679077 7733
1784236220242 0.16074909269809723 7734
1784236220257 0.2523062825202942 7735
1784236220271 0.38443100452423096 7736
1784236220285 0.15173351764678955 7737
1784236220366 0.19889597594738007 7738
1784236220381 0.21141064167022705 7739
1784236220403 0.2299148440361023 7740
1784236220424 0.3768497705459595 7741
1784236220442 0.377174437046051 7742
1784236220463 0.3403177261352539 7743
1784236220480 0.40689897537231445 7744
1784236220496 0.633064329624176 7745
1784236220513 0.11150190234184265 7746
1784236220530 0.31876105070114136 7747
1784236220546 0.13989192247390747 7748
1784236220561 0.12145543843507767 7749
1784236220579 0.4310375452041626 7750
1784236220596 0.23541468381881714 7751
1784236220610 0.6463262438774109 7752
1784236220624 0.18712423741817474 7753
1784236220637 0.8195489048957825 7754
1784236220652 0.13881313800811768 7755
1784236220666 0.17964957654476166 7756
1784236220683 0.041489481925964355 7757
1784236220698 0.24511508643627167 7758
1784236220712 0.2446773648262024 7759
1784236220727 0.34935951232910156 7760
1784236220742 0.3006771206855774 7761
1784236220756 0.321999192237854 7762
1784236220771 0.08357573300600052 7763
1784236220787 0.2119198441505432 7764
1784236220800 0.4924159049987793 7765
1784236220815 0.5164340138435364 7766
1784236220829 0.301026850938797 7767
1784236220843 0.06626000255346298 7768
1784236220859 0.12582755088806152 7769
1784236220872 0.17060643434524536 7770
1784236220886 0.4799079895019531 7771
1784236220902 0.08132868260145187 7772
1784236220916 0.13234251737594604 7773
1784236220931 0.6000868082046509 7774
1784236220946 0.43467873334884644 7775
1784236220961 0.15970924496650696 7776
1784236220975 0.1375104784965515 7777
1784236220990 0.36906278133392334 7778
1784236221004 0.22871407866477966 7779
1784236221017 0.10269095748662949 7780
1784236221030 0.1974954605102539 7781
1784236221045 0.5268860459327698 7782
1784236221063 0.25735118985176086 7783
1784236221080 0.5864138603210449 7784
1784236221098 0.24270610511302948 7785
1784236221113 0.2357686460018158 7786
1784236221129 0.17988407611846924 7787
1784236221144 0.1641237884759903 7788
1784236221158 0.2596059739589691 7789
1784236221175 0.3615885376930237 7790
1784236221197 0.06417828798294067 7791
1784236221213 0.19501741230487823 7792
1784236221227 0.42612552642822266 7793
1784236221243 0.4028782546520233 7794
1784236221257 0.2806655466556549 7795
1784236221272 0.5521984696388245 7796
1784236221287 0.37257635593414307 7797
1784236221302 0.14861741662025452 7798
1784236221318 0.2370237112045288 7799
1784236221335 0.27313941717147827 7800
1784236221352 0.2182837873697281 7801
1784236221366 0.7309576869010925 7802
1784236221381 0.6045655608177185 7803
1784236221470 0.5310665369033813 7804
1784236221507 0.2953983545303345 7805
1784236221523 0.2081364393234253 7806
1784236221541 0.48151126503944397 7807
1784236221560 0.5919892191886902 7808
1784236221576 0.3003922700881958 7809
1784236221592 0.17352570593357086 7810
1784236221608 0.3163372576236725 7811
1784236221624 0.2147369086742401 7812
1784236221641 0.5760277509689331 7813
1784236221658 0.2705737352371216 7814
1784236221674 0.2605428397655487 7815
1784236221693 0.5760329961776733 7816
1784236221710 0.10514433681964874 7817
1784236221729 0.2725426256656647 7818
1784236221748 0.12621507048606873 7819
1784236221765 0.2939099669456482 7820
1784236221783 0.17693226039409637 7821
1784236221799 0.2351284772157669 7822
1784236221815 0.17378707230091095 7823
1784236221831 0.2511797845363617 7824
1784236221847 0.2865692675113678 7825
1784236221864 0.11540555953979492 7826
1784236221879 0.31687602400779724 7827
1784236221898 0.1612977683544159 7828
1784236221916 0.3292662501335144 7829
1784236221933 0.44199037551879883 7830
1784236221950 0.6073739528656006 7831
1784236221965 0.2788509428501129 7832
1784236221980 0.3729775547981262 7833
1784236221997 0.3268192410469055 7834
1784236222013 0.5471290946006775 7835
1784236222028 0.12400787323713303 7836
1784236222044 0.23140224814414978 7837
1784236222064 0.35920196771621704 7838
1784236222081 0.0889694094657898 7839
1784236222096 0.3503503203392029 7840
1784236222111 0.13186563551425934 7841
1784236222125 0.1516568809747696 7842
1784236222142 0.112147256731987 7843
1784236222156 0.23604874312877655 7844
1784236222170 0.29078882932662964 7845
1784236222185 0.3750787079334259 7846
1784236222210 0.20381367206573486 7847
1784236222230 0.2842633128166199 7848
1784236222246 0.37109869718551636 7849
1784236222262 0.4492059051990509 7850
1784236222281 0.16824248433113098 7851
1784236222296 0.08576702326536179 7852
1784236222311 0.15906758606433868 7853
1784236222325 0.2910464406013489 7854
1784236222340 0.08100324869155884 7855
1784236222355 0.513362467288971 7856
1784236222369 0.251557856798172 7857
1784236222384 0.1515471190214157 7858
1784236222399 0.22119107842445374 7859
1784236222413 0.26863420009613037 7860
1784236222431 0.12094584107398987 7861
1784236222449 0.07523688673973083 7862
1784236222469 0.20379742980003357 7863
1784236222486 0.558367908000946 7864
1784236222501 0.20470917224884033 7865
1784236222518 0.7367055416107178 7866
1784236222533 0.7190477252006531 7867
1784236222550 0.10386227816343307 7868
1784236222566 0.31362172961235046 7869
1784236222669 0.1974763572216034 7870
1784236222695 0.3244818449020386 7871
1784236222711 0.33352184295654297 7872
1784236222726 0.22112500667572021 7873
1784236222744 0.4055255651473999 7874
1784236222760 0.6380452513694763 7875
1784236222779 0.16650843620300293 7876
1784236222796 0.4390828013420105 7877
1784236222814 0.4951413869857788 7878
1784236222833 0.27490925788879395 7879
1784236222872 0.25341886281967163 7880
1784236222890 0.41613349318504333 7881
1784236222911 0.26117846369743347 7882
1784236222928 0.4091648757457733 7883
1784236222943 0.3952192962169647 7884
1784236222960 0.19282881915569305 7885
1784236222975 0.17822322249412537 7886
1784236222992 0.5223553776741028 7887
1784236223008 0.08813861012458801 7888
1784236223025 0.12928371131420135 7889
1784236223040 0.15186049044132233 7890
1784236223056 0.09334949404001236 7891
1784236223070 0.15279865264892578 7892
1784236223085 0.151437908411026 7893
1784236223101 0.19588832557201385 7894
1784236223118 0.12707391381263733 7895
1784236223134 0.0874684527516365 7896
1784236223148 0.51747727394104 7897
1784236223165 0.3087500035762787 7898
1784236223179 0.08726586401462555 7899
1784236223194 0.242957204580307 7900
1784236223214 0.11317939311265945 7901
1784236223240 0.11584894359111786 7902
1784236223261 0.11903247982263565 7903
1784236223280 0.4435790181159973 7904
1784236223298 0.17413702607154846 7905
1784236223321 0.5149737000465393 7906
1784236223341 0.3442921042442322 7907
1784236223361 0.5565623641014099 7908
1784236223378 0.2006664127111435 7909
1784236223396 0.4136611223220825 7910
1784236223415 0.5396215915679932 7911
1784236223437 0.31442248821258545 7912
1784236223456 0.4528358578681946 7913
1784236223475 0.10076793283224106 7914
1784236223490 0.32218480110168457 7915
1784236223505 0.11915476620197296 7916
1784236223521 0.24888402223587036 7917
1784236223537 0.15386728942394257 7918
1784236223553 0.0871417447924614 7919
1784236223568 0.3417980968952179 7920
1784236223583 0.07656131684780121 7921
1784236223602 0.07558020204305649 7922
1784236223619 0.31016433238983154 7923
1784236223639 0.25410008430480957 7924
1784236223655 0.16767506301403046 7925
1784236223672 0.23602181673049927 7926
1784236223689 0.19194179773330688 7927
1784236223704 0.1556183248758316 7928
1784236223719 0.3965347111225128 7929
1784236223732 0.021675411611795425 7930
1784236223750 0.4758651852607727 7931
1784236223766 0.3361247777938843 7932
1784236223782 0.12014898657798767 7933
1784236223797 0.17005571722984314 7934
1784236223815 0.37952685356140137 7935
1784236223832 0.3881208896636963 7936
1784236223848 0.3245461881160736 7937
1784236223864 0.11794950067996979 7938
1784236223885 0.3886373043060303 7939
1784236223904 0.09260525554418564 7940
1784236223924 0.15053130686283112 7941
1784236223942 0.21710555255413055 7942
1784236223960 0.6593980193138123 7943
1784236223977 0.19925843179225922 7944
1784236223996 0.48237693309783936 7945
1784236224015 0.2890239953994751 7946
1784236224032 0.28523069620132446 7947
1784236224049 0.22026221454143524 7948
1784236224065 0.2975116968154907 7949
1784236224083 0.14925222098827362 7950
1784236224101 0.18545670807361603 7951
1784236224122 0.37482744455337524 7952
1784236224143 0.3495141267776489 7953
1784236224161 0.2794457674026489 7954
1784236224177 0.23717358708381653 7955
1784236224192 0.2605665624141693 7956
1784236224207 0.07085886597633362 7957
1784236224224 0.36444661021232605 7958
1784236224243 0.5602497458457947 7959
1784236224272 0.16637861728668213 7960
1784236224289 0.4301517903804779 7961
1784236224303 0.1799096167087555 7962
1784236224321 0.36015069484710693 7963
1784236224344 0.22396893799304962 7964
1784236224360 0.21143755316734314 7965
1784236224374 0.044029541313648224 7966
1784236224391 0.20596535503864288 7967
1784236224407 0.3203839659690857 7968
1784236224427 0.3050864338874817 7969
1784236224446 0.3124401867389679 7970
1784236224464 0.32720521092414856 7971
1784236224482 0.2719466984272003 7972
1784236224496 0.394943505525589 7973
1784236224516 0.2340373396873474 7974
1784236224532 0.2123372107744217 7975
1784236224556 0.2844913601875305 7976
1784236224577 0.22443929314613342 7977
1784236224592 0.03250841423869133 7978
1784236224606 0.5479118227958679 7979
1784236224624 0.2800527513027191 7980
1784236224643 0.0990917906165123 7981
1784236224658 0.03975280374288559 7982
1784236224673 0.08543195575475693 7983
1784236224686 0.19725170731544495 7984
1784236224698 0.029999811202287674 7985
1784236224713 0.1822752207517624 7986
1784236224729 0.2688431143760681 7987
1784236224743 0.384042888879776 7988
1784236224761 0.1542767584323883 7989
1784236224778 0.47365784645080566 7990
1784236224792 0.3163013458251953 7991
1784236224809 0.09628872573375702 7992
1784236224822 0.39461639523506165 7993
1784236224836 0.28287604451179504 7994
1784236224850 0.8906936049461365 7995
1784236224865 0.5945350527763367 7996
1784236224880 0.19689273834228516 7997
1784236224894 0.49629080295562744 7998
1784236224908 0.19548867642879486 7999
1784236224924 0.10000380128622055 8000
1784236224940 0.2799329459667206 8001
1784236224955 0.39076778292655945 8002
1784236224969 0.7395833134651184 8003
1784236224985 0.5011449456214905 8004
1784236224998 0.21434395015239716 8005
1784236225013 0.3095661401748657 8006
1784236225028 0.5640815496444702 8007
1784236225044 0.4765171706676483 8008
1784236225061 0.21165762841701508 8009
1784236225079 0.35014891624450684 8010
1784236225095 0.16232755780220032 8011
1784236225113 0.2454165369272232 8012
1784236225129 0.35117003321647644 8013
1784236225146 0.15169952809810638 8014
1784236225162 0.364625483751297 8015
1784236225181 0.5298883318901062 8016
1784236225197 0.3788253664970398 8017
1784236225212 0.698232114315033 8018
1784236225226 0.6166127324104309 8019
1784236225240 0.348060667514801 8020
1784236225255 0.15571102499961853 8021
1784236225269 0.1839011311531067 8022
1784236225286 0.14557448029518127 8023
1784236225298 0.2854863405227661 8024
1784236225313 0.34232643246650696 8025
1784236225329 0.11235673725605011 8026
1784236225345 0.16181690990924835 8027
1784236225363 0.23835252225399017 8028
1784236225424 0.18499144911766052 8029
1784236225474 0.3437594473361969 8030
1784236225509 0.28650549054145813 8031
1784236225525 0.4472329914569855 8032
1784236225538 0.6772552132606506 8033
1784236225554 0.24555982649326324 8034
1784236225573 0.3136765956878662 8035
1784236225591 0.3372930586338043 8036
1784236225606 0.1716156303882599 8037
1784236225622 0.33839282393455505 8038
1784236225636 0.07323478907346725 8039
1784236225651 0.25230273604393005 8040
1784236225665 0.8496006727218628 8041
1784236225680 0.16406384110450745 8042
1784236225693 0.2828235924243927 8043
1784236225711 0.29645586013793945 8044
1784236225727 0.27869805693626404 8045
1784236225741 0.22678694128990173 8046
1784236225755 0.09799518436193466 8047
1784236225770 0.13299143314361572 8048
1784236225785 0.125917449593544 8049
1784236225800 0.17449328303337097 8050
1784236225817 0.19432894885540009 8051
1784236225832 0.07604663819074631 8052
1784236225845 0.3731389343738556 8053
1784236225862 0.1256672739982605 8054
1784236225876 0.16860425472259521 8055
1784236225892 0.2889680862426758 8056
1784236225908 0.7047145366668701 8057
1784236225923 0.6233565807342529 8058
1784236225939 0.4375278651714325 8059
1784236225954 0.4789722263813019 8060
1784236225967 0.49214914441108704 8061
1784236225981 0.2893258035182953 8062
1784236225996 0.4238797426223755 8063
1784236226011 0.14664821326732635 8064
1784236226027 0.22134844958782196 8065
1784236226042 0.07709449529647827 8066
1784236226057 0.22230073809623718 8067
1784236226073 0.09611716121435165 8068
1784236226088 0.3146857023239136 8069
1784236226103 0.5647380352020264 8070
1784236226118 0.5431274175643921 8071
1784236226134 0.21040382981300354 8072
1784236226148 0.2516750395298004 8073
1784236226164 0.3227071464061737 8074
1784236226183 0.41327792406082153 8075
1784236226202 0.4210319221019745 8076
1784236226218 0.1622461974620819 8077
1784236226233 0.47382882237434387 8078
1784236226250 0.32692500948905945 8079
1784236226265 0.15282602608203888 8080
1784236226281 0.2515960931777954 8081
1784236226298 0.1882714033126831 8082
1784236226314 0.12500175833702087 8083
1784236226329 0.2861871123313904 8084
1784236226345 0.46146947145462036 8085
1784236226360 0.42060235142707825 8086
1784236226377 0.3155820667743683 8087
1784236226393 0.3273417353630066 8088
1784236226410 0.36107292771339417 8089
1784236226427 0.173465758562088 8090
1784236226445 0.34461888670921326 8091
1784236226462 0.14669737219810486 8092
1784236226479 0.599047064781189 8093
1784236226496 0.1428210288286209 8094
1784236226601 0.3363201916217804 8095
1784236226617 0.2009456604719162 8096
1784236226640 0.2534879744052887 8097
1784236226659 0.3010234832763672 8098
1784236226674 0.26564833521842957 8099
1784236226692 0.13009770214557648 8100
1784236226707 0.3750803470611572 8101
1784236226722 0.1625899225473404 8102
1784236226735 0.18259842693805695 8103
1784236226751 0.21966363489627838 8104
1784236226767 0.21817857027053833 8105
1784236226781 0.4293965995311737 8106
1784236226798 0.32737767696380615 8107
1784236226815 0.7279622554779053 8108
1784236226830 0.2020275890827179 8109
1784236226846 0.5481094121932983 8110
1784236226864 0.5082835555076599 8111
1784236226882 0.1806950867176056 8112
1784236226901 0.22681696712970734 8113
1784236226919 0.22639012336730957 8114
1784236226934 0.4499454200267792 8115
1784236226948 0.09615781158208847 8116
1784236226964 0.12764255702495575 8117
1784236226979 0.33604058623313904 8118
1784236226995 0.16715645790100098 8119
1784236227010 0.25957828760147095 8120
1784236227030 0.14559854567050934 8121
1784236227046 0.3538053035736084 8122
1784236227063 0.1288927048444748 8123
1784236227079 0.3201308250427246 8124
1784236227096 0.1403988003730774 8125
1784236227113 0.4805263578891754 8126
1784236227128 0.28771328926086426 8127
1784236227143 0.19339153170585632 8128
1784236227157 0.4404952824115753 8129
1784236227171 0.33092641830444336 8130
1784236227184 0.4345795512199402 8131
1784236227200 0.13016797602176666 8132
1784236227216 0.5167474150657654 8133
1784236227231 0.37907811999320984 8134
1784236227246 0.2869991362094879 8135
1784236227262 0.1554907113313675 8136
1784236227278 0.15544675290584564 8137
1784236227291 0.16324549913406372 8138
1784236227308 0.19067923724651337 8139
1784236227327 0.19544541835784912 8140
1784236227341 0.17859560251235962 8141
1784236227355 0.17621609568595886 8142
1784236227368 0.3291182219982147 8143
1784236227382 0.4407925009727478 8144
1784236227397 0.2064630389213562 8145
1784236227413 0.6358101963996887 8146
1784236227429 0.1437968760728836 8147
1784236227444 0.47605812549591064 8148
1784236227462 0.13664287328720093 8149
1784236227479 0.41125524044036865 8150
1784236227494 0.3743461072444916 8151
1784236227513 0.16582942008972168 8152
1784236227529 0.3190571963787079 8153
1784236227544 0.4969073534011841 8154
1784236227559 0.39368754625320435 8155
1784236227573 0.1595979928970337 8156
1784236227586 0.2695258855819702 8157
1784236227599 0.3081743121147156 8158
1784236227615 0.20930691063404083 8159
1784236227631 0.19973516464233398 8160
1784236227647 0.34461843967437744 8161
1784236227661 0.5442797541618347 8162
1784236227675 0.23780015110969543 8163
1784236227689 0.2185221165418625 8164
1784236227701 0.29806792736053467 8165
1784236227716 0.4706268906593323 8166
1784236227731 0.04080488905310631 8167
1784236227747 0.21789111196994781 8168
1784236227761 0.18779441714286804 8169
1784236227775 0.31510069966316223 8170
1784236227788 0.29274770617485046 8171
1784236227803 0.31001970171928406 8172
1784236227818 0.2572714388370514 8173
1784236227837 0.12551450729370117 8174
1784236227852 0.4105101227760315 8175
1784236227866 0.8025186061859131 8176
1784236227881 0.2602243423461914 8177
1784236227895 0.2634505033493042 8178
1784236227910 0.3852381110191345 8179
1784236227925 0.1092599406838417 8180
1784236227940 0.2616390287876129 8181
1784236227954 0.3154962956905365 8182
1784236227969 0.3104762136936188 8183
1784236227982 0.9910418391227722 8184
1784236227997 0.10482313483953476 8185
1784236228013 0.339788019657135 8186
1784236228028 0.14905625581741333 8187
1784236228043 0.16687628626823425 8188
1784236228057 0.3244660794734955 8189
1784236228072 0.9377622604370117 8190
1784236228086 0.4259825348854065 8191
1784236228100 0.2108144760131836 8192
1784236228114 0.34272146224975586 8193
1784236228129 0.239533469080925 8194
1784236228145 0.49636006355285645 8195
1784236228165 0.2366204857826233 8196
1784236228184 0.2561626732349396 8197
1784236228200 0.2836894690990448 8198
1784236228216 0.20957398414611816 8199
1784236228229 0.08005816489458084 8200
1784236228242 0.32673653960227966 8201
1784236228257 0.1555858552455902 8202
1784236228277 0.1829218566417694 8203
1784236228294 0.446600079536438 8204
1784236228308 0.1291855275630951 8205
1784236228323 0.253484845161438 8206
1784236228337 0.5315627455711365 8207
1784236228351 0.4287233054637909 8208
1784236228364 0.15065623819828033 8209
1784236228379 0.3556525707244873 8210
1784236228395 0.33838433027267456 8211
1784236228411 0.06934931129217148 8212
1784236228429 0.8249391913414001 8213
1784236228447 0.42628830671310425 8214
1784236228467 0.1428900808095932 8215
1784236228482 0.9194381237030029 8216
1784236228500 0.13040807843208313 8217
1784236228531 0.17569372057914734 8218
1784236228547 0.18581408262252808 8219
1784236228563 0.3313368856906891 8220
1784236228578 0.3693090081214905 8221
1784236228597 0.7356252670288086 8222
1784236228613 0.20488612353801727 8223
1784236228628 0.41473525762557983 8224
1784236228643 0.3574995696544647 8225
1784236228659 0.1529325544834137 8226
1784236228673 0.3491739332675934 8227
1784236228685 0.5382013916969299 8228
1784236228699 0.20172378420829773 8229
1784236228715 0.17218860983848572 8230
1784236228729 0.4641568064689636 8231
1784236228744 0.06007349491119385 8232
1784236228757 0.4532925486564636 8233
1784236228774 0.21606385707855225 8234
1784236228793 0.2912643551826477 8235
1784236228808 0.29560449719429016 8236
1784236228823 0.5785831212997437 8237
1784236228848 0.22277063131332397 8238
1784236228866 0.21179452538490295 8239
1784236228880 0.18977001309394836 8240
1784236228896 0.5802448987960815 8241
1784236228913 0.41256168484687805 8242
1784236228932 0.7170292139053345 8243
1784236228946 0.12120810896158218 8244
1784236228963 0.33673837780952454 8245
1784236228981 0.24482882022857666 8246
1784236228997 0.21554584801197052 8247
1784236229014 0.4533296823501587 8248
1784236229029 0.08976396173238754 8249
1784236229045 0.2609729468822479 8250
1784236229062 0.41459983587265015 8251
1784236229081 0.35957884788513184 8252
1784236229175 0.32704439759254456 8253
1784236229189 0.10969312489032745 8254
1784236229213 0.27697303891181946 8255
1784236229228 0.3356056213378906 8256
1784236229243 0.15294820070266724 8257
1784236229260 0.15520550310611725 8258
1784236229276 0.2196730077266693 8259
1784236229289 0.3761415481567383 8260
1784236229304 0.34502744674682617 8261
1784236229320 0.3030011057853699 8262
1784236229336 0.1318630576133728 8263
1784236229351 0.3039989471435547 8264
1784236229368 0.19202210009098053 8265
1784236229386 0.09768549352884293 8266
1784236229401 0.08505485206842422 8267
1784236229417 0.22331421077251434 8268
1784236229434 0.509934663772583 8269
1784236229448 0.24833807349205017 8270
1784236229467 0.1662275493144989 8271
1784236229488 0.253897488117218 8272
1784236229506 0.14039243757724762 8273
1784236229524 0.9146840572357178 8274
1784236229545 0.2421444058418274 8275
1784236229564 0.3184669315814972 8276
1784236229584 0.1738322675228119 8277
1784236229609 0.663054347038269 8278
1784236229629 0.044921401888132095 8279
1784236229645 0.5060139298439026 8280
1784236229662 0.36754918098449707 8281
1784236229681 0.27780091762542725 8282
1784236229697 0.43011805415153503 8283
1784236229711 0.32397153973579407 8284
1784236229726 0.4937361776828766 8285
1784236229740 0.1902177929878235 8286
1784236229756 0.3581250011920929 8287
1784236229770 0.4337560832500458 8288
1784236229783 0.24539707601070404 8289
1784236229799 0.5738945007324219 8290
1784236229815 0.44602903723716736 8291
1784236229830 0.26070111989974976 8292
1784236229845 0.16670407354831696 8293
1784236229862 0.21924471855163574 8294
1784236229878 0.14666464924812317 8295
1784236229897 0.21982522308826447 8296
1784236229916 0.1836182177066803 8297
1784236229933 0.2579244077205658 8298
1784236229948 0.18796850740909576 8299
1784236229964 0.4060545265674591 8300
1784236229983 0.13755719363689423 8301
1784236230001 0.1273883730173111 8302
1784236230032 0.35639339685440063 8303
1784236230056 0.31923115253448486 8304
1784236230075 0.05494820326566696 8305
1784236230095 0.27178964018821716 8306
1784236230117 0.27352213859558105 8307
1784236230139 0.035666946321725845 8308
1784236230158 0.12780438363552094 8309
1784236230175 0.2514573335647583 8310
1784236230194 0.23742063343524933 8311
1784236230211 0.1069747805595398 8312
1784236230228 0.47527220845222473 8313
1784236230245 0.25565388798713684 8314
1784236230262 0.16055002808570862 8315
1784236230280 0.1901717633008957 8316
1784236230296 0.5457797646522522 8317
1784236230314 0.42520731687545776 8318
1784236230336 0.24443812668323517 8319
1784236230355 0.20501422882080078 8320
1784236230467 0.5521124601364136 8321
1784236230508 0.29716598987579346 8322
1784236230527 0.1636621505022049 8323
1784236230542 0.19951502978801727 8324
1784236230557 0.21603639423847198 8325
1784236230572 0.18951565027236938 8326
1784236230589 0.4015580117702484 8327
1784236230603 0.16950039565563202 8328
1784236230617 0.1992301642894745 8329
1784236230634 0.03133705258369446 8330
1784236230651 0.21333399415016174 8331
1784236230671 0.32133445143699646 8332
1784236230688 0.14620119333267212 8333
1784236230707 0.4652312994003296 8334
1784236230726 0.506942093372345 8335
1784236230743 0.4550270438194275 8336
1784236230762 0.10147459805011749 8337
1784236230782 0.3537124991416931 8338
1784236230800 0.21690785884857178 8339
1784236230816 0.34904593229293823 8340
1784236230832 0.3241930305957794 8341
1784236230845 0.15953542292118073 8342
1784236230860 0.553909957408905 8343
1784236230875 0.3794466257095337 8344
1784236230892 0.09926073253154755 8345
1784236230910 0.10725995153188705 8346
1784236230924 0.26107057929039 8347
1784236230940 0.15814298391342163 8348
1784236230954 0.1491258442401886 8349
1784236230968 0.14212428033351898 8350
1784236230981 0.27016666531562805 8351
1784236230995 0.30632326006889343 8352
1784236231010 0.3117341697216034 8353
1784236231029 0.08081202954053879 8354
1784236231047 0.2872774302959442 8355
1784236231070 0.518170177936554 8356
1784236231083 0.11575133353471756 8357
1784236231097 0.1991146355867386 8358
1784236231112 0.41726037859916687 8359
1784236231128 0.057205792516469955 8360
1784236231143 0.18331637978553772 8361
1784236231156 0.28847724199295044 8362
1784236231168 0.32726818323135376 8363
1784236231182 0.2213912308216095 8364
1784236231196 0.8254323601722717 8365
1784236231211 0.35916754603385925 8366
1784236231226 0.19945356249809265 8367
1784236231241 0.4742974042892456 8368
1784236231255 0.7668564319610596 8369
1784236231269 0.21465112268924713 8370
1784236231283 0.27922695875167847 8371
1784236231299 0.24712921679019928 8372
1784236231314 0.2525734007358551 8373
1784236231329 0.4833112359046936 8374
1784236231344 0.1787835955619812 8375
1784236231359 0.1622418314218521 8376
1784236231377 0.19666782021522522 8377
1784236231394 0.4814779460430145 8378
1784236231408 0.2805403172969818 8379
1784236231424 0.0776703804731369 8380
1784236231438 0.4721522033214569 8381
1784236231453 0.19343015551567078 8382
1784236231468 0.04848123714327812 8383
1784236231480 0.0882469043135643 8384
1784236231495 0.805652916431427 8385
1784236231511 0.14842255413532257 8386
1784236231527 0.1303628385066986 8387
1784236231547 0.13984201848506927 8388
1784236231572 0.19850976765155792 8389
1784236231592 0.2896782457828522 8390
1784236231610 0.18515518307685852 8391
1784236231628 0.4020184278488159 8392
1784236231648 0.45857593417167664 8393
1784236231667 0.5123980045318604 8394
1784236231688 0.35131600499153137 8395
1784236231710 0.6780653595924377 8396
1784236231726 0.1488492339849472 8397
1784236231745 0.19708149135112762 8398
1784236231764 0.2513965368270874 8399
1784236231785 0.14826157689094543 8400
1784236231803 0.08050226420164108 8401
1784236231821 0.4143911898136139 8402
1784236231840 0.5277867913246155 8403
1784236231854 0.5243853330612183 8404
1784236231869 0.21526587009429932 8405
1784236231885 0.12063231319189072 8406
1784236231900 0.32125893235206604 8407
1784236231915 0.5212358236312866 8408
1784236231929 0.259112149477005 8409
1784236231945 0.4541263282299042 8410
1784236231962 0.3330595791339874 8411
1784236231980 0.40882477164268494 8412
1784236232000 0.43484175205230713 8413
1784236232019 0.20907127857208252 8414
1784236232035 0.1950807273387909 8415
1784236232051 0.4853108823299408 8416
1784236232066 0.3083178699016571 8417
1784236232083 0.09055490791797638 8418
1784236232097 0.0927872359752655 8419
1784236232114 0.27827709913253784 8420
1784236232130 0.5482143759727478 8421
1784236232146 0.17680519819259644 8422
1784236232163 0.2786315679550171 8423
1784236232178 0.8436660170555115 8424
1784236232192 0.20609022676944733 8425
1784236232211 0.11817575991153717 8426
1784236232229 0.8481786251068115 8427
1784236232245 0.23727773129940033 8428
1784236232263 0.3488016426563263 8429
1784236232278 0.1351488083600998 8430
1784236232296 0.2981082499027252 8431
1784236232310 0.2365361750125885 8432
1784236232325 0.2585083246231079 8433
1784236232339 0.14673402905464172 8434
1784236232357 0.52862948179245 8435
1784236232373 0.1830512434244156 8436
1784236232388 0.17232398688793182 8437
1784236232403 0.5469607710838318 8438
1784236232490 0.5122568607330322 8439
1784236232523 0.12246059626340866 8440
1784236232538 0.29131248593330383 8441
1784236232554 0.3862268924713135 8442
1784236232572 0.22802585363388062 8443
1784236232590 0.05406646430492401 8444
1784236232604 0.26432865858078003 8445
1784236232622 0.18725872039794922 8446
1784236232638 0.18409906327724457 8447
1784236232652 0.24992477893829346 8448
1784236232667 0.10752881318330765 8449
1784236232681 0.18877732753753662 8450
1784236232699 0.2840195298194885 8451
1784236232713 0.1510656625032425 8452
1784236232727 0.2948962450027466 8453
1784236232742 0.26989272236824036 8454
1784236232757 0.38970425724983215 8455
1784236232771 0.432019978761673 8456
1784236232801 0.17851608991622925 8457
1784236232826 0.28486397862434387 8458
1784236232845 0.31479811668395996 8459
1784236232863 1.043494462966919 8460
1784236232881 0.34113621711730957 8461
1784236232905 0.26703938841819763 8462
1784236232926 0.20288842916488647 8463
1784236232947 0.50770103931427 8464
1784236232967 0.13602910935878754 8465
1784236232986 0.35331282019615173 8466
1784236233004 0.3481082320213318 8467
1784236233027 0.26293668150901794 8468
1784236233046 0.2354336380958557 8469
1784236233067 0.4462316334247589 8470
1784236233090 0.30386295914649963 8471
1784236233112 0.1779327243566513 8472
1784236233132 0.05084133893251419 8473
1784236233151 0.572873592376709 8474
1784236233171 0.20945468544960022 8475
1784236233188 0.5305955410003662 8476
1784236233205 0.8489715456962585 8477
1784236233225 0.22514955699443817 8478
1784236233244 0.039600495249032974 8479
1784236233266 0.10912349075078964 8480
1784236233288 0.10430137068033218 8481
1784236233314 0.467479407787323 8482
1784236233332 0.45315322279930115 8483
1784236233350 0.19782045483589172 8484
1784236233366 0.6587335467338562 8485
1784236233379 0.06638911366462708 8486
1784236233395 0.2835477888584137 8487
1784236233413 0.1527811735868454 8488
1784236233430 0.2217889428138733 8489
1784236233448 0.18913106620311737 8490
1784236233466 0.08809490501880646 8491
1784236233482 0.4427277445793152 8492
1784236233497 0.2343067079782486 8493
1784236233514 0.3997727334499359 8494
1784236233529 1.2036056518554688 8495
1784236233544 0.4031449556350708 8496
1784236233559 0.7503324747085571 8497
1784236233573 0.16337674856185913 8498
1784236233587 0.3967229723930359 8499
1784236233601 0.29156261682510376 8500
1784236233614 0.18941085040569305 8501
1784236233629 0.2641212046146393 8502
1784236233645 0.3739897906780243 8503
1784236233742 0.17728658020496368 8504
1784236233756 0.29835018515586853 8505
1784236233782 0.08212783932685852 8506
1784236233798 0.11440850049257278 8507
1784236233821 0.06803535670042038 8508
1784236233837 0.32843151688575745 8509
1784236233851 0.5594599843025208 8510
1784236233866 0.06104322895407677 8511
1784236233882 0.6076021194458008 8512
1784236233902 0.16933640837669373 8513
1784236233919 0.15779852867126465 8514
1784236233934 0.17615729570388794 8515
1784236233947 0.09740962833166122 8516
1784236233963 0.2487349659204483 8517
1784236233980 0.14541275799274445 8518
1784236233996 0.42136725783348083 8519
1784236234013 0.2511737048625946 8520
1784236234028 0.7556436657905579 8521
1784236234045 0.5914897322654724 8522
1784236234060 0.33129653334617615 8523
1784236234076 0.238819882273674 8524
1784236234094 0.45834410190582275 8525
1784236234116 0.06907616555690765 8526
1784236234130 0.1364215612411499 8527
1784236234149 0.5552745461463928 8528
1784236234164 0.21702398359775543 8529
1784236234180 0.46489423513412476 8530
1784236234195 0.7038144469261169 8531
1784236234212 0.26793670654296875 8532
1784236234228 0.2899773418903351 8533
1784236234244 0.1594259887933731 8534
1784236234260 0.15103577077388763 8535
1784236234277 0.286478728055954 8536
1784236234294 0.34318387508392334 8537
1784236234313 0.4191896319389343 8538
1784236234340 0.19006145000457764 8539
1784236234360 0.14927785098552704 8540
1784236234382 0.329759418964386 8541
1784236234413 0.2543809711933136 8542
1784236234439 0.21444587409496307 8543
1784236234458 0.1415351778268814 8544
1784236234478 0.16021089255809784 8545
1784236234499 0.22044192254543304 8546
1784236234520 0.09971623122692108 8547
1784236234540 0.2662060558795929 8548
1784236234559 0.5977354049682617 8549
1784236234575 0.27252957224845886 8550
1784236234591 0.17938365042209625 8551
1784236234608 0.2059863954782486 8552
1784236234624 0.19098050892353058 8553
1784236234641 0.21896366775035858 8554
1784236234660 0.13844339549541473 8555
1784236234679 0.6514710783958435 8556
1784236234700 0.06075958162546158 8557
1784236234729 0.409310907125473 8558
1784236234751 0.34964028000831604 8559
1784236234772 0.09466621279716492 8560
1784236234789 0.3829604685306549 8561
1784236234805 0.5279504656791687 8562
1784236234824 0.18729153275489807 8563
1784236234845 0.28958362340927124 8564
1784236234864 0.16978909075260162 8565
1784236234886 0.15249991416931152 8566
1784236234904 0.14531099796295166 8567
1784236234921 0.35923510789871216 8568
1784236234938 0.10033135116100311 8569
1784236235025 0.2603314220905304 8570
1784236235042 0.22133834660053253 8571
1784236235063 0.19989798963069916 8572
1784236235079 0.24271643161773682 8573
1784236235098 0.15740206837654114 8574
1784236235115 0.2942408621311188 8575
1784236235132 0.1730131357908249 8576
1784236235150 0.2892335057258606 8577
1784236235169 0.41185760498046875 8578
1784236235186 0.10199634730815887 8579
1784236235203 0.16317768394947052 8580
1784236235220 0.7935020327568054 8581
1784236235235 0.5145456790924072 8582
1784236235249 0.2808622717857361 8583
1784236235266 0.3617906868457794 8584
1784236235284 0.1496754139661789 8585
1784236235300 0.42838284373283386 8586
1784236235322 0.24136966466903687 8587
1784236235337 0.49431443214416504 8588
1784236235354 0.2533603608608246 8589
1784236235370 0.3730461299419403 8590
1784236235386 0.0999765619635582 8591
1784236235403 0.5386642217636108 8592
1784236235421 0.4193457365036011 8593
1784236235438 0.31372499465942383 8594
1784236235454 0.04435017704963684 8595
1784236235472 0.6108004450798035 8596
1784236235489 0.24741558730602264 8597
1784236235503 0.11184454709291458 8598
1784236235518 0.1985134780406952 8599
1784236235533 0.34987902641296387 8600
1784236235549 0.20313332974910736 8601
1784236235563 0.07233105599880219 8602
1784236235579 0.1775171309709549 8603
1784236235594 0.4840686619281769 8604
1784236235609 0.30553925037384033 8605
1784236235622 0.10645724087953568 8606
1784236235642 0.1162913590669632 8607
1784236235663 0.05284939333796501 8608
1784236235678 0.4874002933502197 8609
1784236235693 0.38037556409835815 8610
1784236235709 0.30810368061065674 8611
1784236235725 0.21278905868530273 8612
1784236235742 0.09442733973264694 8613
1784236235757 0.19970917701721191 8614
1784236235772 0.33064785599708557 8615
1784236235786 0.35159823298454285 8616
1784236235800 0.402518630027771 8617
1784236235814 0.45161521434783936 8618
1784236235827 0.14929787814617157 8619
1784236235842 0.32288938760757446 8620
1784236235863 0.5263426899909973 8621
1784236235885 0.6381435394287109 8622
1784236235909 0.16986098885536194 8623
1784236235927 0.04887975752353668 8624
1784236235945 0.042277101427316666 8625
1784236235962 0.1604829877614975 8626
1784236235979 0.42256590723991394 8627
1784236235998 0.21370352804660797 8628
1784236236015 0.394002765417099 8629
1784236236030 0.1831810176372528 8630
1784236236045 0.4363381564617157 8631
1784236236060 0.11824141442775726 8632
1784236236076 0.4155549108982086 8633
1784236236101 0.3502490222454071 8634
1784236236117 0.3026745915412903 8635
1784236236133 0.2932164669036865 8636
1784236236154 0.1903546303510666 8637
1784236236170 0.25005075335502625 8638
1784236236186 0.21122319996356964 8639
1784236236200 0.4479815661907196 8640
1784236236214 0.08603156358003616 8641
1784236236300 0.1427050232887268 8642
1784236236332 0.20535187423229218 8643
1784236236349 0.14677469432353973 8644
1784236236367 0.34746047854423523 8645
1784236236382 0.08579433709383011 8646
1784236236400 0.32503247261047363 8647
1784236236416 0.18998883664608002 8648
1784236236433 0.5974324345588684 8649
1784236236448 0.08434177935123444 8650
1784236236466 0.2110225260257721 8651
1784236236484 0.04998040199279785 8652
1784236236504 0.4542597830295563 8653
1784236236521 0.23740971088409424 8654
1784236236538 0.23742957413196564 8655
1784236236552 0.24447545409202576 8656
1784236236568 0.2744688093662262 8657
1784236236583 0.32410141825675964 8658
1784236236597 0.2738073468208313 8659
1784236236612 0.27421897649765015 8660
1784236236625 0.4167450964450836 8661
1784236236641 0.3675568699836731 8662
1784236236656 0.21903735399246216 8663
1784236236671 0.41103658080101013 8664
1784236236686 0.2259376049041748 8665
1784236236699 0.16910599172115326 8666
1784236236713 0.07018045336008072 8667
1784236236727 0.5080413818359375 8668
1784236236744 0.19497422873973846 8669
1784236236759 0.51968914270401 8670
1784236236774 0.15584205090999603 8671
1784236236792 0.34335440397262573 8672
1784236236808 0.152939110994339 8673
1784236236823 0.38703832030296326 8674
1784236236838 0.3887479305267334 8675
1784236236852 0.1453404575586319 8676
1784236236869 0.2417658567428589 8677
1784236236886 0.31919270753860474 8678
1784236236902 0.062008120119571686 8679
1784236236917 0.2400819957256317 8680
1784236236938 0.08320827037096024 8681
1784236236956 0.12966181337833405 8682
1784236236971 0.1995033472776413 8683
1784236236985 0.09239549189805984 8684
1784236237002 0.3953359127044678 8685
1784236237017 0.1997288316488266 8686
1784236237032 0.23439094424247742 8687
1784236237047 0.42960384488105774 8688
1784236237063 0.19515013694763184 8689
1784236237078 0.1941765993833542 8690
1784236237102 0.48631200194358826 8691
1784236237117 0.16757705807685852 8692
1784236237134 0.16089096665382385 8693
1784236237148 0.1675230860710144 8694
1784236237165 0.15453629195690155 8695
1784236237179 0.17166347801685333 8696
1784236237195 0.4883301258087158 8697
1784236237211 0.46104925870895386 8698
1784236237226 0.2803356945514679 8699
1784236237242 0.38016408681869507 8700
1784236237258 0.22411344945430756 8701
1784236237273 0.43739771842956543 8702
1784236237289 0.07364043593406677 8703
1784236237304 0.4142075181007385 8704
1784236237319 0.21320189535617828 8705
1784236237335 0.07306163012981415 8706
1784236237350 0.05291685834527016 8707
1784236237440 0.18061427772045135 8708
1784236237455 0.18788951635360718 8709
1784236237476 0.34209296107292175 8710
1784236237492 0.5168436765670776 8711
1784236237510 0.4071372449398041 8712
1784236237533 0.6309742331504822 8713
1784236237560 0.5568086504936218 8714
1784236237580 0.07546208053827286 8715
1784236237616 0.3994523286819458 8716
1784236237638 0.23183263838291168 8717
1784236237658 0.2917764186859131 8718
1784236237680 0.4870947003364563 8719
1784236237703 0.15450333058834076 8720
1784236237726 0.33703726530075073 8721
1784236237746 0.818711519241333 8722
1784236237769 0.14148731529712677 8723
1784236237787 0.12958844006061554 8724
1784236237807 0.18902288377285004 8725
1784236237825 0.11097581684589386 8726
1784236237846 0.20784488320350647 8727
1784236237872 0.39335206151008606 8728
1784236237891 0.100617416203022 8729
1784236237908 0.058828599750995636 8730
1784236237924 0.3059418499469757 8731
1784236237939 0.28019484877586365 8732
1784236237956 0.3039207458496094 8733
1784236237971 0.3285262882709503 8734
1784236237987 0.28888189792633057 8735
1784236238003 0.1967155486345291 8736
1784236238020 0.504763662815094 8737
1784236238037 0.22696274518966675 8738
1784236238052 0.1054496318101883 8739
1784236238066 0.4917042553424835 8740
1784236238080 0.27024731040000916 8741
1784236238094 0.1889341175556183 8742
1784236238111 0.16207480430603027 8743
1784236238125 0.29115793108940125 8744
1784236238145 0.18354175984859467 8745
1784236238163 0.1516551375389099 8746
1784236238182 0.2315681129693985 8747
1784236238199 0.33481302857398987 8748
1784236238216 0.21946540474891663 8749
1784236238235 0.34413832426071167 8750
1784236238253 0.14753249287605286 8751
1784236238268 0.1533665806055069 8752
1784236238287 0.19822067022323608 8753
1784236238305 0.48708197474479675 8754
1784236238322 0.07919061183929443 8755
1784236238339 0.19301636517047882 8756
1784236238355 0.15957945585250854 8757
1784236238370 0.12536056339740753 8758
1784236238387 0.2839445173740387 8759
1784236238403 0.5125241279602051 8760
1784236238420 0.4074842631816864 8761
1784236238435 0.4333200454711914 8762
1784236238452 0.16425076127052307 8763
1784236238468 0.7683510184288025 8764
1784236238484 0.2273503988981247 8765
1784236238500 0.11473177373409271 8766
1784236238519 0.3861176371574402 8767
1784236238534 0.3503817021846771 8768
1784236238551 0.4811824560165405 8769
1784236238567 0.360576868057251 8770
1784236238583 0.21965070068836212 8771
1784236238599 0.21757745742797852 8772
1784236238616 0.7395989298820496 8773
1784236238631 0.19320037961006165 8774
1784236238648 0.5280863642692566 8775
1784236238667 0.46359437704086304 8776
1784236238685 0.3354118764400482 8777
1784236238700 0.14926579594612122 8778
1784236238715 0.347868949174881 8779
1784236238730 0.3212027847766876 8780
1784236238747 0.28971928358078003 8781
1784236238760 0.12690626084804535 8782
1784236238777 0.16389697790145874 8783
1784236238795 0.22624152898788452 8784
1784236238810 0.3530086278915405 8785
1784236238828 0.5655829310417175 8786
1784236238844 0.4620964527130127 8787
1784236238861 0.23594990372657776 8788
1784236238877 0.20036259293556213 8789
1784236238891 0.24382516741752625 8790
1784236238910 0.15605495870113373 8791
1784236238929 0.25075820088386536 8792
1784236238946 0.5375676155090332 8793
1784236238965 0.5624061226844788 8794
1784236238983 0.039428967982530594 8795
1784236238999 0.3645230233669281 8796
1784236239016 0.6360480189323425 8797
1784236239029 0.247238427400589 8798
1784236239045 0.2985866963863373 8799
1784236239062 0.32910028100013733 8800
1784236239078 0.47828978300094604 8801
1784236239093 0.29695621132850647 8802
1784236239110 0.34876564145088196 8803
1784236239127 0.2390214055776596 8804
1784236239146 0.5649440884590149 8805
1784236239160 0.20533356070518494 8806
1784236239179 0.38304203748703003 8807
1784236239195 0.3002783954143524 8808
1784236239211 0.38125813007354736 8809
1784236239227 0.10380536317825317 8810
1784236239243 0.1420355588197708 8811
1784236239258 0.058319929987192154 8812
1784236239344 0.24322573840618134 8813
1784236239356 0.3161787688732147 8814
1784236239376 0.35157349705696106 8815
1784236239392 0.28396517038345337 8816
1784236239408 1.0448343753814697 8817
1784236239425 0.41101598739624023 8818
1784236239442 0.26165229082107544 8819
1784236239459 0.42196595668792725 8820
1784236239477 0.20567139983177185 8821
1784236239493 0.2656419277191162 8822
1784236239510 0.46605736017227173 8823
1784236239525 0.21328064799308777 8824
1784236239542 0.5115458965301514 8825
1784236239559 0.32724520564079285 8826
1784236239576 0.1903836578130722 8827
1784236239592 0.2982398569583893 8828
1784236239607 0.23889246582984924 8829
1784236239620 0.29532375931739807 8830
1784236239634 0.3250623345375061 8831
1784236239648 0.4318009316921234 8832
1784236239661 0.5536524653434753 8833
1784236239676 0.3112528622150421 8834
1784236239690 0.2741420865058899 8835
1784236239705 0.2868207097053528 8836
1784236239720 0.062082987278699875 8837
1784236239735 0.14407041668891907 8838
1784236239749 0.31194615364074707 8839
1784236239765 0.24768371880054474 8840
1784236239781 0.7473127841949463 8841
1784236239796 0.478418231010437 8842
1784236239809 0.2125091701745987 8843
1784236239825 0.4004749655723572 8844
1784236239840 0.2573019862174988 8845
1784236239856 0.2544686794281006 8846
1784236239872 0.33049148321151733 8847
1784236239890 0.5007970929145813 8848
1784236239908 0.36090555787086487 8849
1784236239925 0.15726535022258759 8850
1784236239942 0.08184485137462616 8851
1784236239960 0.42291539907455444 8852
1784236240000 0.3561917543411255 8853
1784236240017 0.12407944351434708 8854
1784236240033 0.18254053592681885 8855
1784236240046 0.34974998235702515 8856
1784236240062 0.7020381689071655 8857
1784236240077 0.7742974162101746 8858
1784236240092 0.15016931295394897 8859
1784236240108 0.12107741832733154 8860
1784236240126 0.47730958461761475 8861
1784236240143 0.22821520268917084 8862
1784236240159 0.089287169277668 8863
1784236240175 0.2745976448059082 8864
1784236240191 0.16728875041007996 8865
1784236240205 0.16784468293190002 8866
1784236240222 0.14265139400959015 8867
1784236240237 0.26257991790771484 8868
1784236240250 0.24643266201019287 8869
1784236240264 0.5887421369552612 8870
1784236240279 0.3325733244419098 8871
1784236240294 0.39664000272750854 8872
1784236240309 0.4825783371925354 8873
1784236240325 0.07615836709737778 8874
1784236240343 0.4879522919654846 8875
1784236240361 0.13049180805683136 8876
1784236240377 0.25018009543418884 8877
1784236240395 0.1253737211227417 8878
1784236240417 0.1311943084001541 8879
1784236240442 0.2573908269405365 8880
1784236240462 0.2819634675979614 8881
1784236240485 0.3125854730606079 8882
1784236240505 0.7212432026863098 8883
1784236240541 0.36230725049972534 8884
1784236240558 0.17559213936328888 8885
1784236240577 0.23131483793258667 8886
1784236240595 0.43570277094841003 8887
1784236240609 0.6043058037757874 8888
1784236240624 0.2180853933095932 8889
1784236240641 0.39870578050613403 8890
1784236240654 0.1171475499868393 8891
1784236240668 0.14667783677577972 8892
1784236240683 0.6493008136749268 8893
1784236240697 0.2946634888648987 8894
1784236240714 0.2527209520339966 8895
1784236240730 0.16548572480678558 8896
1784236240747 0.15665070712566376 8897
1784236240763 0.591925323009491 8898
1784236240778 0.19172821938991547 8899
1784236240794 0.17868131399154663 8900
1784236240810 1.1299611330032349 8901
1784236240824 0.28227731585502625 8902
1784236240839 0.4484179615974426 8903
1784236240854 0.31049463152885437 8904
1784236240868 0.06107785180211067 8905
1784236240883 0.3422478139400482 8906
1784236240899 0.18674325942993164 8907
1784236240914 0.6326318383216858 8908
1784236240929 0.190288707613945 8909
1784236240944 0.38750872015953064 8910
1784236240959 0.3818037211894989 8911
1784236240974 0.4163469970226288 8912
1784236240990 0.9664524793624878 8913
1784236241008 0.5866203904151917 8914
1784236241025 0.22800475358963013 8915
1784236241042 0.4838482439517975 8916
1784236241058 0.48946863412857056 8917
1784236241073 0.4829992949962616 8918
1784236241090 0.06992940604686737 8919
1784236241104 0.31535282731056213 8920
1784236241119 0.500418484210968 8921
1784236241134 0.2707797586917877 8922
1784236241150 0.47750166058540344 8923
1784236241165 0.7452701330184937 8924
1784236241179 0.3865090310573578 8925
1784236241192 0.055867478251457214 8926
1784236241207 0.4712276756763458 8927
1784236241223 0.16106155514717102 8928
1784236241237 0.12451677769422531 8929
1784236241251 0.2438359558582306 8930
1784236241266 0.13079684972763062 8931
1784236241280 0.07585511356592178 8932
1784236241296 0.48455414175987244 8933
1784236241313 0.33353391289711 8934
1784236241329 0.30666467547416687 8935
1784236241344 0.13426537811756134 8936
1784236241359 0.47993019223213196 8937
1784236241374 0.23743942379951477 8938
1784236241390 0.08790607750415802 8939
1784236241405 0.23920875787734985 8940
1784236241422 0.11234894394874573 8941
1784236241437 0.1395731419324875 8942
1784236241453 0.15794481337070465 8943
1784236241467 0.29259052872657776 8944
1784236241482 0.39682912826538086 8945
1784236241496 0.19384555518627167 8946
1784236241512 0.2729468047618866 8947
1784236241529 0.29892900586128235 8948
1784236241548 0.536963164806366 8949
1784236241563 0.36550429463386536 8950
1784236241578 0.4878137707710266 8951
1784236241593 0.4286103844642639 8952
1784236241608 0.12665961682796478 8953
1784236241624 0.2910696864128113 8954
1784236241643 0.46753960847854614 8955
1784236241661 0.2562660276889801 8956
1784236241678 0.3552740216255188 8957
1784236241694 0.19586554169654846 8958
1784236241711 0.30323415994644165 8959
1784236241726 0.2343238890171051 8960
1784236241740 0.3701672852039337 8961
1784236241758 0.07889734208583832 8962
1784236241772 0.6891417503356934 8963
1784236241788 0.11051537841558456 8964
1784236241873 0.18651732802391052 8965
1784236241889 0.32245635986328125 8966
1784236241914 0.14713715016841888 8967
1784236241933 0.17175111174583435 8968
1784236241951 0.07881973683834076 8969
1784236241965 0.13850006461143494 8970
1784236241981 0.10684499889612198 8971
1784236241996 0.3635755479335785 8972
1784236242012 0.34231674671173096 8973
1784236242026 0.16028235852718353 8974
1784236242041 0.2677919864654541 8975
1784236242057 0.3914242684841156 8976
1784236242077 0.20558342337608337 8977
1784236242092 0.19156216084957123 8978
1784236242109 0.1507669985294342 8979
1784236242126 0.25889983773231506 8980
1784236242145 0.2052842080593109 8981
1784236242161 0.1827096790075302 8982
1784236242180 0.5078247785568237 8983
1784236242194 0.20807217061519623 8984
1784236242212 0.38745298981666565 8985
1784236242228 0.13012245297431946 8986
1784236242246 0.19901715219020844 8987
1784236242264 0.18987198173999786 8988
1784236242281 0.4010325074195862 8989
1784236242295 0.13991348445415497 8990
1784236242312 0.13335071504116058 8991
1784236242326 0.18490681052207947 8992
1784236242343 0.46939319372177124 8993
1784236242359 0.17879757285118103 8994
1784236242377 0.511793851852417 8995
1784236242393 0.36583614349365234 8996
1784236242410 0.3549765646457672 8997
1784236242426 0.2781323194503784 8998
1784236242443 0.24973180890083313 8999
1784236242462 0.5575550198554993 9000
1784236242483 0.1838396042585373 9001
1784236242497 0.20564967393875122 9002
1784236242513 0.5064088106155396 9003
1784236242527 0.5621901750564575 9004
1784236242543 0.178214892745018 9005
1784236242559 0.09096574783325195 9006
1784236242577 0.08876532316207886 9007
1784236242593 0.22768087685108185 9008
1784236242609 0.19488725066184998 9009
1784236242625 0.4590582549571991 9010
1784236242641 0.17136195302009583 9011
1784236242655 0.24970848858356476 9012
1784236242670 0.7705444097518921 9013
1784236242683 0.07930311560630798 9014
1784236242698 0.6239669322967529 9015
1784236242711 0.25655072927474976 9016
1784236242726 0.5489111542701721 9017
1784236242743 0.10652797669172287 9018
1784236242780 0.26691100001335144 9019
1784236242798 0.1991509348154068 9020
1784236242814 0.3159203827381134 9021
1784236242829 0.773320734500885 9022
1784236242844 0.4111473262310028 9023
1784236242859 0.2601928412914276 9024
1784236242875 0.38141873478889465 9025
1784236242889 0.04697663336992264 9026
1784236242903 0.06355167180299759 9027
1784236242918 0.7219514846801758 9028
1784236242935 0.1811506748199463 9029
1784236243023 0.1483294814825058 9030
1784236243054 0.142472043633461 9031
1784236243070 0.32071858644485474 9032
1784236243086 0.1299162358045578 9033
1784236243102 0.15943558514118195 9034
1784236243117 0.16126172244548798 9035
1784236243131 0.2855098843574524 9036
1784236243145 0.7398210167884827 9037
1784236243161 0.08514674007892609 9038
1784236243177 0.6329036355018616 9039
1784236243193 0.17822130024433136 9040
1784236243209 0.4214193522930145 9041
1784236243226 0.1432822197675705 9042
1784236243242 0.39555734395980835 9043
1784236243259 0.6123044490814209 9044
1784236243276 0.2582193911075592 9045
1784236243291 0.3573705554008484 9046
1784236243308 0.18420760333538055 9047
1784236243325 0.3413705825805664 9048
1784236243341 0.47303763031959534 9049
1784236243359 0.5941758155822754 9050
1784236243376 0.22470615804195404 9051
1784236243396 0.30224084854125977 9052
1784236243415 0.1108919307589531 9053
1784236243432 0.609649658203125 9054
1784236243450 0.294135719537735 9055
1784236243467 0.35400527715682983 9056
1784236243483 0.25771209597587585 9057
1784236243499 0.12061137706041336 9058
1784236243512 0.7214531302452087 9059
1784236243528 0.4027078449726105 9060
1784236243543 0.07819762825965881 9061
1784236243559 0.41291889548301697 9062
1784236243574 0.29205024242401123 9063
1784236243589 0.12924014031887054 9064
1784236243604 0.2770322859287262 9065
1784236243621 0.17289698123931885 9066
1784236243636 0.12555436789989471 9067
1784236243650 0.46478942036628723 9068
1784236243662 0.1877823770046234 9069
1784236243677 0.24483540654182434 9070
1784236243693 0.18468675017356873 9071
1784236243709 0.4581505060195923 9072
1784236243725 0.2604648768901825 9073
1784236243740 0.4680699408054352 9074
1784236243756 0.42963775992393494 9075
1784236243770 0.37537434697151184 9076
1784236243787 0.8227075338363647 9077
1784236243802 0.07272505015134811 9078
1784236243817 0.42127725481987 9079
1784236243830 0.5201243758201599 9080
1784236243847 0.13336844742298126 9081
1784236243862 0.4546123147010803 9082
1784236243878 0.5070078372955322 9083
1784236243896 0.15512247383594513 9084
1784236243911 0.1969212293624878 9085
1784236243929 0.17814551293849945 9086
1784236243945 0.44570741057395935 9087
1784236243963 0.2408001869916916 9088
1784236243978 0.19699406623840332 9089
1784236243995 0.5413891077041626 9090
1784236244010 0.45846670866012573 9091
1784236244027 0.08428905159235 9092
1784236244041 0.2906365394592285 9093
1784236244056 0.3034100830554962 9094
1784236244073 0.2982049584388733 9095
1784236244090 0.1616896241903305 9096
1784236244106 0.305340051651001 9097
1784236244125 0.5416390895843506 9098
1784236244140 0.7002738118171692 9099
1784236244155 0.37251001596450806 9100
1784236244169 0.38969066739082336 9101
1784236244186 0.440115362405777 9102
1784236244201 0.13327190279960632 9103
1784236244215 0.3522275686264038 9104
1784236244229 0.2633976638317108 9105
1784236244246 0.28671443462371826 9106
1784236244262 0.17155136168003082 9107
1784236244276 0.32085275650024414 9108
1784236244291 0.37591102719306946 9109
1784236244306 0.31578895449638367 9110
1784236244320 0.23734919726848602 9111
1784236244335 0.35344836115837097 9112
1784236244350 0.22957195341587067 9113
1784236244364 0.3920938968658447 9114
1784236244377 0.5691165924072266 9115
1784236244392 0.446725457906723 9116
1784236244408 0.347298264503479 9117
1784236244427 0.26200026273727417 9118
1784236244446 0.2519496977329254 9119
1784236244465 0.3583003878593445 9120
1784236244482 0.15394842624664307 9121
1784236244500 0.5452817678451538 9122
1784236244517 0.6482886075973511 9123
1784236244534 0.6314412355422974 9124
1784236244549 0.19189858436584473 9125
1784236244564 0.5352598428726196 9126
1784236244580 0.4868400990962982 9127
1784236244593 0.24051426351070404 9128
1784236244608 0.31149840354919434 9129
1784236244621 0.45866382122039795 9130
1784236244636 0.23445254564285278 9131
1784236244651 0.2793898284435272 9132
1784236244662 0.33384791016578674 9133
1784236244678 0.6387035846710205 9134
1784236244693 0.08840841799974442 9135
1784236244709 0.42233267426490784 9136
1784236244726 0.3074728846549988 9137
1784236244743 0.15182247757911682 9138
1784236244762 0.18406185507774353 9139
1784236244856 0.1631520390510559 9140
1784236244886 0.32597047090530396 9141
1784236244902 0.28431835770606995 9142
1784236244921 0.23946917057037354 9143
1784236244936 0.3167582154273987 9144
1784236244950 0.5023133754730225 9145
1784236244966 0.08082635700702667 9146
1784236244981 0.47628462314605713 9147
1784236244994 0.30175721645355225 9148
1784236245008 0.6058722138404846 9149
1784236245023 0.38628825545310974 9150
1784236245039 0.5375194549560547 9151
1784236245058 0.31123554706573486 9152
1784236245074 0.40424156188964844 9153
1784236245091 0.2339785248041153 9154
1784236245107 0.09480557590723038 9155
1784236245122 1.138350009918213 9156
1784236245141 0.5034332275390625 9157
1784236245156 0.445801705121994 9158
1784236245170 0.49903103709220886 9159
1784236245187 0.29575031995773315 9160
1784236245201 1.1264839172363281 9161
1784236245216 0.21976763010025024 9162
1784236245230 0.33780011534690857 9163
1784236245246 0.4192832410335541 9164
1784236245260 0.281451016664505 9165
1784236245275 0.43714138865470886 9166
1784236245289 0.2800348103046417 9167
1784236245303 0.1266845166683197 9168
1784236245318 0.18579120934009552 9169
1784236245332 0.7014169096946716 9170
1784236245347 0.5308660864830017 9171
1784236245363 0.2412695586681366 9172
1784236245378 0.3089182376861572 9173
1784236245393 0.5110660791397095 9174
1784236245410 0.6815993189811707 9175
1784236245427 0.34240302443504333 9176
1784236245445 0.13632549345493317 9177
1784236245461 0.2592419385910034 9178
1784236245477 0.26610058546066284 9179
1784236245492 0.17967239022254944 9180
1784236245507 0.3070668876171112 9181
1784236245524 0.5215957164764404 9182
1784236245543 0.259504109621048 9183
1784236245560 0.7493547797203064 9184
1784236245577 0.05630979686975479 9185
1784236245592 0.29979199171066284 9186
1784236245610 0.4134453237056732 9187
1784236245627 0.45010870695114136 9188
1784236245644 0.32358318567276 9189
1784236245660 0.32410356402397156 9190
1784236245676 0.16952063143253326 9191
1784236245690 0.165994793176651 9192
1784236245706 0.10701369494199753 9193
1784236245721 0.27930381894111633 9194
1784236245735 0.4483131170272827 9195
1784236245751 0.34555795788764954 9196
1784236245768 0.4923352599143982 9197
1784236245781 0.34959882497787476 9198
1784236245796 0.24242450296878815 9199
1784236245811 0.6741878390312195 9200
1784236245827 0.17252036929130554 9201
1784236245842 0.13728885352611542 9202
1784236245858 0.2134747952222824 9203
1784236245876 0.24527251720428467 9204
1784236245893 0.49299877882003784 9205
1784236245985 0.06980694085359573 9206
1784236246000 0.2734679877758026 9207
1784236246022 0.21222059428691864 9208
1784236246041 0.4749917984008789 9209
1784236246057 0.21885186433792114 9210
1784236246076 0.42627808451652527 9211
1784236246094 0.0817960649728775 9212
1784236246114 0.25181469321250916 9213
1784236246130 0.21483173966407776 9214
1784236246147 0.19245414435863495 9215
1784236246163 0.3036922216415405 9216
1784236246180 0.19277402758598328 9217
1784236246196 0.40280017256736755 9218
1784236246209 0.24278375506401062 9219
1784236246225 0.7816587090492249 9220
1784236246242 0.7136057615280151 9221
1784236246259 0.5962318778038025 9222
1784236246278 0.3805103302001953 9223
1784236246295 0.18621456623077393 9224
1784236246310 0.4866129159927368 9225
1784236246326 0.24743230640888214 9226
1784236246341 0.13732251524925232 9227
1784236246358 0.4072975516319275 9228
1784236246374 0.30884483456611633 9229
1784236246389 0.31797823309898376 9230
1784236246406 0.4336215853691101 9231
1784236246421 0.20478986203670502 9232
1784236246438 0.8927475810050964 9233
1784236246454 0.2750619649887085 9234
1784236246472 0.39795032143592834 9235
1784236246488 0.24554520845413208 9236
1784236246504 0.1712724268436432 9237
1784236246520 0.8413949012756348 9238
1784236246535 0.13621768355369568 9239
1784236246551 0.5820645093917847 9240
1784236246568 0.18318718671798706 9241
1784236246585 0.13269546627998352 9242
1784236246600 0.22940963506698608 9243
1784236246614 0.5440433025360107 9244
1784236246631 0.289730429649353 9245
1784236246644 0.35007262229919434 9246
1784236246659 0.07250266522169113 9247
1784236246677 0.13540561497211456 9248
1784236246692 0.3462904393672943 9249
1784236246710 0.548190176486969 9250
1784236246730 0.1691112220287323 9251
1784236246747 0.44289013743400574 9252
1784236246766 0.25748753547668457 9253
1784236246783 0.20358483493328094 9254
1784236246801 0.15033963322639465 9255
1784236246815 0.17075298726558685 9256
1784236246830 0.24397042393684387 9257
1784236246846 0.17664434015750885 9258
1784236246861 0.21645928919315338 9259
1784236246875 0.17911145091056824 9260
1784236246891 0.3414570987224579 9261
1784236246907 0.154683917760849 9262
1784236246928 0.15488304197788239 9263
1784236246944 0.1545819640159607 9264
1784236246959 0.44253450632095337 9265
1784236246976 0.22014228999614716 9266
1784236246992 0.2300969511270523 9267
1784236247006 0.09936933219432831 9268
1784236247021 0.5686851739883423 9269
1784236247036 0.2343735247850418 9270
1784236247050 0.23210102319717407 9271
1784236247066 0.2651368975639343 9272
1784236247083 0.4405595064163208 9273
1784236247098 0.4221944212913513 9274
1784236247113 0.4924978017807007 9275
1784236247127 0.36141347885131836 9276
1784236247142 0.32265543937683105 9277
1784236247159 0.38806331157684326 9278
1784236247176 0.26750147342681885 9279
1784236247194 0.3446681797504425 9280
1784236247213 0.10023997724056244 9281
1784236247230 0.33359938859939575 9282
1784236247245 0.3838179111480713 9283
1784236247260 0.27619659900665283 9284
1784236247275 0.6846227645874023 9285
1784236247290 0.11311782151460648 9286
1784236247389 0.19960854947566986 9287
1784236247403 0.46451225876808167 9288
1784236247426 0.05264509469270706 9289
1784236247444 0.5946527123451233 9290
1784236247465 0.19556915760040283 9291
1784236247479 0.23479554057121277 9292
1784236247497 0.13084061443805695 9293
1784236247511 0.22179435193538666 9294
1784236247528 0.37954181432724 9295
1784236247544 0.14029742777347565 9296
1784236247560 0.1026262566447258 9297
1784236247576 0.26895517110824585 9298
1784236247593 0.2391221523284912 9299
1784236247608 0.2610926330089569 9300
1784236247624 0.20491139590740204 9301
1784236247640 0.0663578137755394 9302
1784236247654 0.24550755321979523 9303
1784236247672 0.08404088765382767 9304
1784236247688 0.11154200881719589 9305
1784236247705 0.1587391197681427 9306
1784236247719 0.5581205487251282 9307
1784236247735 0.15565125644207 9308
1784236247750 0.19449280202388763 9309
1784236247762 0.576144278049469 9310
1784236247777 0.2919750213623047 9311
1784236247792 0.4368404448032379 9312
1784236247808 0.5811456441879272 9313
1784236247822 0.38532429933547974 9314
1784236247837 0.31787747144699097 9315
1784236247852 0.2198255956172943 9316
1784236247865 0.44246405363082886 9317
1784236247879 0.3631082773208618 9318
1784236247894 0.36649587750434875 9319
1784236247909 0.31609833240509033 9320
1784236247926 0.30771514773368835 9321
1784236247941 0.31972646713256836 9322
1784236247959 0.11928454041481018 9323
1784236247979 0.40564286708831787 9324
1784236247994 0.1888325959444046 9325
1784236248008 0.2680630385875702 9326
1784236248022 0.6709872484207153 9327
1784236248038 0.25835686922073364 9328
1784236248054 0.29160818457603455 9329
1784236248068 0.08055831491947174 9330
1784236248082 0.2599186897277832 9331
1784236248098 0.19439853727817535 9332
1784236248110 0.18632975220680237 9333
1784236248125 0.5237998962402344 9334
1784236248141 0.1869126409292221 9335
1784236248158 0.33702605962753296 9336
1784236248175 0.1470903903245926 9337
1784236248192 0.14899186789989471 9338
1784236248208 0.19114114344120026 9339
1784236248224 0.1588847041130066 9340
1784236248243 0.34828418493270874 9341
1784236248261 0.3699004054069519 9342
1784236248276 0.41382506489753723 9343
1784236248293 0.29856663942337036 9344
1784236248308 0.28607177734375 9345
1784236248324 0.3924722373485565 9346
1784236248341 0.47041553258895874 9347
1784236248360 0.5202161073684692 9348
1784236248375 0.14692097902297974 9349
1784236248390 0.44208523631095886 9350
1784236248409 0.1439453363418579 9351
1784236248429 0.5585514307022095 9352
1784236248460 0.7739943265914917 9353
1784236248485 0.18089792132377625 9354
1784236248504 0.41786226630210876 9355
1784236248528 0.35426685214042664 9356
1784236248542 0.28670766949653625 9357
1784236248566 0.26085206866264343 9358
1784236248586 0.6550493240356445 9359
1784236248602 0.26206520199775696 9360
1784236248618 0.1618688553571701 9361
1784236248631 0.19068168103694916 9362
1784236248646 0.1645030528306961 9363
1784236248661 0.3442452549934387 9364
1784236248678 0.4191584885120392 9365
1784236248693 0.27260690927505493 9366
1784236248709 1.0686671733856201 9367
1784236248724 0.14984634518623352 9368
1784236248738 0.37702351808547974 9369
1784236248753 0.34263187646865845 9370
1784236248769 0.3764091730117798 9371
1784236248784 0.10943025350570679 9372
1784236248799 0.17344972491264343 9373
1784236248814 0.3437212407588959 9374
