1784237679473 2.3689098358154297 0
1784237679491 2.199528455734253 1
1784237679505 2.2578957080841064 2
1784237679519 2.1285603046417236 3
1784237679533 2.011483669281006 4
1784237679547 1.99386465549469 5
1784237679560 1.9430480003356934 6
1784237679573 1.7316042184829712 7
1784237679586 1.7494745254516602 8
1784237679599 1.8148598670959473 9
1784237679612 1.66814386844635 10
1784237679624 1.4486864805221558 11
1784237679637 1.4325441122055054 12
1784237679652 1.6442902088165283 13
1784237679666 1.6115574836730957 14
1784237679679 1.539252758026123 15
1784237679693 1.1616665124893188 16
1784237679708 1.1327433586120605 17
1784237679721 1.2665889263153076 18
1784237679733 1.15153169631958 19
1784237679745 1.2468488216400146 20
1784237679768 1.1660182476043701 21
1784237679779 1.1205576658248901 22
1784237679794 1.0045995712280273 23
1784237679806 1.183976173400879 24
1784237679818 0.8261414170265198 25
1784237679830 1.0037362575531006 26
1784237679859 0.8246844410896301 27
1784237679872 0.8116032481193542 28
1784237679886 0.9437069892883301 29
1784237679899 0.9354417324066162 30
1784237679912 0.8228480815887451 31
1784237679924 0.8280773162841797 32
1784237679938 0.6059918403625488 33
1784237679951 0.7305715680122375 34
1784237679962 0.958117663860321 35
1784237679975 0.7546274065971375 36
1784237679987 0.8612001538276672 37
1784237680001 0.6059566736221313 38
1784237680013 0.7328516244888306 39
1784237680025 0.8087999820709229 40
1784237680036 0.7134089469909668 41
1784237680048 0.7667368650436401 42
1784237680060 0.8281434774398804 43
1784237680074 0.6123482584953308 44
1784237680088 1.0809292793273926 45
1784237680102 0.6864110827445984 46
1784237680115 0.513424277305603 47
1784237680127 0.5143941044807434 48
1784237680142 0.6657841801643372 49
1784237680155 1.024186372756958 50
1784237680169 0.6457575559616089 51
1784237680183 0.5790351629257202 52
1784237680196 0.6895572543144226 53
1784237680211 0.632642924785614 54
1784237680223 0.592894971370697 55
1784237680237 0.5527829527854919 56
1784237680252 0.5720800161361694 57
1784237680266 0.6781330108642578 58
1784237680278 0.5912221074104309 59
1784237680291 0.6147958040237427 60
1784237680304 0.7170889973640442 61
1784237680317 0.7005670666694641 62
1784237680331 0.4687429666519165 63
1784237680343 0.49461987614631653 64
1784237680356 0.3925032317638397 65
1784237680368 0.4786703288555145 66
1784237680381 0.35034671425819397 67
1784237680394 0.4372086524963379 68
1784237680408 0.5123867988586426 69
1784237680422 0.677341878414154 70
1784237680434 0.38078826665878296 71
1784237680446 0.7579801082611084 72
1784237680460 0.29566437005996704 73
1784237680473 0.5965490937232971 74
1784237680485 0.8235474824905396 75
1784237680497 0.7577335238456726 76
1784237680511 0.5070410966873169 77
1784237680523 0.26002028584480286 78
1784237680535 0.5958402752876282 79
1784237680548 0.39668428897857666 80
1784237680560 0.5203841328620911 81
1784237680573 0.9512842297554016 82
1784237680586 0.7172534465789795 83
1784237680600 0.7861021757125854 84
1784237680612 0.7582113742828369 85
1784237680626 0.4958290755748749 86
1784237680638 0.3558827340602875 87
1784237680652 0.5070576071739197 88
1784237680664 0.7489020228385925 89
1784237680675 0.39423075318336487 90
1784237680688 0.6462777256965637 91
1784237680702 0.5065592527389526 92
1784237680714 0.41109004616737366 93
1784237680726 0.5481382012367249 94
1784237680743 0.42599746584892273 95
1784237680756 0.7921664714813232 96
1784237680768 0.4353768825531006 97
1784237680780 0.6052501797676086 98
1784237680792 0.6236679553985596 99
1784237680806 0.23871926963329315 100
1784237680818 0.5036547183990479 101
1784237680828 0.7259252667427063 102
1784237680841 0.39431366324424744 103
1784237680853 0.5821492075920105 104
1784237680865 0.5887635946273804 105
1784237680876 0.6772932410240173 106
1784237680889 0.47009000182151794 107
1784237680903 0.6551567912101746 108
1784237680916 0.5041113495826721 109
1784237680930 0.2292938083410263 110
1784237680942 0.4929395914077759 111
1784237680955 0.33818334341049194 112
1784237680970 0.49802371859550476 113
1784237680983 0.35167378187179565 114
1784237680993 0.4648572504520416 115
1784237681006 0.3042386770248413 116
1784237681019 0.4350791871547699 117
1784237681032 0.2969570755958557 118
1784237681044 0.30372610688209534 119
1784237681056 0.4990590214729309 120
1784237681070 0.6421948075294495 121
1784237681083 0.3944550156593323 122
1784237681096 0.565540611743927 123
1784237681108 0.5111437439918518 124
1784237681121 0.5738525390625 125
1784237681133 0.4942983388900757 126
1784237681145 0.3578779399394989 127
1784237681158 0.4246797263622284 128
1784237681171 0.19102416932582855 129
1784237681185 0.5295071005821228 130
1784237681197 0.6134527325630188 131
1784237681209 0.5960518717765808 132
1784237681222 0.2998857796192169 133
1784237681235 0.6047292947769165 134
1784237681247 0.7692023515701294 135
1784237681260 0.32194021344184875 136
1784237681273 0.5369970202445984 137
1784237681286 0.5182250142097473 138
1784237681299 0.2879332900047302 139
1784237681310 0.7666904330253601 140
1784237681322 0.42133089900016785 141
1784237681334 0.5319979786872864 142
1784237681346 0.8210158944129944 143
1784237681359 0.4446966350078583 144
1784237681370 0.40637660026550293 145
1784237681381 0.4157155752182007 146
1784237681393 0.40131676197052 147
1784237681406 0.48950114846229553 148
1784237681418 0.595764696598053 149
1784237681429 0.38053277134895325 150
1784237681443 0.4137001037597656 151
1784237681455 0.3679499328136444 152
1784237681468 0.3392232060432434 153
1784237681479 0.35743314027786255 154
1784237681491 0.615618884563446 155
1784237681504 0.5692242383956909 156
1784237681516 0.3470887541770935 157
1784237681528 0.7509174942970276 158
1784237681541 0.41462239623069763 159
1784237681554 0.5126307606697083 160
1784237681566 0.1963593065738678 161
1784237681578 0.5133408308029175 162
1784237681594 0.6014808416366577 163
1784237681606 0.5572020411491394 164
1784237681619 0.29638317227363586 165
1784237681630 0.41997528076171875 166
1784237681644 0.5327771306037903 167
1784237681657 0.3307892382144928 168
1784237681672 0.8127641081809998 169
1784237681690 0.39197054505348206 170
1784237681706 0.42192769050598145 171
1784237681719 0.26617300510406494 172
1784237681733 0.4971427917480469 173
1784237681746 0.2760268449783325 174
1784237681759 0.35643795132637024 175
1784237681773 0.39272958040237427 176
1784237681786 0.30846208333969116 177
1784237681800 0.18448984622955322 178
1784237681812 0.7098268270492554 179
1784237681824 0.43154987692832947 180
1784237681837 0.38915780186653137 181
1784237681848 0.5987218022346497 182
1784237681860 0.24195049703121185 183
1784237681873 0.42924293875694275 184
1784237681886 0.2812572121620178 185
1784237681899 0.5290586352348328 186
1784237681911 0.4439789056777954 187
1784237681925 0.42717358469963074 188
1784237681937 0.4640008807182312 189
1784237681949 0.45590415596961975 190
1784237681961 0.5478783845901489 191
1784237681973 0.6283627152442932 192
1784237681987 0.5127469301223755 193
1784237682000 0.3322848081588745 194
1784237682012 0.310830682516098 195
1784237682024 0.3348594903945923 196
1784237682037 0.1550588607788086 197
1784237682049 0.42431047558784485 198
1784237682060 0.5216939449310303 199
1784237682073 0.4732327163219452 200
1784237682085 0.2466655671596527 201
1784237682097 0.6721614003181458 202
1784237682110 0.4715374708175659 203
1784237682124 0.4382854104042053 204
1784237682137 0.34388816356658936 205
1784237682149 0.44098159670829773 206
1784237682162 0.49868443608283997 207
1784237682174 0.5050561428070068 208
1784237682188 0.1952185481786728 209
1784237682201 0.42493775486946106 210
1784237682213 0.29015862941741943 211
1784237682225 1.0100207328796387 212
1784237682237 0.2379244565963745 213
1784237682250 0.1704295426607132 214
1784237682262 0.5012438893318176 215
1784237682276 0.3128066658973694 216
1784237682289 0.8058898448944092 217
1784237682310 0.26331669092178345 218
1784237682322 0.13015612959861755 219
1784237682335 0.32476404309272766 220
1784237682347 0.24428950250148773 221
1784237682361 0.2740873694419861 222
1784237682374 0.7324386835098267 223
1784237682387 0.25449880957603455 224
1784237682400 0.4781821668148041 225
1784237682411 0.6984736919403076 226
1784237682425 0.5516570806503296 227
1784237682437 0.4988667964935303 228
1784237682450 0.3448799252510071 229
1784237682462 0.5538232922554016 230
1784237682475 0.5460551381111145 231
1784237682489 0.2796592116355896 232
1784237682503 0.2408771812915802 233
1784237682515 0.2264067381620407 234
1784237682526 0.5291878581047058 235
1784237682540 0.710163950920105 236
1784237682552 0.44590601325035095 237
1784237682565 0.5295934677124023 238
1784237682577 0.7096871733665466 239
1784237682592 0.9555672407150269 240
1784237682606 0.31296029686927795 241
1784237682617 0.45261549949645996 242
1784237682629 0.5693098306655884 243
1784237682641 0.4026469886302948 244
1784237682653 0.35948774218559265 245
1784237682666 0.21547451615333557 246
1784237682677 0.7644032835960388 247
1784237682691 0.22795766592025757 248
1784237682704 0.5086333155632019 249
1784237682718 0.8622058033943176 250
1784237682731 0.3565462827682495 251
1784237682744 0.5188822150230408 252
1784237682763 0.45383748412132263 253
1784237682775 0.35456758737564087 254
1784237682788 0.4351724684238434 255
1784237682802 0.5005062222480774 256
1784237682814 0.32909470796585083 257
1784237682826 0.4585340917110443 258
1784237682839 0.551308274269104 259
1784237682851 0.3386288583278656 260
1784237682863 0.4413919150829315 261
1784237682877 0.3574952185153961 262
1784237682890 0.3987399637699127 263
1784237682904 0.3140309453010559 264
1784237682916 0.6476777195930481 265
1784237682928 0.19060592353343964 266
1784237682942 0.3378470242023468 267
1784237682955 0.40968143939971924 268
1784237682968 0.28654739260673523 269
1784237682981 0.3171958029270172 270
1784237682994 0.6022780537605286 271
1784237683007 0.39185652136802673 272
1784237683019 0.7112295627593994 273
1784237683032 0.4813583195209503 274
1784237683044 0.27470725774765015 275
1784237683058 0.209758922457695 276
1784237683071 0.5454109311103821 277
1784237683084 0.44825494289398193 278
1784237683097 0.5279053449630737 279
1784237683110 0.5883314609527588 280
1784237683122 0.3676237165927887 281
1784237683135 0.4608822762966156 282
1784237683148 0.5940141677856445 283
1784237683159 0.4103100001811981 284
1784237683172 0.3817339837551117 285
1784237683185 0.28095459938049316 286
1784237683197 0.5589718222618103 287
1784237683211 0.2662520408630371 288
1784237683223 0.4826505184173584 289
1784237683236 0.28778791427612305 290
1784237683249 0.5458086729049683 291
1784237683261 0.35012418031692505 292
1784237683274 0.721784770488739 293
1784237683288 0.30455806851387024 294
1784237683300 0.7080293893814087 295
1784237683312 0.7188622951507568 296
1784237683324 0.41289055347442627 297
1784237683337 0.8548614978790283 298
1784237683351 0.4172993004322052 299
1784237683362 0.226377472281456 300
1784237683376 0.5276033282279968 301
1784237683389 0.39785829186439514 302
1784237683402 0.3508354723453522 303
1784237683413 0.17859189212322235 304
1784237683425 0.4504813551902771 305
1784237683438 0.31859275698661804 306
1784237683451 0.3262558877468109 307
1784237683463 0.35764437913894653 308
1784237683476 0.5541996955871582 309
1784237683490 0.3287287950515747 310
1784237683503 0.23230382800102234 311
1784237683516 0.4417441487312317 312
1784237683527 0.30169811844825745 313
1784237683540 0.3980008065700531 314
1784237683555 0.28844961524009705 315
1784237683568 0.22213110327720642 316
1784237683580 0.2250848263502121 317
1784237683592 0.37627971172332764 318
1784237683606 0.39188718795776367 319
1784237683617 0.5085053443908691 320
1784237683629 0.27390581369400024 321
1784237683642 0.5574718117713928 322
1784237683656 0.22075355052947998 323
1784237683669 0.16740915179252625 324
1784237683683 0.3520113229751587 325
1784237683694 0.25382179021835327 326
1784237683708 0.556573212146759 327
1784237683720 0.31989526748657227 328
1784237683732 0.10852035135030746 329
1784237683744 0.345213919878006 330
1784237683758 0.1794227659702301 331
1784237683771 0.4538244903087616 332
1784237683784 0.2580591142177582 333
1784237683796 0.5533053874969482 334
1784237683809 0.3012944459915161 335
1784237683821 0.4533326029777527 336
1784237683834 0.2766766846179962 337
1784237683846 0.30861327052116394 338
1784237683858 0.5165020823478699 339
1784237683871 0.3978976309299469 340
1784237683884 0.3945060074329376 341
1784237683897 0.37642836570739746 342
1784237683912 0.36560148000717163 343
1784237683927 0.5335370898246765 344
1784237683941 0.34052279591560364 345
1784237683956 0.49493640661239624 346
1784237683971 0.32103976607322693 347
1784237683985 0.45066511631011963 348
1784237683999 0.33725506067276 349
1784237684011 0.19798794388771057 350
1784237684024 0.4268345236778259 351
1784237684037 0.41035184264183044 352
1784237684051 0.21491119265556335 353
1784237684063 0.27032139897346497 354
1784237684076 0.21392741799354553 355
1784237684091 0.39923059940338135 356
1784237684106 0.4844168722629547 357
1784237684119 0.5690587162971497 358
1784237684131 0.559154748916626 359
1784237684145 0.527499258518219 360
1784237684159 0.1848870813846588 361
1784237684172 0.2764871418476105 362
1784237684186 0.127557173371315 363
1784237684201 0.15498170256614685 364
1784237684215 0.43926531076431274 365
1784237684229 0.5985697507858276 366
1784237684243 0.45255765318870544 367
1784237684259 0.2740330696105957 368
1784237684273 0.43894216418266296 369
1784237684287 0.3659159243106842 370
1784237684301 0.6678547859191895 371
1784237684314 0.2479964941740036 372
1784237684327 0.24275541305541992 373
1784237684342 0.4173351526260376 374
1784237684356 0.2974245846271515 375
1784237684370 0.5740377902984619 376
1784237684384 0.3775555491447449 377
1784237684398 0.16935940086841583 378
1784237684412 0.36199015378952026 379
1784237684426 0.8349438905715942 380
1784237684442 0.3202306926250458 381
1784237684456 0.6502397656440735 382
1784237684470 0.3538757860660553 383
1784237684484 0.14911988377571106 384
1784237684499 0.5304502844810486 385
1784237684512 0.528730571269989 386
1784237684527 0.3895113170146942 387
1784237684539 0.6480515003204346 388
1784237684553 0.4380539059638977 389
1784237684566 0.37587887048721313 390
1784237684579 0.3327510952949524 391
1784237684591 0.08153106272220612 392
1784237684603 0.5032431483268738 393
1784237684617 0.31959545612335205 394
1784237684631 0.2584910988807678 395
1784237684644 0.6144575476646423 396
1784237684657 0.7374248504638672 397
1784237684668 0.4503314197063446 398
1784237684679 0.1895534247159958 399
1784237684693 0.3160587251186371 400
1784237684707 0.48998624086380005 401
1784237684721 0.3038460910320282 402
1784237684736 0.28520360589027405 403
1784237684749 0.22975312173366547 404
1784237684761 0.22794249653816223 405
1784237684774 0.2446269690990448 406
1784237684786 0.39462175965309143 407
1784237684800 0.4144405722618103 408
1784237684813 0.3398333191871643 409
1784237684826 0.608724057674408 410
1784237684841 0.17715784907341003 411
1784237684854 0.47085145115852356 412
1784237684869 0.5544355511665344 413
1784237684882 0.34740346670150757 414
1784237684893 0.3133382201194763 415
1784237684906 0.22618608176708221 416
1784237684919 0.36516427993774414 417
1784237684932 0.4967857599258423 418
1784237684945 0.246733620762825 419
1784237684958 0.3984619677066803 420
1784237684971 0.24398775398731232 421
1784237684984 0.43604418635368347 422
1784237684998 0.16497346758842468 423
1784237685011 0.36311718821525574 424
1784237685025 0.29109910130500793 425
1784237685038 0.16237762570381165 426
1784237685050 0.23701900243759155 427
1784237685063 0.41499391198158264 428
1784237685077 0.27044233679771423 429
1784237685089 0.23917479813098907 430
1784237685103 0.41593801975250244 431
1784237685114 0.338468998670578 432
1784237685125 0.3099609315395355 433
1784237685136 0.2175692468881607 434
1784237685151 0.42035678029060364 435
1784237685165 0.3403177559375763 436
1784237685179 0.2626568377017975 437
1784237685192 0.45849913358688354 438
1784237685206 0.2764015793800354 439
1784237685220 0.27842244505882263 440
1784237685234 0.34317997097969055 441
1784237685249 0.23647448420524597 442
1784237685264 0.500495195388794 443
1784237685276 0.5999982953071594 444
1784237685290 0.23901627957820892 445
1784237685303 0.356541246175766 446
1784237685316 0.17430472373962402 447
1784237685331 0.2546292543411255 448
1784237685345 0.4035559296607971 449
1784237685360 0.5229390263557434 450
1784237685374 0.20322826504707336 451
1784237685389 0.31427761912345886 452
1784237685403 0.2195853292942047 453
1784237685418 0.1556732952594757 454
1784237685432 0.6359343528747559 455
1784237685445 0.43909943103790283 456
1784237685457 0.5546080470085144 457
1784237685468 0.40727734565734863 458
1784237685484 0.34783294796943665 459
1784237685497 0.30920538306236267 460
1784237685509 0.4039452075958252 461
1784237685522 0.09795104712247849 462
1784237685535 0.37257906794548035 463
1784237685548 0.3144371211528778 464
1784237685560 0.1450309157371521 465
1784237685574 0.4239070415496826 466
1784237685588 0.3523281514644623 467
1784237685601 0.16383105516433716 468
1784237685615 0.3444029688835144 469
1784237685629 0.4369696378707886 470
1784237685643 0.7529506683349609 471
1784237685656 0.40025973320007324 472
1784237685670 0.5157219171524048 473
1784237685683 0.08745410293340683 474
1784237685697 0.11079970002174377 475
1784237685708 0.2640378177165985 476
1784237685720 0.46716949343681335 477
1784237685732 0.3390823006629944 478
1784237685747 0.5265095233917236 479
1784237685760 0.5014769434928894 480
1784237685773 0.32260647416114807 481
1784237685787 0.2780596911907196 482
1784237685801 0.29846736788749695 483
1784237685815 0.35358819365501404 484
1784237685829 0.24596114456653595 485
1784237685840 0.12420865893363953 486
1784237685851 0.20934434235095978 487
1784237685862 0.13374462723731995 488
1784237685876 0.36126968264579773 489
1784237685889 0.25961753726005554 490
1784237685903 0.5655155181884766 491
1784237685916 0.18162555992603302 492
1784237685932 0.2429032027721405 493
1784237685945 0.33120983839035034 494
1784237685958 0.1391233503818512 495
1784237685972 0.41008061170578003 496
1784237685986 0.5169515013694763 497
1784237685997 0.1769813597202301 498
1784237686011 0.2296696901321411 499
1784237686024 0.13809654116630554 500
1784237686037 0.4098953306674957 501
1784237686051 0.3304740786552429 502
1784237686069 0.2296423763036728 503
1784237686085 0.23173639178276062 504
1784237686101 0.18075259029865265 505
1784237686116 0.8785140514373779 506
1784237686135 0.14788256585597992 507
1784237686153 0.3400213420391083 508
1784237686170 0.49962764978408813 509
1784237686187 0.14042775332927704 510
1784237686206 0.17320826649665833 511
1784237686222 0.49006831645965576 512
1784237686236 0.261521577835083 513
1784237686251 0.18164075911045074 514
1784237686265 0.31332725286483765 515
1784237686278 0.9243800640106201 516
1784237686292 0.20965279638767242 517
1784237686305 0.34760236740112305 518
1784237686317 0.12800920009613037 519
1784237686331 0.283611536026001 520
1784237686343 0.32359778881073 521
1784237686355 0.29806458950042725 522
1784237686368 0.31740137934684753 523
1784237686382 0.4345429539680481 524
1784237686394 0.3828122615814209 525
1784237686408 0.19336842000484467 526
1784237686422 0.1662210077047348 527
1784237686435 0.34920650720596313 528
1784237686449 0.3104674220085144 529
1784237686462 0.25060513615608215 530
1784237686477 0.2700973153114319 531
1784237686490 0.2705529034137726 532
1784237686505 0.5058262348175049 533
1784237686518 0.14271436631679535 534
1784237686532 0.40322011709213257 535
1784237686544 0.1556071937084198 536
1784237686558 0.5460672378540039 537
1784237686572 0.3497216999530792 538
1784237686586 0.21325351297855377 539
1784237686600 0.17181387543678284 540
1784237686614 0.32234686613082886 541
1784237686626 0.5990961790084839 542
1784237686639 0.4512973129749298 543
1784237686652 0.6808066964149475 544
1784237686666 0.3678452968597412 545
1784237686678 0.5330880284309387 546
1784237686691 0.186255544424057 547
1784237686706 0.22648338973522186 548
1784237686718 0.8900254964828491 549
1784237686732 0.15295925736427307 550
1784237686745 0.2765912115573883 551
1784237686761 0.2674015462398529 552
1784237686782 0.18751470744609833 553
1784237686795 0.623781144618988 554
1784237686809 0.34453827142715454 555
1784237686823 0.3590465784072876 556
1784237686836 0.23159262537956238 557
1784237686851 0.3508842885494232 558
1784237686865 0.3023160696029663 559
1784237686878 0.1542724221944809 560
1784237686892 0.13702154159545898 561
1784237686905 0.3530210256576538 562
1784237686919 0.27967405319213867 563
1784237686932 0.24513772130012512 564
1784237686945 0.31842198967933655 565
1784237686960 0.152216836810112 566
1784237686975 0.1651829481124878 567
1784237686989 0.26592519879341125 568
1784237687003 0.2717072665691376 569
1784237687016 0.26871564984321594 570
1784237687031 0.15263324975967407 571
1784237687046 0.2065476030111313 572
1784237687058 0.2914624810218811 573
1784237687073 0.24167318642139435 574
1784237687087 0.2199716567993164 575
1784237687101 0.3391976058483124 576
1784237687115 0.5328378081321716 577
1784237687127 0.13442374765872955 578
1784237687142 0.37410542368888855 579
1784237687155 0.12260531634092331 580
1784237687168 0.17256760597229004 581
1784237687182 0.11839853972196579 582
1784237687197 0.2170960158109665 583
1784237687211 0.12975239753723145 584
1784237687225 0.40149620175361633 585
1784237687237 0.33115389943122864 586
1784237687251 0.24672406911849976 587
1784237687263 0.33204302191734314 588
1784237687276 0.7853419780731201 589
1784237687289 0.19300857186317444 590
1784237687304 0.24678640067577362 591
1784237687318 0.3798969089984894 592
1784237687331 0.27527955174446106 593
1784237687345 0.2322324812412262 594
1784237687359 0.25799474120140076 595
1784237687373 0.2997463643550873 596
1784237687386 0.41675177216529846 597
1784237687399 0.1599680483341217 598
1784237687411 0.47021329402923584 599
1784237687425 0.5181467533111572 600
1784237687438 0.4232158064842224 601
1784237687452 0.2391948401927948 602
1784237687466 0.6510680913925171 603
1784237687478 0.4051228165626526 604
1784237687493 0.33883193135261536 605
1784237687506 0.3917468786239624 606
1784237687521 0.2971867322921753 607
1784237687535 0.14898990094661713 608
1784237687548 0.3883444666862488 609
1784237687559 0.21082285046577454 610
1784237687571 0.20958098769187927 611
1784237687583 0.18581826984882355 612
1784237687596 0.4336908459663391 613
1784237687609 0.619931161403656 614
1784237687621 0.20984172821044922 615
1784237687635 0.372198224067688 616
1784237687649 0.19297119975090027 617
1784237687661 0.21343892812728882 618
1784237687675 0.58612060546875 619
1784237687689 0.5711698532104492 620
1784237687704 0.25987234711647034 621
1784237687716 0.24040119349956512 622
1784237687729 0.08176779001951218 623
1784237687740 0.3561030328273773 624
1784237687752 0.41192758083343506 625
1784237687765 0.08048056811094284 626
1784237687777 0.25013455748558044 627
1784237687791 0.2820332646369934 628
1784237687805 0.2731875777244568 629
1784237687818 0.1993352174758911 630
1784237687832 0.16759315133094788 631
1784237687845 0.3497409224510193 632
1784237687859 0.24376672506332397 633
1784237687873 0.24199658632278442 634
1784237687887 0.15229105949401855 635
1784237687900 0.3944316506385803 636
1784237687913 0.1857668161392212 637
1784237687926 0.25502949953079224 638
1784237687937 0.28625717759132385 639
1784237687950 0.44661691784858704 640
1784237687963 0.1957082897424698 641
1784237687976 0.36813777685165405 642
1784237687992 0.34277117252349854 643
1784237688006 0.26206210255622864 644
1784237688020 0.11335433274507523 645
1784237688033 0.19884097576141357 646
1784237688049 0.44296887516975403 647
1784237688061 0.5745432376861572 648
1784237688075 0.05533265694975853 649
1784237688089 0.27978500723838806 650
1784237688104 0.26091378927230835 651
1784237688117 0.2573314905166626 652
1784237688134 0.1360212117433548 653
1784237688148 0.42055028676986694 654
1784237688162 0.5264841318130493 655
1784237688176 0.22300706803798676 656
1784237688191 0.4070761203765869 657
1784237688204 0.3705848753452301 658
1784237688220 0.1505938470363617 659
1784237688235 0.23239466547966003 660
1784237688249 0.19748978316783905 661
1784237688265 0.17866715788841248 662
1784237688280 0.23235578835010529 663
1784237688294 0.32714059948921204 664
1784237688308 0.16684651374816895 665
1784237688323 0.29423367977142334 666
1784237688339 0.21061210334300995 667
1784237688356 0.3458351194858551 668
1784237688376 0.1776650846004486 669
1784237688392 0.28742560744285583 670
1784237688408 0.21798443794250488 671
1784237688425 0.11238760501146317 672
1784237688441 0.09263373166322708 673
1784237688458 0.1782151460647583 674
1784237688475 0.41905438899993896 675
1784237688491 0.43837863206863403 676
1784237688508 0.3075328469276428 677
1784237688525 0.1539430171251297 678
1784237688540 0.2772962152957916 679
1784237688559 0.2314242571592331 680
1784237688576 0.2796713709831238 681
1784237688591 0.7315477132797241 682
1784237688604 0.26529937982559204 683
1784237688617 0.1684272736310959 684
1784237688629 0.23992490768432617 685
1784237688641 0.318977952003479 686
1784237688653 0.1847226768732071 687
1784237688668 0.3032512664794922 688
1784237688682 0.11628894507884979 689
1784237688695 0.478392094373703 690
1784237688709 0.2001885026693344 691
1784237688722 0.3794475495815277 692
1784237688733 0.3278260827064514 693
1784237688746 0.5264235734939575 694
1784237688758 0.43870124220848083 695
1784237688771 0.1347777396440506 696
1784237688785 0.3872758746147156 697
1784237688802 0.3283829092979431 698
1784237688815 0.18208980560302734 699
1784237688827 0.30144748091697693 700
1784237688842 0.09152863174676895 701
1784237688856 0.28670716285705566 702
1784237688870 0.16429942846298218 703
1784237688884 0.46092697978019714 704
1784237688897 0.2733456790447235 705
1784237688910 0.3190922737121582 706
1784237688924 0.49059122800827026 707
1784237688937 0.24902452528476715 708
1784237688952 0.1906493902206421 709
1784237688966 0.21301598846912384 710
1784237688980 0.09687867760658264 711
1784237688993 0.36681094765663147 712
1784237689006 0.31270864605903625 713
1784237689019 0.3969166576862335 714
1784237689034 0.21592435240745544 715
1784237689047 0.13415850698947906 716
1784237689059 0.14796139299869537 717
1784237689073 0.15012226998806 718
1784237689087 0.3585560917854309 719
1784237689102 0.23619458079338074 720
1784237689118 0.3632057309150696 721
1784237689134 0.13140521943569183 722
1784237689150 0.2875831723213196 723
1784237689167 0.20211072266101837 724
1784237689179 0.22784441709518433 725
1784237689194 0.33676692843437195 726
1784237689209 0.4365276098251343 727
1784237689223 0.18537697196006775 728
1784237689236 0.7501827478408813 729
1784237689250 0.39732640981674194 730
1784237689263 0.3010801076889038 731
1784237689277 0.39223432540893555 732
1784237689292 0.14908258616924286 733
1784237689307 0.2810724675655365 734
1784237689318 0.29720404744148254 735
1784237689332 0.20585663616657257 736
1784237689347 0.21694976091384888 737
1784237689360 0.09709541499614716 738
1784237689375 0.08937255293130875 739
1784237689390 0.12832871079444885 740
1784237689405 0.35907524824142456 741
1784237689419 0.2275717705488205 742
1784237689432 0.20240148901939392 743
1784237689446 0.24850134551525116 744
1784237689460 0.30796363949775696 745
1784237689474 0.6772364377975464 746
1784237689488 0.09233103692531586 747
1784237689502 0.1658027321100235 748
1784237689515 0.22828125953674316 749
1784237689528 0.28304821252822876 750
1784237689543 0.3830912113189697 751
1784237689556 0.30567076802253723 752
1784237689572 0.5106551647186279 753
1784237689586 0.30266982316970825 754
1784237689601 0.31489884853363037 755
1784237689614 0.1925872266292572 756
1784237689629 0.113301120698452 757
1784237689643 0.10599531978368759 758
1784237689656 0.3536436855792999 759
1784237689670 0.7106743454933167 760
1784237689684 0.12558569014072418 761
1784237689699 0.08479861915111542 762
1784237689712 0.31104791164398193 763
1784237689726 0.17114560306072235 764
1784237689739 0.4781929850578308 765
1784237689752 0.276033878326416 766
1784237689766 0.18966735899448395 767
1784237689781 0.13178479671478271 768
1784237689794 0.3581872284412384 769
1784237689825 0.3236767649650574 770
1784237689839 0.1817130148410797 771
1784237689852 0.3581165671348572 772
1784237689866 0.13515052199363708 773
1784237689879 0.3491414189338684 774
1784237689894 0.13258013129234314 775
1784237689908 0.1890231966972351 776
1784237689921 0.1386343538761139 777
1784237689935 0.2110525220632553 778
1784237689949 0.3827611804008484 779
1784237689964 0.4588638246059418 780
1784237689976 0.20346477627754211 781
1784237689990 0.3270544707775116 782
1784237690003 0.14835388958454132 783
1784237690017 0.5763754844665527 784
1784237690029 0.31197234988212585 785
1784237690043 0.20622286200523376 786
1784237690057 0.18472173810005188 787
1784237690071 0.15392448008060455 788
1784237690084 0.20796117186546326 789
1784237690097 0.5767471194267273 790
1784237690109 0.056318461894989014 791
1784237690122 0.4262886047363281 792
1784237690136 0.2124186009168625 793
1784237690152 0.22058390080928802 794
1784237690165 0.12021484971046448 795
1784237690178 0.256149023771286 796
1784237690191 0.27922073006629944 797
1784237690205 0.09724345058202744 798
1784237690218 0.08996429294347763 799
1784237690231 0.43803754448890686 800
1784237690244 0.14086148142814636 801
1784237690259 0.1121843233704567 802
1784237690273 0.4534524977207184 803
1784237690285 0.3544424772262573 804
1784237690299 0.1876211017370224 805
1784237690313 0.4533217251300812 806
1784237690327 0.16395187377929688 807
1784237690341 0.09081976115703583 808
1784237690356 0.23319198191165924 809
1784237690372 0.31166568398475647 810
1784237690385 0.37097910046577454 811
1784237690396 0.289902001619339 812
1784237690410 0.11563315242528915 813
1784237690425 0.139429971575737 814
1784237690439 0.34386804699897766 815
1784237690454 0.6140303611755371 816
1784237690468 0.4772675037384033 817
1784237690483 0.2227594256401062 818
1784237690494 0.18000862002372742 819
1784237690506 0.10573861747980118 820
1784237690519 0.4028439521789551 821
1784237690533 0.11007917672395706 822
1784237690548 0.5517630577087402 823
1784237690561 0.3419836163520813 824
1784237690575 0.04680859297513962 825
1784237690592 0.21668177843093872 826
1784237690609 0.32704657316207886 827
1784237690625 0.3638482987880707 828
1784237690641 0.2648085653781891 829
1784237690656 0.3788856565952301 830
1784237690671 0.07050294429063797 831
1784237690685 0.34805431962013245 832
1784237690700 0.30394911766052246 833
1784237690713 0.17662043869495392 834
1784237690726 0.17098785936832428 835
1784237690741 0.27691707015037537 836
1784237690757 0.21091188490390778 837
1784237690772 0.16063493490219116 838
1784237690786 0.19473712146282196 839
1784237690802 0.14529037475585938 840
1784237690816 0.07338464260101318 841
1784237690828 0.21215687692165375 842
1784237690842 0.3375634253025055 843
1784237690856 0.23899473249912262 844
1784237690868 0.14747829735279083 845
1784237690880 0.11859297752380371 846
1784237690894 0.2714167833328247 847
1784237690907 0.6711400747299194 848
1784237690920 0.10082084685564041 849
1784237690934 0.2530509829521179 850
1784237690948 0.5429062843322754 851
1784237690961 0.2866634130477905 852
1784237690976 0.20828929543495178 853
1784237690992 0.09282059967517853 854
1784237691006 0.1219046488404274 855
1784237691021 0.2591766119003296 856
1784237691035 0.2100781500339508 857
1784237691050 0.2857586741447449 858
1784237691064 0.10473887622356415 859
1784237691078 0.2657643258571625 860
1784237691095 0.42965584993362427 861
1784237691106 0.30100834369659424 862
1784237691119 0.05534377321600914 863
1784237691134 0.19997292757034302 864
1784237691150 0.18674199283123016 865
1784237691167 0.2941974103450775 866
1784237691181 0.463236927986145 867
1784237691196 0.13102002441883087 868
1784237691210 0.31873852014541626 869
1784237691225 0.21448469161987305 870
1784237691238 0.39520740509033203 871
1784237691253 0.20590370893478394 872
1784237691268 0.21092954277992249 873
1784237691282 0.485647976398468 874
1784237691297 0.1741357445716858 875
1784237691309 0.3219354450702667 876
1784237691323 0.2124645859003067 877
1784237691340 0.24298284947872162 878
1784237691354 0.512547492980957 879
1784237691369 0.35710346698760986 880
1784237691386 0.17455771565437317 881
1784237691403 0.2607828974723816 882
1784237691419 0.3844832181930542 883
1784237691436 0.16975700855255127 884
1784237691453 0.22309018671512604 885
1784237691469 0.2714610695838928 886
1784237691485 0.2284984588623047 887
1784237691502 0.3427219092845917 888
1784237691520 0.4845525026321411 889
1784237691538 0.41518616676330566 890
1784237691554 0.18334618210792542 891
1784237691568 0.33076226711273193 892
1784237691584 0.059446271508932114 893
1784237691598 0.20815637707710266 894
1784237691612 0.2739771902561188 895
1784237691626 0.1742660403251648 896
1784237691640 0.43526312708854675 897
1784237691655 0.3451865315437317 898
1784237691670 0.35219499468803406 899
1784237691686 0.24932044744491577 900
1784237691700 0.12308309972286224 901
1784237691715 0.31742316484451294 902
1784237691729 0.43996667861938477 903
1784237691747 0.3390292227268219 904
1784237691769 0.19459745287895203 905
1784237691786 0.2339196652173996 906
1784237691801 0.3167848587036133 907
1784237691818 0.35285380482673645 908
1784237691834 0.4130292534828186 909
1784237691849 0.42522382736206055 910
1784237691863 0.46748989820480347 911
1784237691876 0.1668621003627777 912
1784237691891 0.24604035913944244 913
1784237691905 0.2821542024612427 914
1784237691919 0.2317853420972824 915
1784237691933 0.08913649618625641 916
1784237691944 0.3139040470123291 917
1784237691958 0.22589226067066193 918
1784237691972 0.31065213680267334 919
1784237691984 0.15171605348587036 920
1784237691998 0.13767021894454956 921
1784237692011 0.20221006870269775 922
1784237692025 0.19565242528915405 923
1784237692039 0.4328003525733948 924
1784237692053 0.24166671931743622 925
1784237692069 0.47897669672966003 926
1784237692083 0.4333975315093994 927
1784237692095 0.15842117369174957 928
1784237692108 0.176016166806221 929
1784237692121 0.32074281573295593 930
1784237692133 0.2630961239337921 931
1784237692148 0.2409558892250061 932
1784237692162 0.28525909781455994 933
1784237692176 0.32811227440834045 934
1784237692189 0.2422926127910614 935
1784237692203 0.1481911838054657 936
1784237692217 0.17869152128696442 937
1784237692230 0.22685547173023224 938
1784237692243 0.2159685343503952 939
1784237692256 0.2615383565425873 940
1784237692269 0.10192708671092987 941
1784237692283 0.3012297749519348 942
1784237692295 0.11889495700597763 943
1784237692309 0.40750616788864136 944
1784237692322 0.10225094854831696 945
1784237692335 0.16334596276283264 946
1784237692350 0.17191004753112793 947
1784237692364 0.2141069769859314 948
1784237692377 0.3712901771068573 949
1784237692393 0.2649799585342407 950
1784237692406 0.26671743392944336 951
1784237692420 0.29936105012893677 952
1784237692433 0.4934559762477875 953
1784237692446 0.2837761342525482 954
1784237692459 0.3348187506198883 955
1784237692473 0.5257449746131897 956
1784237692485 0.30409589409828186 957
1784237692499 0.16511139273643494 958
1784237692514 0.1946667581796646 959
1784237692526 0.37713536620140076 960
1784237692540 0.2084990292787552 961
1784237692554 0.25361689925193787 962
1784237692568 0.23136407136917114 963
1784237692583 0.3685319721698761 964
1784237692597 0.4242565333843231 965
1784237692611 0.39384856820106506 966
1784237692623 0.07370558381080627 967
1784237692637 0.2771938443183899 968
1784237692650 0.5120262503623962 969
1784237692665 0.36951056122779846 970
1784237692679 0.340274840593338 971
1784237692692 0.22314736247062683 972
1784237692704 0.20519915223121643 973
1784237692717 0.2642579972743988 974
1784237692733 0.4616015553474426 975
1784237692747 0.4237336814403534 976
1784237692759 0.16903720796108246 977
1784237692774 0.7391901016235352 978
1784237692789 0.1766750067472458 979
1784237692803 0.19122721254825592 980
1784237692821 0.12954649329185486 981
1784237692839 0.37008634209632874 982
1784237692856 0.33130335807800293 983
1784237692871 0.3268583118915558 984
1784237692887 0.3958092927932739 985
1784237692903 0.17110604047775269 986
1784237692917 0.12954089045524597 987
1784237692933 0.5506052374839783 988
1784237692947 0.1274445801973343 989
1784237692962 0.3003089427947998 990
1784237692975 0.26866382360458374 991
1784237692990 0.13819283246994019 992
1784237693005 0.08489078283309937 993
1784237693018 0.257291704416275 994
1784237693033 0.21814917027950287 995
1784237693048 0.24769067764282227 996
1784237693062 0.11173658818006516 997
1784237693077 0.2535696029663086 998
1784237693092 0.08478043228387833 999
1784237693105 0.1870974749326706 1000
1784237693119 0.08210953325033188 1001
1784237693134 0.35956817865371704 1002
1784237693148 0.21120674908161163 1003
1784237693159 0.27632665634155273 1004
1784237693173 0.4593031704425812 1005
1784237693186 0.3314354717731476 1006
1784237693200 0.16129222512245178 1007
1784237693213 0.1393991857767105 1008
1784237693227 0.24660447239875793 1009
1784237693241 0.4468523859977722 1010
1784237693254 0.1677923947572708 1011
1784237693268 0.3095477223396301 1012
1784237693282 0.17834694683551788 1013
1784237693297 0.22310759127140045 1014
1784237693309 0.08806882798671722 1015
1784237693323 0.17581358551979065 1016
1784237693337 0.524762749671936 1017
1784237693350 0.39401909708976746 1018
1784237693362 0.1865447461605072 1019
1784237693375 0.25684887170791626 1020
1784237693390 0.5424206852912903 1021
1784237693404 0.31287527084350586 1022
1784237693418 0.26245808601379395 1023
1784237693433 0.5401105880737305 1024
1784237693446 0.40964603424072266 1025
1784237693459 0.16502703726291656 1026
1784237693474 0.2788947522640228 1027
1784237693488 0.2457684874534607 1028
1784237693502 0.33826375007629395 1029
1784237693516 0.2275066077709198 1030
1784237693530 0.2512284219264984 1031
1784237693542 0.2638298273086548 1032
1784237693556 0.37276768684387207 1033
1784237693568 0.2068311870098114 1034
1784237693583 0.4389764666557312 1035
1784237693598 0.1093844324350357 1036
1784237693611 0.24691535532474518 1037
1784237693624 0.06047111749649048 1038
1784237693638 0.3486868441104889 1039
1784237693652 0.10783637315034866 1040
1784237693666 0.3718034625053406 1041
1784237693679 0.2809428572654724 1042
1784237693693 0.2331065684556961 1043
1784237693707 0.2806320786476135 1044
1784237693721 0.2236701399087906 1045
1784237693734 0.5579419136047363 1046
1784237693750 0.30533450841903687 1047
1784237693764 0.3243698477745056 1048
1784237693783 0.2494320124387741 1049
1784237693795 0.3787672519683838 1050
1784237693806 0.3915548026561737 1051
1784237693818 0.05351119861006737 1052
1784237693831 0.4411579668521881 1053
1784237693842 0.32334065437316895 1054
1784237693855 0.15434743463993073 1055
1784237693867 0.4592597186565399 1056
1784237693880 0.1930837780237198 1057
1784237693892 0.340371310710907 1058
1784237693904 0.15635012090206146 1059
1784237693917 0.26617810130119324 1060
1784237693929 0.33660125732421875 1061
1784237693942 0.25954464077949524 1062
1784237693955 0.1839943826198578 1063
1784237693969 0.28257614374160767 1064
1784237693983 0.5150002837181091 1065
1784237693996 0.3052405118942261 1066
1784237694011 0.2253320962190628 1067
1784237694026 0.282132089138031 1068
1784237694041 0.19911332428455353 1069
1784237694054 0.429423063993454 1070
1784237694068 0.10942517220973969 1071
1784237694082 0.7211228609085083 1072
1784237694095 0.20897209644317627 1073
1784237694108 0.11956528574228287 1074
1784237694122 0.2033616304397583 1075
1784237694136 0.08307965844869614 1076
1784237694149 0.10528320074081421 1077
1784237694164 0.3079981803894043 1078
1784237694178 0.42819076776504517 1079
1784237694189 0.13831745088100433 1080
1784237694202 0.15541653335094452 1081
1784237694217 0.6345790028572083 1082
1784237694231 0.49827879667282104 1083
1784237694246 0.3708988130092621 1084
1784237694259 0.10487724840641022 1085
1784237694274 0.24576258659362793 1086
1784237694287 0.16882139444351196 1087
1784237694301 0.08226114511489868 1088
1784237694315 0.11263541132211685 1089
1784237694329 0.4319947361946106 1090
1784237694343 0.290520578622818 1091
1784237694357 0.05903931334614754 1092
1784237694370 0.4217221438884735 1093
1784237694383 0.20930896699428558 1094
1784237694395 0.0842941626906395 1095
1784237694408 0.4370049834251404 1096
1784237694422 0.4351249933242798 1097
1784237694499 0.5390965938568115 1098
1784237694525 0.20188727974891663 1099
1784237694538 0.1364869475364685 1100
1784237694552 0.11329322308301926 1101
1784237694566 0.21586814522743225 1102
1784237694581 0.10578809678554535 1103
1784237694595 0.13719810545444489 1104
1784237694610 0.40275683999061584 1105
1784237694624 0.07133550196886063 1106
1784237694638 0.4798716902732849 1107
1784237694650 0.08218660205602646 1108
1784237694664 0.1498858630657196 1109
1784237694679 0.2758188247680664 1110
1784237694691 0.30711159110069275 1111
1784237694704 0.2543635964393616 1112
1784237694717 0.11183696985244751 1113
1784237694732 0.22259823977947235 1114
1784237694746 0.1570291966199875 1115
1784237694759 0.2635742127895355 1116
1784237694772 0.4012022018432617 1117
1784237694786 0.2917495667934418 1118
1784237694799 0.279583215713501 1119
1784237694813 0.23893344402313232 1120
1784237694827 0.08964618295431137 1121
1784237694842 0.5610391497612 1122
1784237694857 0.2401249259710312 1123
1784237694871 0.35269448161125183 1124
1784237694884 0.2141813039779663 1125
1784237694898 0.32490119338035583 1126
1784237694909 0.46082642674446106 1127
1784237694923 0.20627686381340027 1128
1784237694937 0.17448046803474426 1129
1784237694951 0.2138487696647644 1130
1784237694966 0.1483793705701828 1131
1784237694981 0.3843943476676941 1132
1784237694996 0.4405171573162079 1133
1784237695010 0.16645066440105438 1134
1784237695024 0.300589919090271 1135
1784237695038 0.09739255905151367 1136
1784237695055 0.3509690761566162 1137
1784237695075 0.28668293356895447 1138
1784237695094 0.17456312477588654 1139
1784237695115 0.13446950912475586 1140
1784237695134 0.2434592843055725 1141
1784237695153 0.21537889540195465 1142
1784237695171 0.23694762587547302 1143
1784237695186 0.1090979054570198 1144
1784237695202 0.42786645889282227 1145
1784237695218 0.34670037031173706 1146
1784237695234 0.18736708164215088 1147
1784237695250 0.1516505628824234 1148
1784237695266 0.20273970067501068 1149
1784237695284 0.2938351631164551 1150
1784237695299 0.10127328336238861 1151
1784237695314 0.1759302318096161 1152
1784237695331 0.2333090901374817 1153
1784237695348 0.04524361714720726 1154
1784237695366 0.23766840994358063 1155
1784237695382 0.21616525948047638 1156
1784237695398 0.22768929600715637 1157
1784237695417 0.11721725016832352 1158
1784237695432 0.3529405891895294 1159
1784237695448 0.13001620769500732 1160
1784237695465 0.3006058931350708 1161
1784237695481 0.16155236959457397 1162
1784237695499 0.21024155616760254 1163
1784237695516 0.3284004032611847 1164
1784237695532 0.033165764063596725 1165
1784237695548 0.10931378602981567 1166
1784237695564 0.07946460694074631 1167
1784237695580 0.33925965428352356 1168
1784237695595 0.15289920568466187 1169
1784237695611 0.28343841433525085 1170
1784237695626 0.39882853627204895 1171
1784237695643 0.23181143403053284 1172
1784237695656 0.26431453227996826 1173
1784237695672 0.398422509431839 1174
1784237695686 0.2655006945133209 1175
1784237695700 0.2365470677614212 1176
1784237695716 0.15596316754817963 1177
1784237695731 0.14009565114974976 1178
1784237695746 0.03119221143424511 1179
1784237695762 0.5544389486312866 1180
1784237695775 0.3710327744483948 1181
1784237695789 0.19845455884933472 1182
1784237695806 0.29125937819480896 1183
1784237695821 0.1910846084356308 1184
1784237695835 0.16260239481925964 1185
1784237695848 0.5341762900352478 1186
1784237695864 0.32091954350471497 1187
1784237695880 0.09442798793315887 1188
1784237695895 0.3919086456298828 1189
1784237695908 0.2326495200395584 1190
1784237695925 0.730906069278717 1191
1784237695940 0.20756186544895172 1192
1784237695954 0.12351137399673462 1193
1784237695969 0.34235185384750366 1194
1784237695983 0.34308362007141113 1195
1784237695998 0.2636350989341736 1196
1784237696013 0.23743249475955963 1197
1784237696028 0.07034483551979065 1198
1784237696042 0.17592626810073853 1199
1784237696057 0.33177903294563293 1200
1784237696072 0.7650521397590637 1201
1784237696088 0.1543518453836441 1202
1784237696101 0.09530100971460342 1203
1784237696116 0.17134328186511993 1204
1784237696132 0.3136497735977173 1205
1784237696149 0.07008158415555954 1206
1784237696165 0.13563843071460724 1207
1784237696179 0.27234670519828796 1208
1784237696193 0.3794098198413849 1209
1784237696209 0.10047290474176407 1210
1784237696225 0.20231816172599792 1211
1784237696241 0.43748295307159424 1212
1784237696256 0.3944520354270935 1213
1784237696270 0.1711878627538681 1214
1784237696285 0.2189115434885025 1215
1784237696298 0.32002419233322144 1216
1784237696314 0.3234187662601471 1217
1784237696329 0.2584320902824402 1218
1784237696345 0.21571879088878632 1219
1784237696357 0.17354099452495575 1220
1784237696371 0.11450127512216568 1221
1784237696386 0.21810179948806763 1222
1784237696403 0.3660726845264435 1223
1784237696417 0.26091909408569336 1224
1784237696432 0.22043222188949585 1225
1784237696447 0.1918005347251892 1226
1784237696463 0.3218845725059509 1227
1784237696478 0.06251632422208786 1228
1784237696492 0.1895810216665268 1229
1784237696507 0.09295995533466339 1230
1784237696523 0.09249801933765411 1231
1784237696539 0.20952191948890686 1232
1784237696554 0.3419703245162964 1233
1784237696568 0.15991201996803284 1234
1784237696584 0.3586427867412567 1235
1784237696598 0.1252768337726593 1236
1784237696612 0.14311262965202332 1237
1784237696626 0.14181756973266602 1238
1784237696643 0.12870363891124725 1239
1784237696659 0.23049943149089813 1240
1784237696673 0.0906853973865509 1241
1784237696688 0.15933287143707275 1242
1784237696701 0.2948884665966034 1243
1784237696714 0.060658518224954605 1244
1784237696729 0.1575905680656433 1245
1784237696742 0.29929912090301514 1246
1784237696758 0.12745915353298187 1247
1784237696774 0.16877968609333038 1248
1784237696789 0.1720513552427292 1249
1784237696804 0.410332590341568 1250
1784237696819 0.21770896017551422 1251
1784237696834 0.2412557750940323 1252
1784237696849 0.23574009537696838 1253
1784237696865 0.20674967765808105 1254
1784237696880 0.3326854109764099 1255
1784237696895 0.2517869770526886 1256
1784237696911 0.3043595254421234 1257
1784237696925 0.3280697464942932 1258
1784237696941 0.40529555082321167 1259
1784237696955 0.27131029963493347 1260
1784237696970 0.18602196872234344 1261
1784237696985 0.28607529401779175 1262
1784237696999 0.11320624500513077 1263
1784237697013 0.3817099630832672 1264
1784237697028 0.17068147659301758 1265
1784237697042 0.14247426390647888 1266
1784237697058 0.11767381429672241 1267
1784237697073 0.18198198080062866 1268
1784237697088 0.38862353563308716 1269
1784237697103 0.18597279489040375 1270
1784237697117 0.2829878330230713 1271
1784237697132 0.10662765800952911 1272
1784237697148 0.154391810297966 1273
1784237697161 0.1288928985595703 1274
1784237697175 0.22148823738098145 1275
1784237697189 0.208103746175766 1276
1784237697202 0.27701902389526367 1277
1784237697216 0.19221161305904388 1278
1784237697231 0.10352950543165207 1279
1784237697246 0.3366628587245941 1280
1784237697259 0.2027360200881958 1281
1784237697274 0.10798721015453339 1282
1784237697290 0.16764989495277405 1283
1784237697306 0.10790963470935822 1284
1784237697325 0.16476212441921234 1285
1784237697342 0.17508292198181152 1286
1784237697361 0.3923688232898712 1287
1784237697379 0.07092664390802383 1288
1784237697397 0.38073116540908813 1289
1784237697413 0.09021400660276413 1290
1784237697428 0.17392988502979279 1291
1784237697443 0.22916066646575928 1292
1784237697459 0.34819793701171875 1293
1784237697472 0.3936280608177185 1294
1784237697486 0.2722986340522766 1295
1784237697502 0.2734096944332123 1296
1784237697516 0.16660182178020477 1297
1784237697529 0.32458460330963135 1298
1784237697542 0.330912321805954 1299
1784237697555 0.2054777294397354 1300
1784237697569 0.15426090359687805 1301
1784237697585 0.180509552359581 1302
1784237697599 0.08578190207481384 1303
1784237697615 0.23902328312397003 1304
1784237697632 0.15200842916965485 1305
1784237697646 0.422150194644928 1306
1784237697661 0.1310865879058838 1307
1784237697675 0.2516050338745117 1308
1784237697690 0.3702467381954193 1309
1784237697704 0.04928626865148544 1310
1784237697717 0.3892967700958252 1311
1784237697731 0.2677812874317169 1312
1784237697747 0.19140061736106873 1313
1784237697761 0.08666836470365524 1314
1784237697775 0.11956621706485748 1315
1784237697790 0.11753996461629868 1316
1784237697805 0.1592666655778885 1317
1784237697819 0.27258217334747314 1318
1784237697834 0.10584872215986252 1319
1784237697850 0.10167376697063446 1320
1784237697865 0.11588282883167267 1321
1784237697880 0.14664526283740997 1322
1784237697894 0.5121326446533203 1323
1784237697908 0.0953698381781578 1324
1784237697923 0.10335157066583633 1325
1784237697939 0.10071492940187454 1326
1784237697952 0.25120601058006287 1327
1784237697966 0.14122679829597473 1328
1784237697981 0.0648309662938118 1329
1784237697996 0.2788550853729248 1330
1784237698009 0.40047284960746765 1331
1784237698023 0.385390043258667 1332
1784237698039 0.08969532698392868 1333
1784237698054 0.0996599867939949 1334
1784237698070 0.09091421216726303 1335
1784237698085 0.15050148963928223 1336
1784237698098 0.03201434388756752 1337
1784237698111 0.022715965285897255 1338
1784237698123 0.11360864341259003 1339
1784237698139 0.16701307892799377 1340
1784237698163 0.08718355000019073 1341
1784237698179 0.12385507673025131 1342
1784237698194 0.24773380160331726 1343
1784237698208 0.04911532253026962 1344
1784237698224 0.20708024501800537 1345
1784237698239 0.1743919402360916 1346
1784237698254 0.3322197496891022 1347
1784237698268 0.42503368854522705 1348
1784237698283 0.2442541867494583 1349
1784237698299 0.09033580124378204 1350
1784237698313 0.405497282743454 1351
1784237698328 0.14762890338897705 1352
1784237698343 0.10531725734472275 1353
1784237698359 0.22169221937656403 1354
1784237698376 0.1770898699760437 1355
1784237698391 0.20348642766475677 1356
1784237698405 0.20651653409004211 1357
1784237698417 0.08357050269842148 1358
1784237698431 0.09526580572128296 1359
1784237698446 0.22668084502220154 1360
1784237698462 0.47239670157432556 1361
1784237698476 0.25549817085266113 1362
1784237698490 0.3420160412788391 1363
1784237698504 0.457511842250824 1364
1784237698517 0.33841413259506226 1365
1784237698533 0.32242387533187866 1366
1784237698549 0.17682506144046783 1367
1784237698568 0.07632933557033539 1368
1784237698582 0.05800234153866768 1369
1784237698595 0.11116794496774673 1370
1784237698609 0.2817979156970978 1371
1784237698623 0.334060400724411 1372
1784237698638 0.07474378496408463 1373
1784237698655 0.3527016043663025 1374
1784237698670 0.10457751899957657 1375
1784237698686 0.3163335621356964 1376
1784237698701 0.06711984425783157 1377
1784237698716 0.07087016850709915 1378
1784237698731 0.23331019282341003 1379
1784237698745 0.11502690613269806 1380
1784237698759 0.1283041536808014 1381
1784237698773 0.04306502267718315 1382
1784237698788 0.3834427297115326 1383
1784237698804 0.4060765206813812 1384
1784237698817 0.052212122827768326 1385
1784237698832 0.07671958953142166 1386
1784237698848 0.07971955090761185 1387
1784237698863 0.20329290628433228 1388
1784237698878 0.08028032630681992 1389
1784237698892 0.4048352539539337 1390
1784237698908 0.1476452648639679 1391
1784237698924 0.2072538435459137 1392
1784237698940 0.2916654944419861 1393
1784237698956 0.2553945779800415 1394
1784237698972 0.4332471489906311 1395
1784237698987 0.1541474461555481 1396
1784237699003 0.030139701440930367 1397
1784237699017 0.08423414081335068 1398
1784237699032 0.10140752792358398 1399
1784237699047 0.02665518969297409 1400
1784237699060 0.4333063066005707 1401
1784237699076 0.49606961011886597 1402
1784237699091 0.6792504787445068 1403
1784237699104 0.11494304239749908 1404
1784237699119 0.09863005578517914 1405
1784237699134 0.17630501091480255 1406
1784237699148 0.17497341334819794 1407
1784237699165 0.3641594648361206 1408
1784237699180 0.4637269377708435 1409
1784237699194 0.07386711239814758 1410
1784237699207 0.1281723827123642 1411
1784237699222 0.20003128051757812 1412
1784237699236 0.16157877445220947 1413
1784237699250 0.200763538479805 1414
1784237699264 0.08699827641248703 1415
1784237699279 0.2831331491470337 1416
1784237699293 0.26724687218666077 1417
1784237699306 0.13335321843624115 1418
1784237699322 0.32463300228118896 1419
1784237699336 0.35852327942848206 1420
1784237699350 0.3729272484779358 1421
1784237699365 0.2667465806007385 1422
1784237699381 0.06913552433252335 1423
1784237699396 0.24241766333580017 1424
1784237699410 0.27980566024780273 1425
1784237699425 0.6447813510894775 1426
1784237699440 0.19720527529716492 1427
1784237699456 0.15316373109817505 1428
1784237699474 0.14789177477359772 1429
1784237699492 0.09917069226503372 1430
1784237699508 0.15268291532993317 1431
1784237699523 0.1634705811738968 1432
1784237699542 0.43075627088546753 1433
1784237699562 0.12009749561548233 1434
1784237699580 0.32583755254745483 1435
1784237699599 0.05173857510089874 1436
1784237699616 0.15891040861606598 1437
1784237699633 0.2654315233230591 1438
1784237699649 0.14696715772151947 1439
1784237699665 0.26897257566452026 1440
1784237699681 0.2231072634458542 1441
1784237699696 0.07430730015039444 1442
1784237699712 0.11461714655160904 1443
1784237699729 0.265317440032959 1444
1784237699748 0.336997389793396 1445
1784237699765 0.35600483417510986 1446
1784237699781 0.31022587418556213 1447
1784237699797 0.1333853304386139 1448
1784237699813 0.17009544372558594 1449
1784237699830 0.06882454454898834 1450
1784237699847 0.12076801806688309 1451
1784237699863 0.13281594216823578 1452
1784237699880 0.2806306779384613 1453
1784237699895 0.31182727217674255 1454
1784237699911 0.12218248844146729 1455
1784237699928 0.31820622086524963 1456
1784237699941 0.18507197499275208 1457
1784237699957 0.2229188233613968 1458
1784237699973 0.17294126749038696 1459
1784237699989 0.1865115463733673 1460
1784237700006 0.29515892267227173 1461
1784237700025 0.28705698251724243 1462
1784237700039 0.23264458775520325 1463
1784237700052 0.08338520675897598 1464
1784237700069 0.2567792236804962 1465
1784237700086 0.30253076553344727 1466
1784237700102 0.19430412352085114 1467
1784237700118 0.1764344573020935 1468
1784237700133 0.10616403073072433 1469
1784237700150 0.6254408359527588 1470
1784237700166 0.40763479471206665 1471
1784237700182 0.14522840082645416 1472
1784237700200 0.4264439046382904 1473
1784237700215 0.5713607668876648 1474
1784237700231 0.3796365261077881 1475
1784237700246 0.10483423620462418 1476
1784237700263 0.05196710675954819 1477
1784237700280 0.143509179353714 1478
1784237700296 0.35844185948371887 1479
1784237700310 0.13519178330898285 1480
1784237700325 0.21717631816864014 1481
1784237700341 0.23404544591903687 1482
1784237700356 0.27701717615127563 1483
1784237700371 0.2617630362510681 1484
1784237700387 0.09232766181230545 1485
1784237700400 0.41824549436569214 1486
1784237700415 0.3143770396709442 1487
1784237700430 0.10731227695941925 1488
1784237700447 0.2657935619354248 1489
1784237700463 0.26020997762680054 1490
1784237700478 0.11486577987670898 1491
1784237700493 0.10489226877689362 1492
1784237700507 0.3802869915962219 1493
1784237700521 0.35821017622947693 1494
1784237700536 0.1327238231897354 1495
1784237700551 0.13490064442157745 1496
1784237700566 0.05706967040896416 1497
1784237700580 0.15199550986289978 1498
1784237700595 0.19166535139083862 1499
1784237700608 0.37664222717285156 1500
1784237700623 0.07135596871376038 1501
1784237700638 0.27481865882873535 1502
1784237700654 0.2558283507823944 1503
1784237700669 0.21770551800727844 1504
1784237700683 0.4283803403377533 1505
1784237700698 0.10806478559970856 1506
1784237700713 0.1304699182510376 1507
1784237700726 0.11759807169437408 1508
1784237700739 0.0641748234629631 1509
1784237700753 0.12075506895780563 1510
1784237700768 0.07492208480834961 1511
1784237700781 0.14535440504550934 1512
1784237700796 0.3254900276660919 1513
1784237700810 0.3259746730327606 1514
1784237700824 0.1945957988500595 1515
1784237700840 0.2056378871202469 1516
1784237700854 0.07111382484436035 1517
1784237700869 0.2819444239139557 1518
1784237700883 0.06697389483451843 1519
1784237700898 0.3029811382293701 1520
1784237700912 0.29359322786331177 1521
1784237700927 0.204076886177063 1522
1784237700942 0.2998392581939697 1523
1784237700957 0.0898432657122612 1524
1784237700971 0.5223692655563354 1525
1784237700986 0.11885428428649902 1526
1784237701002 0.1870541125535965 1527
1784237701016 0.16406890749931335 1528
1784237701031 0.27204620838165283 1529
1784237701043 0.15796403586864471 1530
1784237701058 0.1168585792183876 1531
1784237701076 0.09113354235887527 1532
1784237701089 0.10069955885410309 1533
1784237701107 0.16759319603443146 1534
1784237701122 0.49287527799606323 1535
1784237701137 0.09940576553344727 1536
1784237701153 0.12551388144493103 1537
1784237701167 0.17388319969177246 1538
1784237701183 0.13564690947532654 1539
1784237701198 0.05963944271206856 1540
1784237701232 0.1367524117231369 1541
1784237701247 0.15606138110160828 1542
1784237701264 0.2159821093082428 1543
1784237701279 0.09644393622875214 1544
1784237701294 0.19415347278118134 1545
1784237701310 0.06587100028991699 1546
1784237701326 0.22335802018642426 1547
1784237701340 0.15296046435832977 1548
1784237701354 0.10655210167169571 1549
1784237701369 0.10861652344465256 1550
1784237701383 0.15275579690933228 1551
1784237701395 0.04810022562742233 1552
1784237701409 0.14837175607681274 1553
1784237701424 0.0352998822927475 1554
1784237701439 0.09574096649885178 1555
1784237701453 0.08025150746107101 1556
1784237701469 0.26461267471313477 1557
1784237701482 0.24210046231746674 1558
1784237701497 0.11548730731010437 1559
1784237701511 0.122429758310318 1560
1784237701527 0.27715250849723816 1561
1784237701544 0.09041643142700195 1562
1784237701559 0.16823704540729523 1563
1784237701574 0.21242710947990417 1564
1784237701589 0.46680948138237 1565
1784237701602 0.3676368296146393 1566
1784237701617 0.053034961223602295 1567
1784237701631 0.5646929740905762 1568
1784237701646 0.6919665932655334 1569
1784237701660 0.07267485558986664 1570
1784237701674 0.3389997184276581 1571
1784237701690 0.10901281237602234 1572
1784237701706 0.0825033038854599 1573
1784237701720 0.09769687056541443 1574
1784237701735 0.040117040276527405 1575
1784237701751 0.13598330318927765 1576
1784237701770 0.12276174873113632 1577
1784237701786 0.14204809069633484 1578
1784237701803 0.20513193309307098 1579
1784237701819 0.514380156993866 1580
1784237701837 0.24562272429466248 1581
1784237701853 0.5586881637573242 1582
1784237701870 0.27399688959121704 1583
1784237701886 0.0831206738948822 1584
1784237701901 0.17845690250396729 1585
1784237701917 0.2923988401889801 1586
1784237701930 0.1269310563802719 1587
1784237701944 0.15802833437919617 1588
1784237701960 0.23642557859420776 1589
1784237701973 0.11199536174535751 1590
1784237701989 0.2595960199832916 1591
1784237702003 0.29678621888160706 1592
1784237702017 0.3062439262866974 1593
1784237702031 0.528073251247406 1594
1784237702047 0.03509274497628212 1595
1784237702062 0.3322167694568634 1596
1784237702079 0.248746857047081 1597
1784237702091 0.4633326232433319 1598
1784237702104 0.24038463830947876 1599
1784237702118 0.3646949231624603 1600
1784237702133 0.14123931527137756 1601
1784237702148 0.37169286608695984 1602
1784237702164 0.3898177444934845 1603
1784237702179 0.09940425306558609 1604
1784237702193 0.25618603825569153 1605
1784237702207 0.13373593986034393 1606
1784237702220 0.07910986244678497 1607
1784237702233 0.14525841176509857 1608
1784237702766 0.5693151950836182 1609
1784237702782 0.16482295095920563 1610
1784237702800 0.0981341227889061 1611
1784237702815 0.325465589761734 1612
1784237702831 0.13903510570526123 1613
1784237702847 0.1379290074110031 1614
1784237702861 0.08089769631624222 1615
1784237702876 0.33322906494140625 1616
1784237702892 0.01852247677743435 1617
1784237702908 0.45522287487983704 1618
1784237702922 0.17538225650787354 1619
1784237702938 0.19060882925987244 1620
1784237702955 0.1544070988893509 1621
1784237702971 0.07605089992284775 1622
1784237702987 0.23650825023651123 1623
1784237703003 0.0893995463848114 1624
1784237703019 0.057008128613233566 1625
1784237703035 0.13353930413722992 1626
1784237703049 0.12552616000175476 1627
1784237703066 0.2678334712982178 1628
1784237703081 0.223331019282341 1629
1784237703097 0.3617737889289856 1630
1784237703114 0.05748317390680313 1631
1784237703131 0.21163761615753174 1632
1784237703146 0.32284027338027954 1633
1784237703161 0.20438548922538757 1634
1784237703178 0.14336749911308289 1635
1784237703193 0.255255788564682 1636
1784237703209 0.4240099787712097 1637
1784237703223 0.14222672581672668 1638
1784237703240 0.025849847123026848 1639
1784237703256 0.04853425920009613 1640
1784237703273 0.2504560351371765 1641
1784237703287 0.146964430809021 1642
1784237703302 0.1360609531402588 1643
1784237703317 0.13037480413913727 1644
1784237703333 0.2865924835205078 1645
1784237703349 0.3009236752986908 1646
1784237703364 0.23157189786434174 1647
1784237703377 0.19642920792102814 1648
1784237703391 0.2981550693511963 1649
1784237703405 0.26771992444992065 1650
1784237703418 0.15205170214176178 1651
1784237703433 0.7248522043228149 1652
1784237703448 0.14129450917243958 1653
1784237703463 0.18207398056983948 1654
1784237703477 0.29319244623184204 1655
1784237703491 0.27418407797813416 1656
1784237703505 0.0847574844956398 1657
1784237703521 0.09011461585760117 1658
1784237703537 0.22968412935733795 1659
1784237703552 0.48573926091194153 1660
1784237703567 0.1338636577129364 1661
1784237703582 0.7037971019744873 1662
1784237703597 0.2761312425136566 1663
1784237703612 0.05087844654917717 1664
1784237703626 0.09812909364700317 1665
1784237703639 0.17630057036876678 1666
1784237703655 0.21251755952835083 1667
1784237703669 0.11352825164794922 1668
1784237703687 0.1973157376050949 1669
1784237703700 0.28846558928489685 1670
1784237703715 0.4199412167072296 1671
1784237703730 0.06182360276579857 1672
1784237703746 0.15859828889369965 1673
1784237703760 0.2777377665042877 1674
1784237703780 0.17845551669597626 1675
1784237703794 0.12236297875642776 1676
1784237703807 0.20845463871955872 1677
1784237703829 0.1847699135541916 1678
1784237703845 0.2809852957725525 1679
1784237703860 0.11709253489971161 1680
1784237703875 0.12306278198957443 1681
1784237703891 0.1709696501493454 1682
1784237703905 0.20403559505939484 1683
1784237703919 0.10309780389070511 1684
1784237703934 0.478017657995224 1685
1784237703949 0.25299307703971863 1686
1784237703964 0.06106315553188324 1687
1784237703980 0.05496719479560852 1688
1784237703997 0.42664197087287903 1689
1784237704015 0.12791655957698822 1690
1784237704034 0.13981904089450836 1691
1784237704049 0.2899501323699951 1692
1784237704067 0.18309436738491058 1693
1784237704085 0.18996435403823853 1694
1784237704101 0.22405867278575897 1695
1784237704114 0.23313306272029877 1696
1784237704128 0.19583822786808014 1697
1784237704144 0.3338252007961273 1698
1784237704157 0.23771826922893524 1699
1784237704171 0.08322813361883163 1700
1784237704187 0.14232665300369263 1701
1784237704203 0.11466110497713089 1702
1784237704219 0.23544436693191528 1703
1784237704235 0.4223330020904541 1704
1784237704250 0.08731774985790253 1705
1784237704266 0.08164732158184052 1706
1784237704280 0.5002074241638184 1707
1784237704294 0.3387197256088257 1708
1784237704309 0.12404186278581619 1709
1784237704324 0.24200062453746796 1710
1784237704338 0.16444461047649384 1711
1784237704354 0.2055978775024414 1712
1784237704370 0.31345853209495544 1713
1784237704385 0.08495458960533142 1714
1784237704401 0.11850441247224808 1715
1784237704415 0.3029446303844452 1716
1784237704429 0.08827050030231476 1717
1784237704440 0.22829128801822662 1718
1784237704456 0.0396069660782814 1719
1784237704471 0.27187925577163696 1720
1784237704487 0.2665095329284668 1721
1784237704501 0.06756189465522766 1722
1784237704516 0.34242022037506104 1723
1784237704532 0.14932002127170563 1724
1784237704547 0.23682181537151337 1725
1784237704562 0.12891995906829834 1726
1784237704576 0.3058597445487976 1727
1784237704591 0.228525310754776 1728
1784237704604 0.13189105689525604 1729
1784237704619 0.4154614210128784 1730
1784237704633 0.36080607771873474 1731
1784237704648 0.054031677544116974 1732
1784237704662 0.17707248032093048 1733
1784237704677 0.44336605072021484 1734
1784237704692 0.08267590403556824 1735
1784237704707 0.27540338039398193 1736
1784237704722 0.26368248462677 1737
1784237704735 0.27690738439559937 1738
1784237704749 0.40178295969963074 1739
1784237704762 0.08547861129045486 1740
1784237704776 0.24010905623435974 1741
1784237704790 0.22522568702697754 1742
1784237704804 0.08691958338022232 1743
1784237704820 0.1775304675102234 1744
1784237704834 0.1809307187795639 1745
1784237704849 0.08971980959177017 1746
1784237704864 0.24678820371627808 1747
1784237704879 0.15261326730251312 1748
1784237704894 0.3590262234210968 1749
1784237704909 0.11177368462085724 1750
1784237704923 0.1700994223356247 1751
1784237704939 0.3886044919490814 1752
1784237704954 0.10493684560060501 1753
1784237704970 0.05789976194500923 1754
1784237704985 0.14316943287849426 1755
1784237704999 0.3937554359436035 1756
1784237705013 0.20341713726520538 1757
1784237705028 0.12992890179157257 1758
1784237705042 0.19319650530815125 1759
1784237705057 0.41727927327156067 1760
1784237705072 0.18622936308383942 1761
1784237705088 0.228351429104805 1762
1784237705102 0.1620948761701584 1763
1784237705118 0.25190162658691406 1764
1784237705133 0.2204163372516632 1765
1784237705149 0.16788223385810852 1766
1784237705164 0.10760275274515152 1767
1784237705179 0.13291501998901367 1768
1784237705193 0.19099895656108856 1769
1784237705207 0.22975380718708038 1770
1784237705223 0.10658443719148636 1771
1784237705237 0.12813687324523926 1772
1784237705253 0.21291770040988922 1773
1784237705268 0.09226882457733154 1774
1784237705282 0.14960792660713196 1775
1784237705296 0.12086892127990723 1776
1784237705309 0.09022188931703568 1777
1784237705323 0.08737101405858994 1778
1784237705338 0.11388088762760162 1779
1784237705353 0.09403996169567108 1780
1784237705365 0.33003878593444824 1781
1784237705379 0.12384624034166336 1782
1784237705394 0.14353294670581818 1783
1784237705409 0.08064161241054535 1784
1784237705423 0.18693022429943085 1785
1784237705437 0.045967377722263336 1786
1784237705454 0.15831448137760162 1787
1784237705469 0.043341007083654404 1788
1784237705486 0.1483834683895111 1789
1784237705501 0.09868284314870834 1790
1784237705515 0.05592740699648857 1791
1784237705530 0.2211775779724121 1792
1784237705552 0.21571120619773865 1793
1784237705567 0.026936501264572144 1794
1784237705582 0.31643182039260864 1795
1784237705598 0.21269749104976654 1796
1784237705613 0.16600190103054047 1797
1784237705628 0.4129677414894104 1798
1784237705642 0.11124560981988907 1799
1784237705656 0.23878106474876404 1800
1784237705672 0.2646733522415161 1801
1784237705686 0.12537547945976257 1802
1784237705702 0.3609575629234314 1803
1784237705717 0.08493728190660477 1804
1784237705730 0.38736453652381897 1805
1784237705743 0.2172384411096573 1806
1784237705758 0.10654124617576599 1807
1784237705777 0.10397287458181381 1808
1784237705792 0.05088859423995018 1809
1784237705808 0.19428157806396484 1810
1784237705821 0.13966232538223267 1811
1784237705836 0.10793851315975189 1812
1784237705850 0.3236047625541687 1813
1784237705865 0.06076066195964813 1814
1784237705880 0.3137252628803253 1815
1784237705895 0.10983599722385406 1816
1784237705910 0.3297947943210602 1817
1784237705925 0.10478819906711578 1818
1784237705940 0.1543148308992386 1819
1784237705956 0.06820300221443176 1820
1784237705970 0.3133287727832794 1821
1784237705985 0.04376179724931717 1822
1784237705999 0.0847063809633255 1823
1784237706013 0.30331140756607056 1824
1784237706028 0.13364554941654205 1825
1784237706043 0.5351590514183044 1826
1784237706059 0.3854973316192627 1827
1784237706074 0.11460471153259277 1828
1784237706088 0.28856638073921204 1829
1784237706101 0.0665307492017746 1830
1784237706116 0.028348548337817192 1831
1784237706130 0.18924690783023834 1832
1784237706146 0.17659521102905273 1833
1784237706158 0.551007091999054 1834
1784237706172 0.07060302048921585 1835
1784237706188 0.0436750128865242 1836
1784237706203 0.14555631577968597 1837
1784237706220 0.21626107394695282 1838
1784237706237 0.1143019050359726 1839
1784237706256 0.11620375514030457 1840
1784237706273 0.04493781924247742 1841
1784237706291 0.07778938114643097 1842
1784237706307 0.17626409232616425 1843
1784237706325 0.04074255749583244 1844
1784237706341 0.05607232078909874 1845
1784237706357 0.08155375719070435 1846
1784237706374 0.16441798210144043 1847
1784237706389 0.15878792107105255 1848
1784237706402 0.12348739057779312 1849
1784237706415 0.06633633375167847 1850
1784237706431 0.16864092648029327 1851
1784237706446 0.04169333726167679 1852
1784237706461 0.17501355707645416 1853
1784237706476 0.1969851851463318 1854
1784237706489 0.16370779275894165 1855
1784237706504 0.1744149923324585 1856
1784237706518 0.0752452164888382 1857
1784237706534 0.38434138894081116 1858
1784237706549 0.24684232473373413 1859
1784237706564 0.32193252444267273 1860
1784237706580 0.16139939427375793 1861
1784237706593 0.5604608654975891 1862
1784237706605 0.26277631521224976 1863
1784237706620 0.13510994613170624 1864
1784237706636 0.4828709363937378 1865
1784237706650 0.35825756192207336 1866
1784237706665 0.11992370337247849 1867
1784237706680 0.2167326658964157 1868
1784237706695 0.15845033526420593 1869
1784237706711 0.05894184485077858 1870
1784237706725 0.19334451854228973 1871
1784237706741 0.1038731038570404 1872
1784237706756 0.26220405101776123 1873
1784237706772 0.2643708884716034 1874
1784237708123 0.038648173213005066 1875
1784237708149 0.037072379142045975 1876
1784237708168 0.03501910716295242 1877
1784237708196 0.16058847308158875 1878
1784237708214 0.1451154202222824 1879
1784237708231 0.041024427860975266 1880
1784237708248 0.13222858309745789 1881
1784237708265 0.21581076085567474 1882
1784237708282 0.21019892394542694 1883
1784237708300 0.10297487676143646 1884
1784237708388 0.06863580644130707 1885
1784237708417 0.013500682078301907 1886
1784237708432 0.18695469200611115 1887
1784237708446 0.08098646253347397 1888
1784237708466 0.15932348370552063 1889
1784237708481 0.18854835629463196 1890
1784237708498 0.2073926031589508 1891
1784237708515 0.25933727622032166 1892
1784237708533 0.09813675284385681 1893
1784237708550 0.28380662202835083 1894
1784237708569 0.1107003390789032 1895
1784237708584 0.2761909067630768 1896
1784237708597 0.09381303191184998 1897
1784237708611 0.03885120153427124 1898
1784237708627 0.1384086310863495 1899
1784237708642 0.2829389274120331 1900
1784237708655 0.11652304232120514 1901
1784237708670 0.1526285707950592 1902
1784237708685 0.13481344282627106 1903
1784237708700 0.15347550809383392 1904
1784237708714 0.3977486789226532 1905
1784237708730 0.275005042552948 1906
1784237708747 0.03156232833862305 1907
1784237708762 0.13243135809898376 1908
1784237708776 0.14626125991344452 1909
1784237708790 0.2786322236061096 1910
1784237708807 0.08592256158590317 1911
1784237708822 0.11110076308250427 1912
1784237708838 0.10575023293495178 1913
1784237708853 0.3024357557296753 1914
1784237708867 0.11741934716701508 1915
1784237708881 0.12301492691040039 1916
1784237708896 0.14254829287528992 1917
1784237708911 0.4968358874320984 1918
1784237708925 0.2457544505596161 1919
1784237708941 0.32673224806785583 1920
1784237708956 0.33587366342544556 1921
1784237708970 0.2435978651046753 1922
1784237708985 0.4785108268260956 1923
1784237708999 0.030239451676607132 1924
1784237709014 0.08073114603757858 1925
1784237709027 0.3405340313911438 1926
1784237709042 0.11037629097700119 1927
1784237709059 0.21321435272693634 1928
1784237709072 0.21291270852088928 1929
1784237709086 0.08960649371147156 1930
1784237709102 0.190809428691864 1931
1784237709116 0.026576094329357147 1932
1784237709133 0.23780269920825958 1933
1784237709148 0.29811644554138184 1934
1784237709165 0.25561094284057617 1935
1784237709179 0.19128242135047913 1936
1784237709194 0.0400187149643898 1937
1784237709208 0.07518656551837921 1938
1784237709222 0.14354479312896729 1939
1784237709236 0.15863123536109924 1940
1784237709250 0.12839148938655853 1941
1784237709266 0.16386882960796356 1942
1784237709281 0.1316254734992981 1943
1784237709295 0.07641921937465668 1944
1784237709310 0.07167204469442368 1945
1784237709323 0.2157747745513916 1946
1784237709338 0.06008533388376236 1947
1784237709353 0.09572260081768036 1948
1784237709368 0.02827707678079605 1949
1784237709382 0.05750253051519394 1950
1784237709394 0.16311530768871307 1951
1784237709409 0.046806320548057556 1952
1784237709424 0.1318497210741043 1953
1784237709438 0.24727530777454376 1954
1784237709452 0.27820417284965515 1955
1784237709468 0.3371000587940216 1956
1784237709482 0.1017293706536293 1957
1784237709496 0.23912417888641357 1958
1784237709512 0.2233128696680069 1959
1784237709528 0.08015905320644379 1960
1784237709550 0.2500307559967041 1961
1784237709565 0.04878343269228935 1962
1784237709580 0.22049489617347717 1963
1784237709595 0.08332653343677521 1964
1784237709607 0.3272499144077301 1965
1784237709622 0.2389397770166397 1966
1784237709638 0.07132142037153244 1967
1784237709651 0.12904521822929382 1968
1784237709665 0.1941557675600052 1969
1784237709678 0.1821538507938385 1970
1784237709694 0.11427096277475357 1971
1784237709708 0.1478489637374878 1972
1784237709721 0.13785424828529358 1973
1784237709736 0.39641401171684265 1974
1784237709750 0.1945144385099411 1975
1784237709765 0.15801791846752167 1976
1784237709779 0.09167218208312988 1977
1784237709794 0.1926724910736084 1978
1784237709810 0.06209284067153931 1979
1784237709824 0.04668411239981651 1980
1784237709839 0.1838436871767044 1981
1784237709855 0.1367029845714569 1982
1784237709871 0.35577887296676636 1983
1784237709884 0.13069722056388855 1984
1784237709899 0.09765290468931198 1985
1784237709915 0.1474892944097519 1986
1784237709930 0.10428701341152191 1987
1784237709953 0.2654457092285156 1988
1784237709968 0.08185816556215286 1989
1784237709982 0.1499961018562317 1990
1784237709996 0.06269257515668869 1991
1784237710012 0.1296473741531372 1992
1784237710027 0.302661657333374 1993
1784237710043 0.28741228580474854 1994
1784237710058 0.1332995444536209 1995
1784237710073 0.21483297646045685 1996
1784237710088 0.1227039098739624 1997
1784237710102 0.2927747368812561 1998
1784237710116 0.449807345867157 1999
1784237710131 0.299608439207077 2000
1784237710146 0.05995708331465721 2001
1784237710158 0.0378083661198616 2002
1784237710173 0.2644023895263672 2003
1784237710187 0.37985357642173767 2004
1784237710202 0.26356998085975647 2005
1784237710217 0.11789267510175705 2006
1784237710230 0.20383359491825104 2007
1784237710247 0.11397598683834076 2008
1784237710263 0.36099687218666077 2009
1784237710278 0.18214015662670135 2010
1784237710293 0.1274985373020172 2011
1784237710308 0.11510360985994339 2012
1784237710322 0.19047047197818756 2013
1784237710337 0.04440318048000336 2014
1784237710352 0.135823592543602 2015
1784237710367 0.10650341957807541 2016
1784237710382 0.3047674298286438 2017
1784237710397 0.11046894639730453 2018
1784237710412 0.14164003729820251 2019
1784237710426 0.28666937351226807 2020
1784237710439 0.38556969165802 2021
1784237710453 0.16681325435638428 2022
1784237710468 0.07392652332782745 2023
1784237710483 0.2463279366493225 2024
1784237710498 0.3898346722126007 2025
1784237710513 0.19418562948703766 2026
1784237710530 0.14063303172588348 2027
1784237710544 0.36240696907043457 2028
1784237710560 0.10368207842111588 2029
1784237710575 0.03165309131145477 2030
1784237710589 0.1231016218662262 2031
1784237710603 0.06044713407754898 2032
1784237710619 0.21299535036087036 2033
1784237710635 0.34719666838645935 2034
1784237710649 0.06388358771800995 2035
1784237710665 0.017328273504972458 2036
1784237710679 0.11043982207775116 2037
1784237710696 0.18927109241485596 2038
1784237710713 0.3952789306640625 2039
1784237710732 0.04896978661417961 2040
1784237710748 0.13522586226463318 2041
1784237710765 0.16008561849594116 2042
1784237710784 0.3259012997150421 2043
1784237710802 0.2816642224788666 2044
1784237710818 0.037681177258491516 2045
1784237710832 0.24132320284843445 2046
1784237710849 0.26312893629074097 2047
1784237710866 0.052719488739967346 2048
1784237710881 0.24483518302440643 2049
1784237710897 0.1143556758761406 2050
1784237710914 0.31206533312797546 2051
1784237710928 0.361870676279068 2052
1784237710942 0.3908193111419678 2053
1784237710959 0.12958987057209015 2054
1784237710975 0.19860878586769104 2055
1784237710990 0.06786303222179413 2056
1784237711006 0.22893694043159485 2057
1784237711022 0.04416854307055473 2058
1784237711038 0.22713099420070648 2059
1784237711053 0.10484629124403 2060
1784237711069 0.053857117891311646 2061
1784237711085 0.09378482401371002 2062
1784237711100 0.17187292873859406 2063
1784237711116 0.3978714048862457 2064
1784237711131 0.17084923386573792 2065
1784237711147 0.14054416120052338 2066
1784237711163 0.14519070088863373 2067
1784237711179 0.14911910891532898 2068
1784237711195 0.04642227292060852 2069
1784237711210 0.13613365590572357 2070
1784237711225 0.06061343476176262 2071
1784237711239 0.11833252757787704 2072
1784237711255 0.2185855209827423 2073
1784237711269 0.2873285412788391 2074
1784237711286 0.11647766828536987 2075
1784237711300 0.332592248916626 2076
1784237711313 0.30365830659866333 2077
1784237711328 0.2835959494113922 2078
1784237711343 0.09593677520751953 2079
1784237711357 0.061855580657720566 2080
1784237711372 0.2779443562030792 2081
1784237711388 0.16265195608139038 2082
1784237711402 0.16647912561893463 2083
1784237711417 0.12304208427667618 2084
1784237711433 0.4740737974643707 2085
1784237711448 0.10328172147274017 2086
1784237711463 0.10704086720943451 2087
1784237711477 0.1354506015777588 2088
1784237711492 0.1501929610967636 2089
1784237711506 0.1774454116821289 2090
1784237711521 0.064503975212574 2091
1784237711536 0.0532381609082222 2092
1784237711551 0.45397552847862244 2093
1784237711566 0.2803928256034851 2094
1784237711582 0.08894387632608414 2095
1784237711597 0.09039735049009323 2096
1784237711611 0.2761903405189514 2097
1784237711625 0.3383117616176605 2098
1784237711640 0.1343608796596527 2099
1784237711654 0.16906102001667023 2100
1784237711669 0.27525243163108826 2101
1784237711682 0.23178763687610626 2102
1784237711697 0.17379455268383026 2103
1784237711716 0.06895662099123001 2104
1784237711729 0.058035340160131454 2105
1784237711741 0.09388814866542816 2106
1784237711757 0.1305430680513382 2107
1784237711773 0.1485467404127121 2108
1784237711785 0.16801071166992188 2109
1784237711800 0.1020846739411354 2110
1784237711814 0.11895296722650528 2111
1784237711830 0.20210638642311096 2112
1784237711849 0.08986914157867432 2113
1784237711864 0.098581463098526 2114
1784237711882 0.08854662626981735 2115
1784237711899 0.2513059973716736 2116
1784237711913 0.12838126718997955 2117
1784237711929 0.17157188057899475 2118
1784237711942 0.1615365892648697 2119
1784237711959 0.18872427940368652 2120
1784237711973 0.16453981399536133 2121
1784237711989 0.3813519775867462 2122
1784237712005 0.04585074260830879 2123
1784237712018 0.22302508354187012 2124
1784237712031 0.16814222931861877 2125
1784237712047 0.03470427170395851 2126
1784237712063 0.1371011584997177 2127
1784237712079 0.12388437241315842 2128
1784237712093 0.13524095714092255 2129
1784237712107 0.06764303147792816 2130
1784237712122 0.052296802401542664 2131
1784237712138 0.03418607637286186 2132
1784237712153 0.13251450657844543 2133
1784237712170 0.2526372969150543 2134
1784237712184 0.28836876153945923 2135
1784237712199 0.12245168536901474 2136
1784237712213 0.15303760766983032 2137
1784237712227 0.07015606015920639 2138
1784237712240 0.03887653723359108 2139
1784237712255 0.08655288070440292 2140
1784237712270 0.11411010473966599 2141
1784237712286 0.0987054631114006 2142
1784237712300 0.21900640428066254 2143
1784237712314 0.18659712374210358 2144
1784237712329 0.5138262510299683 2145
1784237712344 0.3056938946247101 2146
1784237712359 0.014687935821712017 2147
1784237712373 0.018144195899367332 2148
1784237712387 0.04589197412133217 2149
1784237712401 0.2576288878917694 2150
1784237712416 0.2696019113063812 2151
1784237712431 0.29634755849838257 2152
1784237712446 0.10779647529125214 2153
1784237712460 0.1996435970067978 2154
1784237712473 0.26684704422950745 2155
1784237712489 0.24838441610336304 2156
1784237712505 0.02124212309718132 2157
1784237712520 0.08381491899490356 2158
1784237712532 0.12616275250911713 2159
1784237712546 0.1582638919353485 2160
1784237712560 0.15678153932094574 2161
1784237712574 0.019331036135554314 2162
1784237712587 0.294940322637558 2163
1784237712619 0.27649974822998047 2164
1784237712634 0.08085458725690842 2165
1784237712648 0.23504850268363953 2166
1784237712664 0.08916991949081421 2167
1784237712679 0.22591988742351532 2168
1784237712691 0.3014605939388275 2169
1784237712706 0.5936761498451233 2170
1784237712721 0.37685468792915344 2171
1784237712738 0.05263330787420273 2172
1784237712751 0.19889649748802185 2173
1784237712766 0.14902673661708832 2174
1784237712782 0.1851961314678192 2175
1784237712797 0.3361605703830719 2176
1784237712811 0.4046112895011902 2177
1784237712823 0.19033364951610565 2178
1784237712837 0.20647601783275604 2179
1784237712850 0.14216281473636627 2180
1784237712863 0.05481890216469765 2181
1784237712878 0.1278773844242096 2182
1784237712892 0.13041824102401733 2183
1784237712906 0.054451875388622284 2184
1784237712924 0.29654553532600403 2185
1784237712942 0.18378861248493195 2186
1784237712960 0.06890455633401871 2187
1784237712977 0.024527743458747864 2188
1784237712991 0.1128445416688919 2189
1784237713008 0.1770942211151123 2190
1784237713028 0.03953122720122337 2191
1784237713044 0.40568840503692627 2192
1784237713060 0.19097192585468292 2193
1784237713076 0.10545813292264938 2194
1784237713090 0.6253094673156738 2195
1784237713105 0.032964520156383514 2196
1784237713121 0.1805090606212616 2197
1784237713135 0.23156887292861938 2198
1784237713153 0.34840238094329834 2199
1784237713168 0.1491096317768097 2200
1784237713183 0.12336087226867676 2201
1784237713198 0.17529906332492828 2202
1784237713213 0.04252118989825249 2203
1784237713228 0.12271247804164886 2204
1784237713243 0.08348734676837921 2205
1784237713259 0.4286508858203888 2206
1784237713272 0.25212201476097107 2207
1784237713287 0.1791824847459793 2208
1784237713302 0.11938860267400742 2209
1784237713317 0.0979563444852829 2210
1784237713332 0.4564930200576782 2211
1784237713346 0.1081165298819542 2212
1784237713361 0.16342151165008545 2213
1784237713376 0.26093703508377075 2214
1784237713390 0.054730791598558426 2215
1784237713404 0.03292936086654663 2216
1784237713419 0.19777527451515198 2217
1784237713434 0.17103786766529083 2218
1784237713449 0.1945699155330658 2219
1784237713463 0.24709264934062958 2220
1784237713477 0.10581600666046143 2221
1784237713496 0.01715376228094101 2222
1784237713510 0.16524268686771393 2223
1784237713524 0.057135533541440964 2224
1784237713539 0.02089933305978775 2225
1784237713554 0.12576764822006226 2226
1784237713568 0.08621065318584442 2227
1784237713580 0.30308887362480164 2228
1784237713595 0.25875547528266907 2229
1784237713609 0.31302082538604736 2230
1784237713624 0.27790287137031555 2231
1784237713639 0.2109757363796234 2232
1784237713654 0.250131756067276 2233
1784237713668 0.19160978496074677 2234
1784237713682 0.02417721226811409 2235
1784237713697 0.468641996383667 2236
1784237713712 0.21629998087882996 2237
1784237713729 0.28155747056007385 2238
1784237713743 0.06528807431459427 2239
1784237713755 0.08359778672456741 2240
1784237713770 0.05209977179765701 2241
1784237713784 0.13202430307865143 2242
1784237713798 0.07733084261417389 2243
1784237713812 0.12505707144737244 2244
1784237713828 0.06853463500738144 2245
1784237713841 0.019220970571041107 2246
1784237713856 0.2300402820110321 2247
1784237713875 0.15656553208827972 2248
1784237713887 0.15753304958343506 2249
1784237713901 0.04808785021305084 2250
1784237713917 0.42358002066612244 2251
1784237713932 0.18995562195777893 2252
1784237713948 0.3499659299850464 2253
1784237713964 0.32896050810813904 2254
1784237713981 0.23670649528503418 2255
1784237713997 0.03928973525762558 2256
1784237714013 0.07079070806503296 2257
1784237714029 0.21100488305091858 2258
1784237714046 0.1225811019539833 2259
1784237714062 0.06102994084358215 2260
1784237714078 0.05406233295798302 2261
1784237714094 0.17118582129478455 2262
1784237714110 0.11954598873853683 2263
1784237714126 0.06690887361764908 2264
1784237714142 0.18814416229724884 2265
1784237714159 0.16392841935157776 2266
1784237714175 0.36543628573417664 2267
1784237714193 0.22017304599285126 2268
1784237714209 0.18969416618347168 2269
1784237714225 0.304447203874588 2270
1784237714241 0.0793347954750061 2271
1784237714257 0.225185364484787 2272
1784237714273 0.132277250289917 2273
1784237714289 0.2014761120080948 2274
1784237714304 0.2848951816558838 2275
1784237714321 0.022474730387330055 2276
1784237714337 0.0639331117272377 2277
1784237714353 0.11417708545923233 2278
1784237714368 0.30962473154067993 2279
1784237714384 0.13022513687610626 2280
1784237714399 0.06802896410226822 2281
1784237714415 0.16171808540821075 2282
1784237714430 0.06492471694946289 2283
1784237714445 0.15998788177967072 2284
1784237714461 0.15695421397686005 2285
1784237714476 0.030538061633706093 2286
1784237714492 0.047357477247714996 2287
1784237714506 0.0868435651063919 2288
1784237714520 0.12948013842105865 2289
1784237714535 0.05263412743806839 2290
1784237714550 0.21025314927101135 2291
1784237714567 0.04192925989627838 2292
1784237714582 0.09073737263679504 2293
1784237714597 0.2638320028781891 2294
1784237714611 0.07830563187599182 2295
1784237714623 0.0773804560303688 2296
1784237714638 0.43213415145874023 2297
1784237714652 0.20463939011096954 2298
1784237714665 0.039066147059202194 2299
1784237714679 0.14707165956497192 2300
1784237714693 0.3453337550163269 2301
1784237714708 0.05597705394029617 2302
1784237714722 0.033538952469825745 2303
1784237714737 0.2995647192001343 2304
1784237714753 0.28296589851379395 2305
1784237714768 0.11607808619737625 2306
1784237714783 0.11047675460577011 2307
1784237714797 0.33692803978919983 2308
1784237714812 0.032432157546281815 2309
1784237714827 0.04459282383322716 2310
1784237714841 0.27077168226242065 2311
1784237714856 0.09468267858028412 2312
1784237714870 0.10207107663154602 2313
1784237714884 0.12041877210140228 2314
1784237714900 0.5772624611854553 2315
1784237714914 0.04605530947446823 2316
1784237714929 0.051884595304727554 2317
1784237714945 0.07302159070968628 2318
1784237714961 0.09634595364332199 2319
1784237714976 0.08009935915470123 2320
1784237714989 0.07013636082410812 2321
1784237715002 0.1571197360754013 2322
1784237715016 0.19259633123874664 2323
1784237715030 0.12986314296722412 2324
1784237715045 0.3504301905632019 2325
1784237715060 0.2391744703054428 2326
1784237715074 0.39647558331489563 2327
1784237715089 0.1989920735359192 2328
1784237715104 0.05939842388033867 2329
1784237715118 0.12508347630500793 2330
1784237715133 0.0766213908791542 2331
1784237715146 0.441321462392807 2332
1784237715162 0.2730106711387634 2333
1784237715181 0.15088674426078796 2334
1784237715199 0.20083758234977722 2335
1784237715217 0.07406491041183472 2336
1784237715238 0.07836505770683289 2337
1784237715254 0.2243814766407013 2338
1784237715274 0.11943100392818451 2339
1784237715290 0.15772534906864166 2340
1784237715305 0.10643818974494934 2341
1784237715320 0.13515470921993256 2342
1784237715336 0.13112342357635498 2343
1784237715353 0.2850555181503296 2344
1784237715366 0.1918523609638214 2345
1784237715380 0.2757766544818878 2346
1784237715395 0.05773978680372238 2347
1784237715411 0.03680325299501419 2348
1784237715426 0.06412027776241302 2349
1784237715443 0.055824797600507736 2350
1784237715457 0.0681622326374054 2351
1784237715472 0.13074509799480438 2352
1784237715486 0.04572578892111778 2353
1784237715501 0.10691357403993607 2354
1784237715514 0.08584081381559372 2355
1784237715529 0.361725777387619 2356
1784237715543 0.1421627402305603 2357
1784237715557 0.0943542942404747 2358
1784237715573 0.09883210808038712 2359
1784237715587 0.04813500866293907 2360
1784237715603 0.32753467559814453 2361
1784237715618 0.4288838505744934 2362
1784237715632 0.15762017667293549 2363
1784237715646 0.08721461892127991 2364
1784237715661 0.07801638543605804 2365
1784237715674 0.17529413104057312 2366
1784237715688 0.05515279248356819 2367
1784237715701 0.08134064823389053 2368
1784237715717 0.1705428957939148 2369
1784237715731 0.11457011103630066 2370
1784237715745 0.04550185799598694 2371
1784237715760 0.016931476071476936 2372
1784237715774 0.04913846030831337 2373
1784237715788 0.11374746263027191 2374
1784237715803 0.0890226736664772 2375
1784237715817 0.058922283351421356 2376
1784237715830 0.03619915246963501 2377
1784237715845 0.007287497632205486 2378
1784237715861 0.21686579287052155 2379
1784237715876 0.32309502363204956 2380
1784237715891 0.060103725641965866 2381
1784237715906 0.11762551218271255 2382
1784237715919 0.03678660839796066 2383
1784237715932 0.07017288357019424 2384
1784237715945 0.07796790450811386 2385
1784237715958 0.29326868057250977 2386
1784237715971 0.07054000347852707 2387
1784237715986 0.13089978694915771 2388
1784237716001 0.2474893182516098 2389
1784237716016 0.12519732117652893 2390
1784237716031 0.0891723483800888 2391
1784237716045 0.03149855509400368 2392
1784237716059 0.031102020293474197 2393
1784237716074 0.3698420524597168 2394
1784237716089 0.11870767921209335 2395
1784237716104 0.11102968454360962 2396
1784237716118 0.13997600972652435 2397
1784237716135 0.26343634724617004 2398
1784237716150 0.06127404049038887 2399
1784237716164 0.06480899453163147 2400
1784237716179 0.19100624322891235 2401
1784237716193 0.1400715708732605 2402
1784237716209 0.07719401270151138 2403
1784237716223 0.0418100543320179 2404
1784237716239 0.15823042392730713 2405
1784237716255 0.13770298659801483 2406
1784237716270 0.19925573468208313 2407
1784237716284 0.09316693991422653 2408
1784237716299 0.1058143749833107 2409
1784237716314 0.3863564729690552 2410
1784237716329 0.20301130414009094 2411
1784237716344 0.03887690603733063 2412
1784237716361 0.2105986624956131 2413
1784237716375 0.24019204080104828 2414
1784237716389 0.017865650355815887 2415
1784237716404 0.10647858679294586 2416
1784237716418 0.2311207801103592 2417
1784237716433 0.04332684725522995 2418
1784237716447 0.2908647656440735 2419
1784237716461 0.07409810274839401 2420
1784237716476 0.26865458488464355 2421
1784237716489 0.18097445368766785 2422
1784237716504 0.05017589032649994 2423
1784237716517 0.15112300217151642 2424
1784237716546 0.11717034876346588 2425
1784237716587 0.026973091065883636 2426
1784237716610 0.032763756811618805 2427
1784237716630 0.043331362307071686 2428
1784237716648 0.16897757351398468 2429
1784237716664 0.12329880893230438 2430
1784237716679 0.34128573536872864 2431
1784237716694 0.027773162350058556 2432
1784237716710 0.15177364647388458 2433
1784237716723 0.18985122442245483 2434
1784237716736 0.08649551868438721 2435
1784237716751 0.024632465094327927 2436
1784237716766 0.38243651390075684 2437
1784237716780 0.17829598486423492 2438
1784237716793 0.32553285360336304 2439
1784237716810 0.08098474889993668 2440
1784237716823 0.11299140751361847 2441
1784237716837 0.1312316209077835 2442
1784237716853 0.035406120121479034 2443
1784237716867 0.2712579071521759 2444
1784237716883 0.24619534611701965 2445
1784237716898 0.04008683189749718 2446
1784237716914 0.15876443684101105 2447
1784237716931 0.0523318387567997 2448
1784237716945 0.043221719563007355 2449
1784237716959 0.13167515397071838 2450
1784237716973 0.0735662654042244 2451
1784237716987 0.19231516122817993 2452
1784237717001 0.06074700132012367 2453
1784237717017 0.25250691175460815 2454
1784237717035 0.039271775633096695 2455
1784237717051 0.07414449006319046 2456
1784237717068 0.24685139954090118 2457
1784237717082 0.2600514888763428 2458
1784237717098 0.03408486396074295 2459
1784237717114 0.054877255111932755 2460
1784237717129 0.10166392475366592 2461
1784237717147 0.07491511851549149 2462
1784237717163 0.298092782497406 2463
1784237717177 0.13494321703910828 2464
1784237717194 0.42012330889701843 2465
1784237717211 0.1024545282125473 2466
1784237717227 0.10629171878099442 2467
1784237717319 0.29385241866111755 2468
1784237717352 0.49150174856185913 2469
1784237717369 0.257114976644516 2470
1784237717387 0.1817990392446518 2471
1784237717407 0.03311439976096153 2472
1784237717427 0.045280199497938156 2473
1784237717445 0.06548381596803665 2474
1784237717463 0.1939970701932907 2475
1784237717480 0.20266032218933105 2476
1784237717498 0.1529613435268402 2477
1784237717512 0.09482712298631668 2478
1784237717526 0.04632538929581642 2479
1784237717538 0.06401128321886063 2480
1784237717555 0.35480526089668274 2481
1784237717568 0.0380132794380188 2482
1784237717582 0.06056155264377594 2483
1784237717596 0.2618786692619324 2484
1784237717611 0.2967522442340851 2485
1784237717627 0.04568282887339592 2486
1784237717640 0.14963185787200928 2487
1784237717656 0.030405405908823013 2488
1784237717672 0.19613312184810638 2489
1784237717688 0.06935334950685501 2490
1784237717703 0.01802057959139347 2491
1784237717718 0.1130477786064148 2492
1784237717733 0.27894696593284607 2493
1784237717747 0.20398078858852386 2494
1784237717763 0.20756210386753082 2495
1784237717777 0.32517215609550476 2496
1784237717789 0.0841187983751297 2497
1784237717803 0.18923594057559967 2498
1784237717815 0.5730205178260803 2499
1784237717831 0.04227021336555481 2500
1784237717845 0.0656922459602356 2501
1784237717859 0.13762293756008148 2502
1784237717874 0.26789161562919617 2503
1784237717889 0.0654955729842186 2504
1784237717904 0.25954893231391907 2505
1784237717920 0.09839192032814026 2506
1784237717934 0.05381910502910614 2507
1784237717949 0.3415908217430115 2508
1784237717964 0.06486450880765915 2509
1784237717980 0.11802920699119568 2510
1784237717994 0.11239725351333618 2511
1784237718008 0.2286762297153473 2512
1784237718023 0.20149418711662292 2513
1784237718037 0.14285121858119965 2514
1784237718050 0.09104105830192566 2515
1784237718063 0.046367961913347244 2516
1784237718078 0.10184364765882492 2517
1784237718092 0.28798431158065796 2518
1784237718104 0.2949610650539398 2519
1784237718118 0.025331174954771996 2520
1784237718132 0.13551591336727142 2521
1784237718146 0.17064960300922394 2522
1784237718161 0.06562730669975281 2523
1784237718175 0.13205580413341522 2524
1784237718191 0.10186143219470978 2525
1784237718206 0.20355543494224548 2526
1784237718220 0.06778585910797119 2527
1784237718236 0.23782461881637573 2528
1784237718251 0.05044466257095337 2529
1784237718266 0.32907551527023315 2530
1784237718279 0.27591779828071594 2531
1784237718293 0.09006629884243011 2532
1784237718309 0.22517603635787964 2533
1784237718322 0.12854592502117157 2534
1784237718338 0.1131092831492424 2535
1784237718353 0.17533743381500244 2536
1784237718368 0.4807921051979065 2537
1784237718381 0.05247363820672035 2538
1784237718396 0.2750372290611267 2539
1784237718411 0.04694940894842148 2540
1784237718425 0.09221763908863068 2541
1784237718440 0.028321582823991776 2542
1784237718456 0.06343931704759598 2543
1784237718468 0.07561274617910385 2544
1784237718483 0.09081121534109116 2545
1784237718497 0.1324428766965866 2546
1784237718512 0.4953792989253998 2547
1784237718527 0.05102741718292236 2548
1784237718542 0.05341468006372452 2549
1784237718557 0.22817347943782806 2550
1784237718571 0.12019871920347214 2551
1784237718585 0.10920006036758423 2552
1784237718600 0.07846985012292862 2553
1784237718616 0.09095920622348785 2554
1784237718630 0.48229870200157166 2555
1784237718645 0.20801736414432526 2556
1784237718660 0.2831391990184784 2557
1784237718676 0.22476372122764587 2558
1784237718691 0.05237499624490738 2559
1784237718705 0.16327914595603943 2560
1784237718721 0.05948954075574875 2561
1784237718736 0.16052542626857758 2562
1784237718751 0.0610785037279129 2563
1784237718765 0.2534273862838745 2564
1784237718779 0.04765396565198898 2565
1784237718794 0.05244361609220505 2566
1784237718809 0.2791796326637268 2567
1784237718825 0.22793394327163696 2568
1784237718838 0.05916871130466461 2569
1784237718852 0.30307623744010925 2570
1784237718867 0.03674919903278351 2571
1784237718881 0.2243257462978363 2572
1784237718896 0.11087240278720856 2573
1784237718910 0.1677788645029068 2574
1784237718926 0.14309637248516083 2575
1784237718942 0.03971140459179878 2576
1784237718956 0.14675231277942657 2577
1784237718972 0.0745934396982193 2578
1784237718986 0.1038258895277977 2579
1784237719000 0.22729574143886566 2580
1784237719016 0.019756829366087914 2581
1784237719031 0.1958903968334198 2582
1784237719045 0.031068768352270126 2583
1784237719060 0.11558118462562561 2584
1784237719076 0.012451877817511559 2585
1784237719089 0.019030656665563583 2586
1784237719103 0.14367446303367615 2587
1784237719118 0.1825745701789856 2588
1784237719131 0.15770620107650757 2589
1784237719145 0.2846778631210327 2590
1784237719160 0.06058846041560173 2591
1784237719175 0.10097188502550125 2592
1784237719187 0.22343508899211884 2593
1784237719202 0.15189269185066223 2594
1784237719216 0.08088943362236023 2595
1784237719230 0.2748657464981079 2596
1784237719243 0.06676250696182251 2597
1784237719259 0.044826071709394455 2598
1784237719274 0.34617286920547485 2599
1784237719288 0.19998785853385925 2600
1784237719303 0.04943057894706726 2601
1784237719317 0.18092019855976105 2602
1784237719333 0.2711446285247803 2603
1784237719348 0.16389669477939606 2604
1784237719362 0.09137922525405884 2605
1784237719376 0.36530330777168274 2606
1784237719390 0.34197038412094116 2607
1784237719405 0.04074212908744812 2608
1784237719419 0.6655871868133545 2609
1784237719434 0.16660988330841064 2610
1784237719449 0.2820126712322235 2611
1784237719465 0.06169161945581436 2612
1784237719481 0.22024795413017273 2613
1784237719496 0.17171227931976318 2614
1784237719511 0.016883863136172295 2615
1784237719526 0.06330332159996033 2616
1784237719539 0.3319721817970276 2617
1784237719553 0.16679292917251587 2618
1784237719568 0.12046254426240921 2619
1784237719583 0.14650383591651917 2620
1784237719597 0.10108639299869537 2621
1784237719611 0.02359539456665516 2622
1784237719628 0.2690862715244293 2623
1784237719648 0.40616023540496826 2624
1784237719665 0.1645721048116684 2625
1784237719682 0.07190974056720734 2626
1784237719705 0.0989956483244896 2627
1784237719726 0.06665333360433578 2628
1784237719740 0.2051372230052948 2629
1784237719757 0.03122580423951149 2630
1784237719774 0.04954732954502106 2631
1784237719789 0.04109105095267296 2632
1784237719804 0.10704594850540161 2633
1784237719821 0.06653765588998795 2634
1784237719838 0.0953846424818039 2635
1784237719854 0.08032920956611633 2636
1784237719869 0.0623997338116169 2637
1784237719884 0.08203216642141342 2638
1784237719899 0.12273100018501282 2639
1784237719914 0.26011335849761963 2640
1784237719928 0.14804239571094513 2641
1784237719943 0.33667147159576416 2642
1784237719957 0.11462625861167908 2643
1784237719973 0.05168405547738075 2644
1784237719986 0.0975617840886116 2645
1784237720001 0.06824024766683578 2646
1784237720015 0.3109707534313202 2647
1784237720030 0.20382770895957947 2648
1784237720044 0.1427229791879654 2649
1784237720058 0.04691718518733978 2650
1784237720071 0.30585891008377075 2651
1784237720085 0.1666838675737381 2652
1784237720099 0.07387156039476395 2653
1784237720114 0.10166315734386444 2654
1784237720130 0.09449324011802673 2655
1784237720145 0.23188424110412598 2656
1784237720159 0.03528980165719986 2657
1784237720172 0.13163314759731293 2658
1784237720186 0.14733386039733887 2659
1784237720200 0.14714980125427246 2660
1784237720215 0.08543122559785843 2661
1784237720229 0.22502921521663666 2662
1784237720242 0.2828376889228821 2663
1784237720254 0.23761875927448273 2664
1784237720269 0.2557482421398163 2665
1784237720282 0.07031847536563873 2666
1784237720296 0.2207632213830948 2667
1784237720311 0.18692722916603088 2668
1784237720326 0.06194496899843216 2669
1784237720342 0.05514422431588173 2670
1784237720358 0.2721925377845764 2671
1784237720371 0.10385879129171371 2672
1784237720385 0.22663456201553345 2673
1784237720398 0.09472469985485077 2674
1784237720412 0.14433591067790985 2675
1784237720428 0.3673441410064697 2676
1784237720443 0.07073141634464264 2677
1784237720459 0.1474350094795227 2678
1784237720473 0.03964507207274437 2679
1784237720487 0.1488722860813141 2680
1784237720501 0.3795747458934784 2681
1784237720515 0.025392699986696243 2682
1784237720530 0.09346247464418411 2683
1784237720545 0.10876122117042542 2684
1784237720561 0.1968052238225937 2685
1784237720574 0.1848224252462387 2686
1784237720588 0.18027278780937195 2687
1784237720601 0.23447684943675995 2688
1784237720616 0.020559394732117653 2689
1784237720630 0.32637056708335876 2690
1784237720645 0.18901553750038147 2691
1784237720661 0.04915889725089073 2692
1784237720675 0.21847237646579742 2693
1784237720690 0.05688285827636719 2694
1784237720704 0.056425657123327255 2695
1784237720720 0.2860851585865021 2696
1784237720735 0.13644321262836456 2697
1784237720750 0.09869168698787689 2698
1784237720766 0.09677980095148087 2699
1784237720780 0.14138753712177277 2700
1784237720794 0.2916036546230316 2701
1784237720807 0.03899674490094185 2702
1784237720821 0.11644285172224045 2703
1784237720833 0.21323685348033905 2704
1784237720848 0.31133025884628296 2705
1784237720863 0.12259659916162491 2706
1784237720877 0.21844927966594696 2707
1784237720893 0.10743536800146103 2708
1784237720907 0.2647382616996765 2709
1784237720922 0.31851571798324585 2710
1784237720936 0.4288913309574127 2711
1784237720950 0.11847442388534546 2712
1784237720967 0.057194653898477554 2713
1784237720982 0.2585087716579437 2714
1784237720996 0.21869659423828125 2715
1784237721011 0.048097480088472366 2716
1784237721026 0.09004116803407669 2717
1784237721042 0.1808597445487976 2718
1784237721058 0.14612968266010284 2719
1784237721074 0.1479499638080597 2720
1784237721090 0.18142369389533997 2721
1784237721105 0.12975384294986725 2722
1784237721122 0.17718757688999176 2723
1784237721137 0.04103299602866173 2724
1784237721153 0.132380411028862 2725
1784237721170 0.07383769005537033 2726
1784237721185 0.2305232137441635 2727
1784237721202 0.11011167615652084 2728
1784237721218 0.09667738527059555 2729
1784237721233 0.17946140468120575 2730
1784237721251 0.32524847984313965 2731
1784237721266 0.2941468358039856 2732
1784237721282 0.16507622599601746 2733
1784237721296 0.19624370336532593 2734
1784237721312 0.05208083987236023 2735
1784237721328 0.025818971917033195 2736
1784237721344 0.2565750479698181 2737
1784237721360 0.3483881950378418 2738
1784237721376 0.08920559287071228 2739
1784237721392 0.03254299983382225 2740
1784237721408 0.30225613713264465 2741
1784237721424 0.24992752075195312 2742
1784237721440 0.07780443131923676 2743
1784237721455 0.6431298851966858 2744
1784237721470 0.22736458480358124 2745
1784237721484 0.1621227115392685 2746
1784237721497 0.2279302477836609 2747
1784237721513 0.15360398590564728 2748
1784237721530 0.15792089700698853 2749
1784237721544 0.15824322402477264 2750
1784237721559 0.4155043661594391 2751
1784237721572 0.11831118911504745 2752
1784237721588 0.1985417902469635 2753
1784237721601 0.3580404222011566 2754
1784237721616 0.10600948333740234 2755
1784237721630 0.28207460045814514 2756
1784237721645 0.0956033319234848 2757
1784237721660 0.24238967895507812 2758
1784237721674 0.15057480335235596 2759
1784237721687 0.08710245788097382 2760
1784237721702 0.3013497591018677 2761
1784237721717 0.07569494098424911 2762
1784237721731 0.19936740398406982 2763
1784237721748 0.08004504442214966 2764
1784237721763 0.1983465999364853 2765
1784237721776 0.24972352385520935 2766
1784237721792 0.04522605240345001 2767
1784237721806 0.01681382767856121 2768
1784237721820 0.3612665832042694 2769
1784237721835 0.1709679812192917 2770
1784237721853 0.052309826016426086 2771
1784237721871 0.13650287687778473 2772
1784237721887 0.05906493961811066 2773
1784237721905 0.17956504225730896 2774
1784237721924 0.07755905389785767 2775
1784237721939 0.2038480043411255 2776
1784237721957 0.03583115339279175 2777
1784237721972 0.08120888471603394 2778
1784237721986 0.4822128713130951 2779
1784237722002 0.17426086962223053 2780
1784237722017 0.3821229040622711 2781
1784237722031 0.3409394919872284 2782
1784237722047 0.16788987815380096 2783
1784237722063 0.13950999081134796 2784
1784237722078 0.10816653817892075 2785
1784237722093 0.09908166527748108 2786
1784237722108 0.05224362015724182 2787
1784237722121 0.09484349936246872 2788
1784237722136 0.26278573274612427 2789
1784237722152 0.3254161477088928 2790
1784237722168 0.5250721573829651 2791
1784237722182 0.0449892058968544 2792
1784237722196 0.0733751580119133 2793
1784237722211 0.12541334331035614 2794
1784237722226 0.35376012325286865 2795
1784237722242 0.141391322016716 2796
1784237722258 0.21669937670230865 2797
1784237722272 0.1794433295726776 2798
1784237722285 0.0874573364853859 2799
1784237722298 0.038246698677539825 2800
1784237722313 0.14064599573612213 2801
1784237722327 0.09321410208940506 2802
1784237722342 0.06816011667251587 2803
1784237722361 0.1268092691898346 2804
1784237722376 0.282183438539505 2805
1784237722390 0.11940240114927292 2806
1784237722404 0.050249382853507996 2807
1784237722416 0.19681377708911896 2808
1784237722429 0.23660269379615784 2809
1784237722443 0.09270460158586502 2810
1784237722459 0.41318079829216003 2811
1784237722474 0.06255223602056503 2812
1784237722487 0.2139248102903366 2813
1784237722501 0.07408583164215088 2814
1784237722516 0.22183027863502502 2815
1784237722531 0.03861091658473015 2816
1784237722546 0.1942831128835678 2817
1784237722561 0.24504682421684265 2818
1784237722575 0.6817777752876282 2819
1784237722590 0.21166501939296722 2820
1784237722605 0.12830650806427002 2821
1784237722619 0.06961055099964142 2822
1784237722633 0.08879900723695755 2823
1784237722648 0.09952732175588608 2824
1784237722662 0.272781640291214 2825
1784237722676 0.049340344965457916 2826
1784237722689 0.04536185786128044 2827
1784237722703 0.3374383747577667 2828
1784237722717 0.037646058946847916 2829
1784237722733 0.33518099784851074 2830
1784237722750 0.0660906657576561 2831
1784237722782 0.25463148951530457 2832
1784237722797 0.07122153043746948 2833
1784237722812 0.24590927362442017 2834
1784237722829 0.05969401076436043 2835
1784237722844 0.2667545974254608 2836
1784237722858 0.1484307050704956 2837
1784237722873 0.10816420614719391 2838
1784237722888 0.07865472137928009 2839
1784237722903 0.11297246068716049 2840
1784237722918 0.10858286917209625 2841
1784237722933 0.22174350917339325 2842
1784237722947 0.19598974287509918 2843
1784237722961 0.20042262971401215 2844
1784237722976 0.2185841202735901 2845
1784237722990 0.06138377636671066 2846
1784237723004 0.030365172773599625 2847
1784237723020 0.27180492877960205 2848
1784237723035 0.14142130315303802 2849
1784237723050 0.41632017493247986 2850
1784237723065 0.03442024067044258 2851
1784237723079 0.022740324959158897 2852
1784237723094 0.14344127476215363 2853
1784237723108 0.12969009578227997 2854
1784237723122 0.15111427009105682 2855
1784237723137 0.1450703740119934 2856
1784237723154 0.10583294928073883 2857
1784237723169 0.06874687224626541 2858
1784237723184 0.4183930456638336 2859
1784237723199 0.041663315147161484 2860
1784237723215 0.03663403540849686 2861
1784237723229 0.1230645552277565 2862
1784237723244 0.546250581741333 2863
1784237723259 0.239811971783638 2864
1784237723273 0.037171535193920135 2865
1784237723287 0.21700537204742432 2866
1784237723304 0.18888430297374725 2867
1784237723319 0.17388446629047394 2868
1784237723334 0.1670016497373581 2869
1784237723350 0.11015155911445618 2870
1784237723365 0.19974711537361145 2871
1784237723379 0.34325936436653137 2872
1784237723395 0.13729313015937805 2873
1784237723410 0.15109600126743317 2874
1784237723425 0.06734219938516617 2875
1784237723439 0.2683667838573456 2876
1784237723456 0.0675719827413559 2877
1784237723472 0.15734069049358368 2878
1784237723488 0.0427561029791832 2879
1784237723503 0.3330329656600952 2880
1784237723519 0.1170782595872879 2881
1784237723535 0.10383716970682144 2882
1784237723551 0.18393470346927643 2883
1784237723565 0.12122543156147003 2884
1784237723582 0.13525138795375824 2885
1784237723596 0.10897187143564224 2886
1784237723611 0.12783490121364594 2887
1784237723626 0.016544967889785767 2888
1784237723642 0.11249546706676483 2889
1784237723655 0.36411577463150024 2890
1784237723670 0.23106785118579865 2891
1784237723685 0.12387071549892426 2892
1784237723700 0.07048813253641129 2893
1784237723715 0.16142170131206512 2894
1784237723728 0.11097005754709244 2895
1784237723743 0.03253724426031113 2896
1784237723758 0.09085045754909515 2897
1784237723773 0.24185432493686676 2898
1784237723786 0.08227937668561935 2899
1784237723800 0.2578755021095276 2900
1784237723816 0.011904103681445122 2901
1784237723832 0.09550198167562485 2902
1784237723849 0.02464553900063038 2903
1784237723864 0.011777956038713455 2904
1784237723879 0.16569627821445465 2905
1784237723894 0.1031552329659462 2906
1784237723908 0.06056361645460129 2907
1784237723923 0.022598640993237495 2908
1784237723938 0.2641197741031647 2909
1784237723952 0.23918460309505463 2910
1784237723966 0.14498412609100342 2911
1784237723979 0.037929732352495193 2912
1784237723994 0.10719728469848633 2913
1784237724009 0.09142865240573883 2914
1784237724028 0.4396585524082184 2915
1784237724046 0.19833904504776 2916
1784237724062 0.08918707072734833 2917
1784237724080 0.11517218500375748 2918
1784237724098 0.2110997438430786 2919
1784237724120 0.08821268379688263 2920
1784237724139 0.2285931259393692 2921
1784237724158 0.3183664381504059 2922
1784237724176 0.1162463128566742 2923
1784237724194 0.1595541387796402 2924
1784237724211 0.07348928600549698 2925
1784237724227 0.1778666228055954 2926
1784237724244 0.23426367342472076 2927
1784237724257 0.24016880989074707 2928
1784237724274 0.12167557328939438 2929
1784237724290 0.07444611936807632 2930
1784237724304 0.0462769977748394 2931
1784237724318 0.28139522671699524 2932
1784237724334 0.0899886041879654 2933
1784237724353 0.010400433093309402 2934
1784237724366 0.08667761832475662 2935
1784237724381 0.36291342973709106 2936
1784237724398 0.11725509911775589 2937
1784237724414 0.05456216633319855 2938
1784237724430 0.10679173469543457 2939
1784237724446 0.11553916335105896 2940
1784237724463 0.6746693849563599 2941
1784237724478 0.10876419395208359 2942
1784237724492 0.017583413049578667 2943
1784237724506 0.07632125169038773 2944
1784237724522 0.3096594512462616 2945
1784237724539 0.05033035948872566 2946
1784237724556 0.10774371773004532 2947
1784237724571 0.04983387887477875 2948
1784237724586 0.06149900704622269 2949
1784237724602 0.17305007576942444 2950
1784237724618 0.04555607587099075 2951
1784237724632 0.060481708496809006 2952
1784237724648 0.2730158567428589 2953
1784237724662 0.28704285621643066 2954
1784237724677 0.08474380522966385 2955
1784237724692 0.3098379671573639 2956
1784237724706 0.20859171450138092 2957
1784237724720 0.13743343949317932 2958
1784237724735 0.3271562159061432 2959
1784237724751 0.1470005065202713 2960
1784237724764 0.0410848967730999 2961
1784237724781 0.1671561896800995 2962
1784237724795 0.15525589883327484 2963
1784237724811 0.03253770247101784 2964
1784237724826 0.16355596482753754 2965
1784237724842 0.15106764435768127 2966
1784237724857 0.04634123295545578 2967
1784237724871 0.05718199163675308 2968
1784237724886 0.13767249882221222 2969
1784237724901 0.09969951212406158 2970
1784237724914 0.135623037815094 2971
1784237724927 0.07479611039161682 2972
1784237724943 0.2969217300415039 2973
1784237724958 0.10199642926454544 2974
1784237724972 0.05731469392776489 2975
1784237724988 0.0836544930934906 2976
1784237725003 0.06387041509151459 2977
1784237725018 0.25202280282974243 2978
1784237725033 0.2615887224674225 2979
1784237725048 0.08218622952699661 2980
1784237725061 0.04860236495733261 2981
1784237725074 0.19573301076889038 2982
1784237725087 0.10450872778892517 2983
1784237725102 0.06630285084247589 2984
1784237725118 0.09047678112983704 2985
1784237725132 0.13924649357795715 2986
1784237725147 0.07607190310955048 2987
1784237725161 0.11143285781145096 2988
1784237725173 0.14985308051109314 2989
1784237725188 0.06567033380270004 2990
1784237725201 0.08383678644895554 2991
1784237725215 0.14649997651576996 2992
1784237725229 0.17136907577514648 2993
1784237725243 0.09089577198028564 2994
1784237725257 0.0588827021420002 2995
1784237725272 0.0921197235584259 2996
1784237725286 0.03985118865966797 2997
1784237725300 0.03955991193652153 2998
1784237725314 0.10723502933979034 2999
1784237725330 0.10362479090690613 3000
1784237725345 0.08259756863117218 3001
1784237725361 0.022132588550448418 3002
1784237725376 0.021338606253266335 3003
1784237725390 0.16307948529720306 3004
1784237725403 0.11095163226127625 3005
1784237725417 0.08939928561449051 3006
1784237725430 0.11316356807947159 3007
1784237725446 0.24091371893882751 3008
1784237725460 0.14672741293907166 3009
1784237725475 0.10415107011795044 3010
1784237725489 0.017621925100684166 3011
1784237725503 0.052408698946237564 3012
1784237725516 0.04218585416674614 3013
1784237725529 0.22479256987571716 3014
1784237725542 0.14451037347316742 3015
1784237725555 0.05757039412856102 3016
1784237725570 0.020336415618658066 3017
1784237725585 0.32668420672416687 3018
1784237725600 0.17139999568462372 3019
1784237725615 0.05573982745409012 3020
1784237725629 0.06276123225688934 3021
1784237725644 0.15712377429008484 3022
1784237725659 0.29973870515823364 3023
1784237725674 0.41569697856903076 3024
1784237725689 0.01742788404226303 3025
1784237725702 0.10623728483915329 3026
1784237725717 0.12712670862674713 3027
1784237725731 0.26582762598991394 3028
1784237725747 0.09721357375383377 3029
1784237725760 0.13057029247283936 3030
1784237725772 0.10215238481760025 3031
1784237725788 0.052171144634485245 3032
1784237725803 0.1336808204650879 3033
1784237725819 0.3964408040046692 3034
1784237725835 0.29487624764442444 3035
1784237725850 0.1773063987493515 3036
1784237725866 0.028261080384254456 3037
1784237725882 0.13111522793769836 3038
1784237725897 0.03945598378777504 3039
1784237725910 0.04167453199625015 3040
1784237725926 0.10481005162000656 3041
1784237725939 0.3097418248653412 3042
1784237725955 0.026357991620898247 3043
1784237725969 0.2027110904455185 3044
1784237725984 0.024333294481039047 3045
1784237725998 0.10323311388492584 3046
1784237726018 0.15963545441627502 3047
1784237726034 0.03670570254325867 3048
1784237726049 0.08420408517122269 3049
1784237726063 0.02726525440812111 3050
1784237726078 0.24370312690734863 3051
1784237726094 0.0538080632686615 3052
1784237726110 0.21796740591526031 3053
1784237726125 0.3169330060482025 3054
1784237726139 0.06222740560770035 3055
1784237726154 0.09595490992069244 3056
1784237726170 0.019947713240981102 3057
1784237726184 0.04798999801278114 3058
1784237726199 0.013536164537072182 3059
1784237726214 0.06265505403280258 3060
1784237726229 0.3262333869934082 3061
1784237726244 0.08247435837984085 3062
1784237726259 0.12336652725934982 3063
1784237726274 0.1995318979024887 3064
1784237726287 0.04314576834440231 3065
1784237726302 0.2655399441719055 3066
1784237726319 0.24826045334339142 3067
1784237726336 0.032415181398391724 3068
1784237726354 0.14811421930789948 3069
1784237726371 0.05981413275003433 3070
1784237726389 0.05071042850613594 3071
1784237726407 0.04469034820795059 3072
1784237726422 0.1803186535835266 3073
1784237726437 0.03989307954907417 3074
1784237726453 0.21807800233364105 3075
1784237726468 0.2434176504611969 3076
1784237726484 0.06892776489257812 3077
1784237726499 0.21135827898979187 3078
1784237726512 0.0938001200556755 3079
1784237726528 0.2842814326286316 3080
1784237726543 0.13622070848941803 3081
1784237726558 0.05993184074759483 3082
1784237726571 0.05433150380849838 3083
1784237726586 0.07887864112854004 3084
1784237726601 0.14492960274219513 3085
1784237726615 0.0842258408665657 3086
1784237726629 0.33369311690330505 3087
1784237726644 0.10335608571767807 3088
1784237726657 0.13751623034477234 3089
1784237726672 0.07340501993894577 3090
1784237726686 0.15427997708320618 3091
1784237726702 0.31734591722488403 3092
1784237726718 0.04153507947921753 3093
1784237726733 0.0462857261300087 3094
1784237726747 0.104465052485466 3095
1784237726761 0.01666988804936409 3096
1784237726776 0.04253410920500755 3097
1784237726799 0.14102619886398315 3098
1784237726815 0.15046216547489166 3099
1784237726831 0.4275464415550232 3100
1784237726846 0.147436261177063 3101
1784237726860 0.2884063422679901 3102
1784237726875 0.28395944833755493 3103
1784237726889 0.06958778202533722 3104
1784237726903 0.22332492470741272 3105
1784237726918 0.05633937940001488 3106
1784237726930 0.07143056392669678 3107
1784237726944 0.07182163745164871 3108
1784237726959 0.12916724383831024 3109
1784237726976 0.231580913066864 3110
1784237726991 0.1893109530210495 3111
1784237727006 0.02675383724272251 3112
1784237727021 0.07120733708143234 3113
1784237727036 0.12627781927585602 3114
1784237727050 0.09876304119825363 3115
1784237727065 0.11760415136814117 3116
1784237727079 0.2540217339992523 3117
1784237727094 0.01714979112148285 3118
1784237727109 0.07654060423374176 3119
1784237727125 0.13827547430992126 3120
1784237727140 0.12344324588775635 3121
1784237727156 0.33251211047172546 3122
1784237727171 0.1816171556711197 3123
1784237727183 0.08447380363941193 3124
1784237727195 0.07044576853513718 3125
1784237727209 0.1547004133462906 3126
1784237727222 0.2339794784784317 3127
1784237727236 0.151474729180336 3128
1784237727250 0.04179665818810463 3129
1784237727262 0.06599840521812439 3130
1784237727274 0.0334918275475502 3131
1784237727289 0.235159769654274 3132
1784237727303 0.19087380170822144 3133
1784237727317 0.27409836649894714 3134
1784237727332 0.04483891651034355 3135
1784237727348 0.26334118843078613 3136
1784237727363 0.2705807685852051 3137
1784237727376 0.11012394726276398 3138
1784237727392 0.006499109789729118 3139
1784237727404 0.13788621127605438 3140
1784237727419 0.1375918835401535 3141
1784237727434 0.2366439402103424 3142
1784237727449 0.07258865982294083 3143
1784237727463 0.17445403337478638 3144
1784237727478 0.05952441692352295 3145
1784237727493 0.1808089315891266 3146
1784237727508 0.10517694801092148 3147
1784237727522 0.07850024104118347 3148
1784237727536 0.1634853631258011 3149
1784237727551 0.1402464658021927 3150
1784237727566 0.10831552743911743 3151
1784237727581 0.22984817624092102 3152
1784237727596 0.23288008570671082 3153
1784237727611 0.1641579568386078 3154
1784237727625 0.11963135749101639 3155
1784237727638 0.16296128928661346 3156
1784237727653 0.1810232549905777 3157
1784237727669 0.11923229694366455 3158
1784237727684 0.1752312183380127 3159
1784237727698 0.15441280603408813 3160
1784237727712 0.5714746117591858 3161
1784237727728 0.27959370613098145 3162
1784237727743 0.2858557105064392 3163
1784237727757 0.03890766575932503 3164
1784237727772 0.21613028645515442 3165
1784237727787 0.08120472729206085 3166
1784237727803 0.10128231346607208 3167
1784237727818 0.1944933384656906 3168
1784237727834 0.032181546092033386 3169
1784237727850 0.04474711790680885 3170
1784237727864 0.0688886046409607 3171
1784237727878 0.022887609899044037 3172
1784237727891 0.03758525475859642 3173
1784237727905 0.13338659703731537 3174
1784237727920 0.4273351728916168 3175
1784237727935 0.24787738919258118 3176
1784237727951 0.08366819471120834 3177
1784237727967 0.02818019688129425 3178
1784237727983 0.21541070938110352 3179
1784237727997 0.13265645503997803 3180
1784237728011 0.0874093770980835 3181
1784237728025 0.23315241932868958 3182
1784237728040 0.2298794537782669 3183
1784237728055 0.0800866186618805 3184
1784237728074 0.05822422355413437 3185
1784237728089 0.024910181760787964 3186
1784237728105 0.133315309882164 3187
1784237728121 0.1832243949174881 3188
1784237728135 0.0475248321890831 3189
1784237728151 0.011624317616224289 3190
1784237728167 0.2770737111568451 3191
1784237728182 0.18623119592666626 3192
1784237728198 0.16298213601112366 3193
1784237728212 0.10292299836874008 3194
1784237728226 0.08156697452068329 3195
1784237728243 0.12654580175876617 3196
1784237728259 0.099635049700737 3197
1784237728275 0.03749726340174675 3198
1784237728292 0.11750922352075577 3199
1784237728305 0.16515764594078064 3200
1784237728322 0.13843801617622375 3201
1784237728336 0.46452587842941284 3202
1784237728351 0.17299219965934753 3203
1784237728367 0.1968362033367157 3204
1784237728381 0.15660613775253296 3205
1784237728395 0.028825674206018448 3206
1784237728409 0.03240031749010086 3207
1784237728424 0.11059273034334183 3208
1784237728439 0.25067853927612305 3209
1784237728454 0.07003816962242126 3210
1784237728470 0.06134466081857681 3211
1784237728487 0.032520633190870285 3212
1784237728501 0.3677855432033539 3213
1784237728517 0.05585797131061554 3214
1784237728533 0.5359331369400024 3215
1784237728551 0.14317132532596588 3216
1784237728567 0.09985074400901794 3217
1784237728585 0.41213834285736084 3218
1784237728603 0.20562605559825897 3219
1784237728621 0.04484120383858681 3220
1784237728640 0.3372424244880676 3221
1784237728655 0.02066325768828392 3222
1784237728668 0.3812839984893799 3223
1784237728685 0.1243538111448288 3224
1784237728700 0.07291524112224579 3225
1784237728716 0.18540869653224945 3226
1784237728732 0.10890451818704605 3227
1784237728747 0.08673343807458878 3228
1784237728764 0.07838699966669083 3229
1784237728778 0.056547146290540695 3230
1784237728793 0.20432385802268982 3231
1784237728808 0.1763952523469925 3232
1784237728822 0.34262749552726746 3233
1784237728838 0.07786469906568527 3234
1784237728854 0.24538539350032806 3235
1784237728869 0.04637253284454346 3236
1784237728883 0.07344420999288559 3237
1784237728900 0.2946220636367798 3238
1784237728917 0.41267630457878113 3239
1784237728933 0.07124197483062744 3240
1784237728948 0.09150411188602448 3241
1784237728962 0.05545268952846527 3242
1784237728976 0.17021390795707703 3243
1784237728991 0.08583289384841919 3244
1784237729005 0.10313612222671509 3245
1784237729019 0.037798911333084106 3246
1784237729035 0.1762661337852478 3247
1784237729051 0.13195575773715973 3248
1784237729065 0.09232847392559052 3249
1784237729079 0.10358546674251556 3250
1784237729094 0.3216933310031891 3251
1784237729110 0.4485093057155609 3252
1784237729128 0.03159196674823761 3253
1784237729142 0.05433707311749458 3254
1784237729158 0.3093492388725281 3255
1784237729174 0.3591523766517639 3256
1784237729189 0.127733051776886 3257
1784237729202 0.170548677444458 3258
1784237729217 0.2671043574810028 3259
1784237729231 0.27683305740356445 3260
1784237729246 0.028298314660787582 3261
1784237729261 0.09703785181045532 3262
1784237729274 0.20619677007198334 3263
1784237729288 0.2600181996822357 3264
1784237729302 0.07217832654714584 3265
1784237729317 0.23421022295951843 3266
1784237729330 0.009185932576656342 3267
1784237729343 0.0940505787730217 3268
1784237729358 0.13861149549484253 3269
1784237729373 0.08146032691001892 3270
1784237729388 0.0690920278429985 3271
1784237729404 0.11971411854028702 3272
1784237729419 0.031098181381821632 3273
1784237729436 0.09557328373193741 3274
1784237729451 0.09270356595516205 3275
1784237729467 0.08036313951015472 3276
1784237729481 0.0573718287050724 3277
1784237729494 0.14309367537498474 3278
1784237729509 0.1068539246916771 3279
1784237729523 0.1285448521375656 3280
1784237729538 0.04849600791931152 3281
1784237729551 0.0651460736989975 3282
1784237729566 0.07966664433479309 3283
1784237729580 0.15165190398693085 3284
1784237729594 0.10587647557258606 3285
1784237729609 0.03015896864235401 3286
1784237729624 0.07822825014591217 3287
1784237729639 0.20591843128204346 3288
1784237729652 0.02722371369600296 3289
1784237729667 0.08370881527662277 3290
1784237729682 0.03237525746226311 3291
1784237729697 0.06794633716344833 3292
1784237729710 0.016878249123692513 3293
1784237729723 0.08995404094457626 3294
1784237729736 0.028397010639309883 3295
1784237729749 0.06777814775705338 3296
1784237729761 0.04632450267672539 3297
1784237729777 0.3667398691177368 3298
1784237729791 0.023471828550100327 3299
1784237729806 0.02337917685508728 3300
1784237729819 0.06850454956293106 3301
1784237729832 0.02427150309085846 3302
1784237729845 0.11170755326747894 3303
1784237729858 0.14283229410648346 3304
1784237729871 0.015393483452498913 3305
1784237729886 0.19572488963603973 3306
1784237729902 0.15030542016029358 3307
1784237729917 0.07645946741104126 3308
1784237729932 0.24539637565612793 3309
1784237729947 0.034745246171951294 3310
1784237729961 0.15241111814975739 3311
1784237729976 0.02477707527577877 3312
1784237729992 0.12095221877098083 3313
1784237730007 0.15123431384563446 3314
1784237730022 0.0817682296037674 3315
1784237730036 0.017092058435082436 3316
1784237730052 0.19834284484386444 3317
1784237730066 0.16171874105930328 3318
1784237730080 0.12830406427383423 3319
1784237730094 0.11873824894428253 3320
1784237730110 0.08543356508016586 3321
1784237730125 0.294929176568985 3322
1784237730140 0.17760872840881348 3323
1784237730155 0.02177688665688038 3324
1784237730171 0.136577308177948 3325
1784237730185 0.5034935474395752 3326
1784237730201 0.2911456227302551 3327
1784237730215 0.09433550387620926 3328
1784237730229 0.113568514585495 3329
1784237730243 0.1840934455394745 3330
1784237730257 0.03486424311995506 3331
1784237730271 0.15174174308776855 3332
1784237730284 0.18724752962589264 3333
1784237730299 0.056669190526008606 3334
1784237730315 0.11352217942476273 3335
1784237730329 0.05859429016709328 3336
1784237730344 0.00909646786749363 3337
1784237730357 0.3813435137271881 3338
1784237730371 0.13734547793865204 3339
1784237730386 0.17931801080703735 3340
1784237730400 0.0663858950138092 3341
1784237730416 0.11109575629234314 3342
1784237730430 0.2577110826969147 3343
1784237730445 0.18896999955177307 3344
1784237730459 0.1617128551006317 3345
1784237730474 0.27110326290130615 3346
1784237730488 0.0786411240696907 3347
1784237730501 0.18841689825057983 3348
1784237730516 0.07379485666751862 3349
1784237730531 0.31088078022003174 3350
1784237730545 0.020044099539518356 3351
1784237730557 0.030966227874159813 3352
1784237730570 0.11917640268802643 3353
1784237730583 0.2228410542011261 3354
1784237730597 0.04604770615696907 3355
1784237730612 0.013988700695335865 3356
1784237730627 0.13504593074321747 3357
1784237730642 0.10353967547416687 3358
1784237730655 0.3014554977416992 3359
1784237730667 0.167862206697464 3360
1784237730680 0.12469392269849777 3361
1784237730694 0.3603215217590332 3362
1784237730708 0.03967132046818733 3363
1784237730723 0.20625129342079163 3364
1784237730738 0.02617061324417591 3365
1784237730752 0.04366028681397438 3366
1784237730765 0.2619801461696625 3367
1784237730778 0.3945537805557251 3368
1784237730794 0.16306960582733154 3369
1784237730810 0.0687093511223793 3370
1784237730825 0.011298835277557373 3371
1784237730843 0.13792164623737335 3372
1784237730858 0.09592151641845703 3373
1784237730882 0.2019462138414383 3374
1784237730898 0.3970252573490143 3375
1784237730912 0.16912128031253815 3376
1784237730927 0.028347427025437355 3377
1784237730942 0.17123600840568542 3378
1784237730957 0.14554168283939362 3379
1784237730971 0.0331263542175293 3380
1784237730987 0.0060098678804934025 3381
1784237731004 0.25941795110702515 3382
1784237731019 0.10290104150772095 3383
1784237731034 0.06998350471258163 3384
1784237731049 0.041473861783742905 3385
1784237731063 0.14049206674098969 3386
1784237731078 0.1483307182788849 3387
1784237731094 0.11533521860837936 3388
1784237731109 0.15636897087097168 3389
1784237731124 0.13519875705242157 3390
1784237731140 0.4066219627857208 3391
1784237731155 0.10078726708889008 3392
1784237731171 0.20423860847949982 3393
1784237731185 0.3709447681903839 3394
1784237731199 0.3098324239253998 3395
1784237731216 0.09296385198831558 3396
1784237731230 0.0737251341342926 3397
1784237731245 0.09850754588842392 3398
1784237731260 0.19423338770866394 3399
1784237731274 0.06278283894062042 3400
1784237731289 0.11993368715047836 3401
1784237731303 0.11560119688510895 3402
1784237731318 0.059127502143383026 3403
1784237731333 0.1877562254667282 3404
1784237731347 0.402820348739624 3405
1784237731361 0.12672193348407745 3406
1784237731375 0.21924814581871033 3407
1784237731390 0.11721887439489365 3408
1784237731406 0.11893405020236969 3409
1784237731420 0.2301517128944397 3410
1784237731434 0.1205107718706131 3411
1784237731449 0.07452356815338135 3412
1784237731463 0.3950549066066742 3413
1784237731477 0.06935180723667145 3414
1784237731492 0.12086319923400879 3415
1784237731507 0.05503051355481148 3416
1784237731519 0.023856788873672485 3417
1784237731535 0.051391877233982086 3418
1784237731550 0.11799995601177216 3419
1784237731564 0.06042502820491791 3420
1784237731579 0.21616686880588531 3421
1784237731593 0.11186052113771439 3422
1784237731608 0.13267239928245544 3423
1784237731624 0.30983251333236694 3424
1784237731715 0.15744096040725708 3425
1784237731743 0.18136262893676758 3426
1784237731757 0.034813378006219864 3427
1784237731771 0.5637050271034241 3428
1784237731785 0.2735726833343506 3429
1784237731801 0.19255520403385162 3430
1784237731816 0.16742604970932007 3431
1784237731831 0.055524617433547974 3432
1784237731846 0.019504141062498093 3433
1784237731861 0.23282280564308167 3434
1784237731875 0.24392233788967133 3435
1784237731891 0.3541339337825775 3436
1784237731907 0.3597274422645569 3437
1784237731922 0.047678813338279724 3438
1784237731937 0.2275548130273819 3439
1784237731953 0.08400395512580872 3440
1784237731968 0.19412878155708313 3441
1784237731982 0.15295983850955963 3442
1784237731998 0.07182498276233673 3443
1784237732013 0.41602176427841187 3444
1784237732029 0.2344396710395813 3445
1784237732045 0.043515849858522415 3446
1784237732060 0.3117421567440033 3447
1784237732075 0.06524552404880524 3448
1784237732090 0.26156342029571533 3449
1784237732105 0.01714443601667881 3450
1784237732120 0.07474742829799652 3451
1784237732135 0.12434752285480499 3452
1784237732149 0.2231002300977707 3453
1784237732165 0.026166372001171112 3454
1784237732180 0.014962968416512012 3455
1784237732194 0.04673600196838379 3456
1784237732208 0.07851676642894745 3457
1784237732222 0.07455549389123917 3458
1784237732240 0.06345445662736893 3459
1784237732255 0.02851116470992565 3460
1784237732270 0.057157304137945175 3461
1784237732286 0.31687068939208984 3462
1784237732302 0.10169683396816254 3463
1784237732318 0.04907141253352165 3464
1784237732335 0.18332622945308685 3465
1784237732351 0.020099196583032608 3466
1784237732366 0.059447094798088074 3467
1784237732383 0.1309284269809723 3468
1784237732399 0.02646471932530403 3469
1784237732415 0.06292447447776794 3470
1784237732430 0.208614319562912 3471
1784237732446 0.1471586674451828 3472
1784237732464 0.07273691892623901 3473
1784237732480 0.1408647894859314 3474
1784237732496 0.21537232398986816 3475
1784237732511 0.054361823946237564 3476
1784237732526 0.05112704262137413 3477
1784237732542 0.21496012806892395 3478
1784237732557 0.03012133203446865 3479
1784237732574 0.171187624335289 3480
1784237732589 0.07060122489929199 3481
1784237732604 0.05305493250489235 3482
1784237732619 0.021613532677292824 3483
1784237732635 0.20911039412021637 3484
1784237732649 0.01680797152221203 3485
1784237732665 0.03508395701646805 3486
1784237732679 0.07559580355882645 3487
1784237732694 0.191854789853096 3488
1784237732709 0.12482427805662155 3489
1784237732724 0.2763705253601074 3490
1784237732739 0.08959025889635086 3491
1784237732753 0.02172531932592392 3492
1784237732768 0.31328535079956055 3493
1784237732783 0.34575334191322327 3494
1784237732799 0.042255330830812454 3495
1784237732814 0.2241016924381256 3496
1784237732828 0.18253584206104279 3497
1784237732842 0.30835312604904175 3498
1784237732859 0.08261998742818832 3499
1784237732874 0.0215362049639225 3500
1784237732889 0.09597622603178024 3501
1784237732904 0.06762735545635223 3502
1784237732918 0.3738549053668976 3503
1784237732932 0.15511085093021393 3504
1784237732946 0.2681432068347931 3505
1784237732960 0.1562291532754898 3506
1784237732974 0.08408527821302414 3507
1784237732991 0.04249707981944084 3508
1784237733008 0.03594953566789627 3509
1784237733025 0.034967485815286636 3510
1784237733044 0.03615693002939224 3511
1784237733060 0.10997725278139114 3512
1784237733081 0.02978123165667057 3513
1784237733098 0.0864473506808281 3514
1784237733114 0.05123523622751236 3515
1784237733130 0.08541646599769592 3516
1784237733145 0.0518479160964489 3517
1784237733160 0.24002595245838165 3518
1784237733174 0.23485450446605682 3519
1784237733190 0.09831197559833527 3520
1784237733204 0.3570699691772461 3521
1784237733222 0.23783554136753082 3522
1784237733238 0.06604315340518951 3523
1784237733253 0.1985090672969818 3524
1784237733268 0.2690424621105194 3525
1784237733283 0.11671751737594604 3526
1784237733297 0.11473309248685837 3527
1784237733310 0.011370856314897537 3528
1784237733326 0.2922930419445038 3529
1784237733341 0.1372550129890442 3530
1784237733356 0.22090600430965424 3531
1784237733370 0.06193918734788895 3532
1784237733384 0.36802342534065247 3533
1784237733399 0.05936068296432495 3534
1784237733414 0.14842313528060913 3535
1784237733430 0.13617415726184845 3536
1784237733445 0.03363822400569916 3537
1784237733459 0.15653155744075775 3538
1784237733473 0.15522828698158264 3539
1784237733489 0.02647644281387329 3540
1784237733503 0.06031941622495651 3541
1784237733518 0.1311320662498474 3542
1784237733534 0.02475675940513611 3543
1784237733548 0.19995902478694916 3544
1784237733563 0.048206936568021774 3545
1784237733576 0.18544873595237732 3546
1784237733591 0.06593314558267593 3547
1784237733606 0.07377848774194717 3548
1784237733620 0.08939854800701141 3549
1784237733635 0.06073017045855522 3550
1784237733649 0.012554850429296494 3551
1784237733663 0.3045540153980255 3552
1784237733677 0.22056052088737488 3553
1784237733692 0.12381689250469208 3554
1784237733707 0.03639071062207222 3555
1784237733722 0.12464573979377747 3556
1784237733736 0.08640512824058533 3557
1784237733751 0.0696234181523323 3558
1784237733765 0.12114514410495758 3559
1784237733780 0.08635993301868439 3560
1784237733794 0.3309873044490814 3561
1784237733809 0.2551218271255493 3562
1784237733825 0.4210032820701599 3563
1784237733839 0.023316271603107452 3564
1784237733853 0.15379752218723297 3565
1784237733867 0.06537482887506485 3566
1784237733898 0.2387109398841858 3567
1784237733915 0.17727527022361755 3568
1784237733929 0.23085170984268188 3569
1784237733944 0.048835717141628265 3570
1784237733959 0.09158521890640259 3571
1784237733974 0.05235818773508072 3572
1784237733989 0.019801432266831398 3573
1784237734004 0.12219302356243134 3574
1784237734017 0.027771785855293274 3575
1784237734032 0.17647325992584229 3576
1784237734047 0.09993069618940353 3577
1784237734062 0.14601130783557892 3578
1784237734076 0.07392184436321259 3579
1784237734092 0.04910038411617279 3580
1784237734106 0.02672858163714409 3581
1784237734121 0.11727476119995117 3582
1784237734135 0.01704728603363037 3583
1784237734151 0.047725483775138855 3584
1784237734164 0.08816186338663101 3585
1784237734179 0.05550720542669296 3586
1784237734194 0.15583837032318115 3587
1784237734207 0.06499610096216202 3588
1784237734219 0.010527482256293297 3589
1784237734233 0.1560893952846527 3590
1784237734248 0.019149407744407654 3591
1784237734262 0.10101933777332306 3592
1784237734276 0.19015945494174957 3593
1784237734292 0.1936531513929367 3594
1784237734307 0.0876518189907074 3595
1784237734323 0.1401621699333191 3596
1784237734338 0.07438486069440842 3597
1784237734354 0.06737997382879257 3598
1784237734368 0.0785934254527092 3599
1784237734383 0.11472849547863007 3600
1784237734397 0.08667917549610138 3601
1784237734412 0.14875410497188568 3602
1784237734427 0.07637298107147217 3603
1784237734441 0.11131714284420013 3604
1784237734456 0.029618065804243088 3605
1784237734470 0.156019389629364 3606
1784237734482 0.04540366306900978 3607
1784237734498 0.12842217087745667 3608
1784237734513 0.17157211899757385 3609
1784237734527 0.0169881209731102 3610
1784237734542 0.5390200614929199 3611
1784237734555 0.048800744116306305 3612
1784237734567 0.3714362382888794 3613
1784237734581 0.12519200146198273 3614
1784237734597 0.036856282502412796 3615
1784237734611 0.009804523549973965 3616
1784237734624 0.09387876838445663 3617
1784237734637 0.033149201422929764 3618
1784237734653 0.2664131820201874 3619
1784237734668 0.038078423589468 3620
1784237734682 0.17105092108249664 3621
1784237734697 0.18790696561336517 3622
1784237734712 0.3355964720249176 3623
1784237734728 0.16997994482517242 3624
1784237734743 0.09847414493560791 3625
1784237734758 0.12638728320598602 3626
1784237734772 0.41006532311439514 3627
1784237734787 0.0961662009358406 3628
1784237734802 0.04637380316853523 3629
1784237734817 0.09114914387464523 3630
1784237734832 0.07349216938018799 3631
1784237734847 0.01163703203201294 3632
1784237734861 0.09478273242712021 3633
1784237734876 0.03236193209886551 3634
1784237734891 0.07896235585212708 3635
1784237734908 0.31652459502220154 3636
1784237734922 0.36095431447029114 3637
1784237734936 0.04254255071282387 3638
1784237734951 0.12230022251605988 3639
1784237734964 0.06949891149997711 3640
1784237734979 0.04096698760986328 3641
1784237734992 0.1920812427997589 3642
1784237735007 0.1688302904367447 3643
1784237735022 0.3869657814502716 3644
1784237735036 0.06359662860631943 3645
1784237735050 0.09707065671682358 3646
1784237735066 0.054717883467674255 3647
1784237735081 0.03864813968539238 3648
1784237735095 0.04861485958099365 3649
1784237735110 0.08555248379707336 3650
1784237735125 0.04514995217323303 3651
1784237735141 0.04346919432282448 3652
1784237735157 0.0750645324587822 3653
1784237735171 0.04544542729854584 3654
1784237735185 0.14056740701198578 3655
1784237735203 0.046545326709747314 3656
1784237735219 0.1263960301876068 3657
1784237735240 0.018029939383268356 3658
1784237735258 0.07050802558660507 3659
1784237735277 0.20571142435073853 3660
1784237735297 0.014945805072784424 3661
1784237735317 0.16093556582927704 3662
1784237735332 0.11779472976922989 3663
1784237735348 0.10461824387311935 3664
1784237735366 0.36204469203948975 3665
1784237735382 0.07256084680557251 3666
1784237735397 0.3539424538612366 3667
1784237735413 0.01818123832345009 3668
1784237735427 0.05694834515452385 3669
1784237735443 0.09338974207639694 3670
1784237735459 0.11080233752727509 3671
1784237735476 0.14834626019001007 3672
1784237735493 0.13757097721099854 3673
1784237735511 0.043878182768821716 3674
1784237735527 0.11489909142255783 3675
1784237735543 0.04488036409020424 3676
1784237735559 0.04682205244898796 3677
1784237735577 0.02713603712618351 3678
1784237735594 0.11944624781608582 3679
1784237735610 0.15704946219921112 3680
1784237735626 0.08131220936775208 3681
1784237735642 0.0719844251871109 3682
1784237735658 0.107894167304039 3683
1784237735673 0.19148410856723785 3684
1784237735688 0.11715906113386154 3685
1784237735703 0.0710468515753746 3686
1784237735718 0.2558397054672241 3687
1784237735733 0.12907880544662476 3688
1784237735749 0.16279055178165436 3689
1784237735763 0.05680115520954132 3690
1784237735778 0.0590294748544693 3691
1784237735792 0.015257129445672035 3692
1784237735808 0.024361804127693176 3693
1784237735823 0.08232855796813965 3694
1784237735839 0.0528506264090538 3695
1784237735854 0.08629068732261658 3696
1784237735869 0.009775574319064617 3697
1784237735884 0.0807553306221962 3698
1784237735899 0.18085472285747528 3699
1784237735914 0.10822431743144989 3700
1784237735929 0.03260082006454468 3701
1784237735944 0.1256493180990219 3702
1784237735959 0.0905935987830162 3703
1784237735972 0.37871089577674866 3704
1784237735988 0.06960728019475937 3705
1784237736000 0.041116416454315186 3706
1784237736012 0.1008816659450531 3707
1784237736028 0.03477323427796364 3708
1784237736042 0.03152843192219734 3709
1784237736056 0.07378898561000824 3710
1784237736073 0.028469230979681015 3711
1784237736087 0.0826965868473053 3712
1784237736103 0.027496585622429848 3713
1784237736117 0.059832196682691574 3714
1784237736133 0.02971329540014267 3715
1784237736148 0.060085754841566086 3716
1784237736163 0.09149884432554245 3717
1784237736176 0.1809316873550415 3718
1784237736192 0.01836731843650341 3719
1784237736207 0.37277093529701233 3720
1784237736222 0.013174529187381268 3721
1784237736235 0.02547835372388363 3722
1784237736251 0.05695787072181702 3723
1784237736265 0.036755770444869995 3724
1784237736279 0.03892086073756218 3725
1784237736294 0.039312608540058136 3726
1784237736308 0.021900055930018425 3727
1784237736323 0.09676732867956161 3728
1784237736338 0.05110657215118408 3729
1784237736353 0.0632401779294014 3730
1784237736367 0.2251455932855606 3731
1784237736381 0.2717834711074829 3732
1784237736395 0.07423439621925354 3733
1784237736410 0.05297272279858589 3734
1784237736425 0.05200810357928276 3735
1784237736440 0.08021646738052368 3736
1784237736454 0.0637168139219284 3737
1784237736467 0.5064796209335327 3738
1784237736483 0.24931573867797852 3739
1784237736498 0.10002513974905014 3740
1784237736513 0.24444372951984406 3741
1784237736531 0.05595017224550247 3742
1784237736545 0.01568719558417797 3743
1784237736557 0.3786933720111847 3744
1784237736573 0.20125828683376312 3745
1784237736586 0.03123096004128456 3746
1784237736599 0.020601224154233932 3747
1784237736614 0.1453225314617157 3748
1784237736629 0.35576269030570984 3749
1784237738015 0.04578454792499542 3750
1784237738038 0.03481263294816017 3751
1784237738059 0.03204028308391571 3752
1784237738077 0.353300541639328 3753
1784237738093 0.0662895068526268 3754
1784237738113 0.22000469267368317 3755
1784237738130 0.031007494777441025 3756
1784237738147 0.05395469442009926 3757
1784237738166 0.12733227014541626 3758
1784237738184 0.06917889416217804 3759
1784237738200 0.18347731232643127 3760
1784237738216 0.310207724571228 3761
1784237738232 0.18743263185024261 3762
1784237738247 0.04438186436891556 3763
1784237738261 0.08333086967468262 3764
1784237738278 0.4365405738353729 3765
1784237738294 0.09788922220468521 3766
1784237738312 0.18947069346904755 3767
1784237738327 0.0156968142837286 3768
1784237738343 0.12555144727230072 3769
1784237738358 0.07404113560914993 3770
1784237738373 0.2241225391626358 3771
1784237738389 0.2842392325401306 3772
1784237738403 0.11894898116588593 3773
1784237738419 0.14667309820652008 3774
1784237738433 0.015058101154863834 3775
1784237738449 0.07536458969116211 3776
1784237738463 0.136290043592453 3777
1784237738478 0.015453159809112549 3778
1784237738495 0.15844713151454926 3779
1784237738511 0.1522872895002365 3780
1784237738524 0.05136028677225113 3781
1784237738539 0.021835533902049065 3782
1784237738555 0.16366861760616302 3783
1784237738570 0.273869127035141 3784
1784237738583 0.11588530987501144 3785
1784237738599 0.2673158347606659 3786
1784237738613 0.08386316150426865 3787
1784237738628 0.04305025190114975 3788
1784237738641 0.250982403755188 3789
1784237738656 0.16841132938861847 3790
1784237738672 0.11584226787090302 3791
1784237738686 0.09210522472858429 3792
1784237738700 0.16662567853927612 3793
1784237738714 0.03939082846045494 3794
1784237738729 0.24836982786655426 3795
1784237738745 0.42885199189186096 3796
1784237738761 0.026954814791679382 3797
1784237738775 0.23415394127368927 3798
1784237738790 0.08845552802085876 3799
1784237738806 0.1182798445224762 3800
1784237738822 0.1738019436597824 3801
1784237738837 0.25549936294555664 3802
1784237738850 0.029374392703175545 3803
1784237738864 0.10372614860534668 3804
1784237738878 0.03993003070354462 3805
1784237738892 0.06927086412906647 3806
1784237738907 0.430782288312912 3807
1784237738922 0.19138509035110474 3808
1784237738937 0.3843405842781067 3809
1784237738950 0.012816781178116798 3810
1784237738964 0.07861051708459854 3811
1784237738979 0.20112206041812897 3812
1784237738994 0.07496393471956253 3813
1784237739010 0.21711987257003784 3814
1784237739025 0.02960350550711155 3815
1784237739040 0.0221916101872921 3816
1784237739054 0.4289197027683258 3817
1784237739071 0.11880868673324585 3818
1784237739086 0.2049599140882492 3819
1784237739100 0.14467956125736237 3820
1784237739113 0.025767646729946136 3821
1784237739128 0.1657402366399765 3822
1784237739143 0.11609410494565964 3823
1784237739156 0.12139114737510681 3824
1784237739169 0.04273005947470665 3825
1784237739183 0.25362616777420044 3826
1784237739198 0.07285187393426895 3827
1784237739213 0.2583093047142029 3828
1784237739228 0.04248366504907608 3829
1784237739242 0.02677096053957939 3830
1784237739258 0.06430299580097198 3831
1784237739273 0.3655994236469269 3832
1784237739289 0.09072624891996384 3833
1784237739306 0.14836177229881287 3834
1784237739323 0.03992314264178276 3835
1784237739339 0.09900807589292526 3836
1784237739355 0.09488159418106079 3837
1784237739369 0.2227635532617569 3838
1784237739385 0.1029839739203453 3839
1784237739401 0.04708937183022499 3840
1784237739417 0.011962896212935448 3841
1784237739433 0.009105321951210499 3842
1784237739448 0.07361946254968643 3843
1784237739463 0.006866709794849157 3844
1784237739478 0.044536713510751724 3845
1784237739494 0.04969833418726921 3846
1784237739512 0.1358383744955063 3847
1784237739528 0.02250639908015728 3848
1784237739544 0.09137296676635742 3849
1784237739560 0.06755050271749496 3850
1784237739577 0.10485323518514633 3851
1784237739593 0.0788532942533493 3852
1784237739609 0.1726761907339096 3853
1784237739624 0.1809571087360382 3854
1784237739642 0.2701364755630493 3855
1784237739658 0.10560626536607742 3856
1784237739674 0.038400985300540924 3857
1784237739692 0.02419711835682392 3858
1784237739709 0.14893096685409546 3859
1784237739728 0.14254197478294373 3860
1784237739743 0.32647743821144104 3861
1784237739761 0.21237364411354065 3862
1784237739779 0.010361985303461552 3863
1784237739796 0.07676413655281067 3864
1784237739812 0.021055471152067184 3865
1784237739827 0.1419667750597 3866
1784237739844 0.055606942623853683 3867
1784237739859 0.0481998547911644 3868
1784237739875 0.0787995457649231 3869
1784237739890 0.13138267397880554 3870
1784237739908 0.08822585642337799 3871
1784237739924 0.115887850522995 3872
1784237739938 0.09019768238067627 3873
1784237739952 0.24642089009284973 3874
1784237739966 0.2524162828922272 3875
1784237739981 0.03486298397183418 3876
1784237739996 0.06731493771076202 3877
1784237740011 0.06009484454989433 3878
1784237740026 0.013541147112846375 3879
1784237740039 0.13900397717952728 3880
1784237740053 0.056553859263658524 3881
1784237740067 0.10377476364374161 3882
1784237740084 0.12671233713626862 3883
1784237740098 0.010565424337983131 3884
1784237740114 0.20362238585948944 3885
1784237740129 0.0540754571557045 3886
1784237740145 0.2153041809797287 3887
1784237740159 0.13255560398101807 3888
1784237740174 0.07866188138723373 3889
1784237740190 0.09811911731958389 3890
1784237740205 0.24427086114883423 3891
1784237740221 0.0202183835208416 3892
1784237740236 0.08181525021791458 3893
1784237740252 0.24513037502765656 3894
1784237740266 0.02789910137653351 3895
1784237740281 0.1323036551475525 3896
1784237740296 0.02391769550740719 3897
1784237740311 0.20641836524009705 3898
1784237740325 0.17127589881420135 3899
1784237740340 0.11749658733606339 3900
1784237740355 0.04880750551819801 3901
1784237740367 0.03298916667699814 3902
1784237740382 0.045597296208143234 3903
1784237740398 0.042024675756692886 3904
1784237740413 0.21096694469451904 3905
1784237740428 0.11003963649272919 3906
1784237740442 0.09141430258750916 3907
1784237740455 0.03923702612519264 3908
1784237740470 0.1781248301267624 3909
1784237740485 0.06194576621055603 3910
1784237740501 0.09787967801094055 3911
1784237740516 0.09601651877164841 3912
1784237740529 0.30378973484039307 3913
1784237740543 0.05818580090999603 3914
1784237740558 0.06411021202802658 3915
1784237740572 0.11995981633663177 3916
1784237740587 0.037825215607881546 3917
1784237740602 0.019302763044834137 3918
1784237740614 0.0781935453414917 3919
1784237740629 0.03731323033571243 3920
1784237740644 0.04705309495329857 3921
1784237740658 0.16499117016792297 3922
1784237740671 0.025942938402295113 3923
1784237740685 0.1269175410270691 3924
1784237740700 0.06643186509609222 3925
1784237740715 0.0823175311088562 3926
1784237740730 0.05248729884624481 3927
1784237740745 0.05990104377269745 3928
1784237740759 0.051798321306705475 3929
1784237740774 0.030163705348968506 3930
1784237740789 0.07240591943264008 3931
1784237740804 0.05339248478412628 3932
1784237740817 0.24475370347499847 3933
1784237740833 0.04152672737836838 3934
1784237740849 0.04868513345718384 3935
1784237740862 0.08277301490306854 3936
1784237740876 0.03922553360462189 3937
1784237740892 0.04271665960550308 3938
1784237740907 0.15655311942100525 3939
1784237740922 0.07904046773910522 3940
1784237740937 0.33844125270843506 3941
1784237740951 0.050352368503808975 3942
1784237740965 0.05490250512957573 3943
1784237740981 0.059508681297302246 3944
1784237740995 0.21046169102191925 3945
1784237741010 0.1793828159570694 3946
1784237741023 0.24362152814865112 3947
1784237741038 0.06372395902872086 3948
1784237741052 0.10972688347101212 3949
1784237741065 0.2229858785867691 3950
1784237741080 0.25612080097198486 3951
1784237741169 0.06368959695100784 3952
1784237741198 0.06426068395376205 3953
1784237741213 0.046236369758844376 3954
1784237741229 0.0946027934551239 3955
1784237741242 0.09931256622076035 3956
1784237741257 0.03997313231229782 3957
1784237741270 0.38577133417129517 3958
1784237741286 0.14662790298461914 3959
1784237741299 0.037408266216516495 3960
1784237741315 0.18636454641819 3961
1784237741330 0.07376471906900406 3962
1784237741345 0.024068709462881088 3963
1784237741360 0.08229607343673706 3964
1784237741376 0.0877653956413269 3965
1784237741390 0.053840864449739456 3966
1784237741405 0.038698188960552216 3967
1784237741421 0.011428737081587315 3968
1784237741435 0.15376810729503632 3969
1784237741448 0.10382893681526184 3970
1784237741463 0.16618148982524872 3971
1784237741477 0.0741298571228981 3972
1784237741491 0.06587748974561691 3973
1784237741505 0.07750017940998077 3974
1784237741520 0.02957717888057232 3975
1784237741532 0.026637930423021317 3976
1784237741545 0.2289866805076599 3977
1784237741558 0.01831706613302231 3978
1784237741572 0.24430127441883087 3979
1784237741588 0.05216006562113762 3980
1784237741604 0.1293218731880188 3981
1784237741619 0.022418256849050522 3982
1784237741633 0.0315159447491169 3983
1784237741647 0.2684858739376068 3984
1784237741662 0.15654169023036957 3985
1784237741677 0.06768537312746048 3986
1784237741692 0.03304234892129898 3987
1784237741707 0.0740579143166542 3988
1784237741722 0.05793381854891777 3989
1784237741738 0.09374696016311646 3990
1784237741752 0.030278166756033897 3991
1784237741766 0.05025462433695793 3992
1784237741780 0.011968584731221199 3993
1784237741795 0.11065621674060822 3994
1784237741810 0.034240737557411194 3995
1784237741824 0.025565505027770996 3996
1784237741839 0.0875164121389389 3997
1784237741853 0.10420218855142593 3998
1784237741867 0.17491887509822845 3999
1784237741881 0.20037966966629028 4000
1784237741896 0.019016453996300697 4001
1784237741910 0.015308590605854988 4002
1784237741936 0.15646129846572876 4003
1784237741956 0.17635288834571838 4004
1784237741972 0.06143232062458992 4005
1784237741989 0.23436814546585083 4006
1784237742006 0.1661365032196045 4007
1784237742022 0.022382117807865143 4008
1784237742038 0.12433747202157974 4009
1784237742051 0.6276775002479553 4010
1784237742064 0.15627528727054596 4011
1784237742080 0.3619876503944397 4012
1784237742094 0.07412545382976532 4013
1784237742110 0.2750118672847748 4014
1784237742124 0.06822601705789566 4015
1784237742139 0.06088559702038765 4016
1784237742156 0.09265843033790588 4017
1784237742170 0.18025799095630646 4018
1784237742183 0.1006387248635292 4019
1784237742201 0.1420494168996811 4020
1784237742215 0.2727314233779907 4021
1784237742231 0.03676591441035271 4022
1784237742249 0.038328032940626144 4023
1784237742265 0.07242301851511002 4024
1784237742281 0.02311122417449951 4025
1784237742297 0.12161500006914139 4026
1784237742314 0.24065089225769043 4027
1784237742330 0.18161457777023315 4028
1784237742346 0.13807450234889984 4029
1784237742362 0.17612047493457794 4030
1784237742378 0.08485164493322372 4031
1784237742394 0.22708065807819366 4032
1784237742408 0.13775207102298737 4033
1784237742425 0.11566891521215439 4034
1784237742441 0.26696985960006714 4035
1784237742456 0.08122638612985611 4036
1784237742473 0.05213245749473572 4037
1784237742489 0.19070857763290405 4038
1784237742505 0.06274612247943878 4039
1784237742522 0.05733737349510193 4040
1784237742538 0.0686449259519577 4041
1784237742553 0.10674583166837692 4042
1784237742570 0.07980343699455261 4043
1784237742587 0.043195538222789764 4044
1784237742603 0.2950391173362732 4045
1784237742620 0.051796261221170425 4046
1784237742636 0.22984221577644348 4047
1784237742652 0.2940545976161957 4048
1784237742667 0.08707117289304733 4049
1784237742686 0.15026505291461945 4050
1784237742701 0.19735103845596313 4051
1784237742717 0.24478869140148163 4052
1784237742732 0.04692361131310463 4053
1784237742746 0.01733088120818138 4054
1784237742758 0.2246757447719574 4055
1784237742773 0.08895652741193771 4056
1784237742789 0.291063129901886 4057
1784237742803 0.23654381930828094 4058
1784237742818 0.07917095720767975 4059
1784237742835 0.1034729927778244 4060
1784237742849 0.05584411695599556 4061
1784237742863 0.31428262591362 4062
1784237742878 0.25128328800201416 4063
1784237742891 0.07776647061109543 4064
1784237742908 0.0955786257982254 4065
1784237742922 0.06806158274412155 4066
1784237742938 0.4418559968471527 4067
1784237742953 0.04658431559801102 4068
1784237742968 0.05913001671433449 4069
1784237742982 0.1701713353395462 4070
1784237742998 0.03666568174958229 4071
1784237743013 0.06641100347042084 4072
1784237743029 0.1471678912639618 4073
1784237743042 0.025342170149087906 4074
1784237743056 0.33270639181137085 4075
1784237743071 0.061622727662324905 4076
1784237743084 0.23713946342468262 4077
1784237743097 0.10002743452787399 4078
1784237743112 0.06852613389492035 4079
1784237743128 0.07462786138057709 4080
1784237743143 0.2067708522081375 4081
1784237743157 0.02325490489602089 4082
1784237743170 0.2446517050266266 4083
1784237743185 0.014489727094769478 4084
1784237743199 0.029668565839529037 4085
1784237743215 0.1274280846118927 4086
1784237743230 0.12300261855125427 4087
1784237743245 0.03253559768199921 4088
1784237743259 0.3263165056705475 4089
1784237743274 0.055637989193201065 4090
1784237743289 0.03821883350610733 4091
1784237743305 0.15116968750953674 4092
1784237743320 0.1380571722984314 4093
1784237743334 0.03641481697559357 4094
1784237743348 0.015167586505413055 4095
1784237743363 0.031665828078985214 4096
1784237743378 0.0977143794298172 4097
1784237743393 0.43920958042144775 4098
1784237743407 0.05021844431757927 4099
1784237743422 0.12003258615732193 4100
1784237743436 0.01828574389219284 4101
1784237743451 0.25955140590667725 4102
1784237743465 0.1491689682006836 4103
1784237743480 0.24140512943267822 4104
1784237743495 0.07202626019716263 4105
1784237743509 0.13723310828208923 4106
1784237743524 0.023697679862380028 4107
1784237743538 0.0957111343741417 4108
1784237743553 0.1423073559999466 4109
1784237743569 0.1513332724571228 4110
1784237743582 0.30615589022636414 4111
1784237743597 0.1287415325641632 4112
1784237743612 0.07437629997730255 4113
1784237743627 0.1586294323205948 4114
1784237743642 0.13192588090896606 4115
1784237743656 0.8563846349716187 4116
1784237743672 0.06451265513896942 4117
1784237743687 0.10528984665870667 4118
1784237743702 0.05309229716658592 4119
1784237743716 0.014246594160795212 4120
1784237743732 0.12242962419986725 4121
1784237743747 0.07879799604415894 4122
1784237743762 0.13504000008106232 4123
1784237743777 0.0854034498333931 4124
1784237743794 0.10189831256866455 4125
1784237743809 0.17039866745471954 4126
1784237743823 0.19757196307182312 4127
1784237743838 0.09509693086147308 4128
1784237743853 0.16912655532360077 4129
1784237743868 0.09775540232658386 4130
1784237743884 0.027985502034425735 4131
1784237743899 0.11651638895273209 4132
1784237743914 0.034971944987773895 4133
1784237743930 0.127815842628479 4134
1784237743945 0.07038618624210358 4135
1784237743978 0.13861992955207825 4136
1784237743994 0.04533199593424797 4137
1784237744007 0.3972218632698059 4138
1784237744021 0.012230105698108673 4139
1784237744033 0.06024317815899849 4140
1784237744047 0.28144559264183044 4141
1784237744063 0.06181763857603073 4142
1784237744077 0.3397198021411896 4143
1784237744093 0.14467084407806396 4144
1784237744109 0.029447268694639206 4145
1784237744122 0.027838706970214844 4146
1784237744138 0.022825153544545174 4147
1784237744155 0.03365297615528107 4148
1784237744174 0.30331850051879883 4149
1784237744191 0.1078450083732605 4150
1784237744209 0.02740083634853363 4151
1784237744228 0.11687668412923813 4152
1784237744243 0.282791405916214 4153
1784237744258 0.047134436666965485 4154
1784237744273 0.12985621392726898 4155
1784237744288 0.04838326945900917 4156
1784237744304 0.12372715771198273 4157
1784237744319 0.17564769089221954 4158
1784237744338 0.23226748406887054 4159
1784237744354 0.05395933613181114 4160
1784237744368 0.14149831235408783 4161
1784237744383 0.080108143389225 4162
1784237744396 0.10189154744148254 4163
1784237744411 0.22304804623126984 4164
1784237744427 0.0716644749045372 4165
1784237744441 0.241074338555336 4166
1784237744457 0.04688730463385582 4167
1784237744472 0.011724583804607391 4168
1784237744487 0.13686533272266388 4169
1784237744501 0.17891502380371094 4170
1784237744515 0.21455825865268707 4171
1784237744530 0.06027505546808243 4172
1784237744546 0.08400936424732208 4173
1784237744561 0.12258118391036987 4174
1784237744576 0.04849741980433464 4175
1784237744591 0.12987835705280304 4176
1784237744607 0.026385439559817314 4177
1784237744621 0.08957448601722717 4178
1784237744636 0.0698012113571167 4179
1784237744649 0.21469996869564056 4180
1784237744664 0.05404839664697647 4181
1784237744678 0.025933008641004562 4182
1784237744691 0.24519102275371552 4183
1784237744705 0.09438642859458923 4184
1784237744720 0.06486300379037857 4185
1784237744734 0.07511758804321289 4186
1784237744748 0.23453722894191742 4187
1784237744763 0.057158831506967545 4188
1784237744776 0.055826686322689056 4189
1784237744789 0.030663490295410156 4190
1784237744804 0.03132820129394531 4191
1784237744818 0.18953122198581696 4192
1784237744830 0.20298893749713898 4193
1784237744844 0.04463738575577736 4194
1784237744859 0.06078098714351654 4195
1784237744874 0.06540150940418243 4196
1784237744889 0.11230596899986267 4197
1784237744905 0.051753997802734375 4198
1784237744921 0.03546968474984169 4199
1784237744934 0.04724236950278282 4200
1784237744948 0.11581376940011978 4201
1784237744962 0.16537588834762573 4202
1784237744978 0.023575689643621445 4203
1784237744993 0.02506861463189125 4204
1784237745007 0.260738730430603 4205
1784237745022 0.19212263822555542 4206
1784237745036 0.06686405837535858 4207
1784237745052 0.061895325779914856 4208
1784237745068 0.026680590584874153 4209
1784237745082 0.2111104428768158 4210
1784237745096 0.06804805248975754 4211
1784237745111 0.2566801905632019 4212
1784237745125 0.010631898418068886 4213
1784237745140 0.021556347608566284 4214
1784237745154 0.01646033301949501 4215
1784237745170 0.028743764385581017 4216
1784237745186 0.061923760920763016 4217
1784237745200 0.2297048270702362 4218
1784237745214 0.04425458982586861 4219
1784237745228 0.09888948500156403 4220
1784237745243 0.02185334637761116 4221
1784237745258 0.0355447493493557 4222
1784237745276 0.07020659744739532 4223
1784237745292 0.17772196233272552 4224
1784237745308 0.18134261667728424 4225
1784237745324 0.16277381777763367 4226
1784237745338 0.023253606632351875 4227
1784237745352 0.1522531807422638 4228
1784237745371 0.05373040586709976 4229
1784237745387 0.17456485331058502 4230
1784237745402 0.22755683958530426 4231
1784237745418 0.05996060371398926 4232
1784237745432 0.10197439044713974 4233
1784237745446 0.2247217297554016 4234
1784237745461 0.09743790328502655 4235
1784237745477 0.13034407794475555 4236
1784237745492 0.07969429343938828 4237
1784237745508 0.044848378747701645 4238
1784237745524 0.05320286005735397 4239
1784237745539 0.10507290065288544 4240
1784237745556 0.06602465361356735 4241
1784237745572 0.1339828372001648 4242
1784237745589 0.07455118745565414 4243
1784237745605 0.057463183999061584 4244
1784237745621 0.030952762812376022 4245
1784237745634 0.01808241195976734 4246
1784237745647 0.04543454572558403 4247
1784237745666 0.09686119854450226 4248
1784237745682 0.17540989816188812 4249
1784237745697 0.035869814455509186 4250
1784237745711 0.04372219368815422 4251
1784237745728 0.167336568236351 4252
1784237745743 0.06620880216360092 4253
1784237745757 0.23204892873764038 4254
1784237745772 0.05633316934108734 4255
1784237745787 0.08961152285337448 4256
1784237745801 0.1244041696190834 4257
1784237745815 0.17116893827915192 4258
1784237745831 0.042392902076244354 4259
1784237745845 0.053032588213682175 4260
1784237745860 0.008201109245419502 4261
1784237745875 0.0843263566493988 4262
1784237745890 0.19792786240577698 4263
1784237745906 0.1929326057434082 4264
1784237745920 0.1317742019891739 4265
1784237745934 0.0390186570584774 4266
1784237745948 0.18428190052509308 4267
1784237745963 0.024244636297225952 4268
1784237745980 0.1481686532497406 4269
1784237745996 0.10900847613811493 4270
1784237746010 0.06296822428703308 4271
1784237746023 0.017844177782535553 4272
1784237746037 0.017876312136650085 4273
1784237746051 0.0061554801650345325 4274
1784237746064 0.022873949259519577 4275
1784237746079 0.022386334836483 4276
1784237746094 0.06789612770080566 4277
1784237746108 0.10447441041469574 4278
1784237746122 0.15317940711975098 4279
1784237746137 0.10655246675014496 4280
1784237746152 0.08384668081998825 4281
1784237746168 0.011726440861821175 4282
1784237746181 0.2682228088378906 4283
1784237746197 0.23996323347091675 4284
1784237746213 0.016229527071118355 4285
1784237746228 0.060477364808321 4286
1784237746243 0.13400006294250488 4287
1784237746257 0.23283825814723969 4288
1784237746272 0.05576981231570244 4289
1784237746286 0.046004753559827805 4290
1784237746300 0.10336511582136154 4291
1784237746313 0.09419935196638107 4292
1784237746326 0.04382647946476936 4293
1784237746341 0.09924927353858948 4294
1784237746356 0.030835963785648346 4295
1784237746373 0.09400446712970734 4296
1784237746392 0.02979435957968235 4297
1784237746411 0.06157991662621498 4298
1784237746429 0.10962111502885818 4299
1784237746446 0.06890633702278137 4300
1784237746461 0.05399996042251587 4301
1784237746477 0.006124197971075773 4302
1784237746492 0.079261913895607 4303
1784237746506 0.1393457055091858 4304
1784237746522 0.17395253479480743 4305
1784237746537 0.07451615482568741 4306
1784237746552 0.3232864737510681 4307
1784237746564 0.06889466196298599 4308
1784237746581 0.292773962020874 4309
1784237746596 0.008222374133765697 4310
1784237746611 0.12390806525945663 4311
1784237746626 0.128512442111969 4312
1784237746639 0.1356351673603058 4313
1784237746654 0.021332960575819016 4314
1784237746670 0.21549822390079498 4315
1784237746685 0.06426357477903366 4316
1784237746698 0.04690081626176834 4317
1784237746712 0.02101292833685875 4318
1784237746725 0.3551764488220215 4319
1784237746740 0.14213183522224426 4320
1784237746755 0.05279175192117691 4321
1784237746770 0.048828255385160446 4322
1784237746785 0.13280639052391052 4323
1784237746799 0.10815680027008057 4324
1784237746814 0.07977931201457977 4325
1784237746830 0.1870882511138916 4326
1784237746845 0.32225486636161804 4327
1784237746859 0.048708051443099976 4328
1784237746874 0.15792934596538544 4329
1784237746888 0.16523340344429016 4330
1784237746902 0.3339984714984894 4331
1784237746917 0.011921744793653488 4332
1784237746931 0.12361765652894974 4333
1784237746946 0.03513242304325104 4334
1784237746961 0.027668343856930733 4335
1784237746975 0.13862811028957367 4336
1784237746989 0.0512210913002491 4337
1784237747002 0.013475236482918262 4338
1784237747014 0.10586720705032349 4339
1784237747028 0.12224293500185013 4340
1784237747043 0.3084101974964142 4341
1784237747055 0.08436132967472076 4342
1784237747069 0.1701822429895401 4343
1784237747084 0.17679822444915771 4344
1784237747098 0.02512752264738083 4345
1784237747114 0.37255364656448364 4346
1784237747129 0.06549621373414993 4347
1784237747148 0.0771993026137352 4348
1784237747164 0.1085067018866539 4349
1784237747177 0.04273051396012306 4350
1784237747190 0.145332470536232 4351
1784237747205 0.17546893656253815 4352
1784237747220 0.03443985804915428 4353
1784237747236 0.1036829799413681 4354
1784237747250 0.04698474705219269 4355
1784237747265 0.17714107036590576 4356
1784237747278 0.018217969685792923 4357
1784237747293 0.0667111948132515 4358
1784237747308 0.2951066195964813 4359
1784237747324 0.03825121000409126 4360
1784237747339 0.06782463192939758 4361
1784237747354 0.06698231399059296 4362
1784237747369 0.18072086572647095 4363
1784237747384 0.43680936098098755 4364
1784237747398 0.5007031559944153 4365
1784237747414 0.16557420790195465 4366
1784237747429 0.06051680073142052 4367
1784237747444 0.014124530367553234 4368
1784237747459 0.030904630199074745 4369
1784237747474 0.09831748902797699 4370
1784237747489 0.025730250403285027 4371
1784237747502 0.12606261670589447 4372
1784237747514 0.35419362783432007 4373
1784237747529 0.05285463109612465 4374
1784237747545 0.029436953365802765 4375
1784237747559 0.14565926790237427 4376
1784237747575 0.1505061835050583 4377
1784237747589 0.04152628034353256 4378
1784237747604 0.1517200767993927 4379
1784237747618 0.1597338318824768 4380
1784237747631 0.09377524256706238 4381
1784237747645 0.060784872621297836 4382
1784237747660 0.21679259836673737 4383
1784237747674 0.16426780819892883 4384
1784237747688 0.0518333837389946 4385
1784237747702 0.011174557730555534 4386
1784237747713 0.05124947801232338 4387
1784237747729 0.18460635840892792 4388
1784237747744 0.056651968508958817 4389
1784237747758 0.34255802631378174 4390
1784237747773 0.2507825493812561 4391
1784237747787 0.03702051565051079 4392
1784237747802 0.30475103855133057 4393
1784237747816 0.006505580153316259 4394
1784237747831 0.09925492107868195 4395
1784237747847 0.18185080587863922 4396
1784237747861 0.16537322103977203 4397
1784237747875 0.13505247235298157 4398
1784237747889 0.019608959555625916 4399
1784237747904 0.05176167190074921 4400
1784237747919 0.23762574791908264 4401
1784237747932 0.03240847960114479 4402
1784237747946 0.04959925636649132 4403
1784237747960 0.11251627653837204 4404
1784237747975 0.2079312950372696 4405
1784237748000 0.2615164518356323 4406
1784237748015 0.21979472041130066 4407
1784237748030 0.0684673860669136 4408
1784237748045 0.3261100947856903 4409
1784237748060 0.01943081244826317 4410
1784237748075 0.11670570820569992 4411
1784237748088 0.2560811936855316 4412
1784237748104 0.028474316000938416 4413
1784237748119 0.14175115525722504 4414
1784237748134 0.24083596467971802 4415
1784237748148 0.13140760362148285 4416
1784237748163 0.1234288141131401 4417
1784237748178 0.16506996750831604 4418
1784237748192 0.2087666243314743 4419
1784237748205 0.06614041328430176 4420
1784237748218 0.05872294679284096 4421
1784237748230 0.034629348665475845 4422
1784237748244 0.1415674239397049 4423
1784237748259 0.10419557988643646 4424
1784237748272 0.19399432837963104 4425
1784237748288 0.163580060005188 4426
1784237748304 0.059985172003507614 4427
1784237748320 0.06513607501983643 4428
1784237748334 0.04173179715871811 4429
1784237748348 0.31452491879463196 4430
1784237748364 0.0283354502171278 4431
1784237748380 0.10553832352161407 4432
1784237748396 0.30723458528518677 4433
1784237748412 0.07557819783687592 4434
1784237748428 0.17194902896881104 4435
1784237748444 0.21493962407112122 4436
1784237748459 0.09361327439546585 4437
1784237748474 0.026492567732930183 4438
1784237748490 0.18294988572597504 4439
1784237748507 0.10484320670366287 4440
1784237748523 0.014817167073488235 4441
1784237748539 0.08346360921859741 4442
1784237748556 0.06770963221788406 4443
1784237748571 0.025712305679917336 4444
1784237748588 0.006213787477463484 4445
1784237748607 0.20531029999256134 4446
1784237748626 0.2778947353363037 4447
1784237748645 0.01034296490252018 4448
1784237748664 0.177945077419281 4449
1784237748680 0.11195866018533707 4450
1784237748697 0.08833543211221695 4451
1784237748715 0.00472838943824172 4452
1784237748733 0.06680742651224136 4453
1784237748750 0.16641123592853546 4454
1784237748767 0.11745910346508026 4455
1784237748783 0.02539706975221634 4456
1784237748799 0.05808236822485924 4457
1784237748814 0.012758402153849602 4458
1784237748830 0.028032273054122925 4459
1784237748846 0.10271398723125458 4460
1784237748860 0.07586922496557236 4461
1784237748875 0.050977300852537155 4462
1784237748890 0.10090992599725723 4463
1784237748905 0.33378931879997253 4464
1784237748920 0.040840260684490204 4465
1784237748935 0.07808320969343185 4466
1784237748951 0.04918096214532852 4467
1784237748966 0.2859981656074524 4468
1784237748981 0.03152317553758621 4469
1784237748995 0.049357037991285324 4470
1784237749011 0.05471111088991165 4471
1784237749028 0.2265828251838684 4472
1784237749042 0.053095731884241104 4473
1784237749056 0.13283643126487732 4474
1784237749070 0.09376886487007141 4475
1784237749085 0.025570988655090332 4476
1784237749098 0.16228264570236206 4477
1784237749112 0.06315097957849503 4478
1784237749127 0.05408047139644623 4479
1784237749142 0.3349042236804962 4480
1784237749156 0.027311498299241066 4481
1784237749170 0.01563539169728756 4482
1784237749182 0.09895134717226028 4483
1784237749196 0.06668676435947418 4484
1784237749211 0.14900130033493042 4485
1784237749226 0.175156831741333 4486
1784237749240 0.04561474546790123 4487
1784237749256 0.05380633845925331 4488
1784237749269 0.38414159417152405 4489
1784237749282 0.09217318147420883 4490
1784237749298 0.024972977116703987 4491
1784237749311 0.08147606253623962 4492
1784237749323 0.04657619446516037 4493
1784237749337 0.068705253303051 4494
1784237749351 0.06286746263504028 4495
1784237749365 0.08645673096179962 4496
1784237749381 0.04825234040617943 4497
1784237749397 0.24404548108577728 4498
1784237749413 0.22430312633514404 4499
1784237749426 0.0465233288705349 4500
1784237749440 0.03509635478258133 4501
1784237749455 0.027743859216570854 4502
1784237749470 0.13535597920417786 4503
1784237749485 0.015120349824428558 4504
1784237749501 0.05197112634778023 4505
1784237749513 0.11171619594097137 4506
1784237749527 0.025618668645620346 4507
1784237749540 0.11850008368492126 4508
1784237749555 0.2709537446498871 4509
1784237749569 0.13278917968273163 4510
1784237749584 0.4949708580970764 4511
1784237749599 0.23155972361564636 4512
1784237749614 0.04115093871951103 4513
1784237749629 0.23832820355892181 4514
1784237749644 0.005240172613412142 4515
1784237749659 0.01818310283124447 4516
1784237749673 0.052973732352256775 4517
1784237749689 0.09453059732913971 4518
1784237749704 0.21736405789852142 4519
1784237749719 0.013638991862535477 4520
1784237749734 0.020892433822155 4521
1784237749748 0.04383918642997742 4522
1784237749765 0.12114912271499634 4523
1784237749779 0.0677642747759819 4524
1784237749794 0.035299479961395264 4525
1784237749809 0.0748291164636612 4526
1784237749824 0.19379200041294098 4527
1784237749839 0.14045801758766174 4528
1784237749854 0.0478791818022728 4529
1784237749868 0.022257627919316292 4530
1784237749882 0.028256554156541824 4531
1784237749895 0.44175243377685547 4532
1784237749908 0.09760555624961853 4533
1784237749922 0.013862593099474907 4534
1784237749937 0.03731876239180565 4535
1784237749951 0.030888069421052933 4536
1784237749964 0.0872216522693634 4537
1784237749979 0.020136628299951553 4538
1784237749993 0.032199762761592865 4539
1784237750006 0.16671787202358246 4540
1784237750021 0.22999164462089539 4541
1784237750036 0.04381117597222328 4542
1784237750049 0.03768315538764 4543
1784237750063 0.024449603632092476 4544
1784237750077 0.03187749907374382 4545
1784237750092 0.24206110835075378 4546
1784237750107 0.08066406846046448 4547
1784237750122 0.1776510328054428 4548
1784237750137 0.2159695029258728 4549
1784237750151 0.02816702052950859 4550
1784237750166 0.0779433399438858 4551
1784237750180 0.050679489970207214 4552
1784237750194 0.0406319722533226 4553
1784237750208 0.06956223398447037 4554
1784237750223 0.21620729565620422 4555
1784237750238 0.03437779098749161 4556
1784237750253 0.02171400561928749 4557
1784237750268 0.011759289540350437 4558
1784237750283 0.020755678415298462 4559
1784237750297 0.02535349875688553 4560
1784237750312 0.05123347043991089 4561
1784237750326 0.03301743417978287 4562
1784237750341 0.150211364030838 4563
1784237750355 0.14182519912719727 4564
1784237750371 0.15712235867977142 4565
1784237750387 0.08359719812870026 4566
1784237750402 0.03530823066830635 4567
1784237750417 0.08222813904285431 4568
1784237750431 0.0401427298784256 4569
1784237750445 0.029059572145342827 4570
1784237750460 0.046832919120788574 4571
1784237750475 0.08353710919618607 4572
1784237750491 0.022954758256673813 4573
1784237750506 0.09636882692575455 4574
1784237750521 0.15977822244167328 4575
1784237750535 0.03517020121216774 4576
1784237750549 0.04091445729136467 4577
1784237750563 0.08344021439552307 4578
1784237750578 0.3057647943496704 4579
1784237750592 0.01237205695360899 4580
1784237750605 0.04541035741567612 4581
1784237750620 0.05249584838747978 4582
1784237750634 0.041514746844768524 4583
1784237750648 0.10138320177793503 4584
1784237750664 0.03849678114056587 4585
1784237750679 0.05734746903181076 4586
1784237750694 0.04405267909169197 4587
1784237750710 0.03986690938472748 4588
1784237750725 0.04314851388335228 4589
1784237750739 0.010785287246108055 4590
1784237750754 0.08710256963968277 4591
1784237750772 0.03604228422045708 4592
1784237750788 0.16914206743240356 4593
1784237750802 0.07381131500005722 4594
1784237750817 0.1543353796005249 4595
1784237750831 0.1525319218635559 4596
1784237750847 0.10987505316734314 4597
1784237750863 0.07188700884580612 4598
1784237750885 0.14576059579849243 4599
1784237750905 0.040857553482055664 4600
1784237750922 0.1775577962398529 4601
1784237750939 0.1523139625787735 4602
1784237750956 0.04178279638290405 4603
1784237750971 0.1920417696237564 4604
1784237750987 0.080656036734581 4605
1784237751004 0.08235199749469757 4606
1784237751017 0.17133210599422455 4607
1784237751030 0.20584426820278168 4608
1784237751055 0.04589013382792473 4609
1784237751071 0.11431272327899933 4610
1784237751086 0.06780537962913513 4611
1784237751100 0.048086367547512054 4612
1784237751114 0.2267231047153473 4613
1784237751129 0.04347246140241623 4614
1784237751144 0.2538197636604309 4615
1784237751159 0.03634665533900261 4616
1784237751172 0.10191277414560318 4617
1784237751187 0.19204004108905792 4618
1784237751203 0.04235932230949402 4619
1784237751220 0.061911698430776596 4620
1784237751234 0.09531578421592712 4621
1784237751248 0.16051945090293884 4622
1784237751263 0.14443691074848175 4623
1784237751277 0.12121995538473129 4624
1784237751292 0.13138434290885925 4625
1784237751307 0.06695926189422607 4626
1784237751322 0.04909650236368179 4627
1784237751337 0.18336418271064758 4628
1784237751352 0.12416595965623856 4629
1784237751365 0.15328145027160645 4630
1784237751381 0.038885634392499924 4631
1784237751397 0.23206613957881927 4632
1784237751412 0.13582506775856018 4633
1784237751430 0.05589042231440544 4634
1784237751446 0.07242245972156525 4635
1784237751461 0.024492017924785614 4636
1784237751478 0.06519165635108948 4637
1784237751495 0.2488270252943039 4638
1784237751510 0.0803196132183075 4639
1784237751526 0.08840351551771164 4640
1784237751546 0.1458950638771057 4641
1784237751562 0.10176973789930344 4642
1784237751578 0.14826658368110657 4643
1784237751596 0.03224397078156471 4644
1784237751613 0.013360649347305298 4645
1784237751630 0.08587853610515594 4646
1784237751646 0.03924667462706566 4647
1784237751662 0.047047585248947144 4648
1784237751678 0.05146658420562744 4649
1784237751698 0.23443758487701416 4650
1784237751715 0.0962897390127182 4651
1784237751733 0.2475968897342682 4652
1784237751750 0.01849944144487381 4653
1784237751768 0.01242808811366558 4654
1784237751783 0.02447190321981907 4655
1784237751799 0.05438860133290291 4656
1784237751815 0.26552143692970276 4657
1784237751830 0.042311519384384155 4658
1784237751846 0.34398171305656433 4659
1784237751861 0.036142099648714066 4660
1784237751874 0.044169288128614426 4661
1784237751889 0.23001475632190704 4662
1784237751903 0.048895422369241714 4663
1784237751918 0.07313431054353714 4664
1784237751934 0.03450998291373253 4665
1784237751949 0.11560077220201492 4666
1784237751963 0.09148848801851273 4667
1784237751978 0.23256155848503113 4668
1784237751994 0.1289406567811966 4669
1784237752008 0.031048692762851715 4670
1784237752023 0.004444665741175413 4671
1784237752039 0.20507946610450745 4672
1784237752054 0.018459446728229523 4673
1784237752071 0.18088260293006897 4674
1784237752085 0.2145383208990097 4675
1784237752102 0.13666941225528717 4676
1784237752118 0.04706309735774994 4677
1784237752132 0.09142857789993286 4678
1784237752146 0.2778462767601013 4679
1784237752160 0.027526458725333214 4680
1784237752175 0.1810852289199829 4681
1784237752189 0.023443877696990967 4682
1784237752203 0.09151706844568253 4683
1784237752217 0.17455047369003296 4684
1784237752231 0.46694669127464294 4685
1784237752246 0.05440138652920723 4686
1784237752261 0.027837267145514488 4687
1784237752275 0.017244303598999977 4688
1784237752290 0.0874735414981842 4689
1784237752306 0.04278583452105522 4690
1784237752321 0.05443277955055237 4691
1784237752336 0.0523286871612072 4692
1784237752350 0.29716822504997253 4693
1784237752365 0.07181250303983688 4694
1784237752380 0.2485969364643097 4695
1784237752394 0.038238976150751114 4696
1784237752409 0.009783541783690453 4697
1784237752424 0.2712450623512268 4698
1784237752438 0.12160053104162216 4699
1784237752453 0.16694529354572296 4700
1784237752468 0.1107085719704628 4701
1784237752480 0.2321246862411499 4702
1784237752496 0.08376254886388779 4703
1784237752509 0.12851189076900482 4704
1784237752524 0.10151438415050507 4705
1784237752539 0.027373390272259712 4706
1784237752554 0.08415408432483673 4707
1784237752570 0.12138952314853668 4708
1784237752585 0.10750643908977509 4709
1784237752600 0.14144064486026764 4710
1784237752614 0.06395057588815689 4711
1784237752629 0.21625450253486633 4712
1784237752644 0.08846218138933182 4713
1784237752659 0.375662237405777 4714
1784237752674 0.07431995868682861 4715
1784237752689 0.1706569343805313 4716
1784237752703 0.2452724725008011 4717
1784237752718 0.29122257232666016 4718
1784237752730 0.03657761216163635 4719
1784237752743 0.1209968850016594 4720
1784237752759 0.04786314442753792 4721
1784237752776 0.03591397404670715 4722
1784237752789 0.0735260546207428 4723
1784237752802 0.03801176697015762 4724
1784237752817 0.3463616371154785 4725
1784237752831 0.10361083596944809 4726
1784237752846 0.4318855404853821 4727
1784237752860 0.059733565896749496 4728
1784237752876 0.02659529075026512 4729
1784237752890 0.18744850158691406 4730
1784237752906 0.031868916004896164 4731
1784237752919 0.24458365142345428 4732
1784237752932 0.064771369099617 4733
1784237752944 0.09588125348091125 4734
1784237753032 0.037301454693078995 4735
1784237753058 0.10160192102193832 4736
1784237753076 0.19913771748542786 4737
1784237753116 0.09455905109643936 4738
1784237753134 0.08542470633983612 4739
1784237753153 0.3441672623157501 4740
1784237753170 0.2058820128440857 4741
1784237753184 0.052926819771528244 4742
1784237753197 0.039452239871025085 4743
1784237753212 0.13059388101100922 4744
1784237753225 0.21612128615379333 4745
1784237753238 0.04598876088857651 4746
1784237753253 0.15911442041397095 4747
1784237753269 0.042875949293375015 4748
1784237753286 0.10276002436876297 4749
1784237753302 0.4656462073326111 4750
1784237753317 0.075864776968956 4751
1784237753332 0.035226885229349136 4752
1784237753347 0.03388671204447746 4753
1784237753363 0.02605559304356575 4754
1784237753376 0.02826920710504055 4755
1784237753390 0.02785841003060341 4756
1784237753404 0.09143267571926117 4757
1784237753420 0.05981291085481644 4758
1784237753435 0.06634080410003662 4759
1784237753454 0.1528722047805786 4760
1784237753469 0.04847205430269241 4761
1784237753482 0.030636385083198547 4762
1784237753496 0.06933032721281052 4763
1784237753510 0.04802853614091873 4764
1784237753524 0.01566724106669426 4765
1784237753540 0.18560928106307983 4766
1784237753556 0.021224958822131157 4767
1784237753572 0.04417118430137634 4768
1784237753588 0.014277495443820953 4769
1784237753602 0.024942271411418915 4770
1784237753618 0.12269298732280731 4771
1784237753634 0.20140357315540314 4772
1784237753650 0.2572390139102936 4773
1784237753665 0.012425491586327553 4774
1784237753681 0.11376094073057175 4775
1784237753695 0.18265050649642944 4776
1784237753710 0.15105463564395905 4777
1784237753728 0.01804967410862446 4778
1784237753742 0.032755471765995026 4779
1784237753758 0.019033163785934448 4780
1784237753773 0.008317121304571629 4781
1784237753789 0.026544908061623573 4782
1784237753806 0.3094179034233093 4783
1784237753822 0.10543132573366165 4784
1784237753837 0.05324073135852814 4785
1784237753853 0.2684899568557739 4786
1784237753868 0.057717178016901016 4787
1784237753882 0.29217901825904846 4788
1784237753897 0.17865154147148132 4789
1784237753912 0.022565023973584175 4790
1784237753928 0.10582854598760605 4791
1784237753943 0.052334681153297424 4792
1784237753958 0.02034769207239151 4793
1784237753973 0.33748167753219604 4794
1784237753987 0.11114764213562012 4795
1784237754002 0.01755547896027565 4796
1784237754017 0.010686527006328106 4797
1784237754032 0.2501378059387207 4798
1784237754046 0.387813538312912 4799
1784237754062 0.022915586829185486 4800
1784237754079 0.23237816989421844 4801
1784237754095 0.05816978961229324 4802
1784237754111 0.07057735323905945 4803
1784237754132 0.06218693405389786 4804
1784237754155 0.04640309512615204 4805
1784237754173 0.06618738174438477 4806
1784237754189 0.18787916004657745 4807
1784237754205 0.05335928872227669 4808
1784237754220 0.1896422654390335 4809
1784237754237 0.06840831786394119 4810
1784237754254 0.08334305882453918 4811
1784237754271 0.041214149445295334 4812
1784237754287 0.31043893098831177 4813
1784237754305 0.21422146260738373 4814
1784237754321 0.16867882013320923 4815
1784237754337 0.32228198647499084 4816
1784237754356 0.1157841682434082 4817
1784237754372 0.026399465277791023 4818
1784237754388 0.16250638663768768 4819
1784237754404 0.1878676861524582 4820
1784237754421 0.18870364129543304 4821
1784237754437 0.05816150829195976 4822
1784237754452 0.02860984206199646 4823
1784237754468 0.06611946225166321 4824
1784237754487 0.21959079802036285 4825
1784237754503 0.2950385510921478 4826
1784237754519 0.05458366125822067 4827
1784237754535 0.1541977822780609 4828
1784237754552 0.049615804105997086 4829
1784237754568 0.16364051401615143 4830
1784237754586 0.13998907804489136 4831
1784237754600 0.05523974075913429 4832
1784237754616 0.06564358621835709 4833
1784237754633 0.11049304902553558 4834
1784237754647 0.1313449889421463 4835
1784237754663 0.1463705599308014 4836
1784237754678 0.058545272797346115 4837
1784237754694 0.028369445353746414 4838
1784237754710 0.3557214140892029 4839
1784237754727 0.015788579359650612 4840
1784237754743 0.20345745980739594 4841
1784237754759 0.1513376086950302 4842
1784237754774 0.04069269448518753 4843
1784237754791 0.019061537459492683 4844
1784237754808 0.09024883061647415 4845
1784237754824 0.05893038585782051 4846
1784237754840 0.04098840430378914 4847
1784237754856 0.1372969001531601 4848
1784237754873 0.12714925408363342 4849
1784237754889 0.12487387657165527 4850
1784237754905 0.16207972168922424 4851
1784237754924 0.010063168592751026 4852
1784237754938 0.1545144021511078 4853
1784237754957 0.04916124790906906 4854
1784237754974 0.08678935468196869 4855
1784237754991 0.03919000178575516 4856
1784237755009 0.08259721100330353 4857
1784237755024 0.26768627762794495 4858
1784237755045 0.014215929433703423 4859
1784237755060 0.0139593705534935 4860
1784237755078 0.01394446101039648 4861
1784237755095 0.151877760887146 4862
1784237755114 0.00436308654025197 4863
1784237755134 0.5415516495704651 4864
1784237755151 0.05984713137149811 4865
1784237755168 0.03284945711493492 4866
1784237755184 0.06532421708106995 4867
1784237755198 0.06295464932918549 4868
1784237755213 0.11221088469028473 4869
1784237755228 0.03536644205451012 4870
1784237755244 0.06320672482252121 4871
1784237755259 0.042833566665649414 4872
1784237755276 0.02934521995484829 4873
1784237755291 0.09160897880792618 4874
1784237755308 0.026912467554211617 4875
1784237755326 0.011899060569703579 4876
1784237755342 0.07254452258348465 4877
1784237755359 0.21010763943195343 4878
1784237755374 0.06918586790561676 4879
1784237755392 0.14322714507579803 4880
1784237755409 0.025917986407876015 4881
1784237755423 0.22260290384292603 4882
1784237755439 0.0713438019156456 4883
1784237755454 0.011934760957956314 4884
1784237755469 0.027796657755970955 4885
1784237755482 0.18006233870983124 4886
1784237755495 0.03939821571111679 4887
1784237755509 0.2516024708747864 4888
1784237755522 0.23824264109134674 4889
1784237755536 0.03209245204925537 4890
1784237755552 0.20853126049041748 4891
1784237755567 0.006738327443599701 4892
1784237755581 0.10164949297904968 4893
1784237755596 0.009786095470190048 4894
1784237755611 0.13612154126167297 4895
1784237755626 0.012754889205098152 4896
1784237755641 0.051575273275375366 4897
1784237755655 0.2749028503894806 4898
1784237755670 0.12424063682556152 4899
1784237755685 0.0781998410820961 4900
1784237755700 0.03360630199313164 4901
1784237755714 0.01770399697124958 4902
1784237755729 0.08654963970184326 4903
1784237755742 0.0582103431224823 4904
1784237755756 0.20595018565654755 4905
1784237755770 0.19917698204517365 4906
1784237755784 0.1179196685552597 4907
1784237755797 0.047736454755067825 4908
1784237755811 0.010517901740968227 4909
1784237755824 0.06706921756267548 4910
1784237755838 0.14990587532520294 4911
1784237755853 0.1298985630273819 4912
1784237755868 0.1392984837293625 4913
1784237755880 0.05404771864414215 4914
1784237755893 0.07601854205131531 4915
1784237755908 0.07880503684282303 4916
1784237755924 0.018840627744793892 4917
1784237755939 0.03862791508436203 4918
1784237755954 0.04165941849350929 4919
1784237755968 0.06045685335993767 4920
1784237755982 0.1611437350511551 4921
1784237755997 0.12050532549619675 4922
1784237756012 0.09387792646884918 4923
1784237756027 0.24160927534103394 4924
1784237756041 0.01521257683634758 4925
1784237756055 0.13488449156284332 4926
1784237756071 0.053483109921216965 4927
1784237756087 0.042281366884708405 4928
1784237756102 0.04823435842990875 4929
1784237756117 0.03315303847193718 4930
1784237756133 0.023388715460896492 4931
1784237756147 0.07316944748163223 4932
1784237756163 0.03401782736182213 4933
1784237756178 0.11460180580615997 4934
1784237756192 0.1443447470664978 4935
1784237756206 0.35282373428344727 4936
1784237756220 0.011317906901240349 4937
1784237756236 0.012419475242495537 4938
1784237756251 0.042214587330818176 4939
1784237756265 0.05862829089164734 4940
1784237756279 0.025315720587968826 4941
1784237756293 0.113954558968544 4942
1784237756306 0.010940453968942165 4943
1784237756319 0.09609605371952057 4944
1784237756340 0.1494925618171692 4945
1784237756359 0.11462726444005966 4946
1784237756374 0.01575622335076332 4947
1784237756389 0.02914975956082344 4948
1784237756404 0.05708523094654083 4949
1784237756418 0.051703330129384995 4950
1784237756433 0.03926152363419533 4951
1784237756446 0.07747189700603485 4952
1784237756461 0.11230885982513428 4953
1784237756476 0.11492149531841278 4954
1784237756490 0.025650568306446075 4955
1784237756504 0.2613067626953125 4956
1784237756519 0.14471231400966644 4957
1784237756533 0.3526044487953186 4958
1784237756548 0.10883330553770065 4959
1784237756564 0.17071467638015747 4960
1784237756579 0.05397989600896835 4961
1784237756593 0.03261106461286545 4962
1784237756608 0.014146202243864536 4963
1784237756623 0.06552135944366455 4964
1784237756637 0.047064777463674545 4965
1784237756653 0.052093759179115295 4966
1784237756669 0.07836242765188217 4967
1784237756687 0.42175358533859253 4968
1784237756703 0.04772214591503143 4969
1784237756719 0.09489607810974121 4970
1784237756735 0.130812406539917 4971
1784237756751 0.12506310641765594 4972
1784237756767 0.10029298067092896 4973
1784237756783 0.08410494029521942 4974
1784237756799 0.07290372252464294 4975
1784237756815 0.3884812295436859 4976
1784237756832 0.4134353697299957 4977
1784237756848 0.10157899558544159 4978
1784237756864 0.2878006398677826 4979
1784237756879 0.1282971352338791 4980
1784237756896 0.019005198031663895 4981
1784237756910 0.12534216046333313 4982
1784237756923 0.10765385627746582 4983
1784237756938 0.06031869351863861 4984
1784237756952 0.04139770567417145 4985
1784237756970 0.04225844889879227 4986
1784237756983 0.025580720975995064 4987
1784237757004 0.08690504729747772 4988
1784237757020 0.17968343198299408 4989
1784237757036 0.2259061336517334 4990
1784237757051 0.08911136537790298 4991
1784237757066 0.2829480469226837 4992
1784237757080 0.1313469409942627 4993
1784237757094 0.2142624855041504 4994
1784237757109 0.08866724371910095 4995
1784237757124 0.09569227695465088 4996
1784237757139 0.1534024477005005 4997
1784237757154 0.1818612664937973 4998
1784237757170 0.049825433641672134 4999
1784237757185 0.010542547330260277 5000
1784237757199 0.023968275636434555 5001
1784237757214 0.1411343812942505 5002
1784237757228 0.04296201840043068 5003
1784237757243 0.08125770092010498 5004
1784237757258 0.27605050802230835 5005
1784237757272 0.18932291865348816 5006
1784237757286 0.042025722563266754 5007
1784237757300 0.13645198941230774 5008
1784237757317 0.026252327486872673 5009
1784237757332 0.06515494734048843 5010
1784237757345 0.20657594501972198 5011
1784237757361 0.044708214700222015 5012
1784237757376 0.07675731927156448 5013
1784237757390 0.08432134985923767 5014
1784237757403 0.364909291267395 5015
1784237757419 0.17649339139461517 5016
1784237757434 0.2372058779001236 5017
1784237757449 0.2384728044271469 5018
1784237757463 0.01688249595463276 5019
1784237757477 0.032154910266399384 5020
1784237757493 0.10431958734989166 5021
1784237757508 0.026999659836292267 5022
1784237757523 0.12522974610328674 5023
1784237757540 0.24547813832759857 5024
1784237757557 0.006565245799720287 5025
1784237757576 0.08095978945493698 5026
1784237757593 0.11137748509645462 5027
1784237757611 0.21112707257270813 5028
1784237757626 0.01953655667603016 5029
1784237757643 0.0052148280665278435 5030
1784237757660 0.11216320097446442 5031
1784237757674 0.13028013706207275 5032
1784237757688 0.06232353299856186 5033
1784237757705 0.025622351095080376 5034
1784237757720 0.18030434846878052 5035
1784237757734 0.021685536950826645 5036
1784237757751 0.027269624173641205 5037
1784237757767 0.02821464091539383 5038
1784237757780 0.049930866807699203 5039
1784237757794 0.034723442047834396 5040
1784237757806 0.13726554811000824 5041
1784237757819 0.004928217735141516 5042
1784237757834 0.03826721012592316 5043
1784237757848 0.06209013611078262 5044
1784237757862 0.1326189637184143 5045
1784237757877 0.1474401354789734 5046
1784237757891 0.07794438302516937 5047
1784237757905 0.04980626329779625 5048
1784237757919 0.006940540857613087 5049
1784237757933 0.07757596671581268 5050
1784237757948 0.08543426543474197 5051
1784237757961 0.04221485182642937 5052
1784237757976 0.042029645293951035 5053
1784237757991 0.09599847346544266 5054
1784237758007 0.21497584879398346 5055
1784237758021 0.26840147376060486 5056
1784237758036 0.04563290998339653 5057
1784237758051 0.28277894854545593 5058
1784237758066 0.11097224056720734 5059
1784237758081 0.0290709026157856 5060
1784237758095 0.1544319987297058 5061
1784237758111 0.07397772371768951 5062
1784237758125 0.11665505915880203 5063
1784237758140 0.09416679292917252 5064
1784237758154 0.0734492614865303 5065
1784237758170 0.24357812106609344 5066
1784237758185 0.03835942596197128 5067
1784237758200 0.033803798258304596 5068
1784237758213 0.2228209227323532 5069
1784237758227 0.04706627503037453 5070
1784237758243 0.3165728747844696 5071
1784237758256 0.071210578083992 5072
1784237758271 0.17084743082523346 5073
1784237758286 0.020831378176808357 5074
1784237758301 0.19401586055755615 5075
1784237758316 0.14506931602954865 5076
1784237758329 0.02496584877371788 5077
1784237758344 0.08351808041334152 5078
1784237758359 0.04661910980939865 5079
1784237758374 0.2483316957950592 5080
1784237758390 0.07779809832572937 5081
1784237758404 0.05045357346534729 5082
1784237758418 0.11088133603334427 5083
1784237758433 0.054150670766830444 5084
1784237758446 0.047093264758586884 5085
1784237758461 0.10660310834646225 5086
1784237758477 0.026978177949786186 5087
1784237758491 0.22981010377407074 5088
1784237758506 0.18791060149669647 5089
1784237758524 0.07253371179103851 5090
1784237758538 0.0964411050081253 5091
1784237758554 0.14000414311885834 5092
1784237758568 0.11943896114826202 5093
1784237758584 0.0638614222407341 5094
1784237758599 0.13429972529411316 5095
1784237758613 0.030499998480081558 5096
1784237758627 0.21628472208976746 5097
1784237758641 0.04940165579319 5098
1784237758655 0.159861758351326 5099
1784237758671 0.011899753473699093 5100
1784237758686 0.1462239921092987 5101
1784237758702 0.19724978506565094 5102
1784237758716 0.0537240207195282 5103
1784237758731 0.030480725690722466 5104
1784237758746 0.1054888367652893 5105
1784237758761 0.041681937873363495 5106
1784237758776 0.2281382530927658 5107
1784237758790 0.0940338671207428 5108
1784237758806 0.023275287821888924 5109
1784237758820 0.42288538813591003 5110
1784237758835 0.3174753785133362 5111
1784237758848 0.09325771778821945 5112
1784237758862 0.061769574880599976 5113
1784237758877 0.06216687709093094 5114
1784237758892 0.11395704001188278 5115
1784237758908 0.06565879285335541 5116
1784237758922 0.07456368207931519 5117
1784237758935 0.25045517086982727 5118
1784237758948 0.11617927253246307 5119
1784237758961 0.015205254778265953 5120
1784237758975 0.08373943716287613 5121
1784237758988 0.05313796177506447 5122
1784237759002 0.02386225014925003 5123
1784237759017 0.29100340604782104 5124
1784237759031 0.028248094022274017 5125
1784237759045 0.20071899890899658 5126
1784237759058 0.08314232528209686 5127
1784237759073 0.016429627314209938 5128
1784237759088 0.3166137933731079 5129
1784237759102 0.015622466802597046 5130
1784237759117 0.01544654555618763 5131
1784237759131 0.067882239818573 5132
1784237759144 0.14880427718162537 5133
1784237759158 0.019687311723828316 5134
1784237759173 0.07266146689653397 5135
1784237759189 0.09147066622972488 5136
1784237759204 0.08106830716133118 5137
1784237759219 0.06913109123706818 5138
1784237759234 0.20968526601791382 5139
1784237759249 0.09951291978359222 5140
1784237759264 0.025641638785600662 5141
1784237759278 0.10005603730678558 5142
1784237759293 0.0566730760037899 5143
1784237759307 0.2642905116081238 5144
1784237759329 0.06476797163486481 5145
1784237759342 0.194505512714386 5146
1784237759357 0.2456970363855362 5147
1784237759370 0.13123410940170288 5148
1784237759385 0.5239047408103943 5149
1784237759400 0.027792029082775116 5150
1784237759414 0.024123234674334526 5151
1784237759428 0.007030935026705265 5152
1784237759441 0.09086339175701141 5153
1784237759454 0.2892555892467499 5154
1784237759469 0.14169111847877502 5155
1784237759481 0.13459506630897522 5156
1784237759495 0.03886575251817703 5157
1784237759510 0.2386443316936493 5158
1784237759525 0.011875164695084095 5159
1784237759538 0.1269795000553131 5160
1784237759552 0.04744835942983627 5161
1784237759571 0.03380453214049339 5162
1784237759587 0.0993058979511261 5163
1784237759603 0.19031132757663727 5164
1784237759620 0.2618696391582489 5165
1784237759635 0.1240517869591713 5166
1784237759651 0.07960733771324158 5167
1784237759668 0.1357777863740921 5168
1784237759685 0.3371739387512207 5169
1784237759701 0.03520236164331436 5170
1784237759718 0.32626932859420776 5171
1784237759733 0.038573626428842545 5172
1784237759749 0.1690785437822342 5173
1784237759767 0.02566368691623211 5174
1784237759787 0.10976094007492065 5175
1784237759806 0.29246240854263306 5176
1784237759823 0.016238275915384293 5177
1784237759841 0.17812158167362213 5178
1784237759859 0.05741431191563606 5179
1784237759876 0.21516284346580505 5180
1784237759892 0.19067180156707764 5181
1784237759910 0.41974541544914246 5182
1784237759925 0.05478684976696968 5183
1784237759942 0.3205646872520447 5184
1784237759961 0.1476459950208664 5185
1784237759976 0.02479579485952854 5186
1784237759994 0.14000248908996582 5187
1784237760014 0.08112476021051407 5188
1784237760030 0.033051203936338425 5189
1784237760047 0.16931554675102234 5190
1784237760061 0.04307253658771515 5191
1784237760078 0.08009657263755798 5192
1784237760093 0.03453550115227699 5193
1784237760110 0.09239955246448517 5194
1784237760126 0.09704386442899704 5195
1784237760143 0.41067448258399963 5196
1784237760159 0.13364560902118683 5197
1784237760176 0.06327894330024719 5198
1784237760192 0.024710720404982567 5199
1784237760207 0.09989121556282043 5200
1784237760222 0.019350165501236916 5201
1784237760237 0.014918031170964241 5202
1784237760252 0.20055951178073883 5203
1784237760267 0.17602495849132538 5204
1784237760282 0.05004619061946869 5205
1784237760297 0.04092564433813095 5206
1784237760312 0.038266997784376144 5207
1784237760327 0.1307922750711441 5208
1784237760340 0.024921225383877754 5209
1784237760356 0.11481333523988724 5210
1784237760370 0.028675829991698265 5211
1784237760385 0.017558792605996132 5212
1784237760400 0.046680204570293427 5213
1784237760413 0.09846486151218414 5214
1784237760427 0.022612351924180984 5215
1784237760441 0.37166425585746765 5216
1784237760457 0.10975881665945053 5217
1784237760471 0.07835907489061356 5218
1784237760486 0.09944777190685272 5219
1784237760500 0.0868697389960289 5220
1784237760519 0.09761544317007065 5221
1784237760535 0.030738787725567818 5222
1784237760551 0.16358216106891632 5223
1784237760567 0.011134845204651356 5224
1784237760581 0.14876726269721985 5225
1784237760595 0.09366446733474731 5226
1784237760610 0.14496676623821259 5227
1784237760625 0.1807776689529419 5228
1784237760638 0.018642405048012733 5229
1784237760653 0.09052025526762009 5230
1784237760669 0.0742572769522667 5231
1784237760684 0.013553854078054428 5232
1784237760700 0.3016683757305145 5233
1784237760713 0.17232263088226318 5234
1784237760729 0.10995684564113617 5235
1784237760743 0.04651083052158356 5236
1784237760757 0.29618948698043823 5237
1784237760772 0.12300483882427216 5238
1784237760787 0.25902029871940613 5239
1784237760803 0.19401943683624268 5240
1784237760817 0.07404515892267227 5241
1784237760832 0.044125281274318695 5242
1784237760846 0.14476211369037628 5243
1784237760860 0.0203988216817379 5244
1784237760874 0.31942489743232727 5245
1784237760887 0.030287595465779305 5246
1784237760902 0.05472034960985184 5247
1784237760916 0.17563606798648834 5248
1784237760931 0.01645134948194027 5249
1784237760945 0.0858764797449112 5250
1784237760959 0.04718349874019623 5251
1784237760976 0.38283705711364746 5252
1784237760991 0.041685800999403 5253
1784237761006 0.02007289230823517 5254
1784237761020 0.062438156455755234 5255
1784237761036 0.014836300164461136 5256
1784237761051 0.2906349003314972 5257
1784237761066 0.08925801515579224 5258
1784237761081 0.013951951637864113 5259
1784237761096 0.08017133921384811 5260
1784237761110 0.01572899892926216 5261
1784237761123 0.0970592349767685 5262
1784237761135 0.26788896322250366 5263
1784237761151 0.15957416594028473 5264
1784237761165 0.028962254524230957 5265
1784237761179 0.017346467822790146 5266
1784237761194 0.02251705341041088 5267
1784237761210 0.02998405694961548 5268
1784237761223 0.04338415339589119 5269
1784237761235 0.004635515157133341 5270
1784237761248 0.08523769676685333 5271
1784237761262 0.01626184955239296 5272
1784237761276 0.22405366599559784 5273
1784237761290 0.16369245946407318 5274
1784237761304 0.09595825523138046 5275
1784237761335 0.12841454148292542 5276
1784237761350 0.10904496163129807 5277
1784237761364 0.3194431960582733 5278
1784237761377 0.048968203365802765 5279
1784237761389 0.29497644305229187 5280
1784237761402 0.2526586651802063 5281
1784237761416 0.041630081832408905 5282
1784237761430 0.03787274286150932 5283
1784237761445 0.07170651108026505 5284
1784237761458 0.05874238908290863 5285
1784237761472 0.33083412051200867 5286
1784237761487 0.0390033982694149 5287
1784237761503 0.20405438542366028 5288
1784237761517 0.2948251962661743 5289
1784237761529 0.1374608725309372 5290
1784237761541 0.18498042225837708 5291
1784237761554 0.03350501134991646 5292
1784237761569 0.1793750673532486 5293
1784237761585 0.013128001242876053 5294
1784237761601 0.013059680350124836 5295
1784237761619 0.06668636947870255 5296
1784237761637 0.025419551879167557 5297
1784237761653 0.07361958920955658 5298
1784237761668 0.20238937437534332 5299
1784237761683 0.050450246781110764 5300
1784237761699 0.10741958767175674 5301
1784237761714 0.028336605057120323 5302
1784237761730 0.2063176929950714 5303
1784237761746 0.12140574306249619 5304
1784237761762 0.11286520957946777 5305
1784237761777 0.07927969098091125 5306
1784237761794 0.06634341925382614 5307
1784237761809 0.2418729066848755 5308
1784237761825 0.15481461584568024 5309
1784237761842 0.24215827882289886 5310
1784237761857 0.0844854936003685 5311
1784237761873 0.018943848088383675 5312
1784237761888 0.047535452991724014 5313
1784237761904 0.33877891302108765 5314
1784237761918 0.10142110288143158 5315
1784237761935 0.16872498393058777 5316
1784237761953 0.11781850457191467 5317
1784237761970 0.08533800393342972 5318
1784237761986 0.07138016819953918 5319
1784237762004 0.09968357533216476 5320
1784237762023 0.07532420754432678 5321
1784237762044 0.0205916129052639 5322
1784237762062 0.02183719351887703 5323
1784237762084 0.42157015204429626 5324
1784237762102 0.026456670835614204 5325
1784237762119 0.06413522362709045 5326
1784237762134 0.02306881546974182 5327
1784237762150 0.01345144398510456 5328
1784237762164 0.07946312427520752 5329
1784237762179 0.10972978174686432 5330
1784237762195 0.01727229543030262 5331
1784237762209 0.12086275964975357 5332
1784237762223 0.12591853737831116 5333
1784237762236 0.10409239679574966 5334
1784237762251 0.04940706863999367 5335
1784237762264 0.03974086046218872 5336
1784237762278 0.31045129895210266 5337
1784237762294 0.09693039953708649 5338
1784237762309 0.08766830712556839 5339
1784237762325 0.04060887172818184 5340
1784237762341 0.3059459924697876 5341
1784237762355 0.172165647149086 5342
1784237762369 0.010347133502364159 5343
1784237762384 0.11671309173107147 5344
1784237762398 0.1458359956741333 5345
1784237762414 0.1774037778377533 5346
1784237762430 0.3275795876979828 5347
1784237762445 0.017926082015037537 5348
1784237762459 0.033753011375665665 5349
1784237762473 0.012214546091854572 5350
1784237762488 0.18565580248832703 5351
1784237762503 0.06635750830173492 5352
1784237762519 0.14099407196044922 5353
1784237762534 0.04351780563592911 5354
1784237762549 0.1255965679883957 5355
1784237762564 0.015516381710767746 5356
1784237762580 0.12712980806827545 5357
1784237762597 0.11188840121030807 5358
1784237762611 0.03062358684837818 5359
1784237762627 0.07349065691232681 5360
1784237762640 0.2102491855621338 5361
1784237762652 0.2547055184841156 5362
1784237762667 0.08570752292871475 5363
1784237762682 0.14056694507598877 5364
1784237762697 0.06148345023393631 5365
1784237762711 0.23236754536628723 5366
1784237762726 0.09581772238016129 5367
1784237762740 0.18020254373550415 5368
1784237762755 0.16399091482162476 5369
1784237762770 0.04135714843869209 5370
1784237762785 0.3367845118045807 5371
1784237762799 0.01837656833231449 5372
1784237762814 0.04770727828145027 5373
1784237762828 0.0326087586581707 5374
1784237762844 0.06114527955651283 5375
1784237762859 0.06352924555540085 5376
1784237762873 0.04535488039255142 5377
1784237762887 0.22695624828338623 5378
1784237762902 0.09163148701190948 5379
1784237762916 0.33918410539627075 5380
1784237762931 0.22807633876800537 5381
1784237762945 0.2747814357280731 5382
1784237762959 0.10153377056121826 5383
1784237762974 0.1664932668209076 5384
1784237762987 0.05922525003552437 5385
1784237763000 0.031030116602778435 5386
1784237763012 0.11752916872501373 5387
1784237763027 0.19430401921272278 5388
1784237763043 0.11698678880929947 5389
1784237763058 0.03918393328785896 5390
1784237763072 0.03567979484796524 5391
1784237763087 0.011571305803954601 5392
1784237763102 0.026371415704488754 5393
1784237763117 0.047620367258787155 5394
1784237763130 0.06269343942403793 5395
1784237763145 0.14112836122512817 5396
1784237763161 0.07569807022809982 5397
1784237763177 0.07439473271369934 5398
1784237763192 0.025479856878519058 5399
1784237763207 0.12297767400741577 5400
1784237763221 0.0242506954818964 5401
1784237763236 0.01794849894940853 5402
1784237763251 0.03671848028898239 5403
1784237763266 0.1512022167444229 5404
1784237763282 0.10241470485925674 5405
1784237763295 0.09514283388853073 5406
1784237763309 0.1077764704823494 5407
1784237763324 0.10541801154613495 5408
1784237763338 0.1922067254781723 5409
1784237763353 0.05943382531404495 5410
1784237763369 0.0858035683631897 5411
1784237763385 0.059834808111190796 5412
1784237763400 0.151974618434906 5413
1784237763412 0.10488440841436386 5414
1784237763427 0.07162216305732727 5415
1784237763442 0.07540010660886765 5416
1784237763457 0.06934678554534912 5417
1784237763473 0.24444088339805603 5418
1784237763486 0.4444804787635803 5419
1784237763502 0.057365838438272476 5420
1784237763516 0.10121364891529083 5421
1784237763529 0.14942187070846558 5422
1784237763543 0.10577975958585739 5423
1784237763557 0.1554475873708725 5424
1784237763570 0.038918036967515945 5425
1784237763583 0.0789143294095993 5426
1784237763597 0.01358211413025856 5427
1784237763610 0.08756271749734879 5428
1784237763626 0.025392701849341393 5429
1784237763640 0.5332177877426147 5430
1784237763655 0.08211562037467957 5431
1784237763669 0.1008552685379982 5432
1784237763683 0.449301540851593 5433
1784237763695 0.07141326367855072 5434
1784237763710 0.14980199933052063 5435
1784237763726 0.054219815880060196 5436
1784237763741 0.04863622412085533 5437
1784237763756 0.22138452529907227 5438
1784237763770 0.12088463455438614 5439
1784237763785 0.1645059734582901 5440
1784237763799 0.07118787616491318 5441
1784237763813 0.05011499673128128 5442
1784237763827 0.048380203545093536 5443
1784237763842 0.08246413618326187 5444
1784237763855 0.043340492993593216 5445
1784237763869 0.08389189839363098 5446
1784237763881 0.06506475806236267 5447
1784237763895 0.190520778298378 5448
1784237763910 0.039749473333358765 5449
1784237763925 0.08398508280515671 5450
1784237763939 0.030194662511348724 5451
1784237763953 0.19141319394111633 5452
1784237763968 0.07590777426958084 5453
1784237763980 0.045260537415742874 5454
1784237763993 0.07615988701581955 5455
1784237764006 0.14170029759407043 5456
1784237764019 0.046285443007946014 5457
1784237764034 0.13252928853034973 5458
1784237764052 0.139568030834198 5459
1784237764066 0.10232985019683838 5460
1784237764082 0.1297774612903595 5461
1784237764098 0.040694061666727066 5462
1784237764112 0.09309276193380356 5463
1784237764128 0.12018958479166031 5464
1784237764143 0.07820963114500046 5465
1784237764159 0.45386672019958496 5466
1784237764175 0.15452834963798523 5467
1784237764191 0.14173144102096558 5468
1784237764206 0.015661226585507393 5469
1784237764222 0.06098046153783798 5470
1784237764237 0.11168549209833145 5471
1784237764253 0.10368030518293381 5472
1784237764273 0.2232590615749359 5473
1784237764291 0.04321049153804779 5474
1784237764307 0.23277200758457184 5475
1784237764324 0.05862678587436676 5476
1784237764341 0.050863221287727356 5477
1784237764368 0.03407474607229233 5478
1784237764386 0.42604875564575195 5479
1784237764401 0.07965043932199478 5480
1784237764415 0.10882194340229034 5481
1784237764430 0.25150758028030396 5482
1784237764444 0.010545856319367886 5483
1784237764460 0.22119095921516418 5484
1784237764476 0.4489087462425232 5485
1784237764491 0.16319836676120758 5486
1784237764505 0.22221745550632477 5487
1784237764519 0.2095314860343933 5488
1784237764534 0.18049433827400208 5489
1784237764548 0.13547806441783905 5490
1784237764560 0.1288335919380188 5491
1784237764574 0.024072472006082535 5492
1784237764589 0.3518099784851074 5493
1784237764602 0.15189790725708008 5494
1784237764617 0.10731964558362961 5495
1784237764632 0.1271367371082306 5496
1784237764647 0.048048220574855804 5497
1784237764661 0.2037426233291626 5498
1784237764676 0.01308743841946125 5499
1784237764692 0.1378726214170456 5500
1784237764707 0.26117128133773804 5501
1784237764723 0.06800247728824615 5502
1784237764739 0.11038333922624588 5503
1784237764755 0.21580100059509277 5504
1784237764770 0.07768408954143524 5505
1784237764786 0.07184044271707535 5506
1784237764802 0.07862690836191177 5507
1784237764817 0.07084345072507858 5508
1784237764832 0.011529017239809036 5509
1784237764848 0.09420686215162277 5510
1784237764864 0.14419768750667572 5511
1784237764886 0.18359427154064178 5512
1784237764903 0.12664024531841278 5513
1784237764919 0.3535310626029968 5514
1784237764935 0.060902636498212814 5515
1784237764952 0.1333678662776947 5516
1784237764968 0.08514266461133957 5517
1784237764985 0.04153740406036377 5518
1784237765001 0.08083376288414001 5519
1784237765017 0.09924502670764923 5520
1784237765034 0.06059302017092705 5521
1784237765051 0.07355838268995285 5522
1784237765068 0.05919406935572624 5523
1784237765083 0.1272239238023758 5524
1784237765100 0.0279567651450634 5525
1784237765114 0.2034512460231781 5526
1784237765129 0.5259945392608643 5527
1784237765145 0.035619184374809265 5528
1784237765161 0.007895597256720066 5529
1784237765174 0.21488207578659058 5530
1784237765187 0.46477222442626953 5531
1784237765201 0.03392329812049866 5532
1784237765213 0.03794300928711891 5533
1784237765226 0.24035584926605225 5534
1784237765241 0.27396002411842346 5535
1784237765257 0.1206471398472786 5536
1784237765270 0.013047352433204651 5537
1784237765285 0.12386615574359894 5538
1784237765298 0.31530529260635376 5539
1784237765312 0.14298170804977417 5540
1784237765326 0.1450999677181244 5541
1784237765341 0.03688390180468559 5542
1784237765358 0.05197068676352501 5543
1784237765373 0.09115415811538696 5544
1784237765387 0.10171682387590408 5545
1784237765403 0.1878775656223297 5546
1784237765417 0.16671381890773773 5547
1784237765431 0.12178430706262589 5548
1784237765445 0.10806762427091599 5549
1784237765458 0.23853017389774323 5550
1784237765473 0.02676013670861721 5551
1784237765488 0.09791997820138931 5552
1784237765504 0.11316491663455963 5553
1784237765517 0.032687969505786896 5554
1784237765531 0.17895986139774323 5555
1784237765545 0.10695794969797134 5556
1784237765559 0.03851868957281113 5557
1784237765575 0.4036594331264496 5558
1784237765590 0.1553444266319275 5559
1784237765605 0.3112383782863617 5560
1784237765620 0.03038611449301243 5561
1784237765635 0.02512926608324051 5562
1784237765651 0.015328177250921726 5563
1784237765665 0.07148747891187668 5564
1784237765680 0.055401384830474854 5565
1784237765695 0.04570687562227249 5566
1784237765711 0.07810388505458832 5567
1784237765724 0.08690401166677475 5568
1784237765737 0.13950081169605255 5569
1784237765752 0.05971042811870575 5570
1784237765766 0.007645847741514444 5571
1784237765780 0.12421419471502304 5572
1784237765794 0.13997910916805267 5573
1784237765808 0.04979120194911957 5574
1784237765824 0.18214963376522064 5575
1784237765838 0.06372473388910294 5576
1784237765852 0.04351402819156647 5577
1784237765868 0.09144724905490875 5578
1784237765883 0.17718127369880676 5579
1784237765898 0.06305772811174393 5580
1784237765913 0.002382836304605007 5581
1784237765927 0.0025747022591531277 5582
1784237765941 0.07429242879152298 5583
1784237765956 0.02146483212709427 5584
1784237765969 0.09122523665428162 5585
1784237765984 0.09512804448604584 5586
1784237765999 0.11668631434440613 5587
1784237766011 0.06484682857990265 5588
1784237766024 0.13540174067020416 5589
1784237766037 0.04090462252497673 5590
1784237766052 0.005726356990635395 5591
1784237766068 0.17071807384490967 5592
1784237766081 0.04623982310295105 5593
1784237766093 0.07361425459384918 5594
1784237766108 0.13572752475738525 5595
1784237766123 0.19634610414505005 5596
1784237766137 0.21843421459197998 5597
1784237766151 0.16232530772686005 5598
1784237766167 0.10065963119268417 5599
1784237766181 0.18409818410873413 5600
1784237766195 0.11250056326389313 5601
1784237766210 0.10281765460968018 5602
1784237766225 0.07986541092395782 5603
1784237766241 0.02060757763683796 5604
1784237766257 0.37953996658325195 5605
1784237766271 0.048778049647808075 5606
1784237766286 0.04459556192159653 5607
1784237766301 0.04764460399746895 5608
1784237766316 0.159954234957695 5609
1784237766331 0.18098397552967072 5610
1784237766345 0.020212024450302124 5611
1784237766361 0.3634730279445648 5612
1784237766375 0.07001273334026337 5613
1784237766389 0.17324256896972656 5614
1784237766404 0.2439911812543869 5615
1784237766419 0.11507949978113174 5616
1784237766433 0.12965543568134308 5617
1784237766447 0.48799464106559753 5618
1784237766461 0.09007920324802399 5619
1784237766476 0.06265079975128174 5620
1784237766491 0.044023312628269196 5621
1784237766507 0.06212056800723076 5622
1784237766526 0.10339921712875366 5623
1784237766543 0.011686191894114017 5624
1784237767964 0.13701315224170685 5625
1784237767982 0.021190816536545753 5626
1784237768001 0.20928798615932465 5627
1784237768017 0.015068838372826576 5628
1784237768036 0.12282119691371918 5629
1784237768132 0.12350501865148544 5630
1784237768153 0.07919225096702576 5631
1784237768179 0.06566108018159866 5632
1784237768195 0.06342875957489014 5633
1784237768211 0.04600254073739052 5634
1784237768226 0.06299004703760147 5635
1784237768243 0.22158627212047577 5636
1784237768261 0.08293923735618591 5637
1784237768278 0.3127143085002899 5638
1784237768293 0.15887486934661865 5639
1784237768309 0.05739413574337959 5640
1784237768325 0.20819203555583954 5641
1784237768341 0.07193266600370407 5642
1784237768356 0.03337700664997101 5643
1784237768372 0.1821463257074356 5644
1784237768387 0.02329772524535656 5645
1784237768401 0.10581928491592407 5646
1784237768414 0.1639309674501419 5647
1784237768429 0.07853201031684875 5648
1784237768442 0.08289287239313126 5649
1784237768456 0.11616508662700653 5650
1784237768468 0.03434282913804054 5651
1784237768483 0.2659973204135895 5652
1784237768498 0.057830676436424255 5653
1784237768514 0.011352114379405975 5654
1784237768530 0.288411945104599 5655
1784237768545 0.014254596084356308 5656
1784237768560 0.051263537257909775 5657
1784237768575 0.013801081106066704 5658
1784237768591 0.17031891644001007 5659
1784237768605 0.12417688220739365 5660
1784237768619 0.007577117066830397 5661
1784237768634 0.31697577238082886 5662
1784237768648 0.08706890046596527 5663
1784237768662 0.025854481384158134 5664
1784237768678 0.1408800482749939 5665
1784237768693 0.050466954708099365 5666
1784237768708 0.07541577517986298 5667
1784237768725 0.01402033120393753 5668
1784237768744 0.19726553559303284 5669
1784237768760 0.005578622221946716 5670
1784237768776 0.1833128184080124 5671
1784237768793 0.10024907439947128 5672
1784237768811 0.018512308597564697 5673
1784237768826 0.13448567688465118 5674
1784237768841 0.005867384374141693 5675
1784237768856 0.07689463347196579 5676
1784237768872 0.02483288198709488 5677
1784237768887 0.05992664396762848 5678
1784237768902 0.1719338297843933 5679
1784237768917 0.27691885828971863 5680
1784237768933 0.22509807348251343 5681
1784237768948 0.08520013839006424 5682
1784237768962 0.013781668618321419 5683
1784237768977 0.18664929270744324 5684
1784237768992 0.018636608496308327 5685
1784237769008 0.046887367963790894 5686
1784237769023 0.02622516080737114 5687
1784237769037 0.15237239003181458 5688
1784237769051 0.11534184962511063 5689
1784237769066 0.0081801638007164 5690
1784237769081 0.12308142334222794 5691
1784237769095 0.0742773488163948 5692
1784237769110 0.17813709378242493 5693
1784237769124 0.04710036516189575 5694
1784237769139 0.06765425950288773 5695
1784237769153 0.01605210453271866 5696
1784237769168 0.04125363007187843 5697
1784237769183 0.07914630323648453 5698
1784237769198 0.1837865561246872 5699
1784237769211 0.10749151557683945 5700
1784237769226 0.05498472601175308 5701
1784237769241 0.055452268570661545 5702
1784237769255 0.051503561437129974 5703
1784237769270 0.04067102074623108 5704
1784237769284 0.13810087740421295 5705
1784237769298 0.07388509809970856 5706
1784237769311 0.18490850925445557 5707
1784237769324 0.02434336394071579 5708
1784237769339 0.016698293387889862 5709
1784237769354 0.049510665237903595 5710
1784237769367 0.1989997774362564 5711
1784237769381 0.08497066795825958 5712
1784237769395 0.12369250506162643 5713
1784237769410 0.028487728908658028 5714
1784237769423 0.022937478497624397 5715
1784237769436 0.1681450456380844 5716
1784237769450 0.03931847959756851 5717
1784237769466 0.02376101166009903 5718
1784237769478 0.11707170307636261 5719
1784237769493 0.013402283191680908 5720
1784237769508 0.266110897064209 5721
1784237769541 0.008688373491168022 5722
1784237769556 0.020516790449619293 5723
1784237769571 0.17043238878250122 5724
1784237769584 0.05152576416730881 5725
1784237769599 0.05916433408856392 5726
1784237769614 0.016126656904816628 5727
1784237769628 0.0521557442843914 5728
1784237769642 0.02316329814493656 5729
1784237769657 0.015318568795919418 5730
1784237769672 0.02108425460755825 5731
1784237769687 0.014328709803521633 5732
1784237769701 0.04921784624457359 5733
1784237769715 0.09576062113046646 5734
1784237769730 0.05452932417392731 5735
1784237769744 0.12774255871772766 5736
1784237769760 0.22185811400413513 5737
1784237769776 0.04784870892763138 5738
1784237769790 0.011698033660650253 5739
1784237769806 0.07253076136112213 5740
1784237769824 0.018090099096298218 5741
1784237769839 0.04400935396552086 5742
1784237769855 0.01526279840618372 5743
1784237769870 0.1432749181985855 5744
1784237769886 0.03345855697989464 5745
1784237769902 0.022564444690942764 5746
1784237769919 0.027477245777845383 5747
1784237769934 0.011226854287087917 5748
1784237769950 0.069972924888134 5749
1784237769967 0.035105668008327484 5750
1784237769983 0.007718808017671108 5751
1784237770000 0.03722448647022247 5752
1784237770015 0.1025392934679985 5753
1784237770030 0.007447516079992056 5754
1784237770046 0.09793905168771744 5755
1784237770062 0.07614792883396149 5756
1784237770078 0.043786272406578064 5757
1784237770095 0.008191087283194065 5758
1784237770111 0.2849709093570709 5759
1784237770126 0.022382128983736038 5760
1784237770140 0.010976273566484451 5761
1784237770156 0.022572128102183342 5762
1784237770172 0.17923052608966827 5763
1784237770188 0.09973302483558655 5764
1784237770203 0.05496317148208618 5765
1784237770218 0.19768203794956207 5766
1784237770234 0.022809935733675957 5767
1784237770250 0.2083694338798523 5768
1784237770265 0.018009761348366737 5769
1784237770281 0.02433912456035614 5770
1784237770293 0.09685668349266052 5771
1784237770307 0.23426643013954163 5772
1784237770321 0.0998271256685257 5773
1784237770335 0.29163822531700134 5774
1784237770348 0.01544200535863638 5775
1784237770360 0.20573794841766357 5776
1784237770374 0.023139305412769318 5777
1784237770389 0.024864347651600838 5778
1784237770403 0.2966456115245819 5779
1784237770417 0.16744723916053772 5780
1784237770433 0.03933185338973999 5781
1784237770449 0.016409041360020638 5782
1784237770465 0.03146820515394211 5783
1784237770480 0.00674176262691617 5784
1784237770497 0.10209441184997559 5785
1784237770511 0.053083017468452454 5786
1784237770525 0.18938781321048737 5787
1784237770542 0.18368549644947052 5788
1784237770557 0.07824541628360748 5789
1784237770573 0.36488595604896545 5790
1784237770588 0.06898171454668045 5791
1784237770602 0.07348664849996567 5792
1784237770616 0.09651806950569153 5793
1784237770630 0.03977226838469505 5794
1784237770643 0.11501999944448471 5795
1784237770656 0.10951829701662064 5796
1784237770671 0.04729870334267616 5797
1784237770684 0.13102325797080994 5798
1784237770698 0.24484220147132874 5799
1784237770713 0.039688993245363235 5800
1784237770727 0.05292155221104622 5801
1784237770741 0.08364880084991455 5802
1784237770757 0.07471951842308044 5803
1784237770772 0.05982095003128052 5804
1784237770791 0.13062693178653717 5805
1784237770805 0.10067537426948547 5806
1784237770819 0.044431399554014206 5807
1784237770833 0.014689184725284576 5808
1784237770848 0.08931609243154526 5809
1784237770863 0.06656569242477417 5810
1784237770876 0.021379640325903893 5811
1784237770890 0.11826550960540771 5812
1784237770902 0.07562592625617981 5813
1784237770915 0.14228805899620056 5814
1784237770931 0.08257168531417847 5815
1784237770948 0.018587471917271614 5816
1784237770964 0.0625293105840683 5817
1784237770981 0.06801565736532211 5818
1784237770998 0.011060896329581738 5819
1784237771016 0.12864454090595245 5820
1784237771032 0.028185870498418808 5821
1784237771048 0.032337505370378494 5822
1784237771061 0.07289993762969971 5823
1784237771077 0.1052546501159668 5824
1784237771092 0.15937694907188416 5825
1784237771107 0.08273415267467499 5826
1784237771123 0.045160070061683655 5827
1784237771139 0.08740062266588211 5828
1784237771153 0.23086678981781006 5829
1784237771170 0.17293033003807068 5830
1784237771184 0.05407731235027313 5831
1784237771196 0.02334461733698845 5832
1784237771212 0.12796011567115784 5833
1784237771225 0.08575063943862915 5834
1784237771238 0.09360319375991821 5835
1784237771253 0.11818402260541916 5836
1784237771267 0.0609491765499115 5837
1784237771282 0.06359383463859558 5838
1784237771296 0.1761823147535324 5839
1784237771311 0.007584365084767342 5840
1784237771326 0.14099425077438354 5841
1784237771341 0.00848641898483038 5842
1784237771356 0.18655145168304443 5843
1784237771369 0.06558225303888321 5844
1784237771383 0.2485581636428833 5845
1784237771398 0.06433907896280289 5846
1784237771412 0.15977852046489716 5847
1784237771424 0.26486217975616455 5848
1784237771439 0.20602193474769592 5849
1784237771453 0.11786265671253204 5850
1784237771468 0.006005620118230581 5851
1784237771482 0.01186253223568201 5852
1784237771496 0.0324617475271225 5853
1784237771511 0.3838199973106384 5854
1784237771525 0.34942886233329773 5855
1784237771539 0.013508869335055351 5856
1784237771554 0.036676887422800064 5857
1784237771568 0.36365199089050293 5858
1784237771583 0.09000556170940399 5859
1784237771598 0.034073732793331146 5860
1784237771613 0.20139746367931366 5861
1784237771626 0.044627416878938675 5862
1784237771643 0.17176753282546997 5863
1784237771657 0.19803199172019958 5864
1784237771673 0.06296730786561966 5865
1784237771688 0.24314706027507782 5866
1784237771701 0.0211404450237751 5867
1784237771714 0.10580272227525711 5868
1784237771731 0.03621538728475571 5869
1784237771746 0.14376771450042725 5870
1784237771762 0.23580214381217957 5871
1784237771776 0.028193442150950432 5872
1784237771789 0.015206039883196354 5873
1784237771806 0.03976662829518318 5874
1784237771821 0.1361953765153885 5875
1784237771836 0.04971709102392197 5876
1784237771849 0.06695940345525742 5877
1784237771865 0.14490535855293274 5878
1784237771879 0.06878741085529327 5879
1784237771891 0.005797351244837046 5880
1784237771905 0.017038071528077126 5881
1784237771920 0.0844273567199707 5882
1784237771935 0.035887397825717926 5883
1784237771950 0.05812876671552658 5884
1784237771964 0.05263072997331619 5885
1784237771979 0.08573366701602936 5886
1784237771995 0.005974634550511837 5887
1784237772008 0.24470481276512146 5888
1784237772022 0.060447484254837036 5889
1784237772038 0.06430906057357788 5890
1784237772053 0.013828938826918602 5891
1784237772068 0.07642001658678055 5892
1784237772082 0.04227318614721298 5893
1784237772098 0.18827055394649506 5894
1784237772114 0.01350490190088749 5895
1784237772128 0.0855167880654335 5896
1784237772144 0.24622680246829987 5897
1784237772158 0.005821062717586756 5898
1784237772174 0.031294114887714386 5899
1784237772188 0.012088321149349213 5900
1784237772201 0.1857462227344513 5901
1784237772215 0.08823942393064499 5902
1784237772231 0.14298196136951447 5903
1784237772246 0.05127247795462608 5904
1784237772260 0.048546817153692245 5905
1784237772276 0.18274971842765808 5906
1784237772292 0.06600864231586456 5907
1784237772307 0.11710565537214279 5908
1784237772321 0.08422107994556427 5909
1784237772333 0.17266403138637543 5910
1784237772348 0.19054698944091797 5911
1784237772363 0.0463702529668808 5912
1784237772377 0.09546869248151779 5913
1784237772393 0.01776854135096073 5914
1784237772407 0.054322704672813416 5915
1784237772420 0.1218041479587555 5916
1784237772435 0.03714408725500107 5917
1784237772450 0.045463427901268005 5918
1784237772465 0.22345441579818726 5919
1784237772480 0.017718173563480377 5920
1784237772493 0.03778780251741409 5921
1784237772518 0.05833990126848221 5922
1784237772534 0.02938982844352722 5923
1784237772554 0.009471763856709003 5924
1784237772574 0.08569806814193726 5925
1784237772593 0.011717507615685463 5926
1784237772608 0.008233092725276947 5927
1784237772626 0.057039692997932434 5928
1784237772642 0.08816531300544739 5929
1784237772660 0.034374333918094635 5930
1784237772679 0.009637651965022087 5931
1784237772698 0.02635767310857773 5932
1784237772712 0.10461244732141495 5933
1784237772726 0.02394333854317665 5934
1784237772745 0.03256196901202202 5935
1784237772759 0.06733471900224686 5936
1784237772773 0.07683539390563965 5937
1784237772789 0.06696422398090363 5938
1784237772807 0.005457010120153427 5939
1784237772823 0.12247703224420547 5940
1784237772837 0.04319198057055473 5941
1784237772852 0.23018090426921844 5942
1784237772868 0.011639969423413277 5943
1784237772883 0.018210100010037422 5944
1784237772898 0.023510949686169624 5945
1784237772914 0.2675895392894745 5946
1784237772929 0.10338284820318222 5947
1784237772945 0.14409460127353668 5948
1784237772959 0.1430833339691162 5949
1784237772974 0.16510039567947388 5950
1784237772990 0.14758221805095673 5951
1784237773006 0.08609248697757721 5952
1784237773023 0.018575578927993774 5953
1784237773039 0.01791771873831749 5954
1784237773057 0.02290424518287182 5955
1784237773074 0.10829425603151321 5956
1784237773090 0.2368561327457428 5957
1784237773106 0.0742829367518425 5958
1784237773123 0.00370325380936265 5959
1784237773140 0.1319122165441513 5960
1784237773157 0.013597908429801464 5961
1784237773174 0.20890600979328156 5962
1784237773194 0.05957283824682236 5963
1784237773214 0.024715077131986618 5964
1784237773232 0.030093491077423096 5965
1784237773250 0.016099413856863976 5966
1784237773268 0.21840909123420715 5967
1784237773285 0.00788987148553133 5968
1784237773301 0.014901259914040565 5969
1784237773316 0.2510165274143219 5970
1784237773332 0.006963539402931929 5971
1784237773349 0.03305966779589653 5972
1784237773368 0.06247721239924431 5973
1784237773386 0.026265501976013184 5974
1784237773404 0.026729058474302292 5975
1784237773418 0.02916039153933525 5976
1784237773436 0.021967871114611626 5977
1784237773456 0.17625360190868378 5978
1784237773472 0.01232912577688694 5979
1784237773492 0.17665961384773254 5980
1784237773516 0.15612301230430603 5981
1784237773535 0.13511300086975098 5982
1784237773554 0.11248121410608292 5983
1784237773580 0.03920967876911163 5984
1784237773599 0.013425340875983238 5985
1784237773619 0.1111515611410141 5986
1784237773638 0.030514683574438095 5987
1784237773662 0.09777358919382095 5988
1784237773680 0.007195032201707363 5989
1784237773700 0.0566769540309906 5990
1784237773720 0.030527334660291672 5991
1784237773740 0.10420538485050201 5992
1784237773767 0.15038734674453735 5993
1784237773785 0.17909209430217743 5994
1784237773801 0.016970494762063026 5995
1784237773819 0.1760716289281845 5996
1784237773838 0.03286599740386009 5997
1784237773854 0.017305057495832443 5998
1784237773874 0.05884609371423721 5999
1784237773894 0.044109046459198 6000
1784237773917 0.028428474441170692 6001
1784237773937 0.06158827245235443 6002
1784237773959 0.05854682996869087 6003
1784237773986 0.012661054730415344 6004
1784237774008 0.29302722215652466 6005
1784237774026 0.06792060285806656 6006
1784237774048 0.05963420122861862 6007
1784237774071 0.00669569056481123 6008
1784237774089 0.23798638582229614 6009
1784237774113 0.3231174051761627 6010
1784237774131 0.156072199344635 6011
1784237774151 0.10541434586048126 6012
1784237774169 0.055570583790540695 6013
1784237774188 0.056538283824920654 6014
1784237774204 0.026105983182787895 6015
1784237774223 0.031083589419722557 6016
1784237774238 0.06030817702412605 6017
1784237774253 0.03497656062245369 6018
1784237774271 0.16022340953350067 6019
1784237774366 0.03906296193599701 6020
1784237774390 0.07537641376256943 6021
1784237774409 0.08974665403366089 6022
1784237774425 0.37154993414878845 6023
1784237774440 0.06790778040885925 6024
1784237774456 0.21084652841091156 6025
1784237774472 0.1362757384777069 6026
1784237774487 0.06797459721565247 6027
1784237774501 0.11794297397136688 6028
1784237774515 0.040900371968746185 6029
1784237774526 0.05747629329562187 6030
1784237774541 0.02358340658247471 6031
1784237774556 0.2374376356601715 6032
1784237774571 0.12210271507501602 6033
1784237774585 0.09444750100374222 6034
1784237774602 0.1541256457567215 6035
1784237774618 0.03855416551232338 6036
1784237774630 0.03724392503499985 6037
1784237774644 0.015838395804166794 6038
1784237774658 0.002938705962151289 6039
1784237774673 0.11532832682132721 6040
1784237774688 0.023337317630648613 6041
1784237774704 0.11473248153924942 6042
1784237774719 0.16617292165756226 6043
1784237774734 0.02009909600019455 6044
1784237774750 0.02432035095989704 6045
1784237774765 0.03611430153250694 6046
1784237774780 0.0194061491638422 6047
1784237774794 0.018067119643092155 6048
1784237774808 0.28840330243110657 6049
1784237774823 0.03257259726524353 6050
1784237774837 0.058782655745744705 6051
1784237774853 0.23550660908222198 6052
1784237774867 0.016018446534872055 6053
1784237774882 0.3412169814109802 6054
1784237774897 0.051479216665029526 6055
1784237774911 0.11267087608575821 6056
1784237774927 0.3956121504306793 6057
1784237774940 0.013893822208046913 6058
1784237774954 0.017264336347579956 6059
1784237774969 0.061826687306165695 6060
1784237774983 0.03218178078532219 6061
1784237775000 0.1652582585811615 6062
1784237775015 0.0637233704328537 6063
1784237775031 0.18683962523937225 6064
1784237775046 0.0402635782957077 6065
1784237775063 0.4552208185195923 6066
1784237775077 0.054296184331178665 6067
1784237775093 0.10835715383291245 6068
1784237775108 0.043357282876968384 6069
1784237775125 0.04184994474053383 6070
1784237775140 0.06203961372375488 6071
1784237775156 0.08936221152544022 6072
1784237775168 0.06346039474010468 6073
1784237775183 0.21984514594078064 6074
1784237775197 0.02311316505074501 6075
1784237775211 0.030606156215071678 6076
1784237775225 0.058460887521505356 6077
1784237775239 0.10304243862628937 6078
1784237775254 0.08103682100772858 6079
1784237775269 0.04272058606147766 6080
1784237775284 0.016248006373643875 6081
1784237775297 0.09774628281593323 6082
1784237775311 0.0430276095867157 6083
1784237775326 0.026130104437470436 6084
1784237775341 0.27072179317474365 6085
1784237775356 0.10100249201059341 6086
1784237775373 0.22894826531410217 6087
1784237775386 0.022194022312760353 6088
1784237775400 0.07976458966732025 6089
1784237775416 0.025908956304192543 6090
1784237775433 0.027839120477437973 6091
1784237775453 0.05283835530281067 6092
1784237775479 0.09965629875659943 6093
1784237775495 0.04934997111558914 6094
1784237775512 0.00577589264139533 6095
1784237775530 0.07559377700090408 6096
1784237775544 0.10207920521497726 6097
1784237775559 0.027399921789765358 6098
1784237775573 0.03608426824212074 6099
1784237775587 0.04576093703508377 6100
1784237775602 0.14654526114463806 6101
1784237775617 0.004691366106271744 6102
1784237775633 0.00975978933274746 6103
1784237775648 0.0860503539443016 6104
1784237775663 0.5941982269287109 6105
1784237775677 0.08996065706014633 6106
1784237775692 0.10237187147140503 6107
1784237775706 0.22281059622764587 6108
1784237775721 0.012593901716172695 6109
1784237775737 0.05907236784696579 6110
1784237775753 0.1057773008942604 6111
1784237775771 0.15618565678596497 6112
1784237775790 0.14540916681289673 6113
1784237775807 0.06458009034395218 6114
1784237775828 0.039765965193510056 6115
1784237775851 0.10038566589355469 6116
1784237775872 0.2808154225349426 6117
1784237775891 0.20673362910747528 6118
1784237775908 0.017716018483042717 6119
1784237775926 0.014712176285684109 6120
1784237775946 0.09908608347177505 6121
1784237775963 0.010908692143857479 6122
1784237775978 0.051071520894765854 6123
1784237775993 0.18851222097873688 6124
1784237776012 0.06993938982486725 6125
1784237776027 0.006301150657236576 6126
1784237776046 0.15574167668819427 6127
1784237776065 0.061816610395908356 6128
1784237776081 0.0066751339472830296 6129
1784237776097 0.12227573245763779 6130
1784237776115 0.018990077078342438 6131
1784237776134 0.03605935722589493 6132
1784237776152 0.02426421456038952 6133
1784237776171 0.0819910541176796 6134
1784237776188 0.128488689661026 6135
1784237776206 0.15102733671665192 6136
1784237776224 0.0383986234664917 6137
1784237776242 0.03216561675071716 6138
1784237776259 0.14930403232574463 6139
1784237776275 0.037385132163763046 6140
1784237776291 0.03159429877996445 6141
1784237776308 0.007656301837414503 6142
1784237776324 0.15601101517677307 6143
1784237776341 0.0119664641097188 6144
1784237776357 0.11977677047252655 6145
1784237776373 0.023248961195349693 6146
1784237776389 0.209003284573555 6147
1784237776405 0.10270203649997711 6148
1784237776421 0.14933058619499207 6149
1784237776436 0.020881855860352516 6150
1784237776453 0.029644368216395378 6151
1784237776474 0.09039176255464554 6152
1784237776492 0.06539071351289749 6153
1784237776513 0.019462687894701958 6154
1784237776532 0.02298991195857525 6155
1784237776553 0.02111070603132248 6156
1784237776570 0.06271904706954956 6157
1784237776587 0.08505050837993622 6158
1784237776604 0.028533799573779106 6159
1784237776622 0.04945084825158119 6160
1784237776641 0.1283017098903656 6161
1784237776660 0.15689313411712646 6162
1784237776676 0.1487201303243637 6163
1784237776695 0.013744359835982323 6164
1784237776711 0.021810604259371758 6165
1784237776729 0.028200004249811172 6166
1784237776747 0.023553049191832542 6167
1784237776764 0.0147326635196805 6168
1784237776780 0.6330324411392212 6169
1784237776797 0.12367293983697891 6170
1784237776811 0.16297823190689087 6171
1784237776827 0.10188685357570648 6172
1784237776846 0.13241825997829437 6173
1784237776861 0.3331452012062073 6174
1784237776877 0.010666553862392902 6175
1784237776896 0.10567335784435272 6176
1784237776918 0.1791161149740219 6177
1784237776936 0.33934324979782104 6178
1784237776951 0.060089729726314545 6179
1784237776967 0.10052201896905899 6180
1784237776984 0.008902991190552711 6181
1784237777001 0.0932866781949997 6182
1784237777022 0.04006517305970192 6183
1784237777041 0.13485632836818695 6184
1784237777062 0.020672647282481194 6185
1784237777080 0.05057709291577339 6186
1784237777097 0.2840597629547119 6187
1784237777115 0.052372708916664124 6188
1784237777134 0.08646901696920395 6189
1784237777153 0.0388881117105484 6190
1784237777172 0.10654156655073166 6191
1784237777190 0.11919452250003815 6192
1784237777208 0.021540211513638496 6193
1784237777227 0.1341308206319809 6194
1784237777245 0.3040732741355896 6195
1784237777262 0.011977053247392178 6196
1784237777278 0.07098538428544998 6197
1784237777294 0.03205065429210663 6198
1784237777311 0.0718720480799675 6199
1784237777328 0.028419455513358116 6200
1784237777344 0.011580095626413822 6201
1784237777361 0.019981859251856804 6202
1784237777380 0.07195565849542618 6203
1784237777397 0.06252897530794144 6204
1784237777413 0.033925142139196396 6205
1784237777431 0.07657734304666519 6206
1784237777450 0.008936573751270771 6207
1784237777468 0.0738743245601654 6208
1784237777486 0.0915561243891716 6209
1784237777502 0.028280358761548996 6210
1784237777519 0.08982300013303757 6211
1784237777536 0.05005541443824768 6212
1784237777572 0.012543966993689537 6213
1784237777589 0.07360570877790451 6214
1784237777605 0.06628026068210602 6215
1784237777622 0.2582690417766571 6216
1784237777640 0.09828811138868332 6217
1784237777661 0.07023831456899643 6218
1784237777681 0.07057490944862366 6219
1784237777698 0.047990746796131134 6220
1784237777716 0.045085858553647995 6221
1784237777735 0.0815621167421341 6222
1784237777754 0.01943858154118061 6223
1784237777772 0.13316786289215088 6224
1784237777790 0.30594703555107117 6225
1784237777810 0.1944202482700348 6226
1784237777829 0.23794087767601013 6227
1784237777844 0.019617196172475815 6228
1784237777862 0.08983220160007477 6229
1784237777881 0.04541678726673126 6230
1784237777898 0.042200516909360886 6231
1784237777914 0.08682043850421906 6232
1784237777932 0.22978603839874268 6233
1784237777948 0.17570489645004272 6234
1784237777965 0.14026860892772675 6235
1784237777981 0.061491623520851135 6236
1784237777996 0.04590126499533653 6237
1784237778011 0.12637057900428772 6238
1784237778029 0.0069537172093987465 6239
1784237778044 0.013628585264086723 6240
1784237778060 0.11415163427591324 6241
1784237778075 0.17248348891735077 6242
1784237778089 0.02402244694530964 6243
1784237778105 0.16751092672348022 6244
1784237778122 0.19254587590694427 6245
1784237778141 0.0494941845536232 6246
1784237778156 0.06129727512598038 6247
1784237778172 0.05244557559490204 6248
1784237778188 0.04476623982191086 6249
1784237778204 0.2724982500076294 6250
1784237778220 0.04160067439079285 6251
1784237778235 0.030592655763030052 6252
1784237778253 0.24965932965278625 6253
1784237778267 0.009752223268151283 6254
1784237778283 0.2287709265947342 6255
1784237778300 0.012483407743275166 6256
1784237778315 0.027443652972579002 6257
1784237778331 0.020388398319482803 6258
1784237778343 0.2029946744441986 6259
1784237778356 0.010153202340006828 6260
1784237778372 0.09355351328849792 6261
1784237778386 0.11496888846158981 6262
1784237778400 0.026524139568209648 6263
1784237778415 0.05704919621348381 6264
1784237778427 0.08413161337375641 6265
1784237778441 0.0326327420771122 6266
1784237778456 0.009599659591913223 6267
1784237778472 0.008946897462010384 6268
1784237778486 0.01632666029036045 6269
1784237778498 0.14020870625972748 6270
1784237778514 0.0147863132879138 6271
1784237778529 0.029049476608633995 6272
1784237778544 0.19411760568618774 6273
1784237778560 0.03125028684735298 6274
1784237778578 0.011087075807154179 6275
1784237778593 0.020332328975200653 6276
1784237778609 0.3163202702999115 6277
1784237778625 0.12841476500034332 6278
1784237778641 0.15162959694862366 6279
1784237778657 0.1930558979511261 6280
1784237778674 0.09261292219161987 6281
1784237778689 0.11435466259717941 6282
1784237778704 0.01523513998836279 6283
1784237778719 0.10151726007461548 6284
1784237778736 0.10772842168807983 6285
1784237778752 0.048814211040735245 6286
1784237778770 0.06367062032222748 6287
1784237778786 0.125780388712883 6288
1784237778803 0.017239775508642197 6289
1784237778823 0.025786343961954117 6290
1784237778838 0.15137344598770142 6291
1784237778854 0.14780308306217194 6292
1784237778870 0.20762912929058075 6293
1784237778887 0.11498114466667175 6294
1784237778902 0.1596468836069107 6295
1784237778919 0.10062006115913391 6296
1784237778935 0.18311607837677002 6297
1784237778951 0.05418621376156807 6298
1784237778965 0.06098289042711258 6299
1784237778980 0.04503733292222023 6300
1784237778993 0.046011585742235184 6301
1784237779009 0.05027129501104355 6302
1784237779023 0.020095091313123703 6303
1784237779039 0.17490266263484955 6304
1784237779054 0.009316803887486458 6305
1784237779070 0.03445060923695564 6306
1784237779085 0.04673339053988457 6307
1784237779099 0.06476783752441406 6308
1784237779114 0.041881125420331955 6309
1784237779130 0.06354505568742752 6310
1784237779144 0.028468821197748184 6311
1784237779161 0.2075389176607132 6312
1784237779174 0.3147740662097931 6313
1784237779189 0.11544186621904373 6314
1784237779204 0.013805078342556953 6315
1784237779218 0.13051067292690277 6316
1784237779233 0.19278065860271454 6317
1784237779248 0.05329612269997597 6318
1784237779262 0.3706459701061249 6319
1784237779276 0.015560334548354149 6320
1784237779291 0.0086432546377182 6321
1784237779304 0.032339632511138916 6322
1784237779319 0.2886106073856354 6323
1784237779334 0.08574607223272324 6324
1784237779348 0.09816493839025497 6325
1784237779363 0.12480532377958298 6326
1784237779377 0.04148290678858757 6327
1784237779393 0.08283963799476624 6328
1784237779406 0.05905035138130188 6329
1784237779420 0.10144691914319992 6330
1784237779435 0.06166200712323189 6331
1784237779449 0.020141394808888435 6332
1784237779465 0.06089840829372406 6333
1784237779480 0.2516905665397644 6334
1784237779494 0.1093524843454361 6335
1784237779508 0.010631782934069633 6336
1784237779522 0.11567811667919159 6337
1784237779537 0.009187263436615467 6338
1784237779550 0.044805072247982025 6339
1784237779565 0.05177172273397446 6340
1784237779579 0.03329998999834061 6341
1784237779594 0.31812480092048645 6342
1784237779608 0.1846395581960678 6343
1784237779624 0.16846467554569244 6344
1784237779640 0.0401478037238121 6345
1784237779656 0.07650154829025269 6346
1784237779671 0.14490602910518646 6347
1784237779687 0.07247864454984665 6348
1784237779701 0.011527901515364647 6349
1784237779716 0.23536868393421173 6350
1784237779730 0.1728741079568863 6351
1784237779745 0.02959975227713585 6352
1784237779759 0.0869181901216507 6353
1784237779774 0.01448005810379982 6354
1784237779789 0.03142494708299637 6355
1784237779805 0.1487322896718979 6356
1784237779820 0.1006850078701973 6357
1784237779835 0.06718093901872635 6358
1784237779852 0.16239172220230103 6359
1784237779867 0.33252009749412537 6360
1784237779882 0.031296905130147934 6361
1784237779899 0.012632758356630802 6362
1784237779918 0.01964276283979416 6363
1784237779935 0.05746317282319069 6364
1784237779951 0.052441518753767014 6365
1784237779971 0.004558388143777847 6366
1784237779989 0.15523125231266022 6367
1784237780004 0.03476877883076668 6368
1784237780020 0.11552374064922333 6369
1784237780036 0.2255105972290039 6370
1784237780052 0.154988631606102 6371
1784237780067 0.00622402410954237 6372
1784237780085 0.17124606668949127 6373
1784237780098 0.134164959192276 6374
1784237780115 0.12316024303436279 6375
1784237780131 0.04889059439301491 6376
1784237780146 0.0782134160399437 6377
1784237780163 0.012877678498625755 6378
1784237780177 0.02117864415049553 6379
1784237780194 0.30711987614631653 6380
1784237780209 0.04500066488981247 6381
1784237780224 0.27901142835617065 6382
1784237780240 0.018130306154489517 6383
1784237780254 0.10422162711620331 6384
1784237780270 0.25330036878585815 6385
1784237780284 0.24276065826416016 6386
1784237780297 0.011614416725933552 6387
1784237780310 0.017208199948072433 6388
1784237780325 0.04909848794341087 6389
1784237780339 0.010208960622549057 6390
1784237780354 0.060182105749845505 6391
1784237780369 0.17106619477272034 6392
1784237780384 0.21063052117824554 6393
1784237780399 0.05898837745189667 6394
1784237780414 0.04799085110425949 6395
1784237780429 0.06336432695388794 6396
1784237780444 0.014104906469583511 6397
1784237780458 0.10764238238334656 6398
1784237780474 0.151262104511261 6399
1784237780489 0.009607604704797268 6400
1784237780503 0.10507743060588837 6401
1784237780518 0.16886375844478607 6402
1784237780533 0.025890875607728958 6403
1784237780554 0.0902474969625473 6404
1784237780568 0.32208067178726196 6405
1784237780584 0.15353940427303314 6406
1784237780599 0.005720565561205149 6407
1784237780614 0.0368044413626194 6408
1784237780629 0.3341023027896881 6409
1784237780643 0.1612076312303543 6410
1784237780661 0.24302703142166138 6411
1784237780674 0.03002116270363331 6412
1784237780690 0.024437855929136276 6413
1784237780704 0.036447323858737946 6414
1784237780719 0.02235136181116104 6415
1784237780734 0.1913945972919464 6416
1784237780749 0.09736872464418411 6417
1784237780765 0.040539275854825974 6418
1784237780781 0.07437829673290253 6419
1784237780793 0.02993532456457615 6420
1784237780811 0.050084438174963 6421
1784237780828 0.030779222026467323 6422
1784237780845 0.041594333946704865 6423
1784237780860 0.01177610270678997 6424
1784237780876 0.21920999884605408 6425
1784237780895 0.019248124212026596 6426
1784237780910 0.003952584229409695 6427
1784237780927 0.39320310950279236 6428
1784237780942 0.0016452475683763623 6429
1784237780956 0.009948501363396645 6430
1784237780972 0.052855223417282104 6431
1784237780989 0.022386299446225166 6432
1784237781004 0.07094438374042511 6433
1784237781019 0.12307950109243393 6434
1784237781035 0.12119710445404053 6435
1784237781051 0.10625803470611572 6436
1784237781068 0.24099954962730408 6437
1784237781083 0.11934811621904373 6438
1784237781099 0.054726745933294296 6439
1784237781115 0.08075626194477081 6440
1784237781131 0.06390080600976944 6441
1784237781148 0.06837444007396698 6442
1784237781165 0.011955762282013893 6443
1784237781181 0.009996582753956318 6444
1784237781197 0.34471261501312256 6445
1784237781213 0.027648337185382843 6446
1784237781228 0.052509889006614685 6447
1784237781244 0.33166325092315674 6448
1784237781259 0.13120929896831512 6449
1784237781275 0.007651930674910545 6450
1784237781291 0.23857802152633667 6451
1784237781306 0.1145331934094429 6452
1784237781322 0.0555327944457531 6453
1784237781336 0.09384556859731674 6454
1784237781350 0.14709632098674774 6455
1784237781364 0.08450774848461151 6456
1784237781380 0.06983377784490585 6457
1784237781395 0.01873823069036007 6458
1784237781407 0.01952100545167923 6459
1784237781421 0.030539458617568016 6460
1784237781437 0.007641100324690342 6461
1784237781452 0.2291942685842514 6462
1784237781464 0.02810840681195259 6463
1784237781477 0.04069219529628754 6464
1784237781492 0.04692533612251282 6465
1784237781506 0.02530236542224884 6466
1784237781521 0.054321903735399246 6467
1784237781538 0.3235267102718353 6468
1784237781553 0.16420164704322815 6469
1784237781570 0.02177429385483265 6470
1784237781583 0.048130717128515244 6471
1784237781598 0.04120754450559616 6472
1784237781612 0.0218924880027771 6473
1784237781624 0.003442980581894517 6474
1784237781637 0.04008869081735611 6475
1784237781652 0.034844305366277695 6476
1784237781666 0.02164400741457939 6477
1784237781679 0.029061932116746902 6478
1784237781695 0.06202885881066322 6479
1784237781709 0.04310094565153122 6480
1784237781724 0.15478304028511047 6481
1784237781739 0.0995580330491066 6482
1784237781751 0.03402450308203697 6483
1784237781765 0.03485624119639397 6484
1784237781779 0.3059080243110657 6485
1784237781794 0.08466419577598572 6486
1784237781808 0.029868673533201218 6487
1784237781826 0.07064526528120041 6488
1784237781841 0.06507033854722977 6489
1784237781855 0.04984992370009422 6490
1784237781870 0.014224322512745857 6491
1784237781886 0.11101005226373672 6492
1784237781899 0.1754070371389389 6493
1784237781912 0.06212976202368736 6494
1784237781925 0.3588373363018036 6495
1784237781941 0.058789245784282684 6496
1784237781954 0.026128172874450684 6497
1784237781969 0.3157082796096802 6498
1784237781983 0.3796662986278534 6499
1784237781997 0.0362495556473732 6500
1784237782011 0.1088608056306839 6501
1784237782025 0.013662105426192284 6502
1784237782040 0.012707077898085117 6503
1784237782056 0.18453344702720642 6504
1784237782071 0.06423461437225342 6505
1784237782086 0.0710345134139061 6506
1784237782100 0.018160570412874222 6507
1784237782115 0.019229136407375336 6508
1784237782131 0.02218792214989662 6509
1784237782148 0.14873895049095154 6510
1784237782169 0.005967684090137482 6511
1784237782185 0.05470971763134003 6512
1784237782202 0.12518467009067535 6513
1784237782219 0.10645221918821335 6514
1784237782235 0.028742490336298943 6515
1784237782250 0.1610734611749649 6516
1784237782265 0.03633144125342369 6517
1784237782281 0.021665574982762337 6518
1784237782294 0.041179534047842026 6519
1784237782307 0.026267893612384796 6520
1784237782322 0.08803419023752213 6521
1784237782337 0.15375658869743347 6522
1784237782352 0.008918799459934235 6523
1784237782367 0.034309979528188705 6524
1784237782383 0.08552975952625275 6525
1784237782398 0.0269547700881958 6526
1784237782413 0.06341385841369629 6527
1784237782427 0.0556165874004364 6528
1784237782442 0.17515136301517487 6529
1784237782457 0.0482214093208313 6530
1784237782470 0.006759665906429291 6531
1784237782487 0.084661103785038 6532
1784237782501 0.20002445578575134 6533
1784237782516 0.025495238602161407 6534
1784237782531 0.24848492443561554 6535
1784237782545 0.05295897647738457 6536
1784237782560 0.13237197697162628 6537
1784237782574 0.01382358931005001 6538
1784237782589 0.27585721015930176 6539
1784237782602 0.05011596530675888 6540
1784237782618 0.07602240890264511 6541
1784237782631 0.09658573567867279 6542
1784237782644 0.0912969559431076 6543
1784237782657 0.039829518646001816 6544
1784237782670 0.07757201790809631 6545
1784237782683 0.038891326636075974 6546
1784237782698 0.04339525103569031 6547
1784237782711 0.04048662632703781 6548
1784237782725 0.046835001558065414 6549
1784237782740 0.04512797296047211 6550
1784237782756 0.036346565932035446 6551
1784237782772 0.15612350404262543 6552
1784237782787 0.01065853238105774 6553
1784237782804 0.0715789869427681 6554
1784237782817 0.0018244441598653793 6555
1784237782832 0.10093943774700165 6556
1784237782847 0.024693042039871216 6557
1784237782863 0.02019749954342842 6558
1784237782878 0.07158644497394562 6559
1784237782890 0.0326470248401165 6560
1784237782905 0.019465329125523567 6561
1784237782919 0.06534059345722198 6562
1784237782935 0.017908897250890732 6563
1784237782948 0.11365535110235214 6564
1784237782963 0.03137004375457764 6565
1784237782978 0.138325035572052 6566
1784237782993 0.2624382972717285 6567
1784237783008 0.18243694305419922 6568
1784237783020 0.04754015803337097 6569
1784237783035 0.07227292656898499 6570
1784237783049 0.03772347792983055 6571
1784237783064 0.009342841804027557 6572
1784237783079 0.029919631779193878 6573
1784237783093 0.18628647923469543 6574
1784237783107 0.2690114974975586 6575
1784237783123 0.0544399693608284 6576
1784237783137 0.20724062621593475 6577
1784237783154 0.048941582441329956 6578
1784237783169 0.12697409093379974 6579
1784237783185 0.04906957969069481 6580
1784237783200 0.016095878556370735 6581
1784237783215 0.09547260403633118 6582
1784237783230 0.057560596615076065 6583
1784237783245 0.07075423002243042 6584
1784237783260 0.04197460040450096 6585
1784237783274 0.026309913024306297 6586
1784237783290 0.05661872401833534 6587
1784237783304 0.1273929476737976 6588
1784237783321 0.012717003002762794 6589
1784237783336 0.15421314537525177 6590
1784237783350 0.03647920861840248 6591
1784237783365 0.00947562512010336 6592
1784237783380 0.002157921902835369 6593
1784237783395 0.026710372418165207 6594
1784237783409 0.20630204677581787 6595
1784237783425 0.3097723424434662 6596
1784237783441 0.09518910199403763 6597
1784237783455 0.030062859877943993 6598
1784237783469 0.021271588280797005 6599
1784237783483 0.14133907854557037 6600
1784237783497 0.01823095977306366 6601
1784237783511 0.10980457067489624 6602
1784237783525 0.15684612095355988 6603
1784237783540 0.06904055923223495 6604
1784237783557 0.31483569741249084 6605
1784237783581 0.10354455560445786 6606
1784237783596 0.16257013380527496 6607
1784237783610 0.270516037940979 6608
1784237783626 0.18397650122642517 6609
1784237783640 0.04303211718797684 6610
1784237783655 0.08657995611429214 6611
1784237783671 0.06773828715085983 6612
1784237783684 0.01879904977977276 6613
1784237783700 0.017536677420139313 6614
1784237783712 0.11271775513887405 6615
1784237783724 0.06022898107767105 6616
1784237783739 0.17106075584888458 6617
1784237783754 0.04310464859008789 6618
1784237783770 0.08733895421028137 6619
1784237783785 0.059955887496471405 6620
1784237783801 0.19583642482757568 6621
1784237783817 0.15805619955062866 6622
1784237783833 0.031267955899238586 6623
1784237783849 0.11340401321649551 6624
1784237783865 0.059303853660821915 6625
1784237783882 0.03071029670536518 6626
1784237783898 0.10703068226575851 6627
1784237783914 0.01244775764644146 6628
1784237783930 0.07190877199172974 6629
1784237783948 0.03467993438243866 6630
1784237783965 0.05613058805465698 6631
1784237783982 0.024541091173887253 6632
1784237783997 0.06901228427886963 6633
1784237784012 0.025944601744413376 6634
1784237784029 0.07548824697732925 6635
1784237784044 0.17901930212974548 6636
1784237784060 0.10043134540319443 6637
1784237784077 0.008795459754765034 6638
1784237784093 0.02161850407719612 6639
1784237784108 0.06434006243944168 6640
1784237784127 0.07984799146652222 6641
1784237784142 0.016494886949658394 6642
1784237784158 0.262167751789093 6643
1784237784174 0.10063371807336807 6644
1784237784188 0.031078938394784927 6645
1784237784203 0.3422868251800537 6646
1784237784218 0.16609589755535126 6647
1784237784234 0.3106100559234619 6648
1784237784249 0.0356091745197773 6649
1784237784264 0.09558895230293274 6650
1784237784277 0.4433753788471222 6651
1784237784293 0.06488926708698273 6652
1784237784310 0.08247118443250656 6653
1784237784325 0.053246527910232544 6654
1784237784339 0.1518532633781433 6655
1784237784353 0.057246722280979156 6656
1784237784371 0.17940475046634674 6657
1784237784468 0.015990573912858963 6658
1784237784498 0.08412354439496994 6659
1784237784515 0.02871302329003811 6660
1784237784533 0.13376286625862122 6661
1784237784551 0.10676947236061096 6662
1784237784567 0.07127804309129715 6663
1784237784582 0.05921431630849838 6664
1784237784598 0.15518300235271454 6665
1784237784613 0.06863714754581451 6666
1784237784628 0.023252742365002632 6667
1784237784644 0.17608968913555145 6668
1784237784662 0.035854771733284 6669
1784237784677 0.15948058664798737 6670
1784237784693 0.015369238331913948 6671
1784237784707 0.14780521392822266 6672
1784237784722 0.07772286981344223 6673
1784237784737 0.13192015886306763 6674
1784237784754 0.016727490350604057 6675
1784237784769 0.029107937589287758 6676
1784237784783 0.17697910964488983 6677
1784237784797 0.06597008556127548 6678
1784237784812 0.026238322257995605 6679
1784237784826 0.08360596001148224 6680
1784237784842 0.027361249551177025 6681
1784237784858 0.030036406591534615 6682
1784237784873 0.10794053971767426 6683
1784237784888 0.044649869203567505 6684
1784237784904 0.02080579102039337 6685
1784237784919 0.12546668946743011 6686
1784237784933 0.013758278451859951 6687
1784237784948 0.3462407886981964 6688
1784237784964 0.015373860485851765 6689
1784237784979 0.11354365199804306 6690
1784237784993 0.11349879205226898 6691
1784237785007 0.08693776279687881 6692
1784237785023 0.3532784879207611 6693
1784237785037 0.2692767083644867 6694
1784237785052 0.15466025471687317 6695
1784237785068 0.030192257836461067 6696
1784237785090 0.1743638813495636 6697
1784237785172 0.138915553689003 6698
1784237785205 0.03586171194911003 6699
1784237785221 0.27223774790763855 6700
1784237785237 0.06932695209980011 6701
1784237785254 0.21237866580486298 6702
1784237785270 0.013065804727375507 6703
1784237785284 0.1220911294221878 6704
1784237785298 0.24407123029232025 6705
1784237785312 0.12722641229629517 6706
1784237785326 0.22823327779769897 6707
1784237785340 0.04962317273020744 6708
1784237785353 0.0179190244525671 6709
1784237785369 0.082942433655262 6710
1784237785384 0.23164741694927216 6711
1784237785399 0.41440340876579285 6712
1784237785414 0.17003852128982544 6713
1784237785429 0.09198018908500671 6714
1784237785444 0.09825052320957184 6715
1784237785460 0.031046098098158836 6716
1784237785474 0.07526124268770218 6717
1784237785490 0.07515504956245422 6718
1784237785505 0.12111851572990417 6719
1784237785521 0.155181422829628 6720
1784237785555 0.3817746639251709 6721
1784237785569 0.0562109537422657 6722
1784237785584 0.1801244020462036 6723
1784237785598 0.03351203352212906 6724
1784237785614 0.37994855642318726 6725
1784237785629 0.17162692546844482 6726
1784237785644 0.06918778270483017 6727
1784237785658 0.07410178333520889 6728
1784237785674 0.02733311429619789 6729
1784237785689 0.06403038650751114 6730
1784237785703 0.008065614849328995 6731
1784237785717 0.017959728837013245 6732
1784237785732 0.06280485540628433 6733
1784237785747 0.12000104039907455 6734
1784237785764 0.030919024720788002 6735
1784237785781 0.09571900218725204 6736
1784237785797 0.10900580883026123 6737
1784237785813 0.023593496531248093 6738
1784237785829 0.052191365510225296 6739
1784237785843 0.14042697846889496 6740
1784237785860 0.022978853434324265 6741
1784237785874 0.013680662959814072 6742
1784237785890 0.014280371367931366 6743
1784237785904 0.04320775344967842 6744
1784237785918 0.0868426188826561 6745
1784237785934 0.03539317101240158 6746
1784237785950 0.12696851789951324 6747
1784237785967 0.1566275656223297 6748
1784237785983 0.11962054669857025 6749
1784237785999 0.05387895554304123 6750
1784237786015 0.14858929812908173 6751
1784237786032 0.14231805503368378 6752
1784237786047 0.11892126500606537 6753
1784237786061 0.007879947312176228 6754
1784237786076 0.0740685984492302 6755
1784237786090 0.022232558578252792 6756
1784237786105 0.029742879793047905 6757
1784237786120 0.14561745524406433 6758
1784237786137 0.07617439329624176 6759
1784237786153 0.0311517845839262 6760
1784237786170 0.018224263563752174 6761
1784237786186 0.039414722472429276 6762
1784237786201 0.10336491465568542 6763
1784237786217 0.014340684749186039 6764
1784237786233 0.031047377735376358 6765
1784237786249 0.03382539004087448 6766
1784237786265 0.04659855738282204 6767
1784237786282 0.12139370292425156 6768
1784237786297 0.06538403779268265 6769
1784237786312 0.017173070460557938 6770
1784237786325 0.043715108186006546 6771
1784237786340 0.020484978333115578 6772
1784237786356 0.038989514112472534 6773
1784237786372 0.1622588038444519 6774
1784237786388 0.24756084382534027 6775
1784237786404 0.07107912749052048 6776
1784237786421 0.017157230526208878 6777
1784237786436 0.2454882115125656 6778
1784237786453 0.13771986961364746 6779
1784237786468 0.020090486854314804 6780
1784237786483 0.03427518159151077 6781
1784237786500 0.04728395491838455 6782
1784237786515 0.21047942340373993 6783
1784237786529 0.03579188138246536 6784
1784237786544 0.017680788412690163 6785
1784237786560 0.02357703633606434 6786
1784237786575 0.11150090396404266 6787
1784237786591 0.0059183817356824875 6788
1784237786605 0.07537352293729782 6789
1784237786620 0.04981812834739685 6790
1784237786635 0.09020266681909561 6791
1784237786650 0.016512742266058922 6792
1784237786665 0.10193426162004471 6793
1784237786683 0.051587752997875214 6794
1784237786699 0.03433611989021301 6795
1784237786717 0.47507500648498535 6796
1784237786734 0.03458895534276962 6797
1784237786751 0.04866259545087814 6798
1784237786766 0.03922262042760849 6799
1784237786783 0.07196592539548874 6800
1784237786798 0.13850633800029755 6801
1784237786815 0.05118522420525551 6802
1784237786830 0.03767591714859009 6803
1784237786846 0.1075693666934967 6804
1784237786862 0.08471914380788803 6805
1784237786874 0.06412532925605774 6806
1784237786890 0.011053118854761124 6807
1784237786904 0.012633848935365677 6808
1784237786920 0.06752234697341919 6809
1784237786934 0.23506046831607819 6810
1784237786948 0.01807033084332943 6811
1784237786963 0.06606782972812653 6812
1784237786977 0.05830337479710579 6813
1784237786991 0.02301669679582119 6814
1784237787006 0.14491231739521027 6815
1784237787020 0.04283294081687927 6816
1784237787037 0.2023990899324417 6817
1784237787051 0.03189106658101082 6818
1784237787066 0.10576532781124115 6819
1784237787080 0.03759727254509926 6820
1784237787094 0.01717090606689453 6821
1784237787108 0.2702969014644623 6822
1784237787123 0.03794356435537338 6823
1784237787137 0.12061649560928345 6824
1784237787153 0.005482078995555639 6825
1784237787168 0.04379523918032646 6826
1784237787183 0.02499966509640217 6827
1784237787198 0.03270334005355835 6828
1784237787214 0.0105401910841465 6829
1784237787231 0.2827373743057251 6830
1784237787246 0.13731473684310913 6831
1784237787260 0.18922576308250427 6832
1784237787274 0.136461079120636 6833
1784237787288 0.11399862915277481 6834
1784237787303 0.02929469756782055 6835
1784237787318 0.03132829815149307 6836
1784237787333 0.07583805918693542 6837
1784237787348 0.19918659329414368 6838
1784237787362 0.3897329270839691 6839
1784237787377 0.049458082765340805 6840
1784237787390 0.07110417634248734 6841
1784237787405 0.08481289446353912 6842
1784237787419 0.01957666501402855 6843
1784237787433 0.03089197166264057 6844
1784237787447 0.15654873847961426 6845
1784237787462 0.1346789002418518 6846
1784237787475 0.012538710609078407 6847
1784237787488 0.1439582109451294 6848
1784237787501 0.01858416013419628 6849
1784237787515 0.5480414032936096 6850
1784237787530 0.04384605213999748 6851
1784237787544 0.03663230314850807 6852
1784237787558 0.05431811884045601 6853
1784237787574 0.033926624804735184 6854
1784237787590 0.27369943261146545 6855
1784237787606 0.013595220632851124 6856
1784237787621 0.09293248504400253 6857
1784237787636 0.24760659039020538 6858
1784237787650 0.01956980861723423 6859
1784237787665 0.14350472390651703 6860
1784237787680 0.025223383679986 6861
1784237787692 0.10718778520822525 6862
1784237787708 0.039777059108018875 6863
1784237787722 0.1706198900938034 6864
1784237787737 0.048266321420669556 6865
1784237787752 0.029059289023280144 6866
1784237787768 0.34036916494369507 6867
1784237787782 0.12119869887828827 6868
1784237787797 0.08919885754585266 6869
1784237787812 0.21225687861442566 6870
1784237787828 0.004415500443428755 6871
1784237787842 0.01047943253070116 6872
1784237787857 0.023787008598446846 6873
1784237787873 0.011869128793478012 6874
1784237787886 0.017576590180397034 6875
1784237787899 0.06421709805727005 6876
1784237787913 0.020720072090625763 6877
1784237787928 0.07346135377883911 6878
1784237787943 0.010282214730978012 6879
1784237787957 0.06222197413444519 6880
1784237787971 0.22708265483379364 6881
1784237787985 0.0869608223438263 6882
1784237787999 0.027760403230786324 6883
1784237788014 0.09358052164316177 6884
1784237788029 0.06862030178308487 6885
1784237788042 0.20709241926670074 6886
1784237788055 0.023056915029883385 6887
1784237788070 0.04973594471812248 6888
1784237788084 0.02814844623208046 6889
1784237788099 0.19133199751377106 6890
1784237788114 0.011035103350877762 6891
1784237788129 0.2698880732059479 6892
1784237788144 0.018634989857673645 6893
1784237788157 0.03886129707098007 6894
1784237788173 0.025128591805696487 6895
1784237788188 0.130674347281456 6896
1784237788202 0.05289502069354057 6897
1784237788217 0.029282530769705772 6898
1784237788231 0.1969470977783203 6899
1784237788246 0.45891839265823364 6900
1784237788264 0.05615440383553505 6901
1784237788279 0.11066904664039612 6902
1784237788296 0.08157607913017273 6903
1784237788310 0.02077835239470005 6904
1784237788325 0.21987022459506989 6905
1784237788339 0.1001386046409607 6906
1784237788355 0.20474572479724884 6907
1784237788370 0.04951721429824829 6908
1784237788385 0.250456303358078 6909
1784237788398 0.06972209364175797 6910
1784237788410 0.3682699501514435 6911
1784237788425 0.12595441937446594 6912
1784237788439 0.0949288010597229 6913
1784237788454 0.1403752565383911 6914
1784237788468 0.03237982094287872 6915
1784237788481 0.1984718292951584 6916
1784237788495 0.14388231933116913 6917
1784237788518 0.07278793305158615 6918
1784237788536 0.012828240171074867 6919
1784237788550 0.16180506348609924 6920
1784237788564 0.05721045657992363 6921
1784237788579 0.2644060254096985 6922
1784237788593 0.10167825222015381 6923
1784237788606 0.2182912677526474 6924
1784237788621 0.0052694170735776424 6925
1784237788635 0.03321918472647667 6926
1784237788649 0.03266516700387001 6927
1784237788663 0.3763636648654938 6928
1784237788676 0.3402250409126282 6929
1784237788689 0.036508165299892426 6930
1784237788702 0.2566154897212982 6931
1784237788718 0.06490010768175125 6932
1784237788732 0.04889100790023804 6933
1784237788747 0.13605810701847076 6934
1784237788761 0.017761265859007835 6935
1784237788777 0.1510106772184372 6936
1784237788795 0.07154666632413864 6937
1784237788810 0.21185380220413208 6938
1784237788825 0.12913769483566284 6939
1784237788840 0.2645927965641022 6940
1784237788855 0.35879287123680115 6941
1784237788870 0.3022777736186981 6942
1784237788885 0.027718372642993927 6943
1784237788904 0.18035385012626648 6944
1784237788927 0.03769618272781372 6945
1784237788948 0.042898990213871 6946
1784237788966 0.1150611862540245 6947
1784237788984 0.05343512445688248 6948
1784237789002 0.24396495521068573 6949
1784237789020 0.17636056244373322 6950
1784237789036 0.1259206086397171 6951
1784237789051 0.031621839851140976 6952
1784237789066 0.1312321126461029 6953
1784237789083 0.01364639401435852 6954
1784237789098 0.05459029972553253 6955
1784237789113 0.08728018403053284 6956
1784237789129 0.032026663422584534 6957
1784237789146 0.029071250930428505 6958
1784237789164 0.01508241519331932 6959
1784237789182 0.1674775779247284 6960
1784237789198 0.19920891523361206 6961
1784237789213 0.06282296776771545 6962
1784237789230 0.05260384455323219 6963
1784237789247 0.038584914058446884 6964
1784237789263 0.1191689595580101 6965
1784237789279 0.06361928582191467 6966
1784237789294 0.22059011459350586 6967
1784237789309 0.14228449761867523 6968
1784237789326 0.008074136450886726 6969
1784237789342 0.21576575934886932 6970
1784237789358 0.1333809792995453 6971
1784237789375 0.03863835334777832 6972
1784237789389 0.26586103439331055 6973
1784237789403 0.04356128349900246 6974
1784237789418 0.027773473411798477 6975
1784237789432 0.1803058683872223 6976
1784237789447 0.12680794298648834 6977
1784237789463 0.10723862797021866 6978
1784237789475 0.1438695341348648 6979
1784237789489 0.024743609130382538 6980
1784237789504 0.011418864130973816 6981
1784237789518 0.041966188699007034 6982
1784237789533 0.11827873438596725 6983
1784237789548 0.01953471079468727 6984
1784237789564 0.027125544846057892 6985
1784237789580 0.11011284589767456 6986
1784237789595 0.12386438995599747 6987
1784237789609 0.10290662944316864 6988
1784237789622 0.042269401252269745 6989
1784237789635 0.17646394670009613 6990
1784237789649 0.26091518998146057 6991
1784237789664 0.18111522495746613 6992
1784237789679 0.03609106317162514 6993
1784237789694 0.014919029548764229 6994
1784237789709 0.061030641198158264 6995
1784237789721 0.0642876848578453 6996
1784237789734 0.04952705278992653 6997
1784237789747 0.024015219882130623 6998
1784237789762 0.011766921728849411 6999
1784237789777 0.0632043182849884 7000
1784237789791 0.011868947185575962 7001
1784237789806 0.13552850484848022 7002
1784237789821 0.10465962439775467 7003
1784237789837 0.06563222408294678 7004
1784237789852 0.006495312321931124 7005
1784237789866 0.04556708037853241 7006
1784237789881 0.014319106936454773 7007
1784237789895 0.02516232803463936 7008
1784237789910 0.1078384667634964 7009
1784237789925 0.21365274488925934 7010
1784237789938 0.06208741292357445 7011
1784237789951 0.01782446913421154 7012
1784237789964 0.015340106561779976 7013
1784237789978 0.05826922506093979 7014
1784237789993 0.12538889050483704 7015
1784237790007 0.14984947443008423 7016
1784237790022 0.04812132567167282 7017
1784237790038 0.17556720972061157 7018
1784237790051 0.06344969570636749 7019
1784237790064 0.008947601541876793 7020
1784237790079 0.03918607160449028 7021
1784237790093 0.17281074821949005 7022
1784237790108 0.0807943120598793 7023
1784237790123 0.03431081771850586 7024
1784237790138 0.06301958113908768 7025
1784237790154 0.018328718841075897 7026
1784237790169 0.12793664634227753 7027
1784237790183 0.12227589637041092 7028
1784237790200 0.05106576532125473 7029
1784237790215 0.10964053869247437 7030
1784237790229 0.16285163164138794 7031
1784237790244 0.3415153920650482 7032
1784237790260 0.052724193781614304 7033
1784237790274 0.0588628426194191 7034
1784237790289 0.3151756227016449 7035
1784237790303 0.10804010927677155 7036
1784237790317 0.08407037705183029 7037
1784237790331 0.04860665276646614 7038
1784237790347 0.1951141059398651 7039
1784237790362 0.027833949774503708 7040
1784237790377 0.021798647940158844 7041
1784237790391 0.4472171366214752 7042
1784237790405 0.06206414848566055 7043
1784237790421 0.18273712694644928 7044
1784237790436 0.16077707707881927 7045
1784237790450 0.15219491720199585 7046
1784237790465 0.04117776080965996 7047
1784237790479 0.07127070426940918 7048
1784237790492 0.026166506111621857 7049
1784237790508 0.008389636874198914 7050
1784237790522 0.02920694090425968 7051
1784237790538 0.11979356408119202 7052
1784237790553 0.04749901965260506 7053
1784237790568 0.13563953340053558 7054
1784237790583 0.14902949333190918 7055
1784237790598 0.2671758830547333 7056
1784237790613 0.12413480132818222 7057
1784237790627 0.38855499029159546 7058
1784237790643 0.020713163539767265 7059
1784237790659 0.016736403107643127 7060
1784237790672 0.13185589015483856 7061
1784237790687 0.3742418587207794 7062
1784237790704 0.04236454516649246 7063
1784237790717 0.03901322931051254 7064
1784237790732 0.018502656370401382 7065
1784237790747 0.08507248014211655 7066
1784237790762 0.01736699603497982 7067
1784237790778 0.13918401300907135 7068
1784237790791 0.03335700184106827 7069
1784237790805 0.21116085350513458 7070
1784237790821 0.052757687866687775 7071
1784237790835 0.21006432175636292 7072
1784237790849 0.02917913906276226 7073
1784237790862 0.04829616844654083 7074
1784237790875 0.19924502074718475 7075
1784237790889 0.02055673487484455 7076
1784237790903 0.02645152062177658 7077
1784237790919 0.04324918985366821 7078
1784237790934 0.2404167801141739 7079
1784237790947 0.1684928834438324 7080
1784237790961 0.45170557498931885 7081
1784237790976 0.004798794165253639 7082
1784237790988 0.018035978078842163 7083
1784237791002 0.0033206897787749767 7084
1784237791016 0.03322748839855194 7085
1784237791031 0.1360660195350647 7086
1784237791045 0.10976351052522659 7087
1784237791060 0.15792898833751678 7088
1784237791073 0.13447101414203644 7089
1784237791088 0.3281468152999878 7090
1784237791103 0.01523085217922926 7091
1784237791116 0.04618382826447487 7092
1784237791130 0.00974838063120842 7093
1784237791147 0.05649847537279129 7094
1784237791164 0.18655066192150116 7095
1784237791181 0.09692712128162384 7096
1784237791197 0.01717296428978443 7097
1784237791212 0.060694314539432526 7098
1784237791230 0.012661386281251907 7099
1784237791246 0.062233202159404755 7100
1784237791263 0.058805182576179504 7101
1784237791278 0.04520351439714432 7102
1784237791293 0.026512207463383675 7103
1784237791309 0.1396348923444748 7104
1784237791323 0.3299192786216736 7105
1784237791336 0.017346415668725967 7106
1784237791352 0.033248171210289 7107
1784237791367 0.05623329058289528 7108
1784237791381 0.050895433872938156 7109
1784237791394 0.033254481852054596 7110
1784237791408 0.10011298209428787 7111
1784237791424 0.09286878257989883 7112
1784237791440 0.18279647827148438 7113
1784237791453 0.09555383771657944 7114
1784237791466 0.06728770583868027 7115
1784237791482 0.009175640530884266 7116
1784237791496 0.2820540964603424 7117
1784237791512 0.4027247428894043 7118
1784237791527 0.03914778679609299 7119
1784237791538 0.03261533007025719 7120
1784237791552 0.13743676245212555 7121
1784237791567 0.012303192168474197 7122
1784237791588 0.00650513730943203 7123
1784237791601 0.2940901815891266 7124
1784237791615 0.06100010499358177 7125
1784237791631 0.04404091089963913 7126
1784237791646 0.008767475374042988 7127
1784237791660 0.07058485597372055 7128
1784237791675 0.03277219831943512 7129
1784237791689 0.0221653264015913 7130
1784237791704 0.04315819591283798 7131
1784237791720 0.07280464470386505 7132
1784237791735 0.11359148472547531 7133
1784237791750 0.10851910710334778 7134
1784237791763 0.02864959090948105 7135
1784237791777 0.03150637075304985 7136
1784237791792 0.2530825734138489 7137
1784237791805 0.03025357611477375 7138
1784237791820 0.021191764622926712 7139
1784237791835 0.1756764054298401 7140
1784237791850 0.00926149170845747 7141
1784237791865 0.06540262699127197 7142
1784237791878 0.030146116390824318 7143
1784237791896 0.04962913319468498 7144
1784237791912 0.06545790284872055 7145
1784237791927 0.02486257441341877 7146
1784237791943 0.26437464356422424 7147
1784237791959 0.05625799670815468 7148
1784237791974 0.11065630614757538 7149
1784237791990 0.47238385677337646 7150
1784237792005 0.053144220262765884 7151
1784237792021 0.007924209348857403 7152
1784237792038 0.028867822140455246 7153
1784237792053 0.015946801751852036 7154
1784237792071 0.012586641125380993 7155
1784237792087 0.005061819218099117 7156
1784237792104 0.032881852239370346 7157
1784237792120 0.11080501228570938 7158
1784237792137 0.1025654524564743 7159
1784237792151 0.02290882170200348 7160
1784237792166 0.09480483084917068 7161
1784237792181 0.018380222842097282 7162
1784237792195 0.23130765557289124 7163
1784237792210 0.14431658387184143 7164
1784237792226 0.14956137537956238 7165
1784237792241 0.23906739056110382 7166
1784237792258 0.10426080226898193 7167
1784237792272 0.059352993965148926 7168
1784237792287 0.016171159222722054 7169
1784237792302 0.008152577094733715 7170
1784237792318 0.014319543726742268 7171
1784237792334 0.011090360581874847 7172
1784237792351 0.1252702921628952 7173
1784237792368 0.2824680805206299 7174
1784237792384 0.08074254542589188 7175
1784237792402 0.09170570224523544 7176
1784237792418 0.011107283644378185 7177
1784237792433 0.3104844093322754 7178
1784237792448 0.12908077239990234 7179
1784237792462 0.04113371670246124 7180
1784237792476 0.05993296205997467 7181
1784237792489 0.10702306777238846 7182
1784237792504 0.020630301907658577 7183
1784237792518 0.06655089557170868 7184
1784237792533 0.023198209702968597 7185
1784237792546 0.13134895265102386 7186
1784237792561 0.07782550901174545 7187
1784237792576 0.1115388348698616 7188
1784237792590 0.04409225657582283 7189
1784237792604 0.34828636050224304 7190
1784237792621 0.03927142173051834 7191
1784237792635 0.052898816764354706 7192
1784237792650 0.07787146419286728 7193
1784237792663 0.06353247910737991 7194
1784237792677 0.054767150431871414 7195
1784237792690 0.16182735562324524 7196
1784237792704 0.09619874507188797 7197
1784237792718 0.01377871073782444 7198
1784237792731 0.03352824226021767 7199
1784237792744 0.03647664934396744 7200
1784237792756 0.10371757298707962 7201
1784237792771 0.0998033881187439 7202
1784237792785 0.02648213505744934 7203
1784237792800 0.02035653591156006 7204
1784237792815 0.17375776171684265 7205
1784237792830 0.014709792099893093 7206
1784237792845 0.1397956758737564 7207
1784237792859 0.04965983331203461 7208
1784237792875 0.22724683582782745 7209
1784237792890 0.046669162809848785 7210
1784237792907 0.03638426959514618 7211
1784237792921 0.27040332555770874 7212
1784237792936 0.05779912695288658 7213
1784237792952 0.34129640460014343 7214
1784237792968 0.027659617364406586 7215
1784237792983 0.3450785279273987 7216
1784237792998 0.11551877111196518 7217
1784237793012 0.09319885075092316 7218
1784237793026 0.07600956410169601 7219
1784237793041 0.01346961222589016 7220
1784237793055 0.0807388499379158 7221
1784237793069 0.004039774648845196 7222
1784237793084 0.11837423592805862 7223
1784237793099 0.22345739603042603 7224
1784237793113 0.01997770369052887 7225
1784237793127 0.08114706724882126 7226
1784237793139 0.08095958083868027 7227
1784237793154 0.23684103786945343 7228
1784237793169 0.06860645860433578 7229
1784237793185 0.2987012267112732 7230
1784237793199 0.020116789266467094 7231
1784237793214 0.27203598618507385 7232
1784237793229 0.16857002675533295 7233
1784237793243 0.33748704195022583 7234
1784237793256 0.49357783794403076 7235
1784237793272 0.2484784871339798 7236
1784237793286 0.0771414265036583 7237
1784237793302 0.13508112728595734 7238
1784237793316 0.08227746188640594 7239
1784237793331 0.05959806591272354 7240
1784237793345 0.11271114647388458 7241
1784237793360 0.04523618519306183 7242
1784237793375 0.06230931729078293 7243
1784237793390 0.04856929928064346 7244
1784237793408 0.44299110770225525 7245
1784237793423 0.03658583387732506 7246
1784237793440 0.08777595311403275 7247
1784237793458 0.14628781378269196 7248
1784237793475 0.13984201848506927 7249
1784237793490 0.05575348436832428 7250
1784237793505 0.07146203517913818 7251
1784237793521 0.12630203366279602 7252
1784237793537 0.10401881486177444 7253
1784237793552 0.1909124106168747 7254
1784237793567 0.10698185861110687 7255
1784237793582 0.01872085966169834 7256
1784237793597 0.3385016918182373 7257
1784237793611 0.017716122791171074 7258
1784237793644 0.016080979257822037 7259
1784237793659 0.31178295612335205 7260
1784237793673 0.02647845260798931 7261
1784237793688 0.0948788970708847 7262
1784237793705 0.054665207862854004 7263
1784237793718 0.24689866602420807 7264
1784237793734 0.05411362275481224 7265
1784237793748 0.04828741401433945 7266
1784237793763 0.017583753913640976 7267
1784237793777 0.11893367767333984 7268
1784237793791 0.16779553890228271 7269
1784237793807 0.1347385048866272 7270
1784237793823 0.1367432326078415 7271
1784237793838 0.04205602407455444 7272
1784237793853 0.007628072518855333 7273
1784237793868 0.008231211453676224 7274
1784237793881 0.011592194437980652 7275
1784237793896 0.12739630043506622 7276
1784237793910 0.022376613691449165 7277
1784237793925 0.24099843204021454 7278
1784237793943 0.046132441610097885 7279
1784237793958 0.16732457280158997 7280
1784237793974 0.026653584092855453 7281
1784237793988 0.018536755815148354 7282
1784237794007 0.05193386226892471 7283
1784237794023 0.0633430927991867 7284
1784237794040 0.28949347138404846 7285
1784237794055 0.2019759863615036 7286
1784237794072 0.16901443898677826 7287
1784237794088 0.015171103179454803 7288
1784237794104 0.006733088754117489 7289
1784237794120 0.061966672539711 7290
1784237794135 0.015927154570817947 7291
1784237794152 0.02222674898803234 7292
1784237794168 0.027718819677829742 7293
1784237794183 0.017000563442707062 7294
1784237794202 0.047456685453653336 7295
1784237794218 0.1357884258031845 7296
1784237794234 0.025407353416085243 7297
1784237794249 0.031210286542773247 7298
1784237794267 0.044289421290159225 7299
1784237794282 0.0970066636800766 7300
1784237794301 0.06175898760557175 7301
1784237794318 0.4553357660770416 7302
1784237794334 0.03533950820565224 7303
1784237794351 0.0926155298948288 7304
1784237794366 0.001310079824179411 7305
1784237794382 0.1556958556175232 7306
1784237794397 0.0739997997879982 7307
1784237794413 0.10581723600625992 7308
1784237794429 0.2734711766242981 7309
1784237794445 0.12372857332229614 7310
1784237794461 0.005520820617675781 7311
1784237794475 0.011391575448215008 7312
1784237794490 0.052934881299734116 7313
1784237794504 0.19559815526008606 7314
1784237794519 0.10701525956392288 7315
1784237794536 0.033280957490205765 7316
1784237794551 0.23050957918167114 7317
1784237794565 0.03387313708662987 7318
1784237794578 0.026532722637057304 7319
1784237794593 0.039818305522203445 7320
1784237794605 0.09726200997829437 7321
1784237794619 0.0888725072145462 7322
1784237794635 0.0764782652258873 7323
1784237794648 0.07641399651765823 7324
1784237794661 0.11366016417741776 7325
1784237794675 0.014224963262677193 7326
1784237794690 0.10134311765432358 7327
1784237794707 0.02308771386742592 7328
1784237794721 0.059274256229400635 7329
1784237794735 0.2304389774799347 7330
1784237794748 0.013327687978744507 7331
1784237794762 0.009279372170567513 7332
1784237794776 0.09354561567306519 7333
1784237794788 0.027828402817249298 7334
1784237794804 0.15912382304668427 7335
1784237794819 0.077511727809906 7336
1784237794834 0.13363516330718994 7337
1784237794848 0.03165167570114136 7338
1784237794864 0.09284950792789459 7339
1784237794878 0.0214082021266222 7340
1784237794894 0.05891873314976692 7341
1784237794908 0.05689677968621254 7342
1784237794923 0.08048109710216522 7343
1784237794937 0.015344847925007343 7344
1784237794952 0.15788784623146057 7345
1784237794967 0.011221076361835003 7346
1784237794982 0.04118376225233078 7347
1784237794997 0.012017556466162205 7348
1784237795011 0.112361840903759 7349
1784237795026 0.012359747663140297 7350
1784237795040 0.21386735141277313 7351
1784237795054 0.04202364757657051 7352
1784237795068 0.08038410544395447 7353
1784237795083 0.06963641196489334 7354
1784237795098 0.101964071393013 7355
1784237795113 0.07325012981891632 7356
1784237795129 0.016299232840538025 7357
1784237795144 0.21952901780605316 7358
1784237795159 0.29626524448394775 7359
1784237795173 0.19027219712734222 7360
1784237795187 0.02857028879225254 7361
1784237795201 0.17133674025535583 7362
1784237795216 0.13884077966213226 7363
1784237795231 0.09259071946144104 7364
1784237795245 0.04429628700017929 7365
1784237795260 0.02005612477660179 7366
1784237795274 0.1318303644657135 7367
1784237795289 0.13283738493919373 7368
1784237795304 0.11567453294992447 7369
1784237795318 0.0798993855714798 7370
1784237795333 0.0324479378759861 7371
1784237795348 0.38016122579574585 7372
1784237795362 0.06812111288309097 7373
1784237795378 0.005292301997542381 7374
1784237795392 0.06858766078948975 7375
1784237795406 0.0579962395131588 7376
1784237795421 0.0031175105832517147 7377
1784237795436 0.08221527934074402 7378
1784237795450 0.15619894862174988 7379
1784237795465 0.020384253934025764 7380
1784237795479 0.043568894267082214 7381
1784237795493 0.035163234919309616 7382
1784237795506 0.012646405026316643 7383
1784237795522 0.040160518139600754 7384
1784237795536 0.04741428419947624 7385
1784237795551 0.08347498625516891 7386
1784237795565 0.0882955864071846 7387
1784237795579 0.22953571379184723 7388
1784237795594 0.05802058055996895 7389
1784237795611 0.19301894307136536 7390
1784237795630 0.049769382923841476 7391
1784237795647 0.04039862006902695 7392
1784237795664 0.04675648361444473 7393
1784237795679 0.08325748145580292 7394
1784237795696 0.2298765331506729 7395
1784237795712 0.020937029272317886 7396
1784237795727 0.051715925335884094 7397
1784237795741 0.015361565165221691 7398
1784237795756 0.060315098613500595 7399
1784237795772 0.06277916580438614 7400
1784237795786 0.3404228389263153 7401
1784237795803 0.0359581857919693 7402
1784237795818 0.013377796858549118 7403
1784237795832 0.08434586226940155 7404
1784237795847 0.03821501135826111 7405
1784237795862 0.437899649143219 7406
1784237795876 0.1342412531375885 7407
1784237795890 0.003937154542654753 7408
1784237795905 0.0498492456972599 7409
1784237795920 0.02726965956389904 7410
1784237795935 0.0048309024423360825 7411
1784237795950 0.053603749722242355 7412
1784237795964 0.036564696580171585 7413
1784237795979 0.03828343003988266 7414
1784237795993 0.14008887112140656 7415
1784237796008 0.008183099329471588 7416
1784237796022 0.15854544937610626 7417
1784237796037 0.10363605618476868 7418
1784237796052 0.10772820562124252 7419
1784237796068 0.025580856949090958 7420
1784237796084 0.07275509834289551 7421
1784237796098 0.08478671312332153 7422
1784237796113 0.13492916524410248 7423
1784237796127 0.14380575716495514 7424
1784237796141 0.41051021218299866 7425
1784237796153 0.0870664119720459 7426
1784237796168 0.2186267077922821 7427
1784237796184 0.02416638471186161 7428
1784237796196 0.11455241590738297 7429
1784237796209 0.5661154389381409 7430
1784237796225 0.28752079606056213 7431
1784237796238 0.32234659790992737 7432
1784237796253 0.2666144371032715 7433
1784237796268 0.12124201655387878 7434
1784237796282 0.083371102809906 7435
1784237796297 0.006437499076128006 7436
1784237796313 0.08256001770496368 7437
1784237796329 0.0055819181725382805 7438
1784237796343 0.04483385756611824 7439
1784237796358 0.1345825046300888 7440
1784237796372 0.18682993948459625 7441
1784237796386 0.2325829416513443 7442
1784237796402 0.02703203819692135 7443
1784237796416 0.273620069026947 7444
1784237796430 0.08140425384044647 7445
1784237796445 0.017701007425785065 7446
1784237796461 0.05339256674051285 7447
1784237796475 0.3583918511867523 7448
1784237796491 0.02183663286268711 7449
1784237796504 0.01566977985203266 7450
1784237796518 0.03164411336183548 7451
1784237796532 0.01740903966128826 7452
1784237796548 0.023691751062870026 7453
1784237796561 0.0422927662730217 7454
1784237796576 0.10136833041906357 7455
1784237796592 0.06387997418642044 7456
1784237796615 0.06343715637922287 7457
1784237796629 0.053052399307489395 7458
1784237796646 0.1198047399520874 7459
1784237796661 0.017317214980721474 7460
1784237796676 0.1053895577788353 7461
1784237796690 0.06065988168120384 7462
1784237796704 0.21801336109638214 7463
1784237796720 0.1611393541097641 7464
1784237796733 0.2602725327014923 7465
1784237796748 0.017103780061006546 7466
1784237796763 0.028412815183401108 7467
1784237796777 0.02725905552506447 7468
1784237796791 0.1871577352285385 7469
1784237796805 0.08280666172504425 7470
1784237796821 0.05927198752760887 7471
1784237796835 0.04956436529755592 7472
1784237796851 0.01521139033138752 7473
1784237796866 0.1730249673128128 7474
1784237796882 0.03433019295334816 7475
1784237796896 0.2073105126619339 7476
1784237796912 0.47995033860206604 7477
1784237796928 0.16594097018241882 7478
1784237796945 0.17965444922447205 7479
1784237796962 0.062062572687864304 7480
1784237796976 0.1476736217737198 7481
1784237796992 0.07114137709140778 7482
1784237797008 0.007812565192580223 7483
1784237797023 0.251587450504303 7484
1784237797038 0.10661265254020691 7485
1784237797054 0.11973989754915237 7486
1784237797072 0.02757614105939865 7487
1784237797088 0.07726053148508072 7488
1784237797103 0.30849072337150574 7489
1784237797118 0.17317081987857819 7490
1784237797135 0.2561746835708618 7491
1784237797153 0.03863540664315224 7492
1784237797169 0.04282425716519356 7493
1784237797182 0.04974890500307083 7494
1784237797199 0.15055590867996216 7495
1784237797214 0.022447427734732628 7496
1784237797227 0.18396241962909698 7497
1784237797244 0.026295039802789688 7498
1784237797260 0.19443358480930328 7499
1784237798676 0.11617438495159149 7500
1784237798696 0.010623154230415821 7501
1784237798713 0.12518104910850525 7502
1784237798730 0.03669817000627518 7503
1784237798748 0.023623818531632423 7504
1784237798764 0.03142615780234337 7505
1784237798780 0.057560309767723083 7506
1784237798877 0.03984716162085533 7507
1784237798900 0.06473793834447861 7508
1784237798919 0.04601774737238884 7509
1784237798940 0.16281652450561523 7510
1784237798957 0.037063196301460266 7511
1784237798972 0.02442198619246483 7512
1784237798987 0.015100331045687199 7513
1784237799002 0.07322008907794952 7514
1784237799019 0.15219645202159882 7515
1784237799034 0.07128215581178665 7516
1784237799050 0.02776116319000721 7517
1784237799064 0.20006801187992096 7518
1784237799081 0.14873656630516052 7519
1784237799096 0.04250241816043854 7520
1784237799110 0.05017566308379173 7521
1784237799124 0.12610769271850586 7522
1784237799139 0.1123284325003624 7523
1784237799153 0.017262713983654976 7524
1784237799168 0.01879081316292286 7525
1784237799183 0.1369328647851944 7526
1784237799197 0.2323133796453476 7527
1784237799211 0.09975745528936386 7528
1784237799227 0.008325821720063686 7529
1784237799243 0.10179837793111801 7530
1784237799259 0.2094532549381256 7531
1784237799273 0.09169748425483704 7532
1784237799287 0.04629730060696602 7533
1784237799303 0.07088491320610046 7534
1784237799318 0.0228810403496027 7535
1784237799331 0.10372760146856308 7536
1784237799346 0.21109478175640106 7537
1784237799361 0.005232709925621748 7538
1784237799375 0.12144753336906433 7539
1784237799390 0.014898342080414295 7540
1784237799404 0.01508655957877636 7541
1784237799419 0.09821636974811554 7542
1784237799434 0.17429886758327484 7543
1784237799450 0.0632416382431984 7544
1784237799465 0.05250163748860359 7545
1784237799479 0.14119915664196014 7546
1784237799495 0.0708247721195221 7547
1784237799510 0.005243406165391207 7548
1784237799526 0.05369123816490173 7549
1784237799541 0.11360754072666168 7550
1784237799556 0.07334227114915848 7551
1784237799571 0.02512626349925995 7552
1784237799587 0.0337710976600647 7553
1784237799603 0.09655597060918808 7554
1784237799617 0.12451628595590591 7555
1784237799640 0.009012190625071526 7556
1784237799656 0.06668347120285034 7557
1784237799669 0.03128235042095184 7558
1784237799681 0.061797767877578735 7559
1784237799694 0.10079310089349747 7560
1784237799709 0.13276636600494385 7561
1784237799727 0.11299701780080795 7562
1784237799743 0.018393738195300102 7563
1784237799756 0.14593029022216797 7564
1784237799771 0.05240944027900696 7565
1784237799785 0.29443421959877014 7566
1784237799799 0.10725952684879303 7567
1784237799814 0.06508692353963852 7568
1784237799828 0.04881099611520767 7569
1784237799842 0.024443190544843674 7570
1784237799863 0.03471055626869202 7571
1784237799877 0.15206003189086914 7572
1784237799894 0.008020401932299137 7573
1784237799908 0.24011902511119843 7574
1784237799925 0.029980547726154327 7575
1784237799941 0.04003851115703583 7576
1784237799954 0.030368950217962265 7577
1784237799969 0.01613580994307995 7578
1784237799984 0.05003049969673157 7579
1784237800001 0.005438599735498428 7580
1784237800016 0.018152114003896713 7581
1784237800033 0.2133181393146515 7582
1784237800049 0.008173583075404167 7583
1784237800069 0.030031027272343636 7584
1784237800089 0.13773123919963837 7585
1784237800106 0.029539836570620537 7586
1784237800124 0.16918006539344788 7587
1784237800144 0.3401382863521576 7588
1784237800162 0.009753309190273285 7589
1784237800176 0.21207381784915924 7590
1784237800191 0.06739147007465363 7591
1784237800206 0.02705250307917595 7592
1784237800224 0.02435651421546936 7593
1784237800238 0.18645508587360382 7594
1784237800253 0.032767120748758316 7595
1784237800270 0.0525418221950531 7596
1784237800283 0.05324765667319298 7597
1784237800297 0.14134250581264496 7598
1784237800313 0.07532083988189697 7599
1784237800328 0.056028373539447784 7600
1784237800343 0.308069109916687 7601
1784237800359 0.012410677969455719 7602
1784237800374 0.03158180043101311 7603
1784237800389 0.1635669618844986 7604
1784237800405 0.26399126648902893 7605
1784237800421 0.04006217047572136 7606
1784237800436 0.015276070684194565 7607
1784237800451 0.08740886300802231 7608
1784237800467 0.0512225404381752 7609
1784237800480 0.11265813559293747 7610
1784237800493 0.08949805051088333 7611
1784237800508 0.04148808866739273 7612
1784237800524 0.07430940866470337 7613
1784237800537 0.015745658427476883 7614
1784237800554 0.1817760169506073 7615
1784237800569 0.19441400468349457 7616
1784237800586 0.017009234055876732 7617
1784237800601 0.036778222769498825 7618
1784237800615 0.023904673755168915 7619
1784237800630 0.01011870801448822 7620
1784237800645 0.1483759731054306 7621
1784237800661 0.04213850572705269 7622
1784237800677 0.005012332461774349 7623
1784237800693 0.08373617380857468 7624
1784237800707 0.12293433398008347 7625
1784237800720 0.031926531344652176 7626
1784237800736 0.056809913367033005 7627
1784237800751 0.010921398177742958 7628
1784237800765 0.184850811958313 7629
1784237800780 0.05568031221628189 7630
1784237800795 0.07855866849422455 7631
1784237800810 0.3827533423900604 7632
1784237800825 0.027645738795399666 7633
1784237800839 0.07773657143115997 7634
1784237800853 0.0547606498003006 7635
1784237800868 0.09752903878688812 7636
1784237800884 0.1366586685180664 7637
1784237800899 0.09947386384010315 7638
1784237800913 0.05832438915967941 7639
1784237800928 0.0407787524163723 7640
1784237800942 0.04119763523340225 7641
1784237800958 0.020252713933587074 7642
1784237800972 0.014581614173948765 7643
1784237800986 0.016567829996347427 7644
1784237801000 0.04135624319314957 7645
1784237801015 0.10713361948728561 7646
1784237801029 0.15940725803375244 7647
1784237801042 0.03525674715638161 7648
1784237801056 0.052265021950006485 7649
1784237801070 0.08831550180912018 7650
1784237801086 0.11313578486442566 7651
1784237801100 0.0031447983346879482 7652
1784237801115 0.006961904466152191 7653
1784237801129 0.01612556166946888 7654
1784237801144 0.03253699466586113 7655
1784237801158 0.014513424597680569 7656
1784237801173 0.08394420892000198 7657
1784237801186 0.07906709611415863 7658
1784237801201 0.023844942450523376 7659
1784237801215 0.08428221940994263 7660
1784237801230 0.005609146319329739 7661
1784237801245 0.20673991739749908 7662
1784237801258 0.08921126276254654 7663
1784237801274 0.01406969502568245 7664
1784237801289 0.023846786469221115 7665
1784237801303 0.06458012759685516 7666
1784237801317 0.06639909744262695 7667
1784237801332 0.04435233399271965 7668
1784237801345 0.03684931620955467 7669
1784237801360 0.03627919405698776 7670
1784237801375 0.20586280524730682 7671
1784237801389 0.07221721857786179 7672
1784237801403 0.038887184113264084 7673
1784237801418 0.06362733989953995 7674
1784237801433 0.05427180975675583 7675
1784237801447 0.1799045205116272 7676
1784237801463 0.1558595448732376 7677
1784237801477 0.12247160077095032 7678
1784237801495 0.03663337603211403 7679
1784237801510 0.06788545846939087 7680
1784237801525 0.04651227220892906 7681
1784237801539 0.07938151806592941 7682
1784237801554 0.06916893273591995 7683
1784237801568 0.17349664866924286 7684
1784237801584 0.02503480762243271 7685
1784237801618 0.11096270382404327 7686
1784237801633 0.05857910215854645 7687
1784237801647 0.19037917256355286 7688
1784237801661 0.11470682919025421 7689
1784237801676 0.04241573438048363 7690
1784237801690 0.18986792862415314 7691
1784237801705 0.24366076290607452 7692
1784237801719 0.04408716410398483 7693
1784237801735 0.03024650365114212 7694
1784237801750 0.10177695006132126 7695
1784237801764 0.09665395319461823 7696
1784237801779 0.03549317270517349 7697
1784237801793 0.007787978742271662 7698
1784237801809 0.033048126846551895 7699
1784237801823 0.04310212656855583 7700
1784237801837 0.04009627550840378 7701
1784237801853 0.13522696495056152 7702
1784237801870 0.014027690514922142 7703
1784237801888 0.07469972968101501 7704
1784237801901 0.3148476183414459 7705
1784237801916 0.31307846307754517 7706
1784237801932 0.018792904913425446 7707
1784237801948 0.05093221738934517 7708
1784237801964 0.03543796390295029 7709
1784237801979 0.01152342651039362 7710
1784237801995 0.03335459530353546 7711
1784237802012 0.09221398085355759 7712
1784237802027 0.03452848270535469 7713
1784237802043 0.0069065997377038 7714
1784237802059 0.07057344913482666 7715
1784237802076 0.12155025452375412 7716
1784237802093 0.06675152480602264 7717
1784237802109 0.32679110765457153 7718
1784237802125 0.004179023206233978 7719
1784237802140 0.06920107454061508 7720
1784237802157 0.06788088381290436 7721
1784237802174 0.23990224301815033 7722
1784237802191 0.028684409335255623 7723
1784237802206 0.033959075808525085 7724
1784237802221 0.04525945335626602 7725
1784237802237 0.018571076914668083 7726
1784237802254 0.13086609542369843 7727
1784237802271 0.05788388475775719 7728
1784237802285 0.008550239726901054 7729
1784237802305 0.14112742245197296 7730
1784237802329 0.048110056668519974 7731
1784237802347 0.011333420872688293 7732
1784237802364 0.008890889585018158 7733
1784237802381 0.032896898686885834 7734
1784237802395 0.006923815701156855 7735
1784237802413 0.11801491677761078 7736
1784237802429 0.01081818901002407 7737
1784237802443 0.010971813462674618 7738
1784237802456 0.039527442306280136 7739
1784237802471 0.0036078928969800472 7740
1784237802484 0.020592747256159782 7741
1784237802497 0.05928226560354233 7742
1784237802514 0.03881276398897171 7743
1784237802527 0.1744806170463562 7744
1784237802543 0.2031911164522171 7745
1784237802558 0.007956542074680328 7746
1784237802573 0.04043229669332504 7747
1784237802588 0.06733459234237671 7748
1784237802606 0.014087836258113384 7749
1784237802620 0.21582698822021484 7750
1784237802636 0.021846767514944077 7751
1784237802652 0.35079365968704224 7752
1784237802667 0.13927750289440155 7753
1784237802682 0.10721205919981003 7754
1784237802695 0.08355095982551575 7755
1784237802710 0.13669507205486298 7756
1784237802726 0.007108794990926981 7757
1784237802740 0.03787468746304512 7758
1784237802755 0.10952181369066238 7759
1784237802769 0.018348602578043938 7760
1784237802782 0.11694791167974472 7761
1784237802797 0.005923117510974407 7762
1784237802812 0.0052016731351614 7763
1784237802826 0.019114365801215172 7764
1784237802840 0.12867982685565948 7765
1784237802857 0.21467827260494232 7766
1784237802872 0.057430826127529144 7767
1784237802885 0.02112506330013275 7768
1784237802900 0.12292217463254929 7769
1784237802914 0.006267900113016367 7770
1784237802930 0.07283290475606918 7771
1784237802943 0.01703394018113613 7772
1784237802958 0.025202147662639618 7773
1784237802972 0.1137903481721878 7774
1784237802986 0.04670319706201553 7775
1784237803002 0.13678042590618134 7776
1784237803016 0.30392399430274963 7777
1784237803032 0.05481516942381859 7778
1784237803046 0.020504886284470558 7779
1784237803061 0.017787693068385124 7780
1784237803076 0.036390986293554306 7781
1784237803092 0.02989145927131176 7782
1784237803107 0.0029168776236474514 7783
1784237803120 0.01521364226937294 7784
1784237803135 0.013023696839809418 7785
1784237803151 0.23093973100185394 7786
1784237803166 0.01397660467773676 7787
1784237803180 0.12989814579486847 7788
1784237803194 0.07565271109342575 7789
1784237803210 0.07249178737401962 7790
1784237803225 0.02365204691886902 7791
1784237803239 0.2368222326040268 7792
1784237803253 0.021111514419317245 7793
1784237803268 0.019498208537697792 7794
1784237803283 0.01466855127364397 7795
1784237803298 0.07089284062385559 7796
1784237803312 0.15135562419891357 7797
1784237803328 0.007758857682347298 7798
1784237803343 0.11272414028644562 7799
1784237803358 0.06261344999074936 7800
1784237803374 0.007129671983420849 7801
1784237803389 0.08251480758190155 7802
1784237803403 0.005962122697383165 7803
1784237803418 0.028553618118166924 7804
1784237803432 0.03407548740506172 7805
1784237803445 0.2393520027399063 7806
1784237803459 0.1286826729774475 7807
1784237803474 0.09351276606321335 7808
1784237803488 0.3456677198410034 7809
1784237803503 0.03030652366578579 7810
1784237803518 0.18859322369098663 7811
1784237803531 0.03061116673052311 7812
1784237803545 0.03565353900194168 7813
1784237803558 0.09275273233652115 7814
1784237803570 0.2842194139957428 7815
1784237803584 0.16207943856716156 7816
1784237803599 0.0692700743675232 7817
1784237803614 0.057849712669849396 7818
1784237803629 0.06345336884260178 7819
1784237803643 0.06407752633094788 7820
1784237803657 0.06179075315594673 7821
1784237803671 0.027901098132133484 7822
1784237803687 0.003831307403743267 7823
1784237803701 0.09465103596448898 7824
1784237803716 0.018376629799604416 7825
1784237803731 0.10425899177789688 7826
1784237803745 0.21695326268672943 7827
1784237803759 0.15119566023349762 7828
1784237803774 0.06397424638271332 7829
1784237803788 0.003625077661126852 7830
1784237803801 0.27129125595092773 7831
1784237803817 0.16640639305114746 7832
1784237803831 0.1754082590341568 7833
1784237803845 0.14846870303153992 7834
1784237803859 0.02202809974551201 7835
1784237803871 0.05719080567359924 7836
1784237803885 0.023449312895536423 7837
1784237803900 0.12522707879543304 7838
1784237803915 0.016391050070524216 7839
1784237803929 0.10805259644985199 7840
1784237803945 0.058051954954862595 7841
1784237803958 0.018910260871052742 7842
1784237803972 0.021209318190813065 7843
1784237803987 0.1581956446170807 7844
1784237804002 0.0839366540312767 7845
1784237804015 0.03330203890800476 7846
1784237804028 0.0042668054811656475 7847
1784237804041 0.1764090359210968 7848
1784237804053 0.0224857646971941 7849
1784237804067 0.07066532969474792 7850
1784237804081 0.05738386884331703 7851
1784237804098 0.019141361117362976 7852
1784237804113 0.11435572057962418 7853
1784237804127 0.009738309308886528 7854
1784237804143 0.019952796399593353 7855
1784237804156 0.13655084371566772 7856
1784237804169 0.055825721472501755 7857
1784237804183 0.08579886704683304 7858
1784237804199 0.020460831001400948 7859
1784237804213 0.007024426478892565 7860
1784237804228 0.0575043149292469 7861
1784237804243 0.019337764009833336 7862
1784237804256 0.2006666213274002 7863
1784237804272 0.03916753828525543 7864
1784237804287 0.06534554064273834 7865
1784237804304 0.0053421068005263805 7866
1784237804319 0.019363127648830414 7867
1784237804335 0.014085552655160427 7868
1784237804351 0.050251416862010956 7869
1784237804366 0.020824989303946495 7870
1784237804382 0.021288925781846046 7871
1784237804397 0.09964745491743088 7872
1784237804411 0.1774669736623764 7873
1784237804425 0.11328604072332382 7874
1784237804440 0.023195112124085426 7875
1784237804454 0.109543077647686 7876
1784237804467 0.10776974260807037 7877
1784237804480 0.014054728671908379 7878
1784237804493 0.007503421511501074 7879
1784237804508 0.0014974804362282157 7880
1784237804524 0.02545585297048092 7881
1784237804541 0.1816215068101883 7882
1784237804557 0.05032379552721977 7883
1784237804575 0.014173291623592377 7884
1784237804592 0.07699060440063477 7885
1784237804608 0.0903838574886322 7886
1784237804634 0.14310044050216675 7887
1784237804651 0.018427204340696335 7888
1784237804665 0.029872365295886993 7889
1784237804681 0.3450658619403839 7890
1784237804699 0.39965468645095825 7891
1784237804714 0.049625739455223083 7892
1784237804728 0.10785682499408722 7893
1784237804744 0.060116369277238846 7894
1784237804760 0.021754782646894455 7895
1784237804774 0.010055881924927235 7896
1784237804790 0.13861972093582153 7897
1784237804803 0.04701370745897293 7898
1784237804818 0.09402812272310257 7899
1784237804834 0.1488586664199829 7900
1784237804848 0.2361029088497162 7901
1784237804863 0.1913842260837555 7902
1784237804877 0.007653680630028248 7903
1784237804894 0.02561355009675026 7904
1784237804909 0.04655172675848007 7905
1784237804928 0.03058454394340515 7906
1784237804944 0.378852903842926 7907
1784237804959 0.06266304105520248 7908
1784237804974 0.05841626599431038 7909
1784237804991 0.10950438678264618 7910
1784237805008 0.0497400164604187 7911
1784237805024 0.04277851805090904 7912
1784237805039 0.009795617312192917 7913
1784237805052 0.11634168773889542 7914
1784237805066 0.009251788258552551 7915
1784237805082 0.08649574220180511 7916
1784237805098 0.002062376355752349 7917
1784237805113 0.06460496038198471 7918
1784237805128 0.1670980304479599 7919
1784237805144 0.014584025368094444 7920
1784237805161 0.0064786323346197605 7921
1784237805177 0.05468416213989258 7922
1784237805192 0.06632845848798752 7923
1784237805209 0.13047313690185547 7924
1784237805224 0.07663756608963013 7925
1784237805240 0.05277325585484505 7926
1784237805256 0.02635853737592697 7927
1784237805272 0.021306101232767105 7928
1784237805289 0.15201228857040405 7929
1784237805302 0.08554669469594955 7930
1784237805319 0.17199862003326416 7931
1784237805337 0.020239755511283875 7932
1784237805354 0.014116325415670872 7933
1784237805370 0.04046395421028137 7934
1784237805386 0.016463033854961395 7935
1784237805402 0.02170088328421116 7936
1784237805417 0.058054354041814804 7937
1784237805432 0.04660957679152489 7938
1784237805445 0.20841456949710846 7939
1784237805458 0.029974570497870445 7940
1784237805473 0.016454346477985382 7941
1784237805487 0.10284765064716339 7942
1784237805502 0.006813569460064173 7943
1784237805516 0.15267512202262878 7944
1784237805532 0.06883504241704941 7945
1784237805547 0.03275113180279732 7946
1784237805563 0.02772241272032261 7947
1784237805577 0.10936218500137329 7948
1784237805595 0.054019324481487274 7949
1784237805610 0.039119165390729904 7950
1784237805625 0.039957642555236816 7951
1784237805639 0.033572182059288025 7952
1784237805655 0.013710685074329376 7953
1784237805667 0.11240188777446747 7954
1784237805683 0.13053543865680695 7955
1784237805697 0.08505355566740036 7956
1784237805712 0.049787700176239014 7957
1784237805727 0.006417108234018087 7958
1784237805742 0.05414098501205444 7959
1784237805756 0.026263777166604996 7960
1784237805770 0.07402297854423523 7961
1784237805784 0.09707909822463989 7962
1784237805797 0.02539036050438881 7963
1784237805810 0.13267868757247925 7964
1784237805825 0.002090634312480688 7965
1784237805836 0.022052312269806862 7966
1784237805851 0.018752489238977432 7967
1784237805866 0.24147486686706543 7968
1784237805881 0.011639006435871124 7969
1784237805896 0.023972002789378166 7970
1784237805911 0.013845521956682205 7971
1784237805926 0.05860012769699097 7972
1784237805940 0.013067695312201977 7973
1784237805954 0.2701175808906555 7974
1784237805969 0.12908607721328735 7975
1784237805984 0.07234273850917816 7976
1784237805999 0.053966112434864044 7977
1784237806013 0.04288076236844063 7978
1784237806028 0.04364548996090889 7979
1784237806042 0.10472854971885681 7980
1784237806056 0.015638750046491623 7981
1784237806069 0.23008619248867035 7982
1784237806083 0.07990874350070953 7983
1784237806097 0.01989767886698246 7984
1784237806112 0.057388730347156525 7985
1784237806128 0.02167997695505619 7986
1784237806141 0.07196754217147827 7987
1784237806155 0.0306895449757576 7988
1784237806169 0.08128368109464645 7989
1784237806183 0.1595790535211563 7990
1784237806198 0.44823241233825684 7991
1784237806211 0.12378028780221939 7992
1784237806225 0.24696913361549377 7993
1784237806239 0.042718250304460526 7994
1784237806252 0.06698717176914215 7995
1784237806265 0.016563953831791878 7996
1784237806280 0.015161926858127117 7997
1784237806294 0.011574159376323223 7998
1784237806307 0.11629810184240341 7999
1784237806321 0.005049645435065031 8000
1784237806336 0.015649834647774696 8001
1784237806351 0.003656090935692191 8002
1784237806366 0.007632669527083635 8003
1784237806379 0.06579726934432983 8004
1784237806393 0.15848153829574585 8005
1784237806407 0.0066178953275084496 8006
1784237806421 0.039044953882694244 8007
1784237806434 0.032242704182863235 8008
1784237806449 0.0979524701833725 8009
1784237806464 0.0024608345702290535 8010
1784237806478 0.24496953189373016 8011
1784237806493 0.06451210379600525 8012
1784237806508 0.13071304559707642 8013
1784237806520 0.09881219267845154 8014
1784237806534 0.011532977223396301 8015
1784237806549 0.1438826620578766 8016
1784237806561 0.018495067954063416 8017
1784237806576 0.0028415655251592398 8018
1784237806591 0.024769112467765808 8019
1784237806605 0.025841332972049713 8020
1784237806617 0.025786565616726875 8021
1784237806632 0.03638225421309471 8022
1784237806648 0.1745605319738388 8023
1784237806662 0.2480102777481079 8024
1784237806676 0.12380745261907578 8025
1784237806690 0.07380370050668716 8026
1784237806705 0.10209563374519348 8027
1784237806721 0.14406093955039978 8028
1784237806737 0.01447289902716875 8029
1784237806753 0.04070163518190384 8030
1784237806770 0.08357099443674088 8031
1784237806787 0.09520850330591202 8032
1784237806805 0.03283565863966942 8033
1784237806826 0.044036250561475754 8034
1784237806847 0.015044222585856915 8035
1784237806864 0.07511390000581741 8036
1784237806880 0.07268668711185455 8037
1784237806894 0.04662468284368515 8038
1784237806908 0.1019187793135643 8039
1784237806920 0.19221782684326172 8040
1784237806935 0.015646707266569138 8041
1784237806950 0.006560776382684708 8042
1784237806965 0.09349340945482254 8043
1784237806980 0.08657380938529968 8044
1784237806995 0.2533493936061859 8045
1784237807090 0.08559918403625488 8046
1784237807114 0.0654110237956047 8047
1784237807131 0.11274771392345428 8048
1784237807148 0.007289466913789511 8049
1784237807162 0.03523695841431618 8050
1784237807177 0.012208657339215279 8051
1784237807193 0.15294338762760162 8052
1784237807209 0.22726428508758545 8053
1784237807225 0.018319565802812576 8054
1784237807240 0.022039217874407768 8055
1784237807254 0.007978337816894054 8056
1784237807268 0.0028846999630331993 8057
1784237807282 0.005638171918690205 8058
1784237807297 0.15029668807983398 8059
1784237807312 0.03370118886232376 8060
1784237807328 0.09611723572015762 8061
1784237807343 0.09648866951465607 8062
1784237807359 0.027396611869335175 8063
1784237807374 0.029964543879032135 8064
1784237807389 0.11705493181943893 8065
1784237807402 0.019536126405000687 8066
1784237807418 0.04007982090115547 8067
1784237807434 0.05981010943651199 8068
1784237807449 0.16051305830478668 8069
1784237807463 0.05470169708132744 8070
1784237807479 0.01769830286502838 8071
1784237807494 0.0132217388600111 8072
1784237807510 0.06444240361452103 8073
1784237807525 0.01933329738676548 8074
1784237807540 0.09296481311321259 8075
1784237807556 0.1867723912000656 8076
1784237807570 0.026034511625766754 8077
1784237807586 0.08602821826934814 8078
1784237807608 0.10352237522602081 8079
1784237807623 0.014895277097821236 8080
1784237807637 0.13487906754016876 8081
1784237807651 0.033936988562345505 8082
1784237807666 0.016175465658307076 8083
1784237807682 0.0046670399606227875 8084
1784237807696 0.09502846002578735 8085
1784237807792 0.07565788179636002 8086
1784237807817 0.004381190054118633 8087
1784237807832 0.12223127484321594 8088
1784237807847 0.08156374841928482 8089
1784237807860 0.004276292398571968 8090
1784237807877 0.08677174896001816 8091
1784237807891 0.02734343148767948 8092
1784237807904 0.0031739654950797558 8093
1784237807921 0.20153774321079254 8094
1784237807936 0.016153082251548767 8095
1784237807951 0.06007206067442894 8096
1784237807967 0.20190957188606262 8097
1784237807983 0.12548430263996124 8098
1784237807999 0.12331950664520264 8099
1784237808015 0.02174152061343193 8100
1784237808031 0.06960444152355194 8101
1784237808046 0.14949831366539001 8102
1784237808062 0.08510906249284744 8103
1784237808080 0.21556393802165985 8104
1784237808097 0.04202592372894287 8105
1784237808112 0.03794484958052635 8106
1784237808126 0.13431695103645325 8107
1784237808143 0.1418095827102661 8108
1784237808161 0.05239607021212578 8109
1784237808175 0.0408240370452404 8110
1784237808189 0.15915019810199738 8111
1784237808203 0.005557907745242119 8112
1784237808217 0.002445968333631754 8113
1784237808231 0.06848768889904022 8114
1784237808245 0.009749607183039188 8115
1784237808261 0.26434436440467834 8116
1784237808277 0.0060606650076806545 8117
1784237808292 0.1419813483953476 8118
1784237808307 0.08789080381393433 8119
1784237808324 0.04293224215507507 8120
1784237808338 0.06436598300933838 8121
1784237808352 0.13606004416942596 8122
1784237808367 0.06578581780195236 8123
1784237808383 0.4383842349052429 8124
1784237808398 0.2944481670856476 8125
1784237808414 0.051602836698293686 8126
1784237808429 0.1293572187423706 8127
1784237808442 0.04844031482934952 8128
1784237808458 0.045485809445381165 8129
1784237808472 0.025110792368650436 8130
1784237808485 0.018734894692897797 8131
1784237808501 0.044263046234846115 8132
1784237808515 0.09561237692832947 8133
1784237808530 0.018093034625053406 8134
1784237808544 0.06323309987783432 8135
1784237808559 0.29524752497673035 8136
1784237808573 0.0035545029677450657 8137
1784237808590 0.2182343453168869 8138
1784237808604 0.004193570930510759 8139
1784237808621 0.24606694281101227 8140
1784237808634 0.06787030398845673 8141
1784237808648 0.08192095905542374 8142
1784237808661 0.1379825621843338 8143
1784237808676 0.06671012938022614 8144
1784237808690 0.1336844116449356 8145
1784237808705 0.02938682585954666 8146
1784237808719 0.03716336563229561 8147
1784237808735 0.02523650974035263 8148
1784237808750 0.025872470811009407 8149
1784237808763 0.1200459823012352 8150
1784237808778 0.012641360983252525 8151
1784237808793 0.10731048136949539 8152
1784237808808 0.14180919528007507 8153
1784237808823 0.009156396612524986 8154
1784237808839 0.06147522106766701 8155
1784237808854 0.07700470834970474 8156
1784237808870 0.05399877578020096 8157
1784237808886 0.18161176145076752 8158
1784237808900 0.11024860292673111 8159
1784237808914 0.09431781619787216 8160
1784237808928 0.17512573301792145 8161
1784237808944 0.12548881769180298 8162
1784237808958 0.07211659103631973 8163
1784237808972 0.14386726915836334 8164
1784237808987 0.024101993069052696 8165
1784237809006 0.029444385319948196 8166
1784237809024 0.21404583752155304 8167
1784237809041 0.03567203879356384 8168
1784237809058 0.0654178112745285 8169
1784237809076 0.1798442155122757 8170
1784237809093 0.0071994224563241005 8171
1784237809107 0.2813646197319031 8172
1784237809121 0.17926645278930664 8173
1784237809137 0.08847342431545258 8174
1784237809150 0.005966877099126577 8175
1784237809165 0.06772889196872711 8176
1784237809180 0.02861148491501808 8177
1784237809194 0.03124978579580784 8178
1784237809210 0.39586538076400757 8179
1784237809225 0.04911462217569351 8180
1784237809240 0.04474159702658653 8181
1784237809253 0.011468061245977879 8182
1784237809266 0.007192050106823444 8183
1784237809279 0.16963866353034973 8184
1784237809293 0.02244590036571026 8185
1784237809309 0.03408973291516304 8186
1784237809324 0.05313560739159584 8187
1784237809340 0.01840139366686344 8188
1784237809353 0.06360363215208054 8189
1784237809367 0.07686589658260345 8190
1784237809382 0.1685400754213333 8191
1784237809396 0.18487702310085297 8192
1784237809411 0.030769603326916695 8193
1784237809426 0.13466984033584595 8194
1784237809441 0.03486611694097519 8195
1784237809456 0.023987378925085068 8196
1784237809472 0.07358008623123169 8197
1784237809486 0.03795715421438217 8198
1784237809502 0.017455702647566795 8199
1784237809515 0.019727099686861038 8200
1784237809530 0.19117511808872223 8201
1784237809544 0.19813863933086395 8202
1784237809559 0.01690925844013691 8203
1784237809574 0.2566004693508148 8204
1784237809588 0.01981966383755207 8205
1784237809602 0.39255520701408386 8206
1784237809617 0.00882845837622881 8207
1784237809650 0.14177626371383667 8208
1784237809664 0.12371673434972763 8209
1784237809680 0.15017485618591309 8210
1784237809694 0.13827604055404663 8211
1784237809708 0.04498487338423729 8212
1784237809720 0.23418304324150085 8213
1784237809736 0.09895122796297073 8214
1784237809750 0.047700393944978714 8215
1784237809764 0.023456545546650887 8216
1784237809778 0.015380593948066235 8217
1784237809794 0.19259601831436157 8218
1784237809809 0.026850808411836624 8219
1784237809825 0.017459403723478317 8220
1784237809840 0.14845405519008636 8221
1784237809855 0.1230739951133728 8222
1784237809869 0.10638189315795898 8223
1784237809884 0.156361386179924 8224
1784237809899 0.052675262093544006 8225
1784237809914 0.11509256064891815 8226
1784237809927 0.025318270549178123 8227
1784237809942 0.006555609405040741 8228
1784237809956 0.1980103701353073 8229
1784237809974 0.25778698921203613 8230
1784237809990 0.0020860701333731413 8231
1784237810003 0.038898956030607224 8232
1784237810019 0.017025340348482132 8233
1784237810035 0.26175177097320557 8234
1784237810052 0.26522350311279297 8235
1784237810068 0.02856016345322132 8236
1784237810083 0.24257181584835052 8237
1784237810099 0.08374549448490143 8238
1784237810115 0.005786409601569176 8239
1784237810132 0.06147509813308716 8240
1784237810147 0.017227036878466606 8241
1784237810162 0.01831902004778385 8242
1784237810178 0.33514219522476196 8243
1784237810194 0.12696892023086548 8244
1784237810210 0.024192972108721733 8245
1784237810225 0.014166089706122875 8246
1784237810242 0.1437510848045349 8247
1784237810258 0.13936516642570496 8248
1784237810271 0.0584782175719738 8249
1784237810288 0.10963161289691925 8250
1784237810304 0.04027332738041878 8251
1784237810320 0.061482932418584824 8252
1784237810335 0.016959188506007195 8253
1784237810353 0.3226390779018402 8254
1784237810368 0.3329421281814575 8255
1784237810384 0.1331963688135147 8256
1784237810399 0.039879851043224335 8257
1784237810413 0.226578950881958 8258
1784237810428 0.1977621465921402 8259
1784237810445 0.1161477193236351 8260
1784237810460 0.05373935401439667 8261
1784237810476 0.017943892627954483 8262
1784237810492 0.058227747678756714 8263
1784237810507 0.020267702639102936 8264
1784237810519 0.06300010532140732 8265
1784237810534 0.00836310163140297 8266
1784237810549 0.02578331157565117 8267
1784237810564 0.04161087051033974 8268
1784237810580 0.2535003423690796 8269
1784237810592 0.029071902856230736 8270
1784237810607 0.40681716799736023 8271
1784237810621 0.28555843234062195 8272
1784237810635 0.07792150974273682 8273
1784237810651 0.28031307458877563 8274
1784237810666 0.13878601789474487 8275
1784237810680 0.023692848160862923 8276
1784237810695 0.034897152334451675 8277
1784237810710 0.04631097614765167 8278
1784237810725 0.07854288816452026 8279
1784237810739 0.054455555975437164 8280
1784237810752 0.034543659538030624 8281
1784237810768 0.006268042605370283 8282
1784237810784 0.011808543466031551 8283
1784237810799 0.06036486476659775 8284
1784237810814 0.14139729738235474 8285
1784237810828 0.007602913770824671 8286
1784237810841 0.017520079389214516 8287
1784237810854 0.013886380940675735 8288
1784237810866 0.006575889885425568 8289
1784237810880 0.13270074129104614 8290
1784237810895 0.08385765552520752 8291
1784237810911 0.07498116791248322 8292
1784237810924 0.02203029952943325 8293
1784237810935 0.01327662356197834 8294
1784237810948 0.09328995645046234 8295
1784237810963 0.012904192321002483 8296
1784237810977 0.02456255629658699 8297
1784237810991 0.02798793651163578 8298
1784237811006 0.06431186944246292 8299
1784237811021 0.04796132072806358 8300
1784237811035 0.22256118059158325 8301
1784237811050 0.19641903042793274 8302
1784237811063 0.07091745734214783 8303
1784237811080 0.19774667918682098 8304
1784237811093 0.0698591023683548 8305
1784237811106 0.1254560649394989 8306
1784237811120 0.1542472243309021 8307
1784237811136 0.020770849660038948 8308
1784237811151 0.1170518547296524 8309
1784237811165 0.038012273609638214 8310
1784237811181 0.023574113845825195 8311
1784237811196 0.12459197640419006 8312
1784237811211 0.02060970477759838 8313
1784237811229 0.022226544097065926 8314
1784237811248 0.12190712988376617 8315
1784237811265 0.02276996709406376 8316
1784237811282 0.008665566332638264 8317
1784237811299 0.03997809439897537 8318
1784237811317 0.21447855234146118 8319
1784237811332 0.028998009860515594 8320
1784237811348 0.09625887870788574 8321
1784237811362 0.17297396063804626 8322
1784237811379 0.3693216145038605 8323
1784237811394 0.2485010027885437 8324
1784237811410 0.0805506482720375 8325
1784237811426 0.1003870815038681 8326
1784237811442 0.10576016455888748 8327
1784237811458 0.21438391506671906 8328
1784237811472 0.20326970517635345 8329
1784237811486 0.04450695961713791 8330
1784237811501 0.08502259850502014 8331
1784237811515 0.15523548424243927 8332
1784237811530 0.014795552007853985 8333
1784237811543 0.13184887170791626 8334
1784237811557 0.04523080214858055 8335
1784237811571 0.06145066022872925 8336
1784237811585 0.12046816200017929 8337
1784237811599 0.07168425619602203 8338
1784237811614 0.09444117546081543 8339
1784237811630 0.005523773841559887 8340
1784237811645 0.2202003002166748 8341
1784237811659 0.007284368388354778 8342
1784237811675 0.2875065207481384 8343
1784237811689 0.09026931971311569 8344
1784237811705 0.033344484865665436 8345
1784237811720 0.0043203216046094894 8346
1784237811733 0.35773348808288574 8347
1784237811749 0.029588937759399414 8348
1784237811764 0.278453528881073 8349
1784237811778 0.14835092425346375 8350
1784237811792 0.13193762302398682 8351
1784237811809 0.022856347262859344 8352
1784237811824 0.005842615384608507 8353
1784237811838 0.027850450947880745 8354
1784237811852 0.014872021973133087 8355
1784237811867 0.04884371533989906 8356
1784237811881 0.014531134627759457 8357
1784237811895 0.060251642018556595 8358
1784237811910 0.025798995047807693 8359
1784237811925 0.004926753230392933 8360
1784237811940 0.026419837027788162 8361
1784237811955 0.01611224189400673 8362
1784237811969 0.08884783834218979 8363
1784237811985 0.013587599620223045 8364
1784237812000 0.33025458455085754 8365
1784237812015 0.06044885888695717 8366
1784237812029 0.26161685585975647 8367
1784237812045 0.03357720747590065 8368
1784237812060 0.04913991689682007 8369
1784237812075 0.18777836859226227 8370
1784237812090 0.031068021431565285 8371
1784237812105 0.0328998938202858 8372
1784237812121 0.2816682755947113 8373
1784237812138 0.04922422021627426 8374
1784237812153 0.007495501544326544 8375
1784237812167 0.04216321185231209 8376
1784237812182 0.12703348696231842 8377
1784237812197 0.14909851551055908 8378
1784237812212 0.07443688064813614 8379
1784237812226 0.04166312888264656 8380
1784237812238 0.0023274170234799385 8381
1784237812251 0.012287608347833157 8382
1784237812266 0.07860422879457474 8383
1784237812281 0.13236446678638458 8384
1784237812294 0.25575315952301025 8385
1784237812309 0.02481226809322834 8386
1784237812324 0.024107862263917923 8387
1784237812338 0.10813316702842712 8388
1784237812353 0.04168261960148811 8389
1784237812368 0.03027966618537903 8390
1784237812383 0.03362210839986801 8391
1784237812398 0.18529954552650452 8392
1784237812413 0.06751933693885803 8393
1784237812428 0.1893201321363449 8394
1784237812442 0.06337106227874756 8395
1784237812457 0.13568036258220673 8396
1784237812471 0.02524205856025219 8397
1784237812487 0.03235902264714241 8398
1784237812501 0.057969022542238235 8399
1784237812516 0.14147208631038666 8400
1784237812531 0.05024546757340431 8401
1784237812546 0.0031406732741743326 8402
1784237812559 0.01849731244146824 8403
1784237812572 0.01909482479095459 8404
1784237812583 0.004236982669681311 8405
1784237812598 0.2784566581249237 8406
1784237812612 0.1323188841342926 8407
1784237812627 0.11499068140983582 8408
1784237812642 0.032922785729169846 8409
1784237812657 0.09472157061100006 8410
1784237812671 0.09159652888774872 8411
1784237812685 0.01747945509850979 8412
1784237812700 0.032769493758678436 8413
1784237812725 0.0867602601647377 8414
1784237812740 0.12303311377763748 8415
1784237812754 0.07702478021383286 8416
1784237812770 0.401413232088089 8417
1784237812786 0.0668553039431572 8418
1784237812801 0.05112961307168007 8419
1784237812816 0.25648850202560425 8420
1784237812831 0.007390521466732025 8421
1784237812846 0.02579742670059204 8422
1784237812861 0.09895399212837219 8423
1784237812875 0.07577541470527649 8424
1784237812891 0.046352170407772064 8425
1784237812906 0.11700939387083054 8426
1784237812920 0.07523330301046371 8427
1784237812934 0.08841504156589508 8428
1784237812950 0.08948850631713867 8429
1784237812965 0.2418825775384903 8430
1784237812981 0.049819640815258026 8431
1784237812996 0.021499348804354668 8432
1784237813010 0.06348175555467606 8433
1784237813026 0.10449468344449997 8434
1784237813042 0.10479602217674255 8435
1784237813058 0.016202740371227264 8436
1784237813075 0.009930584579706192 8437
1784237813091 0.030422337353229523 8438
1784237813107 0.17549282312393188 8439
1784237813123 0.3438187837600708 8440
1784237813139 0.01861233450472355 8441
1784237813155 0.018129445612430573 8442
1784237813170 0.10513902455568314 8443
1784237813185 0.06804542988538742 8444
1784237813201 0.07283429801464081 8445
1784237813219 0.11370445787906647 8446
1784237813236 0.060241878032684326 8447
1784237813253 0.014095570892095566 8448
1784237813271 0.09891200065612793 8449
1784237813288 0.15841346979141235 8450
1784237813303 0.09311247617006302 8451
1784237813320 0.09584610164165497 8452
1784237813337 0.015882184728980064 8453
1784237813354 0.015368329361081123 8454
1784237813371 0.038743339478969574 8455
1784237813386 0.04714306816458702 8456
1784237813401 0.11563524603843689 8457
1784237813418 0.10954522341489792 8458
1784237813434 0.11525833606719971 8459
1784237813452 0.005131545476615429 8460
1784237813471 0.025948602706193924 8461
1784237813491 0.0052492981776595116 8462
1784237813507 0.20252059400081635 8463
1784237813526 0.22985699772834778 8464
1784237813545 0.20622316002845764 8465
1784237813560 0.10378142446279526 8466
1784237813576 0.003801755839958787 8467
1784237813589 0.07123398780822754 8468
1784237813604 0.228333979845047 8469
1784237813619 0.006148196756839752 8470
1784237813635 0.21175535023212433 8471
1784237813651 0.1482970118522644 8472
1784237813666 0.11517639458179474 8473
1784237813678 0.2425164133310318 8474
1784237813691 0.034142687916755676 8475
1784237813704 0.17901510000228882 8476
1784237813719 0.2202882170677185 8477
1784237813736 0.11400915682315826 8478
1784237813750 0.19487197697162628 8479
1784237813764 0.022291749715805054 8480
1784237813778 0.15581463277339935 8481
1784237813794 0.030573885887861252 8482
1784237813809 0.21344876289367676 8483
1784237813824 0.02793448604643345 8484
1784237813839 0.018921688199043274 8485
1784237813854 0.10078192502260208 8486
1784237813868 0.08289133012294769 8487
1784237813883 0.10974950343370438 8488
1784237813897 0.19951455295085907 8489
1784237813913 0.17803044617176056 8490
1784237813927 0.1673111617565155 8491
1784237813942 0.13484136760234833 8492
1784237813958 0.0533590205013752 8493
1784237813973 0.022563232108950615 8494
1784237813988 0.00493558868765831 8495
1784237814003 0.18531672656536102 8496
1784237814018 0.05071200430393219 8497
1784237814034 0.19900932908058167 8498
1784237814050 0.09461748600006104 8499
1784237814064 0.15336263179779053 8500
1784237814080 0.03782634437084198 8501
1784237814096 0.18619486689567566 8502
1784237814113 0.008671409450471401 8503
1784237814128 0.030311712995171547 8504
1784237814144 0.11408355832099915 8505
1784237814159 0.03987010568380356 8506
1784237814174 0.08120079338550568 8507
1784237814189 0.017276279628276825 8508
1784237814204 0.04147469624876976 8509
1784237814219 0.1002960354089737 8510
1784237814233 0.06100081279873848 8511
1784237814248 0.10672449320554733 8512
1784237814262 0.18833163380622864 8513
1784237814276 0.01791120320558548 8514
1784237814290 0.04853809252381325 8515
1784237814305 0.03459769859910011 8516
1784237814319 0.009029712527990341 8517
1784237814332 0.07229213416576385 8518
1784237814347 0.27881133556365967 8519
1784237814359 0.3273453116416931 8520
1784237814371 0.04769066721200943 8521
1784237814383 0.04391779378056526 8522
1784237814397 0.09913432598114014 8523
1784237814411 0.18732653558254242 8524
1784237814425 0.01732291281223297 8525
1784237814440 0.36310967803001404 8526
1784237814455 0.12075705826282501 8527
1784237814469 0.2536776065826416 8528
1784237814483 0.02519148215651512 8529
1784237814497 0.20580677688121796 8530
1784237814511 0.06997763365507126 8531
1784237814526 0.01582256704568863 8532
1784237814541 0.02666330337524414 8533
1784237814555 0.15504275262355804 8534
1784237814569 0.009961051866412163 8535
1784237814584 0.10160472989082336 8536
1784237814599 0.09647812694311142 8537
1784237814612 0.007308576256036758 8538
1784237814627 0.23374198377132416 8539
1784237814643 0.03622914478182793 8540
1784237814657 0.01997779682278633 8541
1784237814673 0.13614240288734436 8542
1784237814689 0.06581215560436249 8543
1784237814703 0.0339169017970562 8544
1784237814716 0.18386492133140564 8545
1784237814732 0.04500811547040939 8546
1784237814747 0.07674572616815567 8547
1784237814761 0.11416807025671005 8548
1784237814776 0.040436040610075 8549
1784237814792 0.0551193468272686 8550
1784237814804 0.02486422285437584 8551
1784237814819 0.07079847902059555 8552
1784237814834 0.10430076718330383 8553
1784237814850 0.2914339303970337 8554
1784237814864 0.0033244937658309937 8555
1784237814879 0.028234047815203667 8556
1784237814893 0.013584797270596027 8557
1784237814909 0.03461062163114548 8558
1784237814924 0.018170682713389397 8559
1784237814940 0.29681864380836487 8560
1784237814955 0.15445198118686676 8561
1784237814970 0.05925307795405388 8562
1784237814985 0.05073941871523857 8563
1784237815000 0.027593092992901802 8564
1784237815016 0.02191636897623539 8565
1784237815031 0.013917645439505577 8566
1784237815045 0.21397434175014496 8567
1784237815060 0.1364283710718155 8568
1784237815075 0.15438532829284668 8569
1784237815091 0.056266650557518005 8570
1784237815105 0.06439201533794403 8571
1784237815117 0.03107740730047226 8572
1784237815131 0.05370137467980385 8573
1784237815147 0.09763510525226593 8574
1784237815161 0.03638968616724014 8575
1784237815175 0.08128122985363007 8576
1784237815190 0.010768365114927292 8577
1784237815204 0.00406624423339963 8578
1784237815218 0.0583156980574131 8579
1784237815233 0.01825941726565361 8580
1784237815248 0.04848480224609375 8581
1784237815263 0.047371722757816315 8582
1784237815278 0.059868648648262024 8583
1784237815292 0.022237390279769897 8584
1784237815305 0.00817620474845171 8585
1784237815319 0.036996062844991684 8586
1784237815332 0.4386817216873169 8587
1784237815345 0.011005156673491001 8588
1784237815359 0.06496885418891907 8589
1784237815373 0.17484495043754578 8590
1784237815386 0.029025278985500336 8591
1784237815399 0.30944588780403137 8592
1784237815414 0.007703580893576145 8593
1784237815428 0.07208980619907379 8594
1784237815443 0.28578367829322815 8595
1784237815458 0.02297302894294262 8596
1784237815472 0.04538974165916443 8597
1784237815488 0.14374004304409027 8598
1784237815502 0.3445231020450592 8599
1784237815515 0.010029664263129234 8600
1784237815531 0.45816770195961 8601
1784237815545 0.3077489733695984 8602
1784237815562 0.017278330400586128 8603
1784237815576 0.11095719784498215 8604
1784237815591 0.05825556442141533 8605
1784237815605 0.02209644578397274 8606
1784237815618 0.09412453323602676 8607
1784237815634 0.17830562591552734 8608
1784237815649 0.04702216014266014 8609
1784237815664 0.13063494861125946 8610
1784237815680 0.15575289726257324 8611
1784237815699 0.031218143180012703 8612
1784237815717 0.0062758163549005985 8613
1784237815735 0.022524550557136536 8614
1784237815761 0.06474515795707703 8615
1784237815778 0.03275704011321068 8616
1784237815795 0.1747969090938568 8617
1784237815810 0.02842545509338379 8618
1784237815826 0.06729652732610703 8619
1784237815841 0.007740111090242863 8620
1784237815856 0.019215848296880722 8621
1784237815871 0.0427502878010273 8622
1784237815886 0.20964618027210236 8623
1784237815902 0.12217752635478973 8624
1784237815917 0.031560953706502914 8625
1784237815931 0.11720934510231018 8626
1784237815945 0.17183394730091095 8627
1784237815960 0.05549726262688637 8628
1784237815975 0.014625309966504574 8629
1784237815990 0.12526105344295502 8630
1784237816007 0.018521301448345184 8631
1784237816022 0.03796390816569328 8632
1784237816038 0.18161608278751373 8633
1784237816053 0.017063096165657043 8634
1784237816070 0.07136118412017822 8635
1784237816086 0.05293194577097893 8636
1784237816101 0.049502626061439514 8637
1784237816118 0.028041139245033264 8638
1784237816132 0.4266996383666992 8639
1784237816150 0.018915614113211632 8640
1784237816165 0.1598087102174759 8641
1784237816181 0.03949959576129913 8642
1784237816198 0.24718661606311798 8643
1784237816214 0.1099119558930397 8644
1784237816231 0.15706053376197815 8645
1784237816247 0.008654020726680756 8646
1784237816264 0.033908527344465256 8647
1784237816282 0.12217475473880768 8648
1784237816296 0.13434509932994843 8649
1784237816313 0.03674570098519325 8650
1784237816328 0.01521159429103136 8651
1784237816344 0.01327495463192463 8652
1784237816360 0.08974726498126984 8653
1784237816376 0.06099987402558327 8654
1784237816392 0.24573716521263123 8655
1784237816408 0.2354668527841568 8656
1784237816423 0.012251172214746475 8657
1784237816439 0.08417721092700958 8658
1784237816455 0.04181884229183197 8659
1784237816472 0.04779832810163498 8660
1784237816490 0.04235114902257919 8661
1784237816505 0.21450850367546082 8662
1784237816520 0.12367084622383118 8663
1784237816535 0.053171370178461075 8664
1784237816551 0.010891690850257874 8665
1784237816567 0.1533374786376953 8666
1784237816582 0.07985123246908188 8667
1784237816596 0.11041079461574554 8668
1784237816610 0.09937743842601776 8669
1784237816625 0.011484747752547264 8670
1784237816639 0.015027714893221855 8671
1784237816653 0.08261322975158691 8672
1784237816667 0.05302457883954048 8673
1784237816683 0.0718846395611763 8674
1784237816698 0.046759698539972305 8675
1784237816713 0.11531864106655121 8676
1784237816728 0.0779162347316742 8677
1784237816743 0.2077445536851883 8678
1784237816758 0.052917130291461945 8679
1784237816772 0.004547703545540571 8680
1784237816785 0.08585163205862045 8681
1784237816799 0.004793424159288406 8682
1784237816812 0.016169473528862 8683
1784237816826 0.03272208198904991 8684
1784237816841 0.0334632582962513 8685
1784237816856 0.00954215507954359 8686
1784237816871 0.02166665531694889 8687
1784237816886 0.1816391795873642 8688
1784237816899 0.019329512491822243 8689
1784237816913 0.06754138320684433 8690
1784237816928 0.0046294620260596275 8691
1784237816943 0.04283466935157776 8692
1784237816957 0.17331326007843018 8693
1784237816971 0.007545563392341137 8694
1784237816985 0.26540642976760864 8695
1784237817001 0.02971946820616722 8696
1784237817017 0.04910845682024956 8697
1784237817032 0.13070367276668549 8698
1784237817046 0.04660703241825104 8699
1784237817061 0.14209188520908356 8700
1784237817076 0.06218278408050537 8701
1784237817090 0.041319962590932846 8702
1784237817106 0.0523097962141037 8703
1784237817121 0.020431706681847572 8704
1784237817134 0.014028984121978283 8705
1784237817149 0.19375179708003998 8706
1784237817163 0.006902860943228006 8707
1784237817178 0.0008839074289426208 8708
1784237817192 0.026649337261915207 8709
1784237817208 0.00878490973263979 8710
1784237817223 0.015699585899710655 8711
1784237817238 0.006454654037952423 8712
1784237817253 0.06877020746469498 8713
1784237817267 0.05570681020617485 8714
1784237817282 0.061343736946582794 8715
1784237817296 0.21924413740634918 8716
1784237817311 0.29112890362739563 8717
1784237817327 0.07595762610435486 8718
1784237817341 0.024540238082408905 8719
1784237817354 0.08451993018388748 8720
1784237817367 0.027470503002405167 8721
1784237817380 0.1512826383113861 8722
1784237817395 0.2781539857387543 8723
1784237817409 0.11609819531440735 8724
1784237817425 0.011447222903370857 8725
1784237817440 0.013002997264266014 8726
1784237817455 0.03885229304432869 8727
1784237817470 0.08289555460214615 8728
1784237817484 0.3828272819519043 8729
1784237817499 0.06391315907239914 8730
1784237817514 0.4153090715408325 8731
1784237817528 0.10814834386110306 8732
1784237817544 0.1004180908203125 8733
1784237817558 0.07122207432985306 8734
1784237817570 0.07518068701028824 8735
1784237817584 0.3189493417739868 8736
1784237817597 0.010819459334015846 8737
1784237817613 0.01601145789027214 8738
1784237817627 0.12020604312419891 8739
1784237817643 0.08393736183643341 8740
1784237817657 0.0509088933467865 8741
1784237817671 0.02366560697555542 8742
1784237817684 0.012439589016139507 8743
1784237817700 0.008264727890491486 8744
1784237817714 0.08235620707273483 8745
1784237817728 0.006815898697823286 8746
1784237817764 0.10192538797855377 8747
1784237817779 0.12000583112239838 8748
1784237817793 0.009834490716457367 8749
1784237817809 0.008837277069687843 8750
1784237817823 0.07178054749965668 8751
1784237817837 0.07121209800243378 8752
1784237817851 0.09819477051496506 8753
1784237817865 0.08264917880296707 8754
1784237817879 0.014879044145345688 8755
1784237817894 0.007503466680645943 8756
1784237817910 0.18123802542686462 8757
1784237817925 0.024506548419594765 8758
1784237817944 0.11616124212741852 8759
1784237817960 0.1730000525712967 8760
1784237817979 0.0066728792153298855 8761
1784237817998 0.15775668621063232 8762
1784237818015 0.026262078434228897 8763
1784237818031 0.014104573987424374 8764
1784237818045 0.01805187575519085 8765
1784237818060 0.014287691563367844 8766
1784237818076 0.23938201367855072 8767
1784237818093 0.20979054272174835 8768
1784237818109 0.15008991956710815 8769
1784237818124 0.0176071934401989 8770
1784237818142 0.1158481240272522 8771
1784237818156 0.086332306265831 8772
1784237818168 0.034578703343868256 8773
1784237818184 0.038160402327775955 8774
1784237818201 0.06954024732112885 8775
1784237818216 0.18246769905090332 8776
1784237818233 0.018254391849040985 8777
1784237818248 0.01710137352347374 8778
1784237818265 0.22078968584537506 8779
1784237818278 0.14280450344085693 8780
1784237818295 0.5696988701820374 8781
1784237818314 0.16439394652843475 8782
1784237818329 0.015189078636467457 8783
1784237818345 0.05890261009335518 8784
1784237818360 0.014482828788459301 8785
1784237818375 0.009432332590222359 8786
1784237818391 0.1567060351371765 8787
1784237818409 0.09960939735174179 8788
1784237818426 0.16566142439842224 8789
1784237818442 0.009897340089082718 8790
1784237818457 0.09263386577367783 8791
1784237818473 0.013782765716314316 8792
1784237818489 0.03688616678118706 8793
1784237818506 0.15787650644779205 8794
1784237818522 0.1071656346321106 8795
1784237818540 0.02641868218779564 8796
1784237818555 0.17385365068912506 8797
1784237818570 0.020550623536109924 8798
1784237818585 0.11191217601299286 8799
1784237818601 0.2971474528312683 8800
1784237818616 0.041066259145736694 8801
1784237818631 0.20448315143585205 8802
1784237818650 0.016827575862407684 8803
1784237818663 0.11348067224025726 8804
1784237818677 0.06690510362386703 8805
1784237818692 0.06577977538108826 8806
1784237818707 0.00884239561855793 8807
1784237818720 0.037270914763212204 8808
1784237818734 0.4127655327320099 8809
1784237818750 0.036343932151794434 8810
1784237818764 0.09225646406412125 8811
1784237818778 0.1323746144771576 8812
1784237818794 0.05845300480723381 8813
1784237818808 0.011177235282957554 8814
1784237818820 0.047709085047245026 8815
1784237818836 0.03882711008191109 8816
1784237818851 0.03284258022904396 8817
1784237818865 0.10965380072593689 8818
1784237818881 0.031130949035286903 8819
1784237818896 0.04029688611626625 8820
1784237818911 0.09751880168914795 8821
1784237818926 0.05608323588967323 8822
1784237818944 0.14950814843177795 8823
1784237818959 0.08045349270105362 8824
1784237818974 0.17145687341690063 8825
1784237818990 0.0031512596178799868 8826
1784237819006 0.008940961211919785 8827
1784237819022 0.025856807827949524 8828
1784237819034 0.03178679198026657 8829
1784237819047 0.18863537907600403 8830
1784237819060 0.025886090472340584 8831
1784237819074 0.09788071364164352 8832
1784237819087 0.03597821667790413 8833
1784237819101 0.31342774629592896 8834
1784237819117 0.02879921905696392 8835
1784237819129 0.015559205785393715 8836
1784237819142 0.008562267757952213 8837
1784237819156 0.0077367560006678104 8838
1784237819168 0.010104648768901825 8839
1784237819182 0.0795772597193718 8840
1784237819197 0.022923553362488747 8841
1784237819210 0.033389825373888016 8842
1784237819224 0.1458294540643692 8843
1784237819237 0.14217816293239594 8844
1784237819252 0.09910332411527634 8845
1784237819267 0.14972549676895142 8846
1784237819282 0.07434068620204926 8847
1784237819296 0.0070120664313435555 8848
1784237819311 0.027835983783006668 8849
1784237819325 0.044044505804777145 8850
1784237819339 0.06091006100177765 8851
1784237819354 0.15736991167068481 8852
1784237819368 0.14206580817699432 8853
1784237819383 0.02231508679687977 8854
1784237819398 0.0717565044760704 8855
1784237819412 0.04354728013277054 8856
1784237819427 0.15591445565223694 8857
1784237819441 0.010264692828059196 8858
1784237819454 0.06943166255950928 8859
1784237819467 0.25947991013526917 8860
1784237819481 0.025553513318300247 8861
1784237819496 0.0009181176428683102 8862
1784237819511 0.09031672775745392 8863
1784237819526 0.02107757329940796 8864
1784237819542 0.030407605692744255 8865
1784237819556 0.05839664861559868 8866
1784237819570 0.005848688539117575 8867
1784237819582 0.2249903529882431 8868
1784237819595 0.02194313518702984 8869
1784237819610 0.048453133553266525 8870
1784237819625 0.014596773311495781 8871
1784237819638 0.1401704102754593 8872
1784237819652 0.14025245606899261 8873
1784237819666 0.28753459453582764 8874
1784237819680 0.03428071364760399 8875
1784237819696 0.054506413638591766 8876
1784237819710 0.274921178817749 8877
1784237819725 0.09385830163955688 8878
1784237819737 0.1976933628320694 8879
1784237819750 0.13492821156978607 8880
1784237819764 0.05797953903675079 8881
1784237819779 0.09935160726308823 8882
1784237819793 0.14122308790683746 8883
1784237819809 0.0629202127456665 8884
1784237819824 0.2762870788574219 8885
1784237819839 0.011811906471848488 8886
1784237819854 0.12570856511592865 8887
1784237819867 0.013154441490769386 8888
1784237819882 0.006671703886240721 8889
1784237819897 0.1514473557472229 8890
1784237819912 0.10093045234680176 8891
1784237819928 0.04780665785074234 8892
1784237819943 0.0927543193101883 8893
1784237819957 0.0365893691778183 8894
1784237819969 0.044449884444475174 8895
1784237819984 0.07010581344366074 8896
1784237820000 0.13889391720294952 8897
1784237820014 0.0006679687066935003 8898
1784237820035 0.06290517747402191 8899
1784237820050 0.21268725395202637 8900
1784237820066 0.012653956189751625 8901
1784237820082 0.17991326749324799 8902
1784237820097 0.13354167342185974 8903
1784237820112 0.03292146325111389 8904
1784237820128 0.178639218211174 8905
1784237820145 0.015264904126524925 8906
1784237820161 0.07838461548089981 8907
1784237820181 0.006289735436439514 8908
1784237820196 0.03929577022790909 8909
1784237820211 0.01795053295791149 8910
1784237820229 0.03335221856832504 8911
1784237820246 0.039907507598400116 8912
1784237820260 0.03745419532060623 8913
1784237820275 0.15558262169361115 8914
1784237820292 0.2480132132768631 8915
1784237820306 0.20667573809623718 8916
1784237820322 0.019183684140443802 8917
1784237820335 0.10226789116859436 8918
1784237820350 0.006954536773264408 8919
1784237820365 0.11538287997245789 8920
1784237820379 0.0654369369149208 8921
1784237820392 0.012812705710530281 8922
1784237820407 0.16659648716449738 8923
1784237820423 0.1053343117237091 8924
1784237820439 0.09491793811321259 8925
1784237820453 0.0741671770811081 8926
1784237820469 0.026837803423404694 8927
1784237820482 0.06382665783166885 8928
1784237820498 0.05404728651046753 8929
1784237820512 0.008939708583056927 8930
1784237820528 0.008844870142638683 8931
1784237820543 0.13841773569583893 8932
1784237820557 0.025018708780407906 8933
1784237820573 0.01100191380828619 8934
1784237820588 0.03290126845240593 8935
1784237820602 0.00512460945174098 8936
1784237820616 0.04361772909760475 8937
1784237820630 0.18818879127502441 8938
1784237820645 0.019980978220701218 8939
1784237820659 0.009887360967695713 8940
1784237820674 0.049953825771808624 8941
1784237820689 0.02744596265256405 8942
1784237820704 0.05902966856956482 8943
1784237820719 0.021154778078198433 8944
1784237820733 0.03697071224451065 8945
1784237820745 0.07973581552505493 8946
1784237820758 0.006445583421736956 8947
1784237820773 0.015297568403184414 8948
1784237820789 0.013378461822867393 8949
1784237820814 0.06473521888256073 8950
1784237820829 0.015923162922263145 8951
1784237820842 0.12567374110221863 8952
1784237820857 0.05270427465438843 8953
1784237820873 0.0069810254499316216 8954
1784237820887 0.03280511498451233 8955
1784237820902 0.03122454695403576 8956
1784237820915 0.010957155376672745 8957
1784237820930 0.007503644563257694 8958
1784237820944 0.06996054947376251 8959
1784237820958 0.3081287443637848 8960
1784237820974 0.007561095524579287 8961
1784237820987 0.026552516967058182 8962
1784237821003 0.15502342581748962 8963
1784237821017 0.3074697256088257 8964
1784237821032 0.021032534539699554 8965
1784237821048 0.04285821318626404 8966
1784237821062 0.17796869575977325 8967
1784237821077 0.023082006722688675 8968
1784237821091 0.015611301176249981 8969
1784237821106 0.18674339354038239 8970
1784237821123 0.1057223379611969 8971
1784237821138 0.3058815598487854 8972
1784237821154 0.09493299573659897 8973
1784237821171 0.1770581752061844 8974
1784237821186 0.2020784467458725 8975
1784237821203 0.04122941568493843 8976
1784237821220 0.0903441309928894 8977
1784237821234 0.014204585924744606 8978
1784237821248 0.163926362991333 8979
1784237821263 0.02821502275764942 8980
1784237821278 0.1128535196185112 8981
1784237821292 0.2520058751106262 8982
1784237821307 0.23372016847133636 8983
1784237821326 0.06296315789222717 8984
1784237821340 0.031006427481770515 8985
1784237821355 0.19897887110710144 8986
1784237821371 0.21987900137901306 8987
1784237821387 0.030773155391216278 8988
1784237821403 0.010197706520557404 8989
1784237821417 0.023101702332496643 8990
1784237821433 0.14575213193893433 8991
1784237821451 0.18443527817726135 8992
1784237821465 0.0623583160340786 8993
1784237821480 0.0771263837814331 8994
1784237821496 0.11048638820648193 8995
1784237821509 0.013650629669427872 8996
1784237821524 0.12049131095409393 8997
1784237821539 0.020289473235607147 8998
1784237821556 0.02169327437877655 8999
1784237821570 0.003017379669472575 9000
1784237821586 0.03634284809231758 9001
1784237821601 0.07748177647590637 9002
1784237821616 0.03833039477467537 9003
1784237821631 0.003159175394102931 9004
1784237821647 0.004627438727766275 9005
1784237821662 0.02442409098148346 9006
1784237821677 0.005221306812018156 9007
1784237821692 0.07527077943086624 9008
1784237821707 0.01573694869875908 9009
1784237821721 0.025378065183758736 9010
1784237821736 0.06173662841320038 9011
1784237821750 0.08202741295099258 9012
1784237821764 0.06794233620166779 9013
1784237821779 0.16000087559223175 9014
1784237821796 0.01697980985045433 9015
1784237821812 0.23695316910743713 9016
1784237821827 0.08905131369829178 9017
1784237821841 0.1202792078256607 9018
1784237821856 0.009516756981611252 9019
1784237821867 0.06826777011156082 9020
1784237821880 0.07653727382421494 9021
1784237821893 0.12793810665607452 9022
1784237821908 0.13892634212970734 9023
1784237821922 0.016868090257048607 9024
1784237821935 0.1291065514087677 9025
1784237821951 0.023871365934610367 9026
1784237821966 0.02929852344095707 9027
1784237821980 0.11272905766963959 9028
1784237821995 0.03272484242916107 9029
1784237822009 0.16760604083538055 9030
1784237822023 0.05235222354531288 9031
1784237822038 0.03382265940308571 9032
1784237822052 0.02652670070528984 9033
1784237822141 0.024748291820287704 9034
1784237822166 0.0817093625664711 9035
1784237822183 0.08480691909790039 9036
1784237822196 0.005293249152600765 9037
1784237822209 0.013729607686400414 9038
1784237822224 0.3059951364994049 9039
1784237822238 0.1129235178232193 9040
1784237822253 0.06505543738603592 9041
1784237822269 0.11777002364397049 9042
1784237822284 0.037914734333753586 9043
1784237822299 0.24250490963459015 9044
1784237822314 0.3522648811340332 9045
1784237822329 0.035397738218307495 9046
1784237822344 0.12749801576137543 9047
1784237822358 0.012663757428526878 9048
1784237822373 0.029994040727615356 9049
1784237822390 0.03628423437476158 9050
1784237822406 0.0027692457661032677 9051
1784237822423 0.1271229088306427 9052
1784237822440 0.006384949199855328 9053
1784237822455 0.18728245794773102 9054
1784237822472 0.09439679235219955 9055
1784237822488 0.3847496509552002 9056
1784237822504 0.030779819935560226 9057
1784237822519 0.005789941176772118 9058
1784237822536 0.07937800139188766 9059
1784237822552 0.06960278004407883 9060
1784237822568 0.03800797834992409 9061
1784237822585 0.1154080182313919 9062
1784237822599 0.1118965893983841 9063
1784237822613 0.203838050365448 9064
1784237822627 0.06618261337280273 9065
1784237822640 0.10287831723690033 9066
1784237822653 0.03189149871468544 9067
1784237822666 0.24680118262767792 9068
1784237822682 0.045476436614990234 9069
1784237822698 0.004404601640999317 9070
1784237822713 0.2977462410926819 9071
1784237822728 0.0042067887261509895 9072
1784237822742 0.029686009511351585 9073
1784237822756 0.005290602799504995 9074
1784237822770 0.04069703072309494 9075
1784237822784 0.02355971746146679 9076
1784237822799 0.10576944798231125 9077
1784237822813 0.19921132922172546 9078
1784237822827 0.05498092994093895 9079
1784237822841 0.03886578232049942 9080
1784237822855 0.060759346932172775 9081
1784237822869 0.22607992589473724 9082
1784237822883 0.37978747487068176 9083
1784237822897 0.0768241211771965 9084
1784237822913 0.010089916177093983 9085
1784237822928 0.036870840936899185 9086
1784237822942 0.05281616747379303 9087
1784237822956 0.024739205837249756 9088
1784237822970 0.002802175236865878 9089
1784237822983 0.028458675369620323 9090
1784237822998 0.1707281768321991 9091
1784237823014 0.009952330961823463 9092
1784237823031 0.03256507217884064 9093
1784237823044 0.01759478822350502 9094
1784237823059 0.08469779789447784 9095
1784237823074 0.07142867147922516 9096
1784237823089 0.010491938330233097 9097
1784237823103 0.07611620426177979 9098
1784237823117 0.002818372566252947 9099
1784237823132 0.00619832519441843 9100
1784237823147 0.09674639999866486 9101
1784237823161 0.1135307103395462 9102
1784237823175 0.025699874386191368 9103
1784237823190 0.04934793338179588 9104
1784237823205 0.0670040026307106 9105
1784237823220 0.06405041366815567 9106
1784237823234 0.10085155814886093 9107
1784237823248 0.12810316681861877 9108
1784237823261 0.19622670114040375 9109
1784237823273 0.08432555198669434 9110
1784237823289 0.02233380824327469 9111
1784237823304 0.2484551966190338 9112
1784237823319 0.17644798755645752 9113
1784237823336 0.0840466171503067 9114
1784237823350 0.07950528711080551 9115
1784237823365 0.3349452614784241 9116
1784237823381 0.01636522077023983 9117
1784237823395 0.1038152426481247 9118
1784237823409 0.10496306419372559 9119
1784237823423 0.03146074339747429 9120
1784237823438 0.018129171803593636 9121
1784237823453 0.029200470075011253 9122
1784237823466 0.04205390065908432 9123
1784237823481 0.1352376788854599 9124
1784237823495 0.05604681372642517 9125
1784237823510 0.14936618506908417 9126
1784237823526 0.015843117609620094 9127
1784237823541 0.0783405750989914 9128
1784237823556 0.05672873929142952 9129
1784237823570 0.16811099648475647 9130
1784237823585 0.007070362102240324 9131
1784237823598 0.038201041519641876 9132
1784237823611 0.060327764600515366 9133
1784237823626 0.4033466577529907 9134
1784237823639 0.014757287688553333 9135
1784237823654 0.08613396435976028 9136
1784237823669 0.019493814557790756 9137
1784237823681 0.10956702381372452 9138
1784237823696 0.13385555148124695 9139
1784237823711 0.21916931867599487 9140
1784237823726 0.07917574793100357 9141
1784237823740 0.03925207629799843 9142
1784237823755 0.05913475528359413 9143
1784237823769 0.1882701814174652 9144
1784237823783 0.053057435899972916 9145
1784237823804 0.08107439428567886 9146
1784237823818 0.011201298795640469 9147
1784237823833 0.32462507486343384 9148
1784237823846 0.061153266578912735 9149
1784237823861 0.14195550978183746 9150
1784237823877 0.061619412153959274 9151
1784237823889 0.034949932247400284 9152
1784237823905 0.07125264406204224 9153
1784237823917 0.006634674500674009 9154
1784237823931 0.013545431196689606 9155
1784237823944 0.02188514545559883 9156
1784237823959 0.06585150957107544 9157
1784237823973 0.01129203848540783 9158
1784237823989 0.0232024397701025 9159
1784237824001 0.17733696103096008 9160
1784237824014 0.008727654814720154 9161
1784237824029 0.17835412919521332 9162
1784237824044 0.029400162398815155 9163
1784237824059 0.03405153751373291 9164
1784237824075 0.01012767106294632 9165
1784237824092 0.020005609840154648 9166
1784237824108 0.10787846893072128 9167
1784237824124 0.013246389105916023 9168
1784237824139 0.02748035080730915 9169
1784237824153 0.056927550584077835 9170
1784237824168 0.05628360062837601 9171
1784237824184 0.04316878318786621 9172
1784237824204 0.030049705877900124 9173
1784237824218 0.01760927587747574 9174
1784237824232 0.08748336881399155 9175
1784237824251 0.03936900198459625 9176
1784237824265 0.3428267240524292 9177
1784237824280 0.1057916134595871 9178
1784237824295 0.009546780027449131 9179
1784237824308 0.05349009856581688 9180
1784237824324 0.01731523871421814 9181
1784237824341 0.04524267837405205 9182
1784237824356 0.09667060524225235 9183
1784237824372 0.06376785784959793 9184
1784237824388 0.009332549758255482 9185
1784237824403 0.0036120216827839613 9186
1784237824419 0.19526372849941254 9187
1784237824433 0.021942656487226486 9188
1784237824451 0.11214865744113922 9189
1784237824464 0.019253544509410858 9190
1784237824479 0.03032011352479458 9191
1784237824494 0.004989725537598133 9192
1784237824511 0.012595180422067642 9193
1784237824527 0.023417944088578224 9194
1784237824542 0.07998698949813843 9195
1784237824557 0.018772786483168602 9196
1784237824572 0.024187611415982246 9197
1784237824587 0.06195630505681038 9198
1784237824603 0.1559239625930786 9199
1784237824620 0.20160701870918274 9200
1784237824638 0.016238251700997353 9201
1784237824657 0.14628958702087402 9202
1784237824674 0.06093386560678482 9203
1784237824692 0.01976819708943367 9204
1784237824709 0.11622433364391327 9205
1784237824725 0.008788874372839928 9206
1784237824740 0.07616136968135834 9207
1784237824755 0.022027885541319847 9208
1784237824770 0.3532463610172272 9209
1784237824786 0.22555075585842133 9210
1784237824801 0.02663908340036869 9211
1784237824817 0.18428047001361847 9212
1784237824832 0.08099960535764694 9213
1784237824848 0.18388324975967407 9214
1784237824863 0.04620244354009628 9215
1784237824879 0.03829933702945709 9216
1784237824893 0.2150014340877533 9217
1784237824908 0.3674849569797516 9218
1784237824923 0.11340979486703873 9219
1784237824939 0.20284627377986908 9220
1784237824952 0.004020885098725557 9221
1784237824964 0.010164173319935799 9222
1784237824980 0.0439823716878891 9223
1784237824994 0.12715832889080048 9224
1784237825008 0.059406016021966934 9225
1784237825023 0.013134862296283245 9226
1784237825038 0.053056176751852036 9227
1784237825052 0.06195458024740219 9228
1784237825068 0.07328023761510849 9229
1784237825085 0.03709840029478073 9230
1784237825100 0.00718950480222702 9231
1784237825114 0.028359055519104004 9232
1784237825129 0.13373947143554688 9233
1784237825144 0.02482793852686882 9234
1784237825158 0.011365902610123158 9235
1784237825172 0.10210858285427094 9236
1784237825187 0.08078242838382721 9237
1784237825200 0.1247573271393776 9238
1784237825214 0.2928884029388428 9239
1784237825229 0.027338290587067604 9240
1784237825243 0.26836228370666504 9241
1784237825258 0.01382727175951004 9242
1784237825272 0.19922778010368347 9243
1784237825287 0.15833400189876556 9244
1784237825302 0.007764704991132021 9245
1784237825315 0.04021160677075386 9246
1784237825330 0.005022617056965828 9247
1784237825344 0.09369778633117676 9248
1784237825359 0.02259436994791031 9249
1784237825375 0.031233137473464012 9250
1784237825390 0.19589132070541382 9251
1784237825405 0.20462308824062347 9252
1784237825419 0.04505784809589386 9253
1784237825434 0.04983729124069214 9254
1784237825447 0.1287817656993866 9255
1784237825462 0.15003439784049988 9256
1784237825477 0.07247130572795868 9257
1784237825490 0.04521822929382324 9258
1784237825503 0.027490505948662758 9259
1784237825515 0.25681936740875244 9260
1784237825530 0.0457892082631588 9261
1784237825545 0.10819138586521149 9262
1784237825560 0.03657504543662071 9263
1784237825576 0.010881624184548855 9264
1784237825591 0.04038340970873833 9265
1784237825605 0.022742532193660736 9266
1784237825621 0.04401547461748123 9267
1784237825634 0.25662147998809814 9268
1784237825650 0.08489620685577393 9269
1784237825663 0.3620094358921051 9270
1784237825677 0.018140675500035286 9271
1784237825691 0.011961963027715683 9272
1784237825705 0.24594484269618988 9273
1784237825719 0.015546882525086403 9274
1784237825734 0.11170139908790588 9275
1784237825748 0.039261847734451294 9276
1784237825762 0.07332997024059296 9277
1784237825777 0.0052182055078446865 9278
1784237825790 0.02781382016837597 9279
1784237825805 0.13923175632953644 9280
1784237825819 0.058698270469903946 9281
1784237825833 0.01350205484777689 9282
1784237825846 0.12488596141338348 9283
1784237825879 0.16603466868400574 9284
1784237825894 0.00991796888411045 9285
1784237825909 0.005719606298953295 9286
1784237825924 0.022161968052387238 9287
1784237825938 0.11049767583608627 9288
1784237825954 0.01544023584574461 9289
1784237825969 0.1411617249250412 9290
1784237825984 0.15436780452728271 9291
1784237825996 0.04347679018974304 9292
1784237826011 0.07950995862483978 9293
1784237826027 0.005022517405450344 9294
1784237826042 0.06631708890199661 9295
1784237826056 0.04416431486606598 9296
1784237826071 0.2939700186252594 9297
1784237826087 0.10234483331441879 9298
1784237826102 0.026583096012473106 9299
1784237826116 0.015178400091826916 9300
1784237826131 0.2509109079837799 9301
1784237826146 0.05647669732570648 9302
1784237826161 0.06854473799467087 9303
1784237826176 0.026911577209830284 9304
1784237826189 0.05875428393483162 9305
1784237826206 0.11926522105932236 9306
1784237826223 0.1347813904285431 9307
1784237826238 0.08099521696567535 9308
1784237826253 0.040615521371364594 9309
1784237826270 0.04930887371301651 9310
1784237826287 0.016984103247523308 9311
1784237826303 0.07343479245901108 9312
1784237826320 0.019137641414999962 9313
1784237826336 0.04768786206841469 9314
1784237826352 0.047721296548843384 9315
1784237826367 0.010483942925930023 9316
1784237826381 0.019996916875243187 9317
1784237826395 0.17366880178451538 9318
1784237826412 0.053946997970342636 9319
1784237826426 0.05148765817284584 9320
1784237826441 0.17410708963871002 9321
1784237826456 0.021443992853164673 9322
1784237826472 0.10038145631551743 9323
1784237826488 0.06200424209237099 9324
1784237826504 0.01800004579126835 9325
1784237826522 0.13823917508125305 9326
1784237826537 0.0580873116850853 9327
1784237826552 0.010991041548550129 9328
1784237826568 0.035392824560403824 9329
1784237826584 0.18597163259983063 9330
1784237826599 0.10464289039373398 9331
1784237826614 0.05915341153740883 9332
1784237826630 0.06021822243928909 9333
1784237826646 0.11245067417621613 9334
1784237826661 0.05363680049777031 9335
1784237826676 0.01607224904000759 9336
1784237826692 0.10425218194723129 9337
1784237826707 0.033717650920152664 9338
1784237826722 0.09362897276878357 9339
1784237826735 0.1369636356830597 9340
1784237826749 0.020920727401971817 9341
1784237826764 0.04064757004380226 9342
1784237826779 0.026120221242308617 9343
1784237826794 0.010102862492203712 9344
1784237826808 0.026159973815083504 9345
1784237826824 0.04309365898370743 9346
1784237826838 0.14242717623710632 9347
1784237826855 0.05115159600973129 9348
1784237826873 0.09438572824001312 9349
1784237826892 0.005368225276470184 9350
1784237826909 0.02801053412258625 9351
1784237826926 0.018083561211824417 9352
1784237826943 0.05713394284248352 9353
1784237826959 0.030690163373947144 9354
1784237826973 0.002088389592245221 9355
1784237826986 0.04271727800369263 9356
1784237827001 0.005384972784668207 9357
1784237827014 0.126342311501503 9358
1784237827027 0.18535596132278442 9359
1784237827041 0.3365805447101593 9360
1784237827055 0.1507284790277481 9361
1784237827073 0.018788982182741165 9362
1784237827088 0.05304456874728203 9363
1784237827103 0.0113437594845891 9364
1784237827118 0.03814711049199104 9365
1784237827132 0.021130472421646118 9366
1784237827146 0.06958629935979843 9367
1784237827159 0.07423324882984161 9368
1784237827172 0.034702859818935394 9369
1784237827188 0.02779676578938961 9370
1784237827203 0.2993236184120178 9371
1784237827217 0.1078406423330307 9372
1784237827231 0.07800797373056412 9373
1784237827245 0.15103912353515625 9374
