1784282396909 14.772818565368652 0
1784282396966 7.003972053527832 1
1784282397018 0.9458166360855103 2
1784282397054 1.0426238775253296 3
1784282397174 1.0978246927261353 4
1784282397215 1.1642236709594727 5
1784282397253 1.1999974250793457 6
1784282397291 1.2310553789138794 7
1784282397326 1.224602222442627 8
1784282397361 1.233541488647461 9
1784282397394 1.2504390478134155 10
1784282397426 1.2439320087432861 11
1784282397459 1.1597832441329956 12
1784282397491 1.078933596611023 13
1784282397526 1.0780577659606934 14
1784282397559 1.053317904472351 15
1784282397696 1.0369659662246704 16
1784282397736 0.9943984746932983 17
1784282397775 0.9487114548683167 18
1784282397812 0.9069747924804688 19
1784282397849 0.8778060674667358 20
1784282397890 0.8487609028816223 21
1784282397927 0.8261355757713318 22
1784282397964 0.7923713326454163 23
1784282397994 0.7567006349563599 24
1784282398024 0.6909077167510986 25
1784282398063 0.7165573239326477 26
1784282398097 0.6196686625480652 27
1784282398129 0.608288049697876 28
1784282398159 0.5758600831031799 29
1784282398194 0.5179116129875183 30
1784282398343 0.5788451433181763 31
1784282398407 0.4487147927284241 32
1784282398444 0.4778040647506714 33
1784282398474 0.45351895689964294 34
1784282398506 0.38080623745918274 35
1784282398536 0.385955810546875 36
1784282398567 0.35112231969833374 37
1784282398600 0.35871556401252747 38
1784282398633 0.31948861479759216 39
1784282398662 0.35819384455680847 40
1784282398695 0.35574349761009216 41
1784282398831 0.34460368752479553 42
1784282398864 0.3788459897041321 43
1784282398903 0.34806376695632935 44
1784282398941 0.39489856362342834 45
1784282398979 0.3553767204284668 46
1784282399015 0.3976558744907379 47
1784282399054 0.3485376834869385 48
1784282399083 0.3783595860004425 49
1784282399121 0.38840118050575256 50
1784282399153 0.32395943999290466 51
1784282399184 0.36562737822532654 52
1784282399216 0.3167876899242401 53
1784282399257 0.372844398021698 54
1784282399405 0.3657170236110687 55
1784282399458 0.32583656907081604 56
1784282399493 0.3837732672691345 57
1784282399529 0.35686618089675903 58
1784282399562 0.3303907811641693 59
1784282399598 0.33758917450904846 60
1784282399633 0.30314376950263977 61
1784282399662 0.3250705897808075 62
1784282399692 0.30095791816711426 63
1784282399727 0.33052778244018555 64
1784282399757 0.34633418917655945 65
1784282399791 0.2987147867679596 66
1784282399830 0.31784480810165405 67
1784282399864 0.28202131390571594 68
1784282400031 0.30704832077026367 69
1784282400080 0.2913781404495239 70
1784282400115 0.285259485244751 71
1784282400145 0.28786391019821167 72
1784282400181 0.2874487340450287 73
1784282400215 0.2671613395214081 74
1784282400247 0.303027480840683 75
1784282400276 0.262994647026062 76
1784282400303 0.3024243414402008 77
1784282400332 0.2963402271270752 78
1784282400372 0.2848847508430481 79
1784282400419 0.2846173644065857 80
1784282400461 0.2769263982772827 81
1784282400496 0.2988305389881134 82
1784282400528 0.2786959707736969 83
1784282400651 0.2759719491004944 84
1784282400697 0.26807138323783875 85
1784282400729 0.28665220737457275 86
1784282400765 0.26569801568984985 87
1784282400798 0.2929842174053192 88
1784282400829 0.2958069145679474 89
1784282400858 0.2673506438732147 90
1784282400890 0.27580785751342773 91
1784282400936 0.29123935103416443 92
1784282400977 0.2783227264881134 93
1784282401023 0.2988628149032593 94
1784282401065 0.2779075503349304 95
1784282401195 0.25814130902290344 96
1784282401229 0.26578226685523987 97
1784282401264 0.26277849078178406 98
1784282401306 0.2943267524242401 99
1784282401344 0.2836719751358032 100
1784282401384 0.27490392327308655 101
1784282401421 0.26787808537483215 102
1784282401458 0.3055858016014099 103
1784282401501 0.2617396414279938 104
1784282401543 0.28252822160720825 105
1784282401586 0.27553433179855347 106
1784282401625 0.241510272026062 107
1784282401658 0.27804625034332275 108
1784282401694 0.28124821186065674 109
1784282401807 0.2740038335323334 110
1784282401852 0.27870672941207886 111
1784282401881 0.28972500562667847 112
1784282401914 0.28662461042404175 113
1784282401943 0.28516435623168945 114
1784282401975 0.2696671485900879 115
1784282402006 0.27560001611709595 116
1784282402048 0.25137102603912354 117
1784282402090 0.25911450386047363 118
1784282402129 0.2608478367328644 119
1784282402163 0.28576546907424927 120
1784282402202 0.259609580039978 121
1784282402230 0.269900918006897 122
1784282402265 0.2712489664554596 123
1784282402294 0.29905104637145996 124
1784282402326 0.27416613698005676 125
1784282402361 0.2690337002277374 126
1784282402397 0.2943764925003052 127
1784282402437 0.2742691934108734 128
1784282402470 0.25657719373703003 129
1784282402513 0.2725059688091278 130
1784282402683 0.2775828242301941 131
1784282402727 0.2716982662677765 132
1784282402760 0.27755385637283325 133
1784282402793 0.28587019443511963 134
1784282402825 0.27105677127838135 135
1784282402864 0.28013938665390015 136
1784282402898 0.28618520498275757 137
1784282402928 0.2753261625766754 138
1784282402958 0.25995224714279175 139
1784282402991 0.265487939119339 140
1784282403030 0.2897716760635376 141
1784282403075 0.255560040473938 142
1784282403115 0.2781679332256317 143
1784282403152 0.286470502614975 144
1784282403184 0.2895154356956482 145
1784282403215 0.24752669036388397 146
1784282403244 0.26279956102371216 147
1784282403275 0.29785314202308655 148
1784282403306 0.2695404291152954 149
1784282403433 0.28098344802856445 150
1784282403464 0.2680729925632477 151
1784282403496 0.2791636884212494 152
1784282403525 0.2732071876525879 153
1784282403557 0.29482343792915344 154
1784282403592 0.27761393785476685 155
1784282403628 0.2754206955432892 156
1784282403665 0.2928004860877991 157
1784282403700 0.27404335141181946 158
1784282403738 0.2823043465614319 159
1784282403777 0.2680312395095825 160
1784282403811 0.25456440448760986 161
1784282403839 0.2693631052970886 162
1784282403865 0.2641037404537201 163
1784282403892 0.26090922951698303 164
1784282403921 0.26303157210350037 165
1784282403956 0.28250956535339355 166
1784282403992 0.2585390508174896 167
1784282404028 0.27051544189453125 168
1784282404160 0.2745688557624817 169
1784282404210 0.2797797620296478 170
1784282404256 0.2650631368160248 171
1784282404296 0.28410500288009644 172
1784282404334 0.25595083832740784 173
1784282404365 0.251688688993454 174
1784282404399 0.25883984565734863 175
1784282404427 0.26817184686660767 176
1784282404451 0.25111085176467896 177
1784282404485 0.25836461782455444 178
1784282404514 0.2970722019672394 179
1784282404547 0.26069697737693787 180
1784282404581 0.252943754196167 181
1784282404612 0.2681136131286621 182
1784282404645 0.2967343330383301 183
1784282404761 0.27459755539894104 184
1784282404798 0.2578713297843933 185
1784282404837 0.2739529013633728 186
1784282404875 0.29311469197273254 187
1784282404914 0.25786149501800537 188
1784282404942 0.2573091685771942 189
1784282404976 0.3025062382221222 190
1784282405019 0.2641347646713257 191
1784282405049 0.30425208806991577 192
1784282405085 0.3322042226791382 193
1784282405118 0.2749944031238556 194
1784282405153 0.36581888794898987 195
1784282405188 0.3669562041759491 196
1784282405220 0.2953217923641205 197
1784282405249 0.3249174952507019 198
1784282405285 0.3764081597328186 199
1784282405325 0.3620355427265167 200
1784282405362 0.2854415476322174 201
1784282405402 0.32651087641716003 202
1784282405436 0.3848935663700104 203
1784282405475 0.35736939311027527 204
1784282405505 0.2805071473121643 205
1784282405537 0.3561853766441345 206
1784282405567 0.3898949921131134 207
1784282405684 0.3766610324382782 208
1784282405720 0.3025362193584442 209
1784282405755 0.3424292504787445 210
1784282405787 0.38431820273399353 211
1784282405816 0.3739013969898224 212
1784282405846 0.2849980294704437 213
1784282405880 0.3149835467338562 214
1784282405908 0.3597203493118286 215
1784282405940 0.35465550422668457 216
1784282405964 0.30279698967933655 217
1784282406003 0.31785696744918823 218
1784282406035 0.34548646211624146 219
1784282406069 0.3274015188217163 220
1784282406110 0.29270806908607483 221
1784282406147 0.295639306306839 222
1784282406190 0.3398786783218384 223
1784282406231 0.3154095709323883 224
1784282406273 0.2764451801776886 225
1784282406309 0.3111576437950134 226
1784282406342 0.3054303228855133 227
1784282406374 0.2674965262413025 228
1784282406412 0.2977130115032196 229
1784282406443 0.284885436296463 230
1784282406479 0.2599087953567505 231
1784282406509 0.28503653407096863 232
1784282406633 0.28641366958618164 233
1784282406678 0.27270078659057617 234
1784282406711 0.2836982309818268 235
1784282406744 0.26285526156425476 236
1784282406776 0.2794204652309418 237
1784282406809 0.25984635949134827 238
1784282406840 0.264211505651474 239
1784282406879 0.24304161965847015 240
1784282406916 0.26759767532348633 241
1784282406965 0.27787527441978455 242
1784282407008 0.2714941203594208 243
1784282407053 0.276513010263443 244
1784282407090 0.2721025049686432 245
1784282407125 0.28511980175971985 246
1784282407160 0.25793182849884033 247
1784282407195 0.27472230792045593 248
1784282407228 0.2923268973827362 249
1784282407265 0.2795396149158478 250
1784282407313 0.283516526222229 251
1784282407348 0.2563726007938385 252
1784282407389 0.2740534543991089 253
1784282407527 0.2615080773830414 254
1784282407560 0.25999730825424194 255
1784282407598 0.27328601479530334 256
1784282407637 0.268662691116333 257
1784282407675 0.27030351758003235 258
1784282407713 0.26348239183425903 259
1784282407747 0.2906668484210968 260
1784282407784 0.28422820568084717 261
1784282407816 0.268598347902298 262
1784282407850 0.2678404152393341 263
1784282407886 0.26474446058273315 264
1784282407921 0.23777902126312256 265
1784282407961 0.25896909832954407 266
1784282408002 0.25007495284080505 267
1784282408044 0.2766018807888031 268
1784282408076 0.2701888680458069 269
1784282408199 0.2735161781311035 270
1784282408232 0.2782078981399536 271
1784282408271 0.2835438847541809 272
1784282408326 0.28154444694519043 273
1784282408361 0.24803900718688965 274
1784282408400 0.27232030034065247 275
1784282408441 0.24928753077983856 276
1784282408478 0.29339343309402466 277
1784282408514 0.29215410351753235 278
1784282408551 0.260468989610672 279
1784282408589 0.2973206043243408 280
1784282408625 0.31711524724960327 281
1784282408667 0.2662164568901062 282
1784282408707 0.3131149113178253 283
1784282408749 0.32585451006889343 284
1784282408790 0.2916305661201477 285
1784282408826 0.2632887065410614 286
1784282408863 0.2920830249786377 287
1784282408901 0.2959669530391693 288
1784282408932 0.27651795744895935 289
1784282409055 0.3189818859100342 290
1784282409089 0.3112504482269287 291
1784282409125 0.2989480197429657 292
1784282409163 0.2609851360321045 293
1784282409211 0.29103490710258484 294
1784282409244 0.28927451372146606 295
1784282409278 0.2771957814693451 296
1784282409313 0.2946088910102844 297
1784282409356 0.247819721698761 298
1784282409394 0.2806220054626465 299
1784282409433 0.2636886537075043 300
1784282409475 0.26422354578971863 301
1784282409517 0.27708375453948975 302
1784282409550 0.2555629014968872 303
1784282409586 0.25565287470817566 304
1784282409625 0.2667675316333771 305
1784282409663 0.25083112716674805 306
1784282409697 0.26540607213974 307
1784282409732 0.27502748370170593 308
1784282409771 0.25710389018058777 309
1784282409808 0.2817060053348541 310
1784282409918 0.2711057960987091 311
1784282409963 0.26482608914375305 312
1784282410015 0.2735636532306671 313
1784282410049 0.26072797179222107 314
1784282410097 0.2633501887321472 315
1784282410142 0.26863327622413635 316
1784282410182 0.2844446003437042 317
1784282410219 0.27246496081352234 318
1784282410249 0.25529900193214417 319
1784282410275 0.25404688715934753 320
1784282410306 0.24476109445095062 321
1784282410341 0.2663193941116333 322
1784282410373 0.26081839203834534 323
1784282410404 0.24333256483078003 324
1784282410521 0.2612212896347046 325
1784282410571 0.2619374990463257 326
1784282410605 0.26555949449539185 327
1784282410644 0.28769540786743164 328
1784282410686 0.2806781530380249 329
1784282410731 0.27069729566574097 330
1784282410784 0.27154189348220825 331
1784282410838 0.28157198429107666 332
1784282410890 0.2822401225566864 333
1784282410942 0.25087571144104004 334
1784282410985 0.27785035967826843 335
1784282411020 0.25784578919410706 336
1784282411059 0.2766992151737213 337
1784282411097 0.2653541564941406 338
1784282411135 0.2634248733520508 339
1784282411272 0.26028668880462646 340
1784282411308 0.25267645716667175 341
1784282411356 0.24440228939056396 342
1784282411396 0.26102522015571594 343
1784282411433 0.27788978815078735 344
1784282411470 0.2531146705150604 345
1784282411510 0.259647935628891 346
1784282411546 0.2495831698179245 347
1784282411583 0.2648742198944092 348
1784282411641 0.272445410490036 349
1784282411691 0.26226675510406494 350
1784282411733 0.28865495324134827 351
1784282411773 0.27816763520240784 352
1784282411806 0.2568901777267456 353
1784282411843 0.2968427240848541 354
1784282411879 0.32252970337867737 355
1784282411915 0.2664047181606293 356
1784282411950 0.296439528465271 357
1784282411991 0.30111995339393616 358
1784282412039 0.29875779151916504 359
1784282412079 0.2693804204463959 360
1784282412121 0.30167725682258606 361
1784282412159 0.2913399636745453 362
1784282412199 0.26039737462997437 363
1784282412235 0.2894757390022278 364
1784282412357 0.28606200218200684 365
1784282412392 0.2527064383029938 366
1784282412429 0.28501489758491516 367
1784282412468 0.2544745206832886 368
1784282412515 0.2632580101490021 369
1784282412548 0.26472893357276917 370
1784282412589 0.25985121726989746 371
1784282412625 0.2664043605327606 372
1784282412666 0.2828484773635864 373
1784282412699 0.2680942416191101 374
1784282412739 0.2615562081336975 375
1784282412774 0.2670055627822876 376
1784282412807 0.28720623254776 377
1784282412841 0.2829158902168274 378
1784282412877 0.2708103358745575 379
1784282412913 0.3074353337287903 380
1784282412949 0.31253722310066223 381
1784282412991 0.27363908290863037 382
1784282413037 0.2839982509613037 383
1784282413091 0.32301390171051025 384
1784282413131 0.3010343611240387 385
1784282413162 0.2689608633518219 386
1784282413196 0.29859718680381775 387
1784282413226 0.31745806336402893 388
1784282413263 0.2722342610359192 389
1784282413304 0.27107876539230347 390
1784282413342 0.3119620978832245 391
1784282413382 0.2832511067390442 392
1784282413417 0.27917712926864624 393
1784282413551 0.2782076597213745 394
1784282413612 0.28106042742729187 395
1784282413647 0.2684233784675598 396
1784282413686 0.29540154337882996 397
1784282413723 0.25444847345352173 398
1784282413755 0.2773931920528412 399
1784282413793 0.29267916083335876 400
1784282413833 0.2753489017486572 401
1784282413874 0.2714972198009491 402
1784282413914 0.2554408609867096 403
1784282413949 0.2867451608181 404
1784282413984 0.2714574337005615 405
1784282414017 0.273715078830719 406
1784282414048 0.2575218677520752 407
1784282414077 0.26321011781692505 408
1784282414112 0.2508367598056793 409
1784282414145 0.2618611454963684 410
1784282414182 0.2800581157207489 411
1784282414218 0.24847988784313202 412
1784282414255 0.2720184028148651 413
1784282414287 0.26578372716903687 414
1784282414409 0.2620202302932739 415
1784282414470 0.27090030908584595 416
1784282414503 0.25810766220092773 417
1784282414536 0.27657410502433777 418
1784282414579 0.27675512433052063 419
1784282414613 0.2740175724029541 420
1784282414655 0.26424843072891235 421
1784282414689 0.2919042408466339 422
1784282414727 0.2540314197540283 423
1784282414756 0.2608705759048462 424
1784282414791 0.2697916328907013 425
1784282414825 0.2621840238571167 426
1784282414859 0.2820669710636139 427
1784282414893 0.28275641798973083 428
1784282414930 0.2740705907344818 429
1784282414965 0.28657305240631104 430
1784282415001 0.26538097858428955 431
1784282415047 0.27574414014816284 432
1784282415093 0.26421037316322327 433
1784282415156 0.27935266494750977 434
1784282415199 0.27826830744743347 435
1784282415240 0.2647208571434021 436
1784282415275 0.2880859375 437
1784282415315 0.27005457878112793 438
1784282415349 0.2860102355480194 439
1784282415476 0.2905672788619995 440
1784282415513 0.2528381645679474 441
1784282415566 0.28543853759765625 442
1784282415605 0.26076796650886536 443
1784282415646 0.25925594568252563 444
1784282415685 0.25917935371398926 445
1784282415720 0.2681673467159271 446
1784282415753 0.26300960779190063 447
1784282415793 0.2630493640899658 448
1784282415826 0.24338285624980927 449
1784282415860 0.29075461626052856 450
1784282415896 0.26620543003082275 451
1784282415928 0.2896882891654968 452
1784282415963 0.28201913833618164 453
1784282415995 0.26625609397888184 454
1784282416033 0.25569024682044983 455
1784282416075 0.2640688121318817 456
1784282416115 0.2530106008052826 457
1784282416157 0.28201916813850403 458
1784282416189 0.2775839567184448 459
1784282416321 0.2710828185081482 460
1784282416358 0.25121375918388367 461
1784282416394 0.257170706987381 462
1784282416429 0.2624363899230957 463
1784282416459 0.26354703307151794 464
1784282416490 0.25704747438430786 465
1784282416529 0.2564656734466553 466
1784282416564 0.2724609971046448 467
1784282416599 0.25893351435661316 468
1784282416653 0.25208166241645813 469
1784282416691 0.2664779722690582 470
1784282416737 0.25701823830604553 471
1784282416774 0.26556456089019775 472
1784282416809 0.26218464970588684 473
1784282416845 0.2639879882335663 474
1784282416880 0.24678675830364227 475
1784282416922 0.2400723695755005 476
1784282416960 0.2691000699996948 477
1784282417004 0.2605845034122467 478
1784282417052 0.24883276224136353 479
1784282417088 0.25706353783607483 480
1784282417121 0.26599201560020447 481
1784282417148 0.25011125206947327 482
1784282417260 0.24832682311534882 483
1784282417295 0.2567075490951538 484
1784282417340 0.23780371248722076 485
1784282417369 0.25667333602905273 486
1784282417405 0.2654905617237091 487
1784282417441 0.24057374894618988 488
1784282417476 0.24834628403186798 489
1784282417513 0.25720033049583435 490
1784282417554 0.2484748214483261 491
1784282417591 0.259377658367157 492
1784282417625 0.25484734773635864 493
1784282417662 0.2611217796802521 494
1784282417701 0.25961750745773315 495
1784282417741 0.2605215013027191 496
1784282417785 0.26861682534217834 497
1784282417827 0.24735653400421143 498
1784282417870 0.2680783271789551 499
1784282417921 0.2665598690509796 500
1784282417958 0.24462975561618805 501
1784282417993 0.2657197415828705 502
1784282418032 0.2600833475589752 503
1784282418069 0.2780948877334595 504
1784282418106 0.2684442698955536 505
1784282418142 0.2510257363319397 506
1784282418176 0.273872971534729 507
1784282418212 0.2537159025669098 508
1784282418348 0.27420759201049805 509
1784282418379 0.2561238408088684 510
1784282418413 0.2658134400844574 511
1784282418454 0.25657564401626587 512
1784282418489 0.2700377404689789 513
1784282418523 0.25867515802383423 514
1784282418560 0.27278539538383484 515
1784282418594 0.2258482724428177 516
1784282418632 0.25625455379486084 517
1784282418669 0.2555285692214966 518
1784282418705 0.27347004413604736 519
1784282418742 0.2713946998119354 520
1784282418780 0.2641771137714386 521
1784282418823 0.25791189074516296 522
1784282418864 0.26547563076019287 523
1784282418898 0.2630850076675415 524
1784282418937 0.282580703496933 525
1784282418971 0.2820270359516144 526
1784282419005 0.2762230336666107 527
1784282419042 0.28516578674316406 528
1784282419172 0.256945937871933 529
1784282419208 0.29501062631607056 530
1784282419243 0.2908255159854889 531
1784282419278 0.2646903395652771 532
1784282419321 0.2784603536128998 533
1784282419360 0.26539257168769836 534
1784282419396 0.2667112946510315 535
1784282419431 0.2660367488861084 536
1784282419468 0.2734490633010864 537
1784282419505 0.25160127878189087 538
1784282419543 0.2564333379268646 539
1784282419585 0.2567764222621918 540
1784282419627 0.2684164345264435 541
1784282419669 0.2535662055015564 542
1784282419708 0.26289302110671997 543
1784282419753 0.271363228559494 544
1784282419816 0.25227200984954834 545
1784282419858 0.27666106820106506 546
1784282419894 0.27659833431243896 547
1784282420019 0.2677824795246124 548
1784282420057 0.26085135340690613 549
1784282420092 0.26911452412605286 550
1784282420140 0.26041296124458313 551
1784282420172 0.2648824453353882 552
1784282420213 0.25400105118751526 553
1784282420252 0.26455041766166687 554
1784282420288 0.2737748324871063 555
1784282420321 0.26228997111320496 556
1784282420355 0.2677178680896759 557
1784282420392 0.2485262155532837 558
1784282420428 0.24657969176769257 559
1784282420463 0.2571370601654053 560
1784282420524 0.25327667593955994 561
1784282420567 0.27122554183006287 562
1784282420612 0.2647980749607086 563
1784282420651 0.25953319668769836 564
1784282420690 0.25381407141685486 565
1784282420809 0.2606874108314514 566
1784282420843 0.26409441232681274 567
1784282420893 0.250862717628479 568
1784282420929 0.2415931671857834 569
1784282420994 0.25890710949897766 570
1784282421031 0.25896334648132324 571
1784282421075 0.26368531584739685 572
1784282421112 0.2653646171092987 573
1784282421148 0.2572970390319824 574
1784282421184 0.24578019976615906 575
1784282421219 0.28373679518699646 576
1784282421251 0.2661251127719879 577
1784282421287 0.28355759382247925 578
1784282421324 0.283405065536499 579
1784282421361 0.27787527441978455 580
1784282421398 0.290645956993103 581
1784282421443 0.2678947150707245 582
1784282421606 0.27258583903312683 583
1784282421660 0.2830500602722168 584
1784282421706 0.26141926646232605 585
1784282421754 0.27258801460266113 586
1784282421790 0.26887667179107666 587
1784282421828 0.2715398073196411 588
1784282421868 0.2802237272262573 589
1784282421908 0.25356754660606384 590
1784282421943 0.2662379741668701 591
1784282421978 0.277536004781723 592
1784282422010 0.2580258846282959 593
1784282422051 0.26087242364883423 594
1784282422087 0.26753267645835876 595
1784282422123 0.23726820945739746 596
1784282422164 0.260712593793869 597
1784282422198 0.2573016285896301 598
1784282422324 0.2723526358604431 599
1784282422360 0.24426083266735077 600
1784282422397 0.2968555688858032 601
1784282422454 0.2646947205066681 602
1784282422493 0.2816016972064972 603
1784282422543 0.28709784150123596 604
1784282422587 0.2576949894428253 605
1784282422628 0.30098453164100647 606
1784282422667 0.29505619406700134 607
1784282422705 0.2609923183917999 608
1784282422747 0.29454076290130615 609
1784282422778 0.30547139048576355 610
1784282422813 0.29798582196235657 611
1784282422850 0.2740216851234436 612
1784282422885 0.28607168793678284 613
1784282422922 0.26419582962989807 614
1784282422961 0.2729007303714752 615
1784282423003 0.29010745882987976 616
1784282423048 0.2618015706539154 617
1784282423181 0.3000901937484741 618
1784282423220 0.2966271638870239 619
1784282423257 0.2852230966091156 620
1784282423293 0.2741818130016327 621
1784282423331 0.30748653411865234 622
1784282423368 0.2873803675174713 623
1784282423404 0.2717738449573517 624
1784282423438 0.29497236013412476 625
1784282423484 0.25813978910446167 626
1784282423517 0.27436771988868713 627
1784282423550 0.2916240394115448 628
1784282423588 0.26554450392723083 629
1784282423626 0.279384583234787 630
1784282423668 0.2948567271232605 631
1784282423713 0.26229405403137207 632
1784282423758 0.2722610831260681 633
1784282423800 0.29498401284217834 634
1784282423835 0.2733157277107239 635
1784282423869 0.29994866251945496 636
1784282423904 0.27258145809173584 637
1784282423940 0.2682476043701172 638
1784282423981 0.3075694739818573 639
1784282424019 0.24630515277385712 640
1784282424053 0.287900447845459 641
1784282424089 0.2889474034309387 642
1784282424132 0.2829606235027313 643
1784282424205 0.2930000126361847 644
1784282424244 0.2829643189907074 645
1784282424279 0.29197436571121216 646
1784282424318 0.24406689405441284 647
1784282424346 0.2782025933265686 648
1784282424386 0.2712903320789337 649
1784282424422 0.28589728474617004 650
1784282424454 0.27414923906326294 651
1784282424493 0.2633529305458069 652
1784282424530 0.2781994938850403 653
1784282424564 0.2675551176071167 654
1784282424601 0.27713340520858765 655
1784282424638 0.2947167754173279 656
1784282424675 0.28532496094703674 657
1784282424713 0.2737405002117157 658
1784282424747 0.27947065234184265 659
1784282424786 0.2557208836078644 660
1784282424825 0.2884758412837982 661
1784282424859 0.3110094964504242 662
1784282424896 0.28691092133522034 663
1784282424929 0.2676272690296173 664
1784282425070 0.27886706590652466 665
1784282425120 0.2676928639411926 666
1784282425156 0.28021514415740967 667
1784282425198 0.2885136604309082 668
1784282425245 0.24895063042640686 669
1784282425285 0.26983338594436646 670
1784282425324 0.29102301597595215 671
1784282425360 0.2617519199848175 672
1784282425403 0.2860892415046692 673
1784282425443 0.2603612244129181 674
1784282425484 0.27563178539276123 675
1784282425523 0.2695354223251343 676
1784282425558 0.255773663520813 677
1784282425591 0.26760268211364746 678
1784282425627 0.25903716683387756 679
1784282425663 0.2932059168815613 680
1784282425706 0.2771720886230469 681
1784282425739 0.2576885521411896 682
1784282425775 0.24894078075885773 683
1784282425912 0.25889649987220764 684
1784282425957 0.27073729038238525 685
1784282425995 0.2637846767902374 686
1784282426038 0.2574497163295746 687
1784282426098 0.26748278737068176 688
1784282426139 0.2609183192253113 689
1784282426181 0.2517302632331848 690
1784282426219 0.2719080448150635 691
1784282426256 0.24878185987472534 692
1784282426302 0.25516968965530396 693
1784282426334 0.2490226924419403 694
1784282426367 0.2575038969516754 695
1784282426402 0.26377207040786743 696
1784282426437 0.26110532879829407 697
1784282426474 0.2629891335964203 698
1784282426514 0.24725380539894104 699
1784282426551 0.2556999623775482 700
1784282426592 0.27933716773986816 701
1784282426642 0.26397624611854553 702
1784282426678 0.26742517948150635 703
1784282426711 0.2604998052120209 704
1784282426834 0.2633790969848633 705
1784282426873 0.2828800678253174 706
1784282426924 0.27441227436065674 707
1784282426959 0.29142069816589355 708
1784282426998 0.2677532136440277 709
1784282427037 0.2511554956436157 710
1784282427073 0.25595003366470337 711
1784282427107 0.2513900399208069 712
1784282427141 0.24611473083496094 713
1784282427175 0.25014540553092957 714
1784282427210 0.25321266055107117 715
1784282427248 0.27480775117874146 716
1784282427284 0.25412312150001526 717
1784282427321 0.2568952143192291 718
1784282427356 0.2498292773962021 719
1784282427397 0.23594599962234497 720
1784282427536 0.25582608580589294 721
1784282427585 0.28124070167541504 722
1784282427622 0.24871081113815308 723
1784282427663 0.29452452063560486 724
1784282427706 0.28115344047546387 725
1784282427751 0.26415714621543884 726
1784282427797 0.26201334595680237 727
1784282427834 0.26645511388778687 728
1784282427869 0.2586219906806946 729
1784282427903 0.2512519657611847 730
1784282427938 0.2721956670284271 731
1784282427978 0.24946388602256775 732
1784282428019 0.26580438017845154 733
1784282428056 0.2667715549468994 734
1784282428096 0.2437106966972351 735
1784282428134 0.2826747000217438 736
1784282428253 0.27653414011001587 737
1784282428290 0.23222211003303528 738
1784282428331 0.27138057351112366 739
1784282428364 0.23784512281417847 740
1784282428401 0.27131590247154236 741
1784282428440 0.256951242685318 742
1784282428474 0.27665773034095764 743
1784282428513 0.2612808644771576 744
1784282428547 0.2590717673301697 745
1784282428584 0.2518174648284912 746
1784282428618 0.2471989244222641 747
1784282428655 0.25417545437812805 748
1784282428691 0.2662973701953888 749
1784282428731 0.2632181942462921 750
1784282428772 0.25616633892059326 751
1784282428805 0.2641916573047638 752
1784282428934 0.26583701372146606 753
1784282428974 0.24484895169734955 754
1784282429029 0.237457737326622 755
1784282429070 0.23714536428451538 756
1784282429108 0.2633378803730011 757
1784282429153 0.26173633337020874 758
1784282429193 0.25872546434402466 759
1784282429235 0.25004956126213074 760
1784282429277 0.2519747018814087 761
1784282429319 0.25583720207214355 762
1784282429371 0.28120315074920654 763
1784282429420 0.24551784992218018 764
1784282429466 0.2861063480377197 765
1784282429500 0.2469784915447235 766
1784282429535 0.24412454664707184 767
1784282429571 0.26309704780578613 768
1784282429608 0.24759350717067719 769
1784282429742 0.2505917549133301 770
1784282429819 0.2827284336090088 771
1784282429857 0.2642000615596771 772
1784282429901 0.2592933475971222 773
1784282429936 0.2630646228790283 774
1784282429965 0.2540752589702606 775
1784282429996 0.2641535997390747 776
1784282430027 0.26232782006263733 777
1784282430059 0.2540219724178314 778
1784282430090 0.27633213996887207 779
1784282430120 0.257631778717041 780
1784282430152 0.2885228097438812 781
1784282430258 0.25824958086013794 782
1784282430292 0.2599911093711853 783
1784282430321 0.2631716728210449 784
1784282430364 0.27405107021331787 785
1784282430392 0.29354697465896606 786
1784282430438 0.25687652826309204 787
1784282430478 0.2653048634529114 788
1784282430517 0.2542363703250885 789
1784282430554 0.27189901471138 790
1784282430597 0.27500680088996887 791
1784282430640 0.2745656967163086 792
1784282430682 0.26379746198654175 793
1784282430718 0.2850486636161804 794
1784282430756 0.2606067657470703 795
1784282430794 0.2826276421546936 796
1784282430832 0.2398567944765091 797
1784282430868 0.28125178813934326 798
1784282430903 0.2644292116165161 799
1784282430940 0.26124730706214905 800
1784282430979 0.2750835716724396 801
1784282431020 0.2729007601737976 802
1784282431064 0.27636781334877014 803
1784282431111 0.25750869512557983 804
1784282431151 0.2711983919143677 805
1784282431196 0.27287721633911133 806
1784282431237 0.2695503234863281 807
1784282431296 0.2695351541042328 808
1784282431334 0.2534981071949005 809
1784282431372 0.2548150420188904 810
1784282431408 0.26325732469558716 811
1784282431441 0.2687699496746063 812
1784282431477 0.2535858154296875 813
1784282431608 0.2776523232460022 814
1784282431646 0.2605338394641876 815
1784282431680 0.26015982031822205 816
1784282431712 0.2561280131340027 817
1784282431747 0.2831740975379944 818
1784282431807 0.24254117906093597 819
1784282431842 0.25872963666915894 820
1784282431879 0.2731717824935913 821
1784282431916 0.27196285128593445 822
1784282431952 0.26456910371780396 823
1784282431989 0.26555314660072327 824
1784282432023 0.2735588550567627 825
1784282432059 0.272666335105896 826
1784282432094 0.25529253482818604 827
1784282432134 0.2641119360923767 828
1784282432186 0.27731746435165405 829
1784282432230 0.26320162415504456 830
1784282432272 0.2806572914123535 831
1784282432321 0.2700624167919159 832
1784282432362 0.2627530097961426 833
1784282432396 0.26111334562301636 834
1784282432434 0.26223480701446533 835
1784282432468 0.2756465971469879 836
1784282432501 0.27167966961860657 837
1784282432535 0.26349180936813354 838
1784282432566 0.26852133870124817 839
1784282432601 0.2660767138004303 840
1784282432633 0.2460487186908722 841
1784282432739 0.2746659517288208 842
1784282432775 0.2785305380821228 843
1784282432804 0.24739526212215424 844
1784282432841 0.27925601601600647 845
1784282432887 0.2452503889799118 846
1784282432920 0.25268545746803284 847
1784282432955 0.2635676860809326 848
1784282432990 0.26811549067497253 849
1784282433031 0.27436280250549316 850
1784282433069 0.27516865730285645 851
1784282433109 0.2610417306423187 852
1784282433147 0.2832486629486084 853
1784282433183 0.26732248067855835 854
1784282433221 0.2520911991596222 855
1784282433346 0.262760192155838 856
1784282433384 0.25945961475372314 857
1784282433429 0.2653760313987732 858
1784282433475 0.27444079518318176 859
1784282433528 0.2807024419307709 860
1784282433568 0.2546561360359192 861
1784282433608 0.2628418207168579 862
1784282433642 0.2639836072921753 863
1784282433679 0.2594393789768219 864
1784282433712 0.2778097689151764 865
1784282433745 0.2760345935821533 866
1784282433779 0.2668609917163849 867
1784282433813 0.2629390358924866 868
1784282433854 0.24809250235557556 869
1784282433887 0.27128294110298157 870
1784282433933 0.2601886987686157 871
1784282433973 0.28021374344825745 872
1784282434125 0.27735254168510437 873
1784282434160 0.2580665349960327 874
1784282434210 0.2748015224933624 875
1784282434252 0.25722259283065796 876
1784282434299 0.2775706350803375 877
1784282434349 0.25976017117500305 878
1784282434394 0.28112250566482544 879
1784282434442 0.2650482654571533 880
1784282434482 0.2689720392227173 881
1784282434521 0.2677542269229889 882
1784282434564 0.2689198851585388 883
1784282434598 0.269665390253067 884
1784282434632 0.2745527923107147 885
1784282434669 0.2731122672557831 886
1784282434706 0.26482710242271423 887
1784282434827 0.26285356283187866 888
1784282434866 0.25068947672843933 889
1784282434902 0.2643282413482666 890
1784282434939 0.25447309017181396 891
1784282434980 0.2678784430027008 892
1784282435015 0.2715156674385071 893
1784282435072 0.2594185173511505 894
1784282435134 0.2533164322376251 895
1784282435218 0.27418527007102966 896
1784282435305 0.26186972856521606 897
1784282435354 0.26293492317199707 898
1784282435406 0.26205024123191833 899
1784282435442 0.2777945399284363 900
1784282435475 0.2614631652832031 901
1784282435596 0.28615209460258484 902
1784282435646 0.26190856099128723 903
1784282435684 0.2680658996105194 904
1784282435728 0.26995453238487244 905
1784282435791 0.25280076265335083 906
1784282435842 0.2556467354297638 907
1784282435881 0.27186670899391174 908
1784282435919 0.25238966941833496 909
1784282435958 0.2517848610877991 910
1784282435993 0.2539179027080536 911
1784282436032 0.25548097491264343 912
1784282436070 0.2789247930049896 913
1784282436112 0.27561262249946594 914
1784282436148 0.2600366175174713 915
1784282436188 0.2600052058696747 916
1784282436229 0.28377723693847656 917
1784282436270 0.2673071324825287 918
1784282436313 0.26540592312812805 919
1784282436355 0.2788471281528473 920
1784282436396 0.2560344338417053 921
1784282436438 0.2647364139556885 922
1784282436480 0.261247843503952 923
1784282436516 0.26194754242897034 924
1784282436556 0.26367026567459106 925
1784282436593 0.275466650724411 926
1784282436631 0.2740539312362671 927
1784282436667 0.2650967836380005 928
1784282436703 0.24521933495998383 929
1784282436740 0.24221637845039368 930
1784282436777 0.24786433577537537 931
1784282436816 0.2524791359901428 932
1784282436851 0.25608327984809875 933
1784282436979 0.2600831389427185 934
1784282437015 0.2462991625070572 935
1784282437052 0.2536982297897339 936
1784282439357 0.2620677053928375 937
1784282439388 0.25948402285575867 938
1784282439418 0.25747790932655334 939
1784282439446 0.24948585033416748 940
1784282439476 0.24709175527095795 941
1784282439507 0.24615006148815155 942
1784282439540 0.24155691266059875 943
1784282439569 0.2633124887943268 944
1784282439598 0.2621546685695648 945
1784282439626 0.24071523547172546 946
1784282439653 0.25462546944618225 947
1784282439684 0.25041860342025757 948
1784282439795 0.2431918978691101 949
1784282439823 0.248435378074646 950
1784282439852 0.2416420727968216 951
1784282439884 0.2568255066871643 952
1784282439915 0.24492517113685608 953
1784282439947 0.26077407598495483 954
1784282439989 0.2595332860946655 955
1784282440017 0.2505026161670685 956
1784282440049 0.2643137574195862 957
1784282440081 0.2524339556694031 958
1784282440120 0.26099130511283875 959
1784282440157 0.25856882333755493 960
1784282440191 0.254342645406723 961
1784282440228 0.266870379447937 962
1784282440259 0.26661232113838196 963
1784282440302 0.25755515694618225 964
1784282440342 0.27371588349342346 965
1784282440387 0.2532179355621338 966
1784282440430 0.2804398536682129 967
1784282440473 0.2731221914291382 968
1784282440514 0.2539590001106262 969
1784282440549 0.25535234808921814 970
1784282440590 0.24736419320106506 971
1784282440624 0.2884525656700134 972
1784282440657 0.2756566107273102 973
1784282440692 0.255324125289917 974
1784282440724 0.26786258816719055 975
1784282440755 0.2732658088207245 976
1784282440787 0.25943222641944885 977
1784282440821 0.27151256799697876 978
1784282440859 0.25699225068092346 979
1784282440893 0.25375768542289734 980
1784282441034 0.28004950284957886 981
1784282441077 0.2687336206436157 982
1784282441112 0.26484084129333496 983
1784282441164 0.2625012695789337 984
1784282441202 0.25222349166870117 985
1784282441238 0.2633930444717407 986
1784282441275 0.2818930745124817 987
1784282441310 0.2595326900482178 988
1784282441347 0.2548563778400421 989
1784282441384 0.26257917284965515 990
1784282441419 0.26999369263648987 991
1784282441464 0.2666240632534027 992
1784282441507 0.26130515336990356 993
1784282441550 0.27851301431655884 994
1784282441608 0.2687760293483734 995
1784282441659 0.2976302206516266 996
1784282441713 0.2609938085079193 997
1784282441744 0.267236590385437 998
1784282441786 0.26735973358154297 999
1784282441832 0.26103392243385315 1000
1784282441873 0.25419676303863525 1001
1784282441911 0.26456889510154724 1002
1784282441952 0.25451675057411194 1003
1784282441990 0.25597772002220154 1004
1784282442028 0.27192607522010803 1005
1784282442061 0.27450424432754517 1006
1784282442095 0.27246329188346863 1007
1784282442132 0.27602458000183105 1008
1784282442173 0.27910393476486206 1009
1784282442226 0.2682769000530243 1010
1784282442310 0.2797093689441681 1011
1784282442384 0.25811442732810974 1012
1784282442434 0.256741464138031 1013
1784282442589 0.26639315485954285 1014
1784282442634 0.26016321778297424 1015
1784282442673 0.2796429991722107 1016
1784282442713 0.25692644715309143 1017
1784282442751 0.2544998526573181 1018
1784282442789 0.2633865475654602 1019
1784282442833 0.2706754803657532 1020
1784282442876 0.2702586054801941 1021
1784282442919 0.2478555589914322 1022
1784282442958 0.27136120200157166 1023
1784282443002 0.26400741934776306 1024
1784282443047 0.2662522494792938 1025
1784282443088 0.268429696559906 1026
1784282443129 0.2620680034160614 1027
1784282443164 0.26627886295318604 1028
1784282443199 0.2600341737270355 1029
1784282443247 0.26610231399536133 1030
1784282443284 0.2616325914859772 1031
1784282443320 0.2711959183216095 1032
1784282443355 0.2768002450466156 1033
1784282443399 0.25894275307655334 1034
1784282443433 0.2495042383670807 1035
1784282443496 0.25465285778045654 1036
1784282443592 0.2593110203742981 1037
1784282443630 0.2721748650074005 1038
1784282443675 0.2804754972457886 1039
1784282443711 0.2713741660118103 1040
1784282443753 0.28223446011543274 1041
1784282443804 0.25536051392555237 1042
1784282443849 0.2700077295303345 1043
1784282443891 0.2765720784664154 1044
1784282443927 0.26993194222450256 1045
1784282443961 0.2825862169265747 1046
1784282443995 0.2614636719226837 1047
1784282444035 0.2707420289516449 1048
1784282444070 0.2532702386379242 1049
1784282444106 0.2799825668334961 1050
1784282444140 0.3022998869419098 1051
1784282444176 0.2726767063140869 1052
1784282444216 0.2842569053173065 1053
1784282444255 0.28180161118507385 1054
1784282444289 0.25309377908706665 1055
1784282444324 0.26567342877388 1056
1784282444357 0.28727176785469055 1057
1784282444395 0.25441598892211914 1058
1784282444431 0.2765547037124634 1059
1784282444469 0.26797786355018616 1060
1784282444501 0.278801828622818 1061
1784282444533 0.26580721139907837 1062
1784282444567 0.24488501250743866 1063
1784282444604 0.27206340432167053 1064
1784282444647 0.24618394672870636 1065
1784282444687 0.27267229557037354 1066
1784282444732 0.25266823172569275 1067
1784282444772 0.2708894610404968 1068
1784282444816 0.26697733998298645 1069
1784282444865 0.25716033577919006 1070
1784282444905 0.296227365732193 1071
1784282444952 0.2676236629486084 1072
1784282444990 0.26243454217910767 1073
1784282445111 0.26889169216156006 1074
1784282445145 0.25270792841911316 1075
1784282445182 0.2573034465312958 1076
1784282445217 0.2473534345626831 1077
1784282445249 0.2693224549293518 1078
1784282445280 0.2551799714565277 1079
1784282445314 0.25137925148010254 1080
1784282445349 0.2704930901527405 1081
1784282445380 0.27918609976768494 1082
1784282445410 0.27082231640815735 1083
1784282445448 0.2686510682106018 1084
1784282445484 0.2704871892929077 1085
1784282445521 0.26902008056640625 1086
1784282445560 0.24980229139328003 1087
1784282445593 0.26208481192588806 1088
1784282445625 0.24768848717212677 1089
1784282445657 0.24840502440929413 1090
1784282445687 0.2670358121395111 1091
1784282445722 0.2586984634399414 1092
1784282445778 0.2663159966468811 1093
1784282445820 0.26886484026908875 1094
1784282445857 0.2628689706325531 1095
1784282445890 0.25629445910453796 1096
1784282445931 0.2549789845943451 1097
1784282445968 0.271781861782074 1098
1784282446003 0.25341132283210754 1099
1784282446038 0.25956234335899353 1100
1784282446078 0.2558375895023346 1101
1784282446123 0.26879605650901794 1102
1784282446165 0.28240343928337097 1103
1784282446201 0.2643852233886719 1104
1784282446238 0.27103352546691895 1105
1784282446273 0.2754799723625183 1106
1784282446437 0.26367998123168945 1107
1784282446512 0.2517559826374054 1108
1784282446560 0.2696400582790375 1109
1784282446625 0.25222787261009216 1110
1784282446673 0.2734389305114746 1111
1784282446731 0.2769019901752472 1112
1784282446781 0.25680360198020935 1113
1784282446827 0.27336519956588745 1114
1784282446868 0.2808397710323334 1115
1784282446915 0.2798365652561188 1116
1784282446957 0.27102261781692505 1117
1784282447000 0.2655993103981018 1118
1784282447039 0.267406702041626 1119
1784282447073 0.26375052332878113 1120
1784282447110 0.26925128698349 1121
1784282447147 0.2649601995944977 1122
1784282447184 0.2796129584312439 1123
1784282447223 0.2448783814907074 1124
1784282447296 0.29030928015708923 1125
1784282447366 0.2696917653083801 1126
1784282447400 0.2536798417568207 1127
1784282447455 0.2602319121360779 1128
1784282447493 0.2596205472946167 1129
1784282447533 0.25584161281585693 1130
1784282447572 0.2602134644985199 1131
1784282447621 0.26927945017814636 1132
1784282447662 0.25314274430274963 1133
1784282447706 0.24997906386852264 1134
1784282447749 0.2776341140270233 1135
1784282447796 0.2641555666923523 1136
1784282447835 0.28288713097572327 1137
1784282447883 0.2541195750236511 1138
1784282447923 0.2763131856918335 1139
1784282447959 0.2773396074771881 1140
1784282447996 0.24670523405075073 1141
1784282448031 0.2605820596218109 1142
1784282448067 0.2579798698425293 1143
1784282448188 0.2379605621099472 1144
1784282448225 0.2668287754058838 1145
1784282448264 0.24558265507221222 1146
1784282448301 0.2652395963668823 1147
1784282448342 0.25320661067962646 1148
1784282448385 0.28067547082901 1149
1784282448420 0.2630841135978699 1150
1784282448484 0.26467758417129517 1151
1784282448523 0.2730728089809418 1152
1784282448558 0.24952436983585358 1153
1784282448593 0.27619537711143494 1154
1784282448633 0.2812824845314026 1155
1784282448666 0.25856301188468933 1156
1784282448699 0.26652029156684875 1157
1784282448737 0.25454238057136536 1158
1784282448795 0.26559367775917053 1159
1784282448844 0.27208253741264343 1160
1784282448899 0.26157012581825256 1161
1784282448957 0.2815018594264984 1162
1784282449016 0.259723961353302 1163
1784282449073 0.2735598087310791 1164
1784282449114 0.2617450952529907 1165
1784282449154 0.25865086913108826 1166
1784282449204 0.27595922350883484 1167
1784282449241 0.2597430944442749 1168
1784282449280 0.2575671672821045 1169
1784282449322 0.2580569386482239 1170
1784282449366 0.2587735056877136 1171
1784282449406 0.2707103490829468 1172
1784282449448 0.25287705659866333 1173
1784282449497 0.26336216926574707 1174
1784282449542 0.2691585123538971 1175
1784282449585 0.255258709192276 1176
1784282449625 0.2594677805900574 1177
1784282449661 0.2603066563606262 1178
1784282449699 0.25904396176338196 1179
1784282449737 0.2683079242706299 1180
1784282449870 0.2797650992870331 1181
1784282449906 0.2760063111782074 1182
1784282449943 0.24844130873680115 1183
1784282449982 0.2493276745080948 1184
1784282450023 0.26685723662376404 1185
1784282450062 0.2567898631095886 1186
1784282450100 0.28373417258262634 1187
1784282450145 0.2616029679775238 1188
1784282450185 0.24650880694389343 1189
1784282450230 0.2705972194671631 1190
1784282450267 0.2630830705165863 1191
1784282450309 0.26242825388908386 1192
1784282450354 0.2650006413459778 1193
1784282450399 0.26359179615974426 1194
1784282450441 0.2748648226261139 1195
1784282450479 0.2651163339614868 1196
1784282450520 0.2544475793838501 1197
1784282450561 0.2703291177749634 1198
1784282450602 0.2633987069129944 1199
1784282450649 0.2864929735660553 1200
1784282450769 0.26714029908180237 1201
1784282450806 0.256159245967865 1202
1784282450844 0.2608415186405182 1203
1784282450885 0.2703709602355957 1204
1784282450919 0.25282156467437744 1205
1784282450959 0.2694041132926941 1206
1784282451004 0.25138789415359497 1207
1784282451049 0.27272847294807434 1208
1784282451107 0.2626027762889862 1209
1784282451149 0.2611182928085327 1210
1784282451193 0.2717132866382599 1211
1784282451236 0.26457273960113525 1212
1784282451270 0.2705552577972412 1213
1784282451305 0.26724517345428467 1214
1784282451339 0.2690925598144531 1215
1784282451378 0.2767772376537323 1216
1784282451413 0.2565678656101227 1217
1784282451448 0.26719212532043457 1218
1784282451484 0.26341211795806885 1219
1784282451521 0.2632546126842499 1220
1784282451560 0.25352922081947327 1221
1784282451697 0.2617056369781494 1222
1784282451733 0.2727210819721222 1223
1784282451767 0.27129971981048584 1224
1784282451818 0.2698269486427307 1225
1784282451854 0.24832503497600555 1226
1784282451919 0.26706719398498535 1227
1784282451967 0.2677171230316162 1228
1784282452056 0.25410205125808716 1229
1784282452120 0.2659776210784912 1230
1784282452232 0.2676844298839569 1231
1784282452280 0.2649745047092438 1232
1784282452320 0.2513987123966217 1233
1784282452368 0.26632678508758545 1234
1784282452417 0.26342278718948364 1235
1784282452455 0.260166198015213 1236
1784282452489 0.26539671421051025 1237
1784282452522 0.2676541805267334 1238
1784282452650 0.2699097692966461 1239
1784282452687 0.27996042370796204 1240
1784282452720 0.2650703191757202 1241
1784282452776 0.26728555560112 1242
1784282452816 0.2875401973724365 1243
1784282452857 0.2698970437049866 1244
1784282452898 0.27722227573394775 1245
1784282452940 0.25571247935295105 1246
1784282452982 0.26186108589172363 1247
1784282453019 0.28423669934272766 1248
1784282453055 0.26180779933929443 1249
1784282453093 0.26394644379615784 1250
1784282453130 0.2624570429325104 1251
1784282453168 0.2565334141254425 1252
1784282453204 0.2897418737411499 1253
1784282453243 0.2559744715690613 1254
1784282453277 0.2734825313091278 1255
1784282453314 0.27031177282333374 1256
1784282453433 0.26495426893234253 1257
1784282453473 0.2518901526927948 1258
1784282453516 0.27675488591194153 1259
1784282453569 0.2730925679206848 1260
1784282453611 0.26336658000946045 1261
1784282453651 0.2574772238731384 1262
1784282453686 0.2773585915565491 1263
1784282453722 0.2819104492664337 1264
1784282453759 0.265186071395874 1265
1784282453796 0.25337904691696167 1266
1784282453840 0.29925984144210815 1267
1784282453880 0.27437594532966614 1268
1784282453922 0.2721259593963623 1269
1784282453962 0.254734069108963 1270
1784282453997 0.2650376558303833 1271
1784282454035 0.2700825035572052 1272
1784282454071 0.24275581538677216 1273
1784282454106 0.26917678117752075 1274
1784282454226 0.24783234298229218 1275
1784282454263 0.2575991451740265 1276
1784282454316 0.2656300663948059 1277
1784282454349 0.2625860869884491 1278
1784282454387 0.27987033128738403 1279
1784282454424 0.2595520317554474 1280
1784282454464 0.2591823935508728 1281
1784282454498 0.26538848876953125 1282
1784282454539 0.2641599476337433 1283
1784282454574 0.25998061895370483 1284
1784282454612 0.28665703535079956 1285
1784282454652 0.25770488381385803 1286
1784282454691 0.24108575284481049 1287
1784282454725 0.27126744389533997 1288
1784282454762 0.2528848946094513 1289
1784282454798 0.2685204744338989 1290
1784282454836 0.2686818540096283 1291
1784282454871 0.27940428256988525 1292
1784282454909 0.26640456914901733 1293
1784282454939 0.27003440260887146 1294
1784282454974 0.27163660526275635 1295
1784282455131 0.2550831735134125 1296
1784282455163 0.26335012912750244 1297
1784282455215 0.25519952178001404 1298
1784282455252 0.2659183144569397 1299
1784282455299 0.25735318660736084 1300
1784282455343 0.2469521313905716 1301
1784282455381 0.27016681432724 1302
1784282455423 0.26380226016044617 1303
1784282455465 0.2535751163959503 1304
1784282455502 0.2570706307888031 1305
1784282455536 0.24903051555156708 1306
1784282455575 0.27039676904678345 1307
1784282455612 0.2576765716075897 1308
1784282455645 0.26629534363746643 1309
1784282455682 0.2626053988933563 1310
1784282455722 0.26685383915901184 1311
1784282455758 0.2524549067020416 1312
1784282455793 0.2481895387172699 1313
1784282455909 0.2504991590976715 1314
1784282455944 0.24820281565189362 1315
1784282455980 0.25523313879966736 1316
1784282456015 0.27388104796409607 1317
1784282456062 0.25539273023605347 1318
1784282456102 0.2666434645652771 1319
1784282456142 0.2680511474609375 1320
1784282456183 0.2766413986682892 1321
1784282456221 0.2771732807159424 1322
1784282456257 0.2803157567977905 1323
1784282456295 0.26491647958755493 1324
1784282456335 0.25613680481910706 1325
1784282456369 0.2426680326461792 1326
1784282456417 0.26798754930496216 1327
1784282456453 0.25813233852386475 1328
1784282456491 0.25641530752182007 1329
1784282456536 0.2780332863330841 1330
1784282456572 0.2625856399536133 1331
1784282456607 0.24645544588565826 1332
1784282456640 0.24769903719425201 1333
1784282456680 0.2772449851036072 1334
1784282456797 0.2711205780506134 1335
1784282456837 0.2851763367652893 1336
1784282456887 0.26563048362731934 1337
1784282456931 0.25911983847618103 1338
1784282456974 0.2582513689994812 1339
1784282457016 0.27667436003685 1340
1784282457057 0.26813191175460815 1341
1784282457094 0.2592095732688904 1342
1784282457133 0.27246996760368347 1343
1784282457175 0.2634977102279663 1344
1784282457211 0.2585493326187134 1345
1784282457250 0.27072858810424805 1346
1784282457287 0.2628995478153229 1347
1784282457326 0.26331180334091187 1348
1784282457368 0.27211451530456543 1349
1784282457406 0.255922794342041 1350
1784282457440 0.27571815252304077 1351
1784282457489 0.25973331928253174 1352
1784282457532 0.2730642855167389 1353
1784282457674 0.27424800395965576 1354
1784282457713 0.2625272274017334 1355
1784282457751 0.2674180269241333 1356
1784282457796 0.2785907983779907 1357
1784282457828 0.25297126173973083 1358
1784282457879 0.25239118933677673 1359
1784282457923 0.2559548318386078 1360
1784282457969 0.27845895290374756 1361
1784282458012 0.2546440362930298 1362
1784282458053 0.2593856751918793 1363
1784282458091 0.2745082676410675 1364
1784282458127 0.26143383979797363 1365
1784282458159 0.26650962233543396 1366
1784282458194 0.24939653277397156 1367
1784282458231 0.24848701059818268 1368
1784282458268 0.2428339123725891 1369
1784282458306 0.2588996887207031 1370
1784282458341 0.2596301734447479 1371
1784282458377 0.25198233127593994 1372
1784282458506 0.25580471754074097 1373
1784282458543 0.25080838799476624 1374
1784282458582 0.258871853351593 1375
1784282458621 0.2422971874475479 1376
1784282458662 0.26189830899238586 1377
1784282458701 0.2569068670272827 1378
1784282458744 0.2530458867549896 1379
1784282458782 0.26440414786338806 1380
1784282458819 0.24151326715946198 1381
1784282458858 0.28295913338661194 1382
1784282458897 0.25395631790161133 1383
1784282458932 0.26524224877357483 1384
1784282458970 0.24535644054412842 1385
1784282459004 0.25251176953315735 1386
1784282459042 0.2619979679584503 1387
1784282459078 0.26221010088920593 1388
1784282459117 0.24066710472106934 1389
1784282459158 0.25847941637039185 1390
1784282459199 0.258068710565567 1391
1784282459234 0.2505042552947998 1392
1784282459271 0.254395455121994 1393
1784282459305 0.2530137598514557 1394
1784282459429 0.24966667592525482 1395
1784282459463 0.2540343999862671 1396
1784282459500 0.2639414668083191 1397
1784282459536 0.25874218344688416 1398
1784282459572 0.26678043603897095 1399
1784282459609 0.27369043231010437 1400
1784282459647 0.25343307852745056 1401
1784282459682 0.23930904269218445 1402
1784282459719 0.2555614709854126 1403
1784282459761 0.26963016390800476 1404
1784282459799 0.23319391906261444 1405
1784282459834 0.26107874512672424 1406
1784282459873 0.25109630823135376 1407
1784282459908 0.2680507004261017 1408
1784282459947 0.2573954164981842 1409
1784282459984 0.24484042823314667 1410
1784282460032 0.26611077785491943 1411
1784282460070 0.2718721926212311 1412
1784282460106 0.27391594648361206 1413
1784282460145 0.2754528224468231 1414
1784282460181 0.26130256056785583 1415
1784282460314 0.26514872908592224 1416
1784282460368 0.25337904691696167 1417
1784282460434 0.24072028696537018 1418
1784282460483 0.24022547900676727 1419
1784282460524 0.26381784677505493 1420
1784282460566 0.2612323462963104 1421
1784282460606 0.26664894819259644 1422
1784282460651 0.2628771662712097 1423
1784282460692 0.2563846707344055 1424
1784282460731 0.26755291223526 1425
1784282460766 0.26664283871650696 1426
1784282460804 0.2815665900707245 1427
1784282460841 0.2632492482662201 1428
1784282460878 0.25619998574256897 1429
1784282460913 0.26544737815856934 1430
1784282460951 0.26114141941070557 1431
1784282460987 0.24537934362888336 1432
1784282461028 0.2643539607524872 1433
1784282461064 0.2702711522579193 1434
1784282461099 0.25601938366889954 1435
1784282461144 0.27612993121147156 1436
1784282461279 0.2683417797088623 1437
1784282461331 0.2628427743911743 1438
1784282461370 0.26861321926116943 1439
1784282461411 0.24686120450496674 1440
1784282461451 0.2603095769882202 1441
1784282461489 0.2813902795314789 1442
1784282461528 0.25979989767074585 1443
1784282461565 0.26064836978912354 1444
1784282461602 0.279354065656662 1445
1784282461637 0.2630902826786041 1446
1784282461679 0.2639538645744324 1447
1784282461726 0.25700822472572327 1448
1784282461761 0.2570681571960449 1449
1784282461795 0.26614129543304443 1450
1784282461831 0.2590710520744324 1451
1784282461866 0.2734557092189789 1452
1784282461903 0.27036869525909424 1453
1784282461944 0.24341455101966858 1454
1784282461985 0.26408109068870544 1455
1784282462025 0.26275521516799927 1456
1784282462060 0.2688389718532562 1457
1784282462168 0.2781233787536621 1458
1784282462207 0.26533791422843933 1459
1784282462244 0.2727026343345642 1460
1784282462283 0.24749544262886047 1461
1784282462346 0.26590821146965027 1462
1784282462389 0.2414063811302185 1463
1784282462434 0.2592206299304962 1464
1784282462468 0.2635030448436737 1465
1784282462507 0.2681901156902313 1466
1784282462545 0.275058388710022 1467
1784282462582 0.27322760224342346 1468
1784282462621 0.2708064615726471 1469
1784282462660 0.26565200090408325 1470
1784282462694 0.2733224332332611 1471
1784282462730 0.2839936316013336 1472
1784282462769 0.24908190965652466 1473
1784282462810 0.28426721692085266 1474
1784282462846 0.2564532160758972 1475
1784282462881 0.2506506145000458 1476
1784282463026 0.2704768776893616 1477
1784282463074 0.2615429162979126 1478
1784282463110 0.267636775970459 1479
1784282463151 0.26419079303741455 1480
1784282463191 0.27235034108161926 1481
1784282463231 0.24497179687023163 1482
1784282463268 0.2596401572227478 1483
1784282463303 0.25131955742836 1484
1784282463340 0.2507084608078003 1485
1784282463393 0.25435370206832886 1486
1784282463438 0.2702592611312866 1487
1784282463478 0.24450138211250305 1488
1784282463515 0.2565893232822418 1489
1784282463554 0.2591645121574402 1490
1784282463589 0.2487860918045044 1491
1784282463629 0.25472524762153625 1492
1784282463667 0.25924941897392273 1493
1784282463703 0.25326842069625854 1494
1784282463741 0.2588289976119995 1495
1784282463778 0.2394334375858307 1496
1784282463848 0.2726210057735443 1497
1784282463945 0.2635692358016968 1498
1784282463995 0.26957079768180847 1499
1784282464030 0.26321902871131897 1500
1784282464071 0.2776303291320801 1501
1784282464118 0.2499925047159195 1502
1784282464158 0.2706247866153717 1503
1784282464195 0.2622237205505371 1504
1784282464232 0.28084173798561096 1505
1784282464264 0.2894796133041382 1506
1784282464300 0.2635432779788971 1507
1784282464338 0.27049434185028076 1508
1784282464374 0.2807762324810028 1509
1784282464411 0.25630173087120056 1510
1784282464450 0.26624664664268494 1511
1784282464488 0.27390846610069275 1512
1784282464520 0.26517751812934875 1513
1784282464564 0.2666422426700592 1514
1784282464601 0.2750585377216339 1515
1784282464637 0.2726604640483856 1516
1784282464673 0.26854461431503296 1517
1784282464708 0.2654699683189392 1518
1784282464834 0.26518502831459045 1519
1784282464885 0.26874545216560364 1520
1784282464920 0.24950645864009857 1521
1784282464960 0.2654403746128082 1522
1784282464999 0.2887405455112457 1523
1784282465035 0.2725483775138855 1524
1784282465072 0.28402239084243774 1525
1784282465110 0.29247385263442993 1526
1784282465145 0.2587922215461731 1527
1784282465180 0.28995442390441895 1528
1784282465220 0.2833641767501831 1529
1784282465262 0.2652274966239929 1530
1784282465300 0.2712097465991974 1531
1784282465331 0.2505849301815033 1532
1784282465449 0.2540784180164337 1533
1784282465496 0.29060298204421997 1534
1784282465535 0.27557334303855896 1535
1784282465573 0.2817401885986328 1536
1784282465610 0.2584969997406006 1537
1784282465645 0.2575952112674713 1538
1784282465684 0.27100062370300293 1539
1784282465722 0.24837034940719604 1540
1784282465762 0.2609219551086426 1541
1784282465798 0.2690088450908661 1542
1784282465833 0.25089335441589355 1543
1784282465872 0.2711760401725769 1544
1784282465905 0.24876391887664795 1545
1784282466020 0.2624036371707916 1546
1784282466056 0.25396105647087097 1547
1784282466095 0.26626941561698914 1548
1784282466133 0.2637338936328888 1549
1784282466186 0.26707279682159424 1550
1784282466229 0.26142093539237976 1551
1784282466269 0.26239827275276184 1552
1784282466313 0.23612052202224731 1553
1784282466364 0.26218098402023315 1554
1784282466410 0.25821447372436523 1555
1784282466453 0.2636185884475708 1556
1784282466492 0.2530648112297058 1557
1784282466532 0.2718449532985687 1558
1784282466581 0.24483509361743927 1559
1784282466630 0.27643516659736633 1560
1784282466666 0.26552021503448486 1561
1784282466704 0.26598408818244934 1562
1784282466739 0.26513102650642395 1563
1784282466773 0.2608366906642914 1564
1784282466811 0.2717357575893402 1565
1784282466846 0.2725030183792114 1566
1784282466967 0.265296995639801 1567
1784282467006 0.26200589537620544 1568
1784282467067 0.27229368686676025 1569
1784282467110 0.27932605147361755 1570
1784282467154 0.26686468720436096 1571
1784282467203 0.25446683168411255 1572
1784282467248 0.2685588598251343 1573
1784282467293 0.2514669895172119 1574
1784282467328 0.28658029437065125 1575
1784282467366 0.25705739855766296 1576
1784282467413 0.25952911376953125 1577
1784282467450 0.26467737555503845 1578
1784282467491 0.268647164106369 1579
1784282467536 0.25463131070137024 1580
1784282467577 0.2496703863143921 1581
1784282467614 0.2892691493034363 1582
1784282467652 0.2613930404186249 1583
1784282467689 0.26062047481536865 1584
1784282467723 0.25227677822113037 1585
1784282467839 0.25162798166275024 1586
1784282467873 0.25023353099823 1587
1784282467910 0.28374046087265015 1588
1784282467945 0.2622692883014679 1589
1784282467983 0.2637507915496826 1590
1784282468017 0.25686657428741455 1591
1784282468068 0.2762642204761505 1592
1784282468103 0.26581525802612305 1593
1784282468138 0.268521249294281 1594
1784282468178 0.25961822271347046 1595
1784282468219 0.25408411026000977 1596
1784282468256 0.25380823016166687 1597
1784282468294 0.2570326626300812 1598
1784282468331 0.2760179042816162 1599
1784282468371 0.2607700526714325 1600
1784282468405 0.26736515760421753 1601
1784282468443 0.25825706124305725 1602
1784282468481 0.25489476323127747 1603
1784282468519 0.26777011156082153 1604
1784282468556 0.25755575299263 1605
1784282468589 0.2650458812713623 1606
1784282468626 0.2750648260116577 1607
1784282468662 0.2644442021846771 1608
1784282468695 0.26141005754470825 1609
1784282468731 0.25650858879089355 1610
1784282468850 0.2447984516620636 1611
1784282468886 0.2620365023612976 1612
1784282468921 0.2601059377193451 1613
1784282468976 0.2560579478740692 1614
1784282469012 0.24674305319786072 1615
1784282469057 0.25333571434020996 1616
1784282469095 0.2721002399921417 1617
1784282469130 0.2742210328578949 1618
1784282469165 0.25951018929481506 1619
1784282469228 0.2720261514186859 1620
1784282469270 0.2620180547237396 1621
1784282469315 0.25426948070526123 1622
1784282469365 0.2564353048801422 1623
1784282469406 0.2637140452861786 1624
1784282469503 0.27205005288124084 1625
1784282469560 0.26424098014831543 1626
1784282469615 0.2566821575164795 1627
1784282469662 0.26290127635002136 1628
1784282469699 0.24892614781856537 1629
1784282469735 0.26738476753234863 1630
1784282469770 0.25316518545150757 1631
1784282469901 0.26142942905426025 1632
1784282469970 0.2662162482738495 1633
1784282470019 0.2599881887435913 1634
1784282470060 0.2527330219745636 1635
1784282470097 0.26794737577438354 1636
1784282470133 0.256478488445282 1637
1784282470169 0.2706398367881775 1638
1784282470204 0.26565536856651306 1639
1784282470241 0.2629854083061218 1640
1784282470273 0.265461266040802 1641
1784282470311 0.23772314190864563 1642
1784282470351 0.26592516899108887 1643
1784282470384 0.2731751501560211 1644
1784282470441 0.27325311303138733 1645
1784282470501 0.26152217388153076 1646
1784282470543 0.26496386528015137 1647
1784282470576 0.2604362964630127 1648
1784282470608 0.261995404958725 1649
1784282470644 0.2663368582725525 1650
1784282470811 0.25140219926834106 1651
1784282470853 0.25171786546707153 1652
1784282470894 0.27026551961898804 1653
1784282470933 0.26976850628852844 1654
1784282470973 0.25562769174575806 1655
1784282471007 0.24973393976688385 1656
1784282471042 0.26663145422935486 1657
1784282471081 0.2657327950000763 1658
1784282471118 0.2569364309310913 1659
1784282471155 0.2666412591934204 1660
1784282471283 0.25634559988975525 1661
1784282471325 0.26462388038635254 1662
1784282471367 0.2738823890686035 1663
1784282471415 0.2615085244178772 1664
1784282471455 0.2573133111000061 1665
1784282471497 0.27798473834991455 1666
1784282471537 0.2668132483959198 1667
1784282471577 0.26974770426750183 1668
1784282471621 0.2769498825073242 1669
1784282471668 0.26325786113739014 1670
1784282471702 0.2619776129722595 1671
1784282471739 0.2721533179283142 1672
1784282471778 0.28102463483810425 1673
1784282471814 0.254010409116745 1674
1784282471851 0.2692299485206604 1675
1784282471893 0.2509569823741913 1676
1784282471929 0.2611297369003296 1677
1784282471966 0.2558456063270569 1678
1784282472007 0.2666041851043701 1679
1784282472042 0.25493139028549194 1680
1784282472076 0.25592368841171265 1681
1784282472187 0.26766639947891235 1682
1784282472224 0.28283920884132385 1683
1784282472258 0.2518170475959778 1684
1784282472292 0.2508905827999115 1685
1784282472326 0.25319692492485046 1686
1784282472381 0.2637181282043457 1687
1784282472418 0.25948068499565125 1688
1784282472451 0.27147549390792847 1689
1784282472486 0.24369953572750092 1690
1784282472527 0.2713095545768738 1691
1784282472567 0.24539530277252197 1692
1784282472612 0.2616424858570099 1693
1784282472655 0.2585085928440094 1694
1784282472697 0.25757455825805664 1695
1784282472736 0.25083836913108826 1696
1784282472774 0.2536255121231079 1697
1784282472809 0.26368141174316406 1698
1784282472846 0.26006123423576355 1699
1784282472883 0.2585434913635254 1700
1784282472921 0.28531771898269653 1701
1784282472961 0.2559044361114502 1702
1784282472998 0.25007376074790955 1703
1784282473032 0.2571406364440918 1704
1784282473158 0.25861039757728577 1705
1784282473193 0.25997254252433777 1706
1784282473228 0.25544363260269165 1707
1784282473263 0.25608524680137634 1708
1784282473304 0.2550836205482483 1709
1784282473345 0.2767021358013153 1710
1784282473382 0.2437940537929535 1711
1784282473421 0.2733045816421509 1712
1784282473455 0.2687080204486847 1713
1784282473491 0.2587326467037201 1714
1784282473526 0.2627829313278198 1715
1784282473566 0.23645038902759552 1716
1784282473611 0.25384873151779175 1717
1784282473660 0.25975504517555237 1718
1784282473716 0.2878042459487915 1719
1784282473758 0.2786927819252014 1720
1784282473798 0.2733793556690216 1721
1784282473835 0.25727567076683044 1722
1784282473875 0.2696610987186432 1723
1784282473918 0.27963924407958984 1724
1784282473956 0.26066237688064575 1725
1784282473997 0.26352229714393616 1726
1784282474038 0.25616586208343506 1727
1784282474171 0.2734110653400421 1728
1784282474207 0.25894078612327576 1729
1784282474240 0.2630016505718231 1730
1784282474277 0.23740704357624054 1731
1784282474310 0.26437321305274963 1732
1784282474365 0.26312196254730225 1733
1784282474403 0.2455594539642334 1734
1784282474437 0.2483973205089569 1735
1784282474471 0.2760425806045532 1736
1784282474503 0.24851149320602417 1737
1784282474536 0.25792834162712097 1738
1784282474565 0.25840380787849426 1739
1784282474597 0.2659984230995178 1740
1784282474626 0.25083449482917786 1741
1784282474655 0.2516806125640869 1742
1784282474687 0.25223925709724426 1743
1784282474725 0.25389236211776733 1744
1784282474862 0.2369842529296875 1745
1784282474897 0.2693334221839905 1746
1784282474930 0.2627016305923462 1747
1784282474968 0.25465795397758484 1748
1784282475010 0.2771332859992981 1749
1784282475049 0.2560309171676636 1750
1784282475090 0.2605028748512268 1751
1784282475127 0.24931257963180542 1752
1784282475164 0.25757864117622375 1753
1784282475203 0.2764796316623688 1754
1784282475239 0.2545585632324219 1755
1784282475283 0.25870171189308167 1756
1784282475319 0.242658793926239 1757
1784282475356 0.2817170023918152 1758
1784282475391 0.2670477330684662 1759
1784282475433 0.25109875202178955 1760
1784282475470 0.2650427222251892 1761
1784282475507 0.2670641243457794 1762
1784282475542 0.2638668417930603 1763
1784282475668 0.24431100487709045 1764
1784282475705 0.25007617473602295 1765
1784282475742 0.2638683617115021 1766
1784282475775 0.2511405348777771 1767
1784282475813 0.23849034309387207 1768
1784282475861 0.24093040823936462 1769
1784282475902 0.25917184352874756 1770
1784282475952 0.2517239451408386 1771
1784282475996 0.28425201773643494 1772
1784282476064 0.2620522677898407 1773
1784282476110 0.277260422706604 1774
1784282476150 0.2535957098007202 1775
1784282476190 0.2739412486553192 1776
1784282476229 0.2668384909629822 1777
1784282476266 0.2512076497077942 1778
1784282476305 0.2451281100511551 1779
1784282476345 0.2610820531845093 1780
1784282476382 0.27341291308403015 1781
1784282476415 0.26347866654396057 1782
1784282476450 0.2653578817844391 1783
1784282476485 0.2661917805671692 1784
1784282476519 0.2535145878791809 1785
1784282476553 0.25986719131469727 1786
1784282476619 0.26297107338905334 1787
1784282476696 0.24166239798069 1788
1784282476734 0.2547565698623657 1789
1784282476767 0.25454995036125183 1790
1784282476801 0.25742366909980774 1791
1784282476835 0.25991883873939514 1792
1784282476869 0.2534220814704895 1793
1784282476915 0.26581981778144836 1794
1784282476947 0.27055850625038147 1795
1784282476981 0.27521994709968567 1796
1784282477015 0.26813068985939026 1797
1784282477060 0.25746965408325195 1798
1784282477106 0.25445279479026794 1799
1784282477165 0.24875761568546295 1800
1784282477207 0.25890201330184937 1801
1784282477250 0.2633320391178131 1802
1784282477318 0.2552809417247772 1803
1784282477380 0.2543310523033142 1804
1784282477420 0.25958022475242615 1805
1784282477461 0.28467249870300293 1806
1784282477502 0.2564758062362671 1807
1784282477537 0.28547632694244385 1808
1784282477576 0.28292912244796753 1809
1784282477615 0.26110613346099854 1810
1784282477649 0.27138006687164307 1811
1784282477684 0.2588961124420166 1812
1784282477814 0.2699253559112549 1813
1784282477850 0.2589915990829468 1814
1784282477886 0.266806036233902 1815
1784282477925 0.265520304441452 1816
1784282477958 0.2595686912536621 1817
1784282477994 0.27921387553215027 1818
1784282478043 0.2698735296726227 1819
1784282478083 0.25292518734931946 1820
1784282478119 0.2647274136543274 1821
1784282478156 0.27300551533699036 1822
1784282478194 0.2634313404560089 1823
1784282478233 0.2410002499818802 1824
1784282478276 0.26386627554893494 1825
1784282478322 0.2536278963088989 1826
1784282478367 0.2868759334087372 1827
1784282478410 0.2586677670478821 1828
1784282478473 0.2587541341781616 1829
1784282478546 0.2677941918373108 1830
1784282478635 0.26613321900367737 1831
1784282478679 0.26043206453323364 1832
1784282478719 0.26137101650238037 1833
1784282478759 0.2589685618877411 1834
1784282478797 0.2584187388420105 1835
1784282478833 0.2851395010948181 1836
1784282478867 0.25211113691329956 1837
1784282478986 0.2742953896522522 1838
1784282479020 0.25724896788597107 1839
1784282479060 0.26411935687065125 1840
1784282479113 0.2612920105457306 1841
1784282479151 0.2545492947101593 1842
1784282479199 0.26617228984832764 1843
1784282479236 0.2538692057132721 1844
1784282479268 0.2678954601287842 1845
1784282479305 0.2585856318473816 1846
1784282479338 0.2615387737751007 1847
1784282479374 0.26610493659973145 1848
1784282479409 0.2828686535358429 1849
1784282479445 0.27251145243644714 1850
1784282479482 0.26373112201690674 1851
1784282479518 0.2485743910074234 1852
1784282479623 0.2578884959220886 1853
1784282479658 0.2575538158416748 1854
1784282479700 0.2535020112991333 1855
1784282479736 0.2612939476966858 1856
1784282479778 0.2736641764640808 1857
1784282479820 0.2600332498550415 1858
1784282479863 0.2643117606639862 1859
1784282479905 0.2606583833694458 1860
1784282479944 0.2629823386669159 1861
1784282479979 0.24832414090633392 1862
1784282480016 0.27102962136268616 1863
1784282480060 0.28087735176086426 1864
1784282480095 0.2655130922794342 1865
1784282480134 0.26795703172683716 1866
1784282480170 0.24765001237392426 1867
1784282480206 0.2520494759082794 1868
1784282480240 0.2519923150539398 1869
1784282480273 0.26342687010765076 1870
1784282480308 0.260087251663208 1871
1784282480349 0.25309693813323975 1872
1784282480395 0.26633286476135254 1873
1784282482838 0.24541035294532776 1874
1784282482876 0.2555522918701172 1875
1784282482912 0.2536807656288147 1876
1784282482947 0.26509687304496765 1877
1784282482983 0.2603662610054016 1878
1784282483050 0.26107239723205566 1879
1784282483123 0.2585344612598419 1880
1784282483157 0.2652585804462433 1881
1784282483192 0.2532278895378113 1882
1784282483228 0.26114052534103394 1883
1784282483263 0.26775673031806946 1884
1784282483315 0.25736498832702637 1885
1784282483351 0.26614201068878174 1886
1784282483385 0.2515276372432709 1887
1784282483426 0.26202496886253357 1888
1784282483465 0.2737963795661926 1889
1784282483498 0.2685670554637909 1890
1784282483532 0.2667032480239868 1891
1784282483562 0.2737848460674286 1892
1784282483595 0.26340240240097046 1893
1784282483628 0.27114108204841614 1894
1784282483658 0.2682628631591797 1895
1784282483780 0.2553607225418091 1896
1784282483816 0.25626006722450256 1897
1784282483854 0.2607613801956177 1898
1784282483882 0.2693408727645874 1899
1784282483926 0.265389084815979 1900
1784282483955 0.27194181084632874 1901
1784282483983 0.2753169536590576 1902
1784282484013 0.2680230736732483 1903
1784282484042 0.25915855169296265 1904
1784282484076 0.26178500056266785 1905
1784282484107 0.25543075799942017 1906
1784282484144 0.2674604058265686 1907
1784282484189 0.24790515005588531 1908
1784282484232 0.26562830805778503 1909
1784282484344 0.2594700753688812 1910
1784282484469 0.2644362151622772 1911
1784282484601 0.2801424562931061 1912
1784282484706 0.253211110830307 1913
1784282484746 0.27211466431617737 1914
1784282484876 0.29279395937919617 1915
1784282484919 0.2597537934780121 1916
1784282484952 0.262737512588501 1917
1784282484987 0.26393917202949524 1918
1784282485024 0.27266213297843933 1919
1784282485059 0.2456032931804657 1920
1784282485097 0.2586488425731659 1921
1784282485138 0.2749728262424469 1922
1784282485174 0.2585529386997223 1923
1784282485213 0.24516472220420837 1924
1784282485332 0.258108526468277 1925
1784282485366 0.251777708530426 1926
1784282485405 0.2631937861442566 1927
1784282485438 0.2618240416049957 1928
1784282485474 0.23681913316249847 1929
1784282485509 0.2563500702381134 1930
1784282485550 0.2619074881076813 1931
1784282485592 0.2855084538459778 1932
1784282485636 0.26032719016075134 1933
1784282485679 0.26955580711364746 1934
1784282485724 0.25809401273727417 1935
1784282485764 0.26333874464035034 1936
1784282485804 0.26402154564857483 1937
1784282485840 0.27326661348342896 1938
1784282485876 0.2768429219722748 1939
1784282485913 0.24988548457622528 1940
1784282485951 0.2541293203830719 1941
1784282485986 0.2508111596107483 1942
1784282486020 0.27278047800064087 1943
1784282486056 0.26526370644569397 1944
1784282486092 0.27375683188438416 1945
1784282486127 0.25713348388671875 1946
1784282486162 0.26419997215270996 1947
1784282486195 0.27834242582321167 1948
1784282486229 0.2703614830970764 1949
1784282486272 0.2766687870025635 1950
1784282486320 0.275941401720047 1951
1784282486364 0.2807340919971466 1952
1784282486407 0.2468358427286148 1953
1784282486451 0.27380529046058655 1954
1784282486489 0.26389604806900024 1955
1784282486525 0.24921666085720062 1956
1784282486562 0.2803628742694855 1957
1784282486598 0.2736895680427551 1958
1784282486632 0.25197726488113403 1959
1784282486665 0.265117883682251 1960
1784282486788 0.27427929639816284 1961
1784282486836 0.25454995036125183 1962
1784282486866 0.25825315713882446 1963
1784282486903 0.26885107159614563 1964
1784282486937 0.2627236247062683 1965
1784282486971 0.26286038756370544 1966
1784282487007 0.24468186497688293 1967
1784282487044 0.24696746468544006 1968
1784282487081 0.25578439235687256 1969
1784282487127 0.26367172598838806 1970
1784282487173 0.26773202419281006 1971
1784282487216 0.25504040718078613 1972
1784282487252 0.29346632957458496 1973
1784282487287 0.27656224370002747 1974
1784282487324 0.265649676322937 1975
1784282487358 0.2776447534561157 1976
1784282487394 0.25816774368286133 1977
1784282487433 0.2667871117591858 1978
1784282487468 0.27571940422058105 1979
1784282487532 0.2684926390647888 1980
1784282487606 0.27522313594818115 1981
1784282487638 0.2501482367515564 1982
1784282487673 0.2588672935962677 1983
1784282487706 0.24827392399311066 1984
1784282487749 0.27547407150268555 1985
1784282487792 0.2551124095916748 1986
1784282487833 0.26508572697639465 1987
1784282487873 0.27542874217033386 1988
1784282487921 0.2771725654602051 1989
1784282487960 0.2584242522716522 1990
1784282487997 0.25322049856185913 1991
1784282488039 0.24257010221481323 1992
1784282488082 0.26323771476745605 1993
1784282488127 0.2546086609363556 1994
1784282488169 0.2731558084487915 1995
1784282488207 0.2857695519924164 1996
1784282488254 0.2542255222797394 1997
1784282488293 0.2760222852230072 1998
1784282488330 0.253030002117157 1999
1784282488368 0.2697690427303314 2000
1784282488407 0.25704410672187805 2001
1784282488442 0.27802735567092896 2002
1784282488574 0.27451130747795105 2003
1784282488625 0.24032355844974518 2004
1784282488661 0.2893125116825104 2005
1784282488699 0.28499579429626465 2006
1784282488733 0.26929622888565063 2007
1784282488768 0.285837322473526 2008
1784282488814 0.25213176012039185 2009
1784282488861 0.27207764983177185 2010
1784282488915 0.2882509231567383 2011
1784282488957 0.2666656970977783 2012
1784282488996 0.25610068440437317 2013
1784282489032 0.27006223797798157 2014
1784282489071 0.2615307569503784 2015
1784282489109 0.2640908658504486 2016
1784282489146 0.2640211880207062 2017
1784282489185 0.25875934958457947 2018
1784282489222 0.2539188265800476 2019
1784282489258 0.24844345450401306 2020
1784282489297 0.27005288004875183 2021
1784282489408 0.267103910446167 2022
1784282489442 0.23993134498596191 2023
1784282489476 0.25060465931892395 2024
1784282489529 0.27535098791122437 2025
1784282489561 0.2771224081516266 2026
1784282489603 0.2713945806026459 2027
1784282489643 0.2616450786590576 2028
1784282489680 0.2636012136936188 2029
1784282489722 0.2716268002986908 2030
1784282489763 0.26261675357818604 2031
1784282489806 0.25389382243156433 2032
1784282489847 0.253033846616745 2033
1784282489884 0.25240835547447205 2034
1784282489917 0.25929883122444153 2035
1784282489954 0.24656128883361816 2036
1784282489997 0.27516233921051025 2037
1784282490040 0.2645544111728668 2038
1784282490082 0.256194144487381 2039
1784282490121 0.25791871547698975 2040
1784282490157 0.27021563053131104 2041
1784282490196 0.24761153757572174 2042
1784282490232 0.24633532762527466 2043
1784282490266 0.2478805035352707 2044
1784282490302 0.2571890652179718 2045
1784282490334 0.2592877447605133 2046
1784282490364 0.2658482491970062 2047
1784282490491 0.24944570660591125 2048
1784282490539 0.25325968861579895 2049
1784282490614 0.2525295317173004 2050
1784282490722 0.27214887738227844 2051
1784282490766 0.2626952826976776 2052
1784282490802 0.24993260204792023 2053
1784282490837 0.2616589665412903 2054
1784282490871 0.2548666298389435 2055
1784282490910 0.2720109522342682 2056
1784282490958 0.2614075839519501 2057
1784282490999 0.25602710247039795 2058
1784282491038 0.24736949801445007 2059
1784282491075 0.2587948143482208 2060
1784282491111 0.25327107310295105 2061
1784282491147 0.2637958824634552 2062
1784282491183 0.24741192162036896 2063
1784282491217 0.2551176846027374 2064
1784282491249 0.25655949115753174 2065
1784282491288 0.2503211796283722 2066
1784282491393 0.2626388370990753 2067
1784282491429 0.2667098939418793 2068
1784282491467 0.2549835443496704 2069
1784282491506 0.25705334544181824 2070
1784282491543 0.27499860525131226 2071
1784282491582 0.2576364278793335 2072
1784282491624 0.2768958806991577 2073
1784282491664 0.25464510917663574 2074
1784282491702 0.2447032481431961 2075
1784282491739 0.2528306543827057 2076
1784282491775 0.2721872627735138 2077
1784282491809 0.2505030632019043 2078
1784282491842 0.2804780602455139 2079
1784282491880 0.2501961588859558 2080
1784282491918 0.26925548911094666 2081
1784282491953 0.23829001188278198 2082
1784282491989 0.25968560576438904 2083
1784282492132 0.25335192680358887 2084
1784282492172 0.2588452398777008 2085
1784282492212 0.2593996226787567 2086
1784282492261 0.2671976089477539 2087
1784282492311 0.25682470202445984 2088
1784282492358 0.25266319513320923 2089
1784282492465 0.2672974467277527 2090
1784282492505 0.27594348788261414 2091
1784282492548 0.2776626646518707 2092
1784282492663 0.29428669810295105 2093
1784282492708 0.2768492102622986 2094
1784282492746 0.2693786323070526 2095
1784282492784 0.2885274589061737 2096
1784282492816 0.2763904929161072 2097
1784282492878 0.2593122720718384 2098
1784282493013 0.2861522436141968 2099
1784282493062 0.2726839482784271 2100
1784282493102 0.26898193359375 2101
1784282493143 0.2809310555458069 2102
1784282493188 0.2542865574359894 2103
1784282493224 0.27005693316459656 2104
1784282493262 0.2716258764266968 2105
1784282493296 0.2711043357849121 2106
1784282493330 0.2650320827960968 2107
1784282493367 0.24018895626068115 2108
1784282493405 0.26770997047424316 2109
1784282493449 0.2642838954925537 2110
1784282493491 0.2451884150505066 2111
1784282493537 0.26031041145324707 2112
1784282493578 0.2484162151813507 2113
1784282493618 0.24203051626682281 2114
1784282493650 0.2665085792541504 2115
1784282493688 0.2691597044467926 2116
1784282493723 0.2624906897544861 2117
1784282493883 0.2546297609806061 2118
1784282493921 0.25236985087394714 2119
1784282493958 0.2550472319126129 2120
1784282494001 0.26058176159858704 2121
1784282494048 0.25506672263145447 2122
1784282494086 0.2532692849636078 2123
1784282494128 0.25825250148773193 2124
1784282494163 0.25311151146888733 2125
1784282494206 0.2566775381565094 2126
1784282494250 0.2577742040157318 2127
1784282494291 0.27448615431785583 2128
1784282494331 0.25067687034606934 2129
1784282494372 0.2828935384750366 2130
1784282494412 0.2828943431377411 2131
1784282494452 0.2680273950099945 2132
1784282494488 0.26452893018722534 2133
1784282494523 0.2509083151817322 2134
1784282494648 0.2748889923095703 2135
1784282494699 0.26624712347984314 2136
1784282494739 0.252643883228302 2137
1784282494786 0.2615329623222351 2138
1784282494825 0.2505732476711273 2139
1784282494864 0.26010918617248535 2140
1784282494898 0.2620103359222412 2141
1784282494936 0.2643001079559326 2142
1784282494967 0.24989287555217743 2143
1784282494998 0.271359384059906 2144
1784282495029 0.27288082242012024 2145
1784282495062 0.25648048520088196 2146
1784282495096 0.25613152980804443 2147
1784282495230 0.26126599311828613 2148
1784282495264 0.25374114513397217 2149
1784282495301 0.24649466574192047 2150
1784282495340 0.2582860291004181 2151
1784282495378 0.24286632239818573 2152
1784282495414 0.25408658385276794 2153
1784282495450 0.26193633675575256 2154
1784282495494 0.2517078220844269 2155
1784282495546 0.2604910135269165 2156
1784282495591 0.24150167405605316 2157
1784282495637 0.25182992219924927 2158
1784282495700 0.24987421929836273 2159
1784282495764 0.25908616185188293 2160
1784282495804 0.2529466450214386 2161
1784282495841 0.26891207695007324 2162
1784282495883 0.2288961559534073 2163
1784282495920 0.24683476984500885 2164
1784282496038 0.26264119148254395 2165
1784282496097 0.260769784450531 2166
1784282496143 0.2541923224925995 2167
1784282496182 0.25634050369262695 2168
1784282496221 0.2679375112056732 2169
1784282496260 0.2567317485809326 2170
1784282496297 0.2566121816635132 2171
1784282496332 0.2409607172012329 2172
1784282496367 0.2641713619232178 2173
1784282496401 0.26481693983078003 2174
1784282496435 0.26339098811149597 2175
1784282496472 0.25807589292526245 2176
1784282496507 0.24176204204559326 2177
1784282496544 0.2691458761692047 2178
1784282496584 0.2719135284423828 2179
1784282496624 0.24441514909267426 2180
1784282496661 0.2662762403488159 2181
1784282496698 0.2536526918411255 2182
1784282496732 0.25347214937210083 2183
1784282496874 0.25833964347839355 2184
1784282496912 0.25083306431770325 2185
1784282496946 0.24621856212615967 2186
1784282496987 0.2646394371986389 2187
1784282497028 0.27518123388290405 2188
1784282497071 0.24702690541744232 2189
1784282497111 0.2463032454252243 2190
1784282497145 0.2612709105014801 2191
1784282497182 0.2682323753833771 2192
1784282497221 0.2602064907550812 2193
1784282497256 0.25000637769699097 2194
1784282497291 0.27213162183761597 2195
1784282497326 0.2812281548976898 2196
1784282497359 0.2727069556713104 2197
1784282497421 0.267494797706604 2198
1784282497494 0.27741503715515137 2199
1784282497533 0.24164091050624847 2200
1784282497571 0.26743948459625244 2201
1784282497609 0.24933940172195435 2202
1784282497648 0.25821730494499207 2203
1784282497689 0.258289635181427 2204
1784282497728 0.26405802369117737 2205
1784282497758 0.252824604511261 2206
1784282497790 0.2700769901275635 2207
1784282497821 0.2731548845767975 2208
1784282497874 0.24750378727912903 2209
1784282497941 0.26595523953437805 2210
1784282498002 0.25369203090667725 2211
1784282498046 0.2634579837322235 2212
1784282498082 0.28629377484321594 2213
1784282498123 0.2557884454727173 2214
1784282498170 0.25931209325790405 2215
1784282498208 0.24902476370334625 2216
1784282498255 0.26273438334465027 2217
1784282498297 0.26503273844718933 2218
1784282498336 0.2606295347213745 2219
1784282498376 0.2501406669616699 2220
1784282498418 0.25940197706222534 2221
1784282498455 0.2658939063549042 2222
1784282498490 0.26623010635375977 2223
1784282498622 0.2468191683292389 2224
1784282498658 0.2445303201675415 2225
1784282498690 0.2650107145309448 2226
1784282498737 0.26422321796417236 2227
1784282498772 0.2483212798833847 2228
1784282498809 0.2689506411552429 2229
1784282498845 0.2671864628791809 2230
1784282498878 0.25505220890045166 2231
1784282498912 0.2721315920352936 2232
1784282498948 0.26425084471702576 2233
1784282498981 0.2763136625289917 2234
1784282499018 0.2530577480792999 2235
1784282499057 0.2665579319000244 2236
1784282499101 0.2635526955127716 2237
1784282499144 0.25328168272972107 2238
1784282499201 0.27443790435791016 2239
1784282499237 0.25248730182647705 2240
1784282499272 0.25519752502441406 2241
1784282499309 0.26928579807281494 2242
1784282499427 0.26384490728378296 2243
1784282499467 0.26268628239631653 2244
1784282499505 0.25771886110305786 2245
1784282499564 0.25569599866867065 2246
1784282499601 0.27226296067237854 2247
1784282499636 0.27500447630882263 2248
1784282499671 0.26829516887664795 2249
1784282499706 0.2709192633628845 2250
1784282499745 0.26760417222976685 2251
1784282499788 0.24462875723838806 2252
1784282499824 0.2452704757452011 2253
1784282499866 0.24010728299617767 2254
1784282499903 0.2564794719219208 2255
1784282499939 0.24688424170017242 2256
1784282499975 0.2648930549621582 2257
1784282500102 0.2519814372062683 2258
1784282500146 0.2599644660949707 2259
1784282500191 0.2647593319416046 2260
1784282500243 0.27953362464904785 2261
1784282500287 0.27881863713264465 2262
1784282500353 0.24059049785137177 2263
1784282500394 0.281556636095047 2264
1784282500435 0.2659810185432434 2265
1784282500482 0.2639062702655792 2266
1784282500525 0.2837495505809784 2267
1784282500586 0.25784438848495483 2268
1784282500700 0.25472167134284973 2269
1784282500806 0.25774475932121277 2270
1784282500851 0.2527342736721039 2271
1784282500885 0.26508036255836487 2272
1784282500919 0.24891319870948792 2273
1784282500964 0.27134403586387634 2274
1784282500996 0.24824760854244232 2275
1784282501032 0.2613965570926666 2276
1784282501074 0.27137500047683716 2277
1784282501116 0.2614070773124695 2278
1784282501154 0.25950315594673157 2279
1784282501192 0.2579456567764282 2280
1784282501229 0.25938355922698975 2281
1784282501259 0.2509751319885254 2282
1784282501295 0.279099702835083 2283
1784282501330 0.2558169364929199 2284
1784282501369 0.25720322132110596 2285
1784282501404 0.26444074511528015 2286
1784282501445 0.25092750787734985 2287
1784282501484 0.27142611145973206 2288
1784282501522 0.24323774874210358 2289
1784282501557 0.27338019013404846 2290
1784282501587 0.2510322332382202 2291
1784282501620 0.243033304810524 2292
1784282501654 0.2617150843143463 2293
1784282501686 0.25336185097694397 2294
1784282501719 0.25765854120254517 2295
1784282501752 0.23849454522132874 2296
1784282501867 0.2513981759548187 2297
1784282501901 0.2542009949684143 2298
1784282501946 0.26343101263046265 2299
1784282501980 0.2699386179447174 2300
1784282502019 0.2613333761692047 2301
1784282502058 0.24836941063404083 2302
1784282502097 0.2532969117164612 2303
1784282502133 0.26002785563468933 2304
1784282502171 0.23431725800037384 2305
1784282502208 0.25783228874206543 2306
1784282502247 0.2536338269710541 2307
1784282502282 0.26145076751708984 2308
1784282502320 0.2734203338623047 2309
1784282502369 0.25162264704704285 2310
1784282502410 0.2351551502943039 2311
1784282502457 0.24944990873336792 2312
1784282502502 0.2689114511013031 2313
1784282502546 0.24139422178268433 2314
1784282502592 0.2543797492980957 2315
1784282502632 0.2589038610458374 2316
1784282502675 0.27041125297546387 2317
1784282502710 0.2775360345840454 2318
1784282502747 0.26448696851730347 2319
1784282502785 0.2582778036594391 2320
1784282502823 0.2621529698371887 2321
1784282502857 0.2807525396347046 2322
1784282502893 0.24555552005767822 2323
1784282502929 0.25977081060409546 2324
1784282502967 0.2642653286457062 2325
1784282503104 0.25641655921936035 2326
1784282503141 0.260685533285141 2327
1784282503177 0.25705358386039734 2328
1784282503209 0.2572171092033386 2329
1784282503245 0.25516951084136963 2330
1784282503280 0.2615395486354828 2331
1784282503317 0.253275066614151 2332
1784282503354 0.24939118325710297 2333
1784282503389 0.2530561685562134 2334
1784282503427 0.2509728968143463 2335
1784282503477 0.2579170763492584 2336
1784282503523 0.24879461526870728 2337
1784282503579 0.2631491720676422 2338
1784282503628 0.23782731592655182 2339
1784282503676 0.2496611475944519 2340
1784282503721 0.2613181173801422 2341
1784282503761 0.24646718800067902 2342
1784282503802 0.25028952956199646 2343
1784282503840 0.2602775990962982 2344
1784282503887 0.2430475950241089 2345
1784282503925 0.26178184151649475 2346
1784282503959 0.24600209295749664 2347
1784282503994 0.2542925477027893 2348
1784282504028 0.24434788525104523 2349
1784282504069 0.2500723600387573 2350
1784282504109 0.2607639729976654 2351
1784282504145 0.2399941235780716 2352
1784282504179 0.245472714304924 2353
1784282504215 0.25782155990600586 2354
1784282504250 0.2566463053226471 2355
1784282504281 0.2625569999217987 2356
1784282504394 0.2728482186794281 2357
1784282504427 0.2614668905735016 2358
1784282504466 0.25278639793395996 2359
1784282504496 0.25145912170410156 2360
1784282504528 0.2451871782541275 2361
1784282504568 0.2702538073062897 2362
1784282504606 0.25539642572402954 2363
1784282504645 0.2857770323753357 2364
1784282504685 0.26642367243766785 2365
1784282504725 0.2512272894382477 2366
1784282504765 0.25689634680747986 2367
1784282504804 0.25204598903656006 2368
1784282504844 0.26340252161026 2369
1784282504886 0.25003328919410706 2370
1784282504928 0.2483217865228653 2371
1784282504972 0.26245900988578796 2372
1784282505016 0.26387494802474976 2373
1784282505055 0.2472582906484604 2374
1784282505097 0.28505411744117737 2375
1784282505131 0.2537491023540497 2376
1784282505166 0.24929510056972504 2377
1784282505203 0.2599572539329529 2378
1784282505239 0.258794903755188 2379
1784282505276 0.2709812521934509 2380
1784282505323 0.2573992609977722 2381
1784282505358 0.24849200248718262 2382
1784282505396 0.2719254195690155 2383
1784282505436 0.2559737265110016 2384
1784282505471 0.25329211354255676 2385
1784282505505 0.26953110098838806 2386
1784282505611 0.24109584093093872 2387
1784282505646 0.26362302899360657 2388
1784282505684 0.2735831141471863 2389
1784282505731 0.26356440782546997 2390
1784282505762 0.26044344902038574 2391
1784282505801 0.2627631723880768 2392
1784282505839 0.24493828415870667 2393
1784282505875 0.25587198138237 2394
1784282505914 0.24890759587287903 2395
1784282505950 0.2445502132177353 2396
1784282505990 0.280559778213501 2397
1784282506036 0.2537567913532257 2398
1784282506087 0.24640542268753052 2399
1784282506140 0.258849561214447 2400
1784282506190 0.25198352336883545 2401
1784282506237 0.2586221396923065 2402
1784282506288 0.250942200422287 2403
1784282506335 0.26244494318962097 2404
1784282506374 0.26713326573371887 2405
1784282506411 0.25644609332084656 2406
1784282506448 0.24939778447151184 2407
1784282506486 0.2539060115814209 2408
1784282506524 0.2680376470088959 2409
1784282506561 0.2567882835865021 2410
1784282506598 0.2647324204444885 2411
1784282506638 0.2551681697368622 2412
1784282506675 0.2680584192276001 2413
1784282506709 0.25124648213386536 2414
1784282506837 0.2521405816078186 2415
1784282506873 0.2638492286205292 2416
1784282506909 0.2290049046278 2417
1784282506945 0.2562372386455536 2418
1784282507012 0.27390214800834656 2419
1784282507145 0.25773799419403076 2420
1784282507185 0.2496730387210846 2421
1784282507224 0.250577837228775 2422
1784282507261 0.2513512670993805 2423
1784282507298 0.2623428702354431 2424
1784282507348 0.24010156095027924 2425
1784282507388 0.2736036777496338 2426
1784282507428 0.25058513879776 2427
1784282507473 0.26858988404273987 2428
1784282507518 0.2709997594356537 2429
1784282507564 0.2500481903553009 2430
1784282507609 0.26650869846343994 2431
1784282507653 0.2508280575275421 2432
1784282507698 0.2542126476764679 2433
1784282507740 0.254178911447525 2434
1784282507780 0.26700034737586975 2435
1784282507818 0.2622872591018677 2436
1784282507945 0.26133689284324646 2437
1784282507983 0.2517692446708679 2438
1784282508017 0.2558087706565857 2439
1784282508068 0.25635606050491333 2440
1784282508103 0.2617027461528778 2441
1784282508140 0.2556689977645874 2442
1784282508190 0.24555715918540955 2443
1784282508234 0.26108554005622864 2444
1784282508278 0.25103676319122314 2445
1784282508317 0.25191500782966614 2446
1784282508348 0.24427028000354767 2447
1784282508381 0.26585298776626587 2448
1784282508412 0.25099173188209534 2449
1784282508444 0.25967633724212646 2450
1784282508479 0.25193217396736145 2451
1784282508515 0.24842986464500427 2452
1784282508555 0.2551112771034241 2453
1784282508596 0.2617546319961548 2454
1784282508633 0.277542382478714 2455
1784282508672 0.2444494664669037 2456
1784282508713 0.2647032141685486 2457
1784282508760 0.2631361186504364 2458
1784282508806 0.23865465819835663 2459
1784282508848 0.2721432149410248 2460
1784282508888 0.2561696469783783 2461
1784282508934 0.2531639337539673 2462
1784282508984 0.2642052173614502 2463
1784282509026 0.24962426722049713 2464
1784282509066 0.2602909207344055 2465
1784282509105 0.2628888487815857 2466
1784282509138 0.24842235445976257 2467
1784282509176 0.26091697812080383 2468
1784282509211 0.25748783349990845 2469
1784282509249 0.25496113300323486 2470
1784282509283 0.24532602727413177 2471
1784282509350 0.2627543807029724 2472
1784282509425 0.2725081145763397 2473
1784282509459 0.24894045293331146 2474
1784282509512 0.26597079634666443 2475
1784282509544 0.25885024666786194 2476
1784282509581 0.2598199248313904 2477
1784282509618 0.2624254524707794 2478
1784282509655 0.24631430208683014 2479
1784282509692 0.25882795453071594 2480
1784282509729 0.2626991271972656 2481
1784282509762 0.2629373371601105 2482
1784282509801 0.2555733025074005 2483
1784282509836 0.25103509426116943 2484
1784282509869 0.2617628574371338 2485
1784282509904 0.2521466612815857 2486
1784282509945 0.25001898407936096 2487
1784282509992 0.25409242510795593 2488
1784282510044 0.257840633392334 2489
1784282510087 0.2564026713371277 2490
1784282510129 0.24985383450984955 2491
1784282510177 0.24581307172775269 2492
1784282510216 0.24754485487937927 2493
1784282510248 0.26244014501571655 2494
1784282510289 0.2609913647174835 2495
1784282510325 0.2609771192073822 2496
1784282510363 0.2636891305446625 2497
1784282510402 0.2612352669239044 2498
1784282510438 0.25432419776916504 2499
1784282510479 0.2765672504901886 2500
1784282510518 0.25659486651420593 2501
1784282510556 0.25970223546028137 2502
1784282510592 0.261809378862381 2503
1784282510734 0.27283361554145813 2504
1784282510770 0.25779271125793457 2505
1784282510805 0.25778645277023315 2506
1784282510857 0.2571558952331543 2507
1784282510901 0.25417017936706543 2508
1784282510940 0.25742655992507935 2509
1784282510977 0.2517496645450592 2510
1784282511017 0.25707265734672546 2511
1784282511059 0.25565049052238464 2512
1784282511099 0.2631646692752838 2513
1784282511138 0.24233919382095337 2514
1784282511175 0.24410030245780945 2515
1784282511214 0.26163193583488464 2516
1784282511246 0.2743968963623047 2517
1784282511280 0.26952028274536133 2518
1784282511309 0.2670484185218811 2519
1784282511341 0.2653505206108093 2520
1784282511381 0.2652868330478668 2521
1784282511422 0.24466156959533691 2522
1784282511462 0.2548418641090393 2523
1784282511503 0.26783230900764465 2524
1784282511537 0.24134503304958344 2525
1784282511575 0.2629334330558777 2526
1784282511617 0.2699620723724365 2527
1784282511653 0.25714829564094543 2528
1784282511830 0.24659663438796997 2529
1784282511887 0.2630898356437683 2530
1784282511924 0.26646605134010315 2531
1784282511967 0.2588822841644287 2532
1784282512008 0.2550356984138489 2533
1784282512053 0.243954598903656 2534
1784282512092 0.2461744099855423 2535
1784282512127 0.2529591917991638 2536
1784282512169 0.2508741021156311 2537
1784282512202 0.2535817623138428 2538
1784282512242 0.27332302927970886 2539
1784282512277 0.2538726031780243 2540
1784282512312 0.25075069069862366 2541
1784282512348 0.2606612741947174 2542
1784282512390 0.2776755690574646 2543
1784282512434 0.2789132297039032 2544
1784282512474 0.25885364413261414 2545
1784282512511 0.26291728019714355 2546
1784282512610 0.25084352493286133 2547
1784282512651 0.27481400966644287 2548
1784282512689 0.27918392419815063 2549
1784282512727 0.2588200867176056 2550
1784282512794 0.2878597378730774 2551
1784282512837 0.24895647168159485 2552
1784282512879 0.2744109332561493 2553
1784282512920 0.2711646258831024 2554
1784282512955 0.25809457898139954 2555
1784282512998 0.28022876381874084 2556
1784282513043 0.26204216480255127 2557
1784282513081 0.26817527413368225 2558
1784282513122 0.2742939293384552 2559
1784282513157 0.26705387234687805 2560
1784282513192 0.2560105323791504 2561
1784282513228 0.2717044949531555 2562
1784282513265 0.2759851813316345 2563
1784282513300 0.24741394817829132 2564
1784282513336 0.2726079523563385 2565
1784282513473 0.26741933822631836 2566
1784282513510 0.2756209075450897 2567
1784282513545 0.2571702003479004 2568
1784282513585 0.25037601590156555 2569
1784282513627 0.25826215744018555 2570
1784282513693 0.2636297941207886 2571
1784282513737 0.2550530433654785 2572
1784282513780 0.2535164952278137 2573
1784282513837 0.26369455456733704 2574
1784282513886 0.2628667652606964 2575
1784282513932 0.2653326988220215 2576
1784282513971 0.2634432315826416 2577
1784282514017 0.27679014205932617 2578
1784282514052 0.27239087224006653 2579
1784282514089 0.2596723735332489 2580
1784282514125 0.25068625807762146 2581
1784282514162 0.25720998644828796 2582
1784282514198 0.2572261393070221 2583
1784282514237 0.2699268162250519 2584
1784282514274 0.2603093683719635 2585
1784282514414 0.2641241252422333 2586
1784282514455 0.27175676822662354 2587
1784282514491 0.24231038987636566 2588
1784282514543 0.2584611475467682 2589
1784282514610 0.2671446204185486 2590
1784282514653 0.243352010846138 2591
1784282514691 0.25125056505203247 2592
1784282514732 0.25685834884643555 2593
1784282514770 0.24505209922790527 2594
1784282514808 0.25060713291168213 2595
1784282514847 0.2528058588504791 2596
1784282514888 0.2548793852329254 2597
1784282514923 0.2582950294017792 2598
1784282514959 0.2531404197216034 2599
1784282514996 0.2698187232017517 2600
1784282515033 0.2609533965587616 2601
1784282515069 0.2357652187347412 2602
1784282515112 0.2728206515312195 2603
1784282515156 0.25302553176879883 2604
1784282515199 0.24335646629333496 2605
1784282515239 0.2724154591560364 2606
1784282515368 0.27384036779403687 2607
1784282515419 0.2585235834121704 2608
1784282515454 0.26781702041625977 2609
1784282515491 0.23798300325870514 2610
1784282515529 0.2579766809940338 2611
1784282515569 0.2464463710784912 2612
1784282515606 0.25376439094543457 2613
1784282515645 0.2569715082645416 2614
1784282515683 0.25836944580078125 2615
1784282515725 0.27136754989624023 2616
1784282515759 0.25322261452674866 2617
1784282515796 0.23859740793704987 2618
1784282515830 0.2621290683746338 2619
1784282515866 0.25520405173301697 2620
1784282515902 0.25426289439201355 2621
1784282515938 0.260536789894104 2622
1784282515983 0.27551960945129395 2623
1784282516150 0.24463005363941193 2624
1784282516191 0.2810377776622772 2625
1784282516233 0.28250059485435486 2626
1784282516271 0.28008025884628296 2627
1784282516314 0.29681769013404846 2628
1784282516352 0.2604648768901825 2629
1784282516386 0.2693445086479187 2630
1784282516432 0.26598820090293884 2631
1784282516470 0.25996989011764526 2632
1784282516505 0.2682045102119446 2633
1784282516541 0.26117628812789917 2634
1784282516579 0.264070987701416 2635
1784282516619 0.2719530463218689 2636
1784282516660 0.2587015926837921 2637
1784282516694 0.2535457909107208 2638
1784282516736 0.25225791335105896 2639
1784282516777 0.2700962424278259 2640
1784282516918 0.25989893078804016 2641
1784282516969 0.27244049310684204 2642
1784282517005 0.25336623191833496 2643
1784282517042 0.258453369140625 2644
1784282517083 0.24241700768470764 2645
1784282517128 0.2535160481929779 2646
1784282517168 0.25810596346855164 2647
1784282517207 0.253971129655838 2648
1784282517242 0.2822052240371704 2649
1784282517277 0.2518981695175171 2650
1784282517310 0.24844132363796234 2651
1784282517345 0.26181358098983765 2652
1784282517384 0.25523316860198975 2653
1784282517420 0.2646278142929077 2654
1784282517554 0.2747780978679657 2655
1784282517603 0.26248061656951904 2656
1784282517640 0.24973289668560028 2657
1784282517683 0.25219035148620605 2658
1784282517750 0.2728068232536316 2659
1784282517796 0.2527414560317993 2660
1784282517837 0.2602999806404114 2661
1784282517875 0.267040491104126 2662
1784282517908 0.266214519739151 2663
1784282517942 0.2556018829345703 2664
1784282517979 0.2547989785671234 2665
1784282518016 0.2468756139278412 2666
1784282518052 0.2664107084274292 2667
1784282518182 0.24733446538448334 2668
1784282518226 0.2571478486061096 2669
1784282518258 0.2673304080963135 2670
1784282518293 0.25398480892181396 2671
1784282518330 0.28031107783317566 2672
1784282518362 0.24542833864688873 2673
1784282518400 0.2722620666027069 2674
1784282518436 0.2555222511291504 2675
1784282518471 0.2783268392086029 2676
1784282518508 0.25144779682159424 2677
1784282518555 0.2637883126735687 2678
1784282518599 0.26306939125061035 2679
1784282518753 0.26734811067581177 2680
1784282518812 0.25742170214653015 2681
1784282518854 0.25587740540504456 2682
1784282518892 0.2660401165485382 2683
1784282518931 0.26105237007141113 2684
1784282518966 0.271555095911026 2685
1784282519000 0.25315243005752563 2686
1784282519036 0.2735605239868164 2687
1784282519068 0.2570963203907013 2688
1784282519101 0.2492637187242508 2689
1784282519132 0.24581030011177063 2690
1784282519167 0.2732292413711548 2691
1784282519205 0.25563275814056396 2692
1784282519361 0.25794076919555664 2693
1784282519420 0.25615015625953674 2694
1784282519469 0.25530946254730225 2695
1784282519522 0.26562929153442383 2696
1784282519560 0.2510029375553131 2697
1784282519599 0.26708295941352844 2698
1784282519635 0.257688045501709 2699
1784282519669 0.2808716595172882 2700
1784282519706 0.26790305972099304 2701
1784282519758 0.2577762305736542 2702
1784282519796 0.2573606073856354 2703
1784282519840 0.2725406587123871 2704
1784282519989 0.26114004850387573 2705
1784282520072 0.2648410499095917 2706
1784282520137 0.2843896746635437 2707
1784282520275 0.263704776763916 2708
1784282520322 0.26805004477500916 2709
1784282520360 0.280377060174942 2710
1784282520397 0.2490805834531784 2711
1784282520436 0.2687121331691742 2712
1784282520472 0.26462534070014954 2713
1784282520512 0.2609367370605469 2714
1784282520548 0.25005295872688293 2715
1784282520583 0.25293591618537903 2716
1784282520619 0.2501564025878906 2717
1784282520760 0.2537943720817566 2718
1784282520814 0.23786555230617523 2719
1784282520855 0.25360286235809326 2720
1784282520901 0.2705528140068054 2721
1784282520947 0.26546940207481384 2722
1784282520985 0.2638199031352997 2723
1784282521026 0.25241973996162415 2724
1784282521064 0.25813940167427063 2725
1784282521101 0.2619945704936981 2726
1784282521143 0.24968750774860382 2727
1784282521182 0.2515783905982971 2728
1784282521217 0.260977566242218 2729
1784282521251 0.2672092318534851 2730
1784282521288 0.25136515498161316 2731
1784282521325 0.24454864859580994 2732
1784282521364 0.2523384988307953 2733
1784282521401 0.2560567557811737 2734
1784282521436 0.265685498714447 2735
1784282521566 0.2539154291152954 2736
1784282521599 0.2641966938972473 2737
1784282521640 0.261227011680603 2738
1784282521687 0.25042539834976196 2739
1784282521740 0.252773255109787 2740
1784282521802 0.2616131901741028 2741
1784282521867 0.2672279179096222 2742
1784282521905 0.25755199790000916 2743
1784282521942 0.2711808681488037 2744
1784282521988 0.2566215395927429 2745
1784282522024 0.260202556848526 2746
1784282522059 0.24628779292106628 2747
1784282522097 0.26684314012527466 2748
1784282522134 0.2663537859916687 2749
1784282522169 0.2586212456226349 2750
1784282522215 0.25975531339645386 2751
1784282522256 0.2423354983329773 2752
1784282522301 0.25670507550239563 2753
1784282522341 0.2621169984340668 2754
1784282522378 0.26048412919044495 2755
1784282522416 0.2592509388923645 2756
1784282522453 0.25063976645469666 2757
1784282522486 0.2587926685810089 2758
1784282522521 0.25531986355781555 2759
1784282522558 0.2607508599758148 2760
1784282522596 0.2574896216392517 2761
1784282522630 0.25963130593299866 2762
1784282522670 0.26511144638061523 2763
1784282522705 0.2633447051048279 2764
1784282522833 0.2595711648464203 2765
1784282522870 0.2525920867919922 2766
1784282522905 0.24578246474266052 2767
1784282522940 0.2692255973815918 2768
1784282522978 0.2538822591304779 2769
1784282523015 0.2582726776599884 2770
1784282523054 0.2597936689853668 2771
1784282523096 0.2602790892124176 2772
1784282523131 0.2514967620372772 2773
1784282523167 0.25905945897102356 2774
1784282523206 0.2524268627166748 2775
1784282523250 0.277588814496994 2776
1784282523281 0.25503021478652954 2777
1784282523313 0.25841042399406433 2778
1784282523341 0.2605423331260681 2779
1784282523380 0.2541913688182831 2780
1784282523410 0.26393911242485046 2781
1784282523447 0.24783363938331604 2782
1784282523488 0.24125748872756958 2783
1784282523533 0.24008287489414215 2784
1784282523572 0.2507380247116089 2785
1784282523613 0.26235270500183105 2786
1784282523657 0.2543443441390991 2787
1784282523700 0.2487943470478058 2788
1784282523748 0.2636139392852783 2789
1784282523792 0.24592454731464386 2790
1784282523837 0.2553974688053131 2791
1784282523885 0.26491373777389526 2792
1784282523925 0.2516227662563324 2793
1784282523974 0.25841856002807617 2794
1784282524010 0.2694384455680847 2795
1784282524040 0.25843843817710876 2796
1784282524073 0.2765861749649048 2797
1784282524104 0.26088741421699524 2798
1784282524133 0.25838473439216614 2799
1784282524239 0.2742227613925934 2800
1784282524298 0.27236273884773254 2801
1784282524333 0.27051395177841187 2802
1784282524362 0.2515070140361786 2803
1784282524393 0.25735101103782654 2804
1784282524434 0.24879136681556702 2805
1784282524476 0.2643694579601288 2806
1784282524518 0.27886953949928284 2807
1784282524558 0.24444502592086792 2808
1784282524600 0.25069087743759155 2809
1784282524637 0.2811533808708191 2810
