1784230819683 130.8914794921875 0
1784230819737 117.73731994628906 1
1784230819769 63.661956787109375 2
1784230819813 83.04623413085938 3
1784230819856 67.23109436035156 4
1784230819906 81.396484375 5
1784230819939 77.7081298828125 6
1784230819972 55.17183303833008 7
1784230820006 43.27083206176758 8
1784230820042 33.211055755615234 9
1784230820118 38.41151428222656 10
1784230820147 30.613054275512695 11
1784230820182 30.96845817565918 12
1784230820215 20.980022430419922 13
1784230820250 27.714950561523438 14
1784230820283 27.66974639892578 15
1784230820311 27.50313949584961 16
1784230820338 13.778871536254883 17
1784230820367 17.995712280273438 18
1784230820395 10.344223976135254 19
1784230820422 16.007617950439453 20
1784230820467 12.747668266296387 21
1784230820501 11.825279235839844 22
1784230820544 8.94663143157959 23
1784230820590 7.084692001342773 24
1784230820632 6.190457344055176 25
1784230820665 5.20770263671875 26
1784230820692 7.023982524871826 27
1784230820719 6.3061842918396 28
1784230820749 3.419123411178589 29
1784230820780 3.923720359802246 30
1784230820806 4.20426082611084 31
1784230820833 3.3776752948760986 32
1784230820864 3.19856595993042 33
1784230820890 3.0882413387298584 34
1784230820919 2.6257922649383545 35
1784230820945 2.7207531929016113 36
1784230820976 2.874420404434204 37
1784230821004 2.4426825046539307 38
1784230821032 2.300462007522583 39
1784230821060 2.4765067100524902 40
1784230821093 2.392426013946533 41
1784230821122 2.251812219619751 42
1784230821153 2.255460023880005 43
1784230821185 2.2873525619506836 44
1784230821220 2.385192394256592 45
1784230821255 2.225221872329712 46
1784230821296 2.213043451309204 47
1784230821332 2.2648210525512695 48
1784230821367 2.2466654777526855 49
1784230821395 2.271505117416382 50
1784230821430 2.270369052886963 51
1784230821461 2.299955368041992 52
1784230821494 2.275813102722168 53
1784230821544 2.2802071571350098 54
1784230821577 2.303449869155884 55
1784230821609 2.2933013439178467 56
1784230821639 2.2821478843688965 57
1784230821669 2.2897939682006836 58
1784230821709 2.2999155521392822 59
1784230821835 2.272071361541748 60
1784230821869 2.2854301929473877 61
1784230821900 2.2914953231811523 62
1784230821938 2.2867164611816406 63
1784230821969 2.276334047317505 64
1784230821998 2.299532413482666 65
1784230822031 2.2899882793426514 66
1784230822069 2.296332597732544 67
1784230822108 2.278285026550293 68
1784230822138 2.2929461002349854 69
1784230822176 2.289820909500122 70
1784230822208 2.2853665351867676 71
1784230822240 2.2715957164764404 72
1784230822280 2.294332504272461 73
1784230822307 2.2947802543640137 74
1784230822336 2.281930923461914 75
1784230822370 2.274595022201538 76
1784230822401 2.27433443069458 77
1784230822433 2.287733316421509 78
1784230822463 2.283362627029419 79
1784230822496 2.2815303802490234 80
1784230822522 2.259570598602295 81
1784230822557 2.271512508392334 82
1784230822585 2.2689614295959473 83
1784230822617 2.251607656478882 84
1784230822650 2.2777509689331055 85
1784230822679 2.2774767875671387 86
1784230822711 2.256760358810425 87
1784230822737 2.3077547550201416 88
1784230822763 2.2547361850738525 89
1784230822790 2.2879080772399902 90
1784230822818 2.2596435546875 91
1784230822843 2.3062994480133057 92
1784230822869 2.2426140308380127 93
1784230822897 2.2651398181915283 94
1784230822923 2.264984369277954 95
1784230822949 2.2159671783447266 96
1784230822975 2.2791361808776855 97
1784230823002 2.299802303314209 98
1784230823030 2.2276406288146973 99
1784230823058 2.278688669204712 100
1784230823087 2.265540838241577 101
1784230823114 2.235267400741577 102
1784230823147 2.251800060272217 103
1784230823175 2.2937684059143066 104
1784230823203 2.256653308868408 105
1784230823233 2.225135326385498 106
1784230823263 2.2532405853271484 107
1784230823294 2.2545886039733887 108
1784230823322 2.2161736488342285 109
1784230823435 2.2217295169830322 110
1784230823477 2.2283713817596436 111
1784230823508 2.2518324851989746 112
1784230823543 2.2863056659698486 113
1784230823579 2.2469983100891113 114
1784230823611 2.260680913925171 115
1784230823641 2.2143349647521973 116
1784230823669 2.2582976818084717 117
1784230823697 2.1384570598602295 118
1784230823728 2.2535200119018555 119
1784230823757 2.2097489833831787 120
1784230823789 2.224062442779541 121
1784230823821 2.2259464263916016 122
1784230823854 2.2185959815979004 123
1784230823883 2.232365369796753 124
1784230823914 2.2051749229431152 125
1784230823940 2.138557195663452 126
1784230823968 2.266547918319702 127
1784230823997 2.2072644233703613 128
1784230824022 2.290559768676758 129
1784230824050 2.1787171363830566 130
1784230824076 2.219724655151367 131
1784230824104 2.263413906097412 132
1784230824135 2.1152329444885254 133
1784230824161 2.219391345977783 134
1784230824187 2.2804861068725586 135
1784230824215 2.2939529418945312 136
1784230824241 2.1802995204925537 137
1784230824267 2.125333309173584 138
1784230824293 2.24419903755188 139
1784230824319 2.140439033508301 140
1784230824347 2.1163277626037598 141
1784230824373 2.12276029586792 142
1784230824399 2.246427536010742 143
1784230824426 2.24458384513855 144
1784230824453 2.2248194217681885 145
1784230824487 2.092890739440918 146
1784230824522 2.108830451965332 147
1784230824550 2.1148533821105957 148
1784230824581 2.1510565280914307 149
1784230824613 2.3126044273376465 150
1784230824644 2.082170248031616 151
1784230824676 2.2708451747894287 152
1784230824710 2.0637736320495605 153
1784230824742 2.1958444118499756 154
1784230824775 2.229879856109619 155
1784230824807 2.1484742164611816 156
1784230824834 2.2454307079315186 157
1784230824860 2.080601692199707 158
1784230824886 2.2026562690734863 159
1784230824912 2.1261346340179443 160
1784230824937 2.194345235824585 161
1784230825068 2.162440538406372 162
1784230825113 2.230905532836914 163
1784230825151 2.1708991527557373 164
1784230825186 2.209244966506958 165
1784230825219 2.203512668609619 166
1784230825251 2.185335636138916 167
1784230825285 2.1684529781341553 168
1784230825317 2.2702813148498535 169
1784230825347 2.210174560546875 170
1784230825391 2.271793842315674 171
1784230825427 2.173520088195801 172
1784230825461 2.093000888824463 173
1784230825488 2.2168965339660645 174
1784230825524 2.18339467048645 175
1784230825551 2.2221508026123047 176
1784230825579 2.2103090286254883 177
1784230825605 2.1366398334503174 178
1784230825632 2.154454469680786 179
1784230825659 2.25451922416687 180
1784230825686 2.2440006732940674 181
1784230825714 2.1999223232269287 182
1784230825742 2.185119390487671 183
1784230825776 2.1628472805023193 184
1784230825812 2.085785388946533 185
1784230825842 2.180933713912964 186
1784230825875 2.173952579498291 187
1784230825912 2.2623631954193115 188
1784230825943 2.1194183826446533 189
1784230825974 2.2329065799713135 190
1784230826006 1.964076042175293 191
1784230826042 2.1791670322418213 192
1784230826077 2.174250841140747 193
1784230826115 2.1545205116271973 194
1784230826160 2.0869686603546143 195
1784230826204 2.1478395462036133 196
1784230826249 2.1445107460021973 197
1784230826294 2.2113943099975586 198
1784230826332 2.1864709854125977 199
1784230826362 2.181072235107422 200
1784230826401 2.1665127277374268 201
1784230826436 1.9320441484451294 202
1784230826466 2.225325584411621 203
1784230826502 2.129323720932007 204
1784230826540 2.089792013168335 205
1784230826574 2.122978448867798 206
1784230826604 2.0863187313079834 207
1784230826636 2.193730354309082 208
1784230826674 2.157393455505371 209
1784230826703 2.112069606781006 210
1784230826731 2.0258803367614746 211
1784230826759 2.1374807357788086 212
1784230826792 2.236825466156006 213
1784230826821 2.1346848011016846 214
1784230826851 2.147516965866089 215
1784230826883 2.142533779144287 216
1784230826917 2.1173837184906006 217
1784230826951 2.1119587421417236 218
1784230827079 2.19055438041687 219
1784230827124 2.1393866539001465 220
1784230827154 2.152940034866333 221
1784230827185 2.1548714637756348 222
1784230827216 2.3062455654144287 223
1784230827243 2.158451557159424 224
1784230827270 1.974280595779419 225
1784230827299 2.100802183151245 226
1784230827328 2.1199862957000732 227
1784230827359 2.090641498565674 228
1784230827393 2.151831865310669 229
1784230827430 2.1387131214141846 230
1784230827463 2.1631176471710205 231
1784230827497 2.0936505794525146 232
1784230827526 2.0020296573638916 233
1784230827562 2.128723382949829 234
1784230827593 2.0846049785614014 235
1784230827619 1.9949572086334229 236
1784230827649 2.1466801166534424 237
1784230827674 2.024216413497925 238
1784230827700 2.021338701248169 239
1784230827729 2.1028878688812256 240
1784230827754 2.075335741043091 241
1784230827784 2.2966537475585938 242
1784230827810 2.071648359298706 243
1784230827837 2.1103463172912598 244
1784230827868 2.1011579036712646 245
1784230827900 2.1220099925994873 246
1784230827926 2.1536731719970703 247
1784230827960 2.0766079425811768 248
1784230827993 2.1260018348693848 249
1784230828022 2.2213821411132812 250
1784230828057 1.9886125326156616 251
1784230828091 2.063976287841797 252
1784230828121 2.073896884918213 253
1784230828155 2.0293731689453125 254
1784230828184 2.088259696960449 255
1784230828211 2.2324843406677246 256
1784230828238 1.9486768245697021 257
1784230828268 2.08675217628479 258
1784230828295 2.063737154006958 259
1784230828321 2.0835838317871094 260
1784230828352 2.1224117279052734 261
1784230828380 2.024670362472534 262
1784230828409 1.9853769540786743 263
1784230828436 2.0499086380004883 264
1784230828466 1.9587055444717407 265
1784230828497 2.1389636993408203 266
1784230828526 1.8896478414535522 267
1784230828559 1.9613938331604004 268
1784230828587 2.0044867992401123 269
1784230828618 2.0704896450042725 270
1784230828644 1.929494023323059 271
1784230828671 2.0831592082977295 272
1784230828699 2.0567760467529297 273
1784230828726 1.8957619667053223 274
1784230828755 2.1298794746398926 275
1784230828783 1.9304150342941284 276
1784230828809 1.9793809652328491 277
1784230828834 2.1229121685028076 278
1784230828861 1.911800503730774 279
1784230828884 2.0211660861968994 280
1784230828912 2.1402862071990967 281
1784230828936 2.0469963550567627 282
1784230828963 2.0048937797546387 283
1784230828989 2.02339506149292 284
1784230829015 2.0691614151000977 285
1784230829038 2.0422394275665283 286
1784230829066 2.0751101970672607 287
1784230829093 2.1106655597686768 288
1784230829120 2.1440794467926025 289
1784230829152 2.049130439758301 290
1784230829185 2.1538655757904053 291
1784230829218 2.087533712387085 292
1784230829255 1.9323855638504028 293
1784230829285 1.9010379314422607 294
1784230829316 2.0565173625946045 295
1784230829357 2.1175875663757324 296
1784230829389 2.135657787322998 297
1784230829422 1.9401224851608276 298
1784230829453 2.002753496170044 299
1784230829484 2.0590875148773193 300
1784230829515 2.162956714630127 301
1784230829544 2.0967283248901367 302
1784230829575 1.9964888095855713 303
1784230829607 2.0154943466186523 304
1784230829635 2.0139098167419434 305
1784230829663 2.1269338130950928 306
1784230829686 1.985548973083496 307
1784230829713 2.065155267715454 308
1784230829739 1.9632948637008667 309
1784230829768 1.910580039024353 310
1784230829794 1.9899061918258667 311
1784230829817 1.8895987272262573 312
1784230829846 1.9861477613449097 313
1784230829874 2.2230613231658936 314
1784230829901 2.108690023422241 315
1784230829928 1.899540901184082 316
1784230829958 1.972426176071167 317
1784230829987 1.9045305252075195 318
1784230830014 1.959723949432373 319
1784230830041 2.0715255737304688 320
1784230830067 2.2499802112579346 321
1784230830094 2.154123067855835 322
1784230830119 2.0312516689300537 323
1784230830146 1.899954080581665 324
1784230830172 1.9604936838150024 325
1784230830200 1.8653899431228638 326
1784230830226 1.8933049440383911 327
1784230830253 2.0063483715057373 328
1784230830281 1.7672313451766968 329
1784230830307 2.071673631668091 330
1784230830334 1.975852608680725 331
1784230830362 2.0539023876190186 332
1784230830389 2.036402940750122 333
1784230830415 2.051471710205078 334
1784230830441 2.117152452468872 335
1784230830467 2.0772757530212402 336
1784230830490 1.9240930080413818 337
1784230830516 2.0304698944091797 338
1784230830544 2.0458405017852783 339
1784230830572 1.9612622261047363 340
1784230830598 2.0218334197998047 341
1784230830621 1.9116778373718262 342
1784230830650 2.107236385345459 343
1784230830675 2.225994348526001 344
1784230830702 2.0226950645446777 345
1784230830731 1.9466288089752197 346
1784230830765 2.0796995162963867 347
1784230830803 1.969077229499817 348
1784230830833 1.7040661573410034 349
1784230830862 2.0413832664489746 350
1784230830980 2.092134475708008 351
1784230831020 1.949537992477417 352
1784230831054 2.053828001022339 353
1784230831088 2.178614616394043 354
1784230831115 2.040083885192871 355
1784230831144 2.1315488815307617 356
1784230831167 1.8125510215759277 357
1784230831194 2.026998519897461 358
1784230831219 2.0867249965667725 359
1784230831248 2.146167278289795 360
1784230831275 2.0667481422424316 361
1784230831302 2.095737934112549 362
1784230831332 2.0536139011383057 363
1784230831358 1.983580231666565 364
1784230831385 2.1093854904174805 365
1784230831411 2.024796962738037 366
1784230831437 2.0408718585968018 367
1784230831464 1.9601510763168335 368
1784230831493 2.046821117401123 369
1784230831518 2.0128748416900635 370
1784230831544 2.109642505645752 371
1784230831569 1.9864717721939087 372
1784230831595 2.0393240451812744 373
1784230831619 2.027789831161499 374
1784230831647 2.0119330883026123 375
1784230831670 2.0864100456237793 376
1784230831697 1.8693232536315918 377
1784230831720 1.983981966972351 378
1784230831749 1.8784904479980469 379
1784230831774 2.020861864089966 380
1784230831800 1.8713383674621582 381
1784230831827 1.9879810810089111 382
1784230831852 1.9857916831970215 383
1784230831879 1.9795047044754028 384
1784230831904 1.9845534563064575 385
1784230831931 2.0230154991149902 386
1784230831956 1.84363853931427 387
1784230831995 1.9786251783370972 388
1784230832020 1.9982357025146484 389
1784230832046 1.8606641292572021 390
1784230832071 1.971928596496582 391
1784230832098 1.8686450719833374 392
1784230832121 1.9580097198486328 393
1784230832148 1.899073839187622 394
1784230832177 1.960564136505127 395
1784230832204 1.9540987014770508 396
1784230832230 1.965098261833191 397
1784230832254 2.1145262718200684 398
1784230832281 1.9208159446716309 399
1784230832304 2.0242996215820312 400
1784230832331 1.830899953842163 401
1784230832353 2.0637481212615967 402
1784230832381 1.8931496143341064 403
1784230832407 1.8705165386199951 404
1784230832432 2.2295658588409424 405
1784230832458 1.8780423402786255 406
1784230832484 1.854501724243164 407
1784230832514 1.9090123176574707 408
1784230832541 2.185354232788086 409
1784230832566 1.8064889907836914 410
1784230832593 1.7863739728927612 411
1784230832618 1.7645009756088257 412
1784230832644 2.0841493606567383 413
1784230832669 2.0576794147491455 414
1784230832695 1.7818416357040405 415
1784230832719 1.9482589960098267 416
1784230832746 1.829509973526001 417
1784230832771 1.7938189506530762 418
1784230832797 1.939418911933899 419
1784230832820 1.8339182138442993 420
1784230832849 1.9750343561172485 421
1784230832875 1.888305425643921 422
1784230832900 1.8142398595809937 423
1784230832925 1.7516814470291138 424
1784230832951 1.9239002466201782 425
1784230832977 1.880863904953003 426
1784230833002 1.7805193662643433 427
1784230833029 1.8293800354003906 428
1784230833053 1.6989485025405884 429
1784230833082 1.8314913511276245 430
1784230833108 1.594212532043457 431
1784230833132 1.8785313367843628 432
1784230833158 2.04418683052063 433
1784230833183 1.8054635524749756 434
1784230833214 1.7236653566360474 435
1784230833243 1.817268967628479 436
1784230833273 1.7196599245071411 437
1784230833299 1.8127973079681396 438
1784230833325 1.7255752086639404 439
1784230833351 1.8689826726913452 440
1784230833380 1.6830713748931885 441
1784230833402 1.9607880115509033 442
1784230833427 1.8071550130844116 443
1784230833451 1.8401371240615845 444
1784230833477 1.9573076963424683 445
1784230833502 1.7830466032028198 446
1784230833528 1.8218395709991455 447
1784230833551 1.81369149684906 448
1784230833578 1.9124113321304321 449
1784230833603 1.591810941696167 450
1784230833631 1.6098737716674805 451
1784230833656 1.6457301378250122 452
1784230833682 1.8188519477844238 453
1784230833780 1.6586908102035522 454
1784230833822 1.7205893993377686 455
1784230833850 1.7412824630737305 456
1784230833878 1.9792672395706177 457
1784230833901 1.8374935388565063 458
1784230833927 1.7091541290283203 459
1784230833953 1.8800368309020996 460
1784230833980 1.7055623531341553 461
1784230834003 1.8539094924926758 462
1784230834030 1.5672165155410767 463
1784230834055 1.5959352254867554 464
1784230834081 1.64745032787323 465
1784230834108 1.6759448051452637 466
1784230834132 1.9042856693267822 467
1784230834159 1.7117371559143066 468
1784230834185 1.6256557703018188 469
1784230834215 1.5314401388168335 470
1784230834241 1.4213942289352417 471
1784230834269 1.5784902572631836 472
1784230834296 1.9096779823303223 473
1784230834322 1.8480501174926758 474
1784230834347 1.7821590900421143 475
1784230834376 1.797703742980957 476
1784230834400 1.7948087453842163 477
1784230834426 1.5207180976867676 478
1784230834450 1.581371545791626 479
1784230834475 1.5107253789901733 480
1784230834500 1.7177995443344116 481
1784230834526 1.573979139328003 482
1784230834551 1.7888575792312622 483
1784230834578 1.6723350286483765 484
1784230834602 1.655135154724121 485
1784230834628 1.5552963018417358 486
1784230834651 1.5617496967315674 487
1784230834678 1.7439593076705933 488
1784230834703 1.744131088256836 489
1784230834731 1.8133080005645752 490
1784230834753 1.581432580947876 491
1784230834780 1.5270767211914062 492
1784230834803 1.4511164426803589 493
1784230834830 1.581752061843872 494
1784230834852 1.6238460540771484 495
1784230834881 1.747825026512146 496
1784230834907 1.408216118812561 497
1784230834932 1.8044898509979248 498
1784230834958 1.4903457164764404 499
1784230834985 1.467056155204773 500
1784230835012 1.5290411710739136 501
1784230835036 1.4289193153381348 502
1784230835063 1.2864044904708862 503
1784230835102 1.4780793190002441 504
1784230835126 1.732804298400879 505
1784230835152 1.7840020656585693 506
1784230835181 1.69010591506958 507
1784230835206 1.6064670085906982 508
1784230835233 1.540618896484375 509
1784230835259 1.4569039344787598 510
1784230835284 1.4333471059799194 511
1784230835310 1.4210284948349 512
1784230835335 1.5617570877075195 513
1784230835362 1.5813302993774414 514
1784230835390 1.4982240200042725 515
1784230835416 1.3984732627868652 516
1784230835443 1.3324438333511353 517
1784230835472 1.8430736064910889 518
1784230835508 1.5851699113845825 519
1784230835621 1.2305989265441895 520
1784230835672 1.5149638652801514 521
1784230835701 1.3789128065109253 522
1784230835730 1.5765657424926758 523
1784230835753 1.6493436098098755 524
1784230835781 1.279086947441101 525
1784230835805 1.5693565607070923 526
1784230835829 1.4191794395446777 527
1784230835854 1.7446789741516113 528
1784230835877 1.4851709604263306 529
1784230835904 1.6053416728973389 530
1784230835929 1.4803444147109985 531
1784230835952 1.3743282556533813 532
1784230835977 1.3976693153381348 533
1784230836003 1.5247175693511963 534
1784230836032 1.4887244701385498 535
1784230836058 1.4061899185180664 536
1784230836081 1.2060819864273071 537
1784230836102 1.4649600982666016 538
1784230836128 1.421058177947998 539
1784230836151 1.2332217693328857 540
1784230836175 1.4794421195983887 541
1784230836202 1.5932024717330933 542
1784230836229 1.288196086883545 543
1784230836258 1.6455652713775635 544
1784230836282 1.365375280380249 545
1784230836311 1.3540908098220825 546
1784230836339 1.4806411266326904 547
1784230836366 1.317217230796814 548
1784230836393 1.4517490863800049 549
1784230836418 1.5447821617126465 550
1784230836443 1.7833304405212402 551
1784230836467 1.4243953227996826 552
1784230836493 1.315402865409851 553
1784230836537 1.1391217708587646 554
1784230836563 1.2727859020233154 555
1784230836587 1.2691336870193481 556
1784230836613 1.2923139333724976 557
1784230836635 1.4343236684799194 558
1784230836663 1.6372333765029907 559
1784230836688 1.5425043106079102 560
1784230836714 1.3759328126907349 561
1784230836739 1.256055235862732 562
1784230836764 1.48381507396698 563
1784230836789 1.487350344657898 564
1784230836815 1.328589916229248 565
1784230836839 1.432714819908142 566
1784230836866 1.680909276008606 567
1784230836890 1.322160005569458 568
1784230836915 1.403576374053955 569
1784230836939 1.1740902662277222 570
1784230836964 1.480847716331482 571
1784230836989 1.6832619905471802 572
1784230837013 1.3420684337615967 573
1784230837037 1.4594250917434692 574
1784230837061 1.7281404733657837 575
1784230837083 1.3152817487716675 576
1784230837111 1.4543178081512451 577
1784230837136 1.5732228755950928 578
1784230837162 1.6188523769378662 579
1784230837185 1.3692469596862793 580
1784230837214 1.2985484600067139 581
1784230837237 1.3603607416152954 582
1784230837263 1.459043025970459 583
1784230837286 1.0589182376861572 584
1784230837313 1.738930583000183 585
1784230837342 1.3377454280853271 586
1784230837367 1.3913503885269165 587
1784230837393 1.229132890701294 588
1784230837419 1.2685644626617432 589
1784230837447 1.4108381271362305 590
1784230837474 1.4357656240463257 591
1784230837571 1.5102320909500122 592
1784230837617 1.5117720365524292 593
1784230837646 1.2691386938095093 594
1784230837669 1.4549845457077026 595
1784230837695 1.483864665031433 596
1784230837719 1.379439353942871 597
1784230837747 1.0827252864837646 598
1784230837770 1.1862634420394897 599
1784230837796 1.2479336261749268 600
1784230837820 1.5622284412384033 601
1784230837848 1.520426630973816 602
1784230837872 1.439261555671692 603
1784230837897 1.2594014406204224 604
1784230837924 1.082068681716919 605
1784230837952 1.1684106588363647 606
1784230837981 1.4609917402267456 607
1784230838006 1.3250082731246948 608
1784230838033 1.6215640306472778 609
1784230838063 1.4631975889205933 610
1784230838087 1.1971560716629028 611
1784230838113 1.232608437538147 612
1784230838136 1.3339848518371582 613
1784230838163 1.0413957834243774 614
1784230838188 1.3955243825912476 615
1784230838215 1.8376747369766235 616
1784230838241 1.4025413990020752 617
1784230838268 1.5621989965438843 618
1784230838296 1.2992461919784546 619
1784230838320 1.1615508794784546 620
1784230838347 1.3394826650619507 621
1784230838380 1.240638256072998 622
1784230838403 1.46085524559021 623
1784230838430 1.283697247505188 624
1784230838458 1.0576701164245605 625
1784230838485 1.4140161275863647 626
1784230838512 1.5469739437103271 627
1784230838539 1.2517058849334717 628
1784230838567 1.01376211643219 629
1784230838595 1.427419900894165 630
1784230838618 1.3675793409347534 631
1784230838645 1.3190633058547974 632
1784230838669 1.108092188835144 633
1784230838697 1.3505594730377197 634
1784230838719 1.4370042085647583 635
1784230838746 1.3564167022705078 636
1784230838771 1.3209840059280396 637
1784230838797 1.3133512735366821 638
1784230838821 1.3372721672058105 639
1784230838848 1.4160479307174683 640
1784230838874 1.4224048852920532 641
1784230838899 1.284688115119934 642
1784230838923 1.1905092000961304 643
1784230838947 1.1631463766098022 644
1784230838972 1.2149094343185425 645
1784230838998 1.149511694908142 646
1784230839025 1.4766775369644165 647
1784230839048 1.4148540496826172 648
1784230839072 1.191125750541687 649
1784230839097 1.0932319164276123 650
1784230839121 1.024474024772644 651
1784230839148 1.0207853317260742 652
1784230839172 1.3012701272964478 653
1784230839200 1.0637930631637573 654
1784230839229 1.2865349054336548 655
1784230839252 1.085707426071167 656
1784230839279 0.9156165719032288 657
1784230839383 1.0634945631027222 658
1784230839424 0.8733717203140259 659
1784230839452 1.2065293788909912 660
1784230839479 1.0500212907791138 661
1784230839506 1.1541496515274048 662
1784230839534 1.3930221796035767 663
1784230839563 1.0454517602920532 664
1784230839586 1.321625828742981 665
1784230839613 1.2263160943984985 666
1784230839637 0.9682632088661194 667
1784230839663 1.1641048192977905 668
1784230839687 1.143171787261963 669
1784230839713 1.0233221054077148 670
1784230839738 1.1393934488296509 671
1784230839766 1.2134361267089844 672
1784230839794 1.3727470636367798 673
1784230839818 1.099628210067749 674
1784230839846 1.3159083127975464 675
1784230839868 1.2006245851516724 676
1784230839895 1.1244932413101196 677
1784230839919 1.1802406311035156 678
1784230839948 1.3435851335525513 679
1784230839974 1.1708146333694458 680
1784230839998 1.1941839456558228 681
1784230840023 1.2196376323699951 682
1784230840049 1.3793251514434814 683
1784230840076 1.3729901313781738 684
1784230840101 1.2377463579177856 685
1784230840128 1.2364660501480103 686
1784230840153 1.0684739351272583 687
1784230840180 1.269373893737793 688
1784230840208 1.029615879058838 689
1784230840235 1.2065808773040771 690
1784230840267 1.0728724002838135 691
1784230840297 1.1665923595428467 692
1784230840325 1.4544910192489624 693
1784230840352 1.165795922279358 694
1784230840379 0.969657838344574 695
1784230840404 1.2976300716400146 696
1784230840429 1.17791748046875 697
1784230840453 0.9477349519729614 698
1784230840479 1.2153209447860718 699
1784230840500 1.2648814916610718 700
1784230840527 1.3452260494232178 701
1784230840551 0.995781660079956 702
1784230840579 0.9788585305213928 703
1784230840605 0.9464548826217651 704
1784230840630 0.9976509809494019 705
1784230840655 1.1031817197799683 706
1784230840685 1.017827033996582 707
1784230840710 1.3381762504577637 708
1784230840733 0.9824334979057312 709
1784230840760 1.0940595865249634 710
1784230840782 1.2007474899291992 711
1784230840810 1.008773922920227 712
1784230840833 1.2793599367141724 713
1784230840863 1.2069817781448364 714
1784230840886 1.156859278678894 715
1784230840912 0.806827187538147 716
1784230840936 1.0286089181900024 717
1784230840965 0.9532012939453125 718
1784230840989 1.1560331583023071 719
1784230841014 0.861631453037262 720
1784230841040 1.229984998703003 721
1784230841066 0.8693065643310547 722
1784230841093 0.8257123827934265 723
1784230841204 1.03689706325531 724
1784230841248 0.8425514101982117 725
1784230841278 1.2364121675491333 726
1784230841302 1.2137106657028198 727
1784230841329 1.1141436100006104 728
1784230841355 0.9243742227554321 729
1784230841391 0.9850785732269287 730
1784230841416 0.8283411860466003 731
1784230841442 1.1542495489120483 732
1784230841467 1.005077600479126 733
1784230841494 0.9678121209144592 734
1784230841519 1.071759819984436 735
1784230841550 0.9832208156585693 736
1784230841578 1.0852268934249878 737
1784230841601 0.608051598072052 738
1784230841628 1.165496587753296 739
1784230841650 1.0385706424713135 740
1784230841678 1.0136348009109497 741
1784230841706 1.109505295753479 742
1784230841730 0.8185549974441528 743
1784230841756 0.9833793044090271 744
1784230841782 0.7093135118484497 745
1784230841809 0.9435901641845703 746
1784230841833 0.7428504228591919 747
1784230841860 0.9562923908233643 748
1784230841885 0.7951638698577881 749
1784230841913 0.795597493648529 750
1784230841935 0.9897761940956116 751
1784230841962 0.9886974692344666 752
1784230841986 1.036191463470459 753
1784230842013 0.9107721447944641 754
1784230842038 0.8111451268196106 755
1784230842062 0.7828883528709412 756
1784230842087 0.7638847231864929 757
1784230842112 0.8131341934204102 758
1784230842136 0.5438011884689331 759
1784230842160 0.7736660242080688 760
1784230842185 0.8406670093536377 761
1784230842212 1.3476135730743408 762
1784230842235 0.653643012046814 763
1784230842262 0.8095810413360596 764
1784230842287 0.6091876029968262 765
1784230842311 0.6484648585319519 766
1784230842336 0.566628098487854 767
1784230842361 0.797120213508606 768
1784230842390 0.9367667436599731 769
1784230842414 0.9792565703392029 770
1784230842438 0.8204007148742676 771
1784230842462 0.6244732737541199 772
1784230842485 0.8194000124931335 773
1784230842512 0.8342316150665283 774
1784230842538 0.6297198534011841 775
1784230842567 1.1023119688034058 776
1784230842591 0.7154569625854492 777
1784230842620 0.5342109799385071 778
1784230842648 0.8851842880249023 779
1784230842673 0.5443556308746338 780
1784230842699 0.6415748596191406 781
1784230842724 0.686016321182251 782
1784230842748 0.6156537532806396 783
1784230842770 0.8322038650512695 784
1784230842798 0.5351999998092651 785
1784230842823 0.6824570298194885 786
1784230842848 0.8204842805862427 787
1784230842870 0.6621633172035217 788
1784230842892 0.6797544956207275 789
1784230842917 0.5501899719238281 790
1784230842941 0.6060546040534973 791
1784230842964 0.6777003407478333 792
1784230842989 1.1101036071777344 793
1784230843014 0.7509196400642395 794
1784230843040 0.757411777973175 795
1784230843066 0.5198752880096436 796
1784230843092 0.7676056027412415 797
1784230843118 0.40487250685691833 798
1784230843146 0.7485471963882446 799
1784230843172 0.5828323364257812 800
1784230843201 0.48540037870407104 801
1784230843228 0.629136323928833 802
1784230843252 0.6688580513000488 803
1784230843278 0.6549525856971741 804
1784230843301 0.43622463941574097 805
1784230843330 0.7014865279197693 806
1784230843355 0.43410980701446533 807
1784230843380 0.6125251054763794 808
1784230843404 0.5153849124908447 809
1784230843428 0.4994777739048004 810
1784230843454 0.9391450881958008 811
1784230843480 0.7157094478607178 812
1784230843583 0.6958876848220825 813
1784230843625 0.8540984988212585 814
1784230843653 0.7956430315971375 815
1784230843680 0.6372942328453064 816
1784230843706 0.4772633910179138 817
1784230843730 0.7080148458480835 818
1784230843756 0.67457115650177 819
1784230843781 0.5656720995903015 820
1784230843807 1.333179235458374 821
1784230843847 0.769254207611084 822
1784230843873 0.5321759581565857 823
1784230843900 0.5392816066741943 824
1784230843930 0.72565758228302 825
1784230843955 0.8890426158905029 826
1784230843979 0.5449424386024475 827
1784230844004 0.6060142517089844 828
1784230844030 0.5483728647232056 829
1784230844054 0.7218424677848816 830
1784230844078 0.6136266589164734 831
1784230844101 0.8645264506340027 832
1784230844129 0.6420508623123169 833
1784230844156 0.4130779504776001 834
1784230844180 0.5923019051551819 835
1784230844209 0.5388787388801575 836
1784230844233 0.5166338086128235 837
1784230844258 0.5480061769485474 838
1784230844284 0.5636215209960938 839
1784230844311 0.5226895213127136 840
1784230844337 0.7283583283424377 841
1784230844362 0.701286792755127 842
1784230844384 0.7286226749420166 843
1784230844409 0.7726354598999023 844
1784230844433 0.45457130670547485 845
1784230844458 0.5370418429374695 846
1784230844482 0.612174928188324 847
1784230844508 0.6156310439109802 848
1784230844534 0.5617648363113403 849
1784230844559 0.47620177268981934 850
1784230844584 0.6296709179878235 851
1784230844609 0.7430043816566467 852
1784230844636 0.48317164182662964 853
1784230844663 0.7494540810585022 854
1784230844689 0.622658908367157 855
1784230844714 0.5758410692214966 856
1784230844740 0.7267727255821228 857
1784230844764 0.6369943022727966 858
1784230844788 0.5928118824958801 859
1784230844815 0.5429019331932068 860
1784230844850 0.4646573066711426 861
1784230844881 0.42548197507858276 862
1784230844905 0.5757246017456055 863
1784230844931 0.4730231761932373 864
1784230844957 0.4301357865333557 865
1784230844986 0.6636258363723755 866
1784230845010 0.4750376343727112 867
1784230845033 0.5297902226448059 868
1784230845059 0.5539684891700745 869
1784230845081 0.5876528024673462 870
1784230845105 0.9345762729644775 871
1784230845131 0.6188178062438965 872
1784230845156 0.5076643824577332 873
1784230845187 0.6127617955207825 874
1784230845213 0.7359259128570557 875
1784230845238 0.7447291016578674 876
1784230845263 0.7190841436386108 877
1784230845289 0.9283449649810791 878
1784230845396 0.7489649057388306 879
1784230845433 0.6433228850364685 880
1784230845464 0.6597289443016052 881
1784230845493 0.6432934999465942 882
1784230845518 0.6195746660232544 883
1784230845545 0.8210039734840393 884
1784230845570 0.5887373685836792 885
1784230845598 0.6828129291534424 886
1784230845624 0.4667229652404785 887
1784230845648 0.8725526332855225 888
1784230845673 0.4734145998954773 889
1784230845700 0.4122512638568878 890
1784230845727 0.5884497761726379 891
1784230845749 0.3988182544708252 892
1784230845775 0.42685848474502563 893
1784230845799 0.6500009298324585 894
1784230845825 0.4234296381473541 895
1784230845847 0.47671306133270264 896
1784230845874 0.4414622187614441 897
1784230845898 0.38000237941741943 898
1784230845925 0.5343992114067078 899
1784230845947 0.5349158644676208 900
1784230845970 0.34181395173072815 901
1784230845993 0.49793317914009094 902
1784230846015 0.5226121544837952 903
1784230846058 0.5280233025550842 904
1784230846081 0.44505536556243896 905
1784230846112 0.41197001934051514 906
1784230846137 0.3998868763446808 907
1784230846161 0.5753931999206543 908
1784230846185 0.3180762827396393 909
1784230846212 0.59099280834198 910
1784230846239 0.46131131052970886 911
1784230846265 0.4326992630958557 912
1784230846292 0.5934467911720276 913
1784230846319 0.6684532761573792 914
1784230846343 0.7551945447921753 915
1784230846367 0.6540139317512512 916
1784230846391 0.40767088532447815 917
1784230846414 0.3395894765853882 918
1784230846439 0.6294662356376648 919
1784230846464 0.3752431869506836 920
1784230846491 0.4942837059497833 921
1784230846513 0.5109963417053223 922
1784230846538 0.3932656943798065 923
1784230846561 0.5186166167259216 924
1784230846584 0.599216639995575 925
1784230846611 0.35165926814079285 926
1784230846634 0.5946994423866272 927
1784230846658 0.485459566116333 928
1784230846683 0.6122967004776001 929
1784230846712 0.43008825182914734 930
1784230846738 0.620773434638977 931
1784230846761 0.7688833475112915 932
1784230846786 0.5733189582824707 933
1784230846812 0.7032727003097534 934
1784230846837 0.2911381423473358 935
1784230846861 0.3538970649242401 936
1784230846885 0.8223775029182434 937
1784230846911 0.8112257122993469 938
1784230846937 0.37617239356040955 939
1784230846962 0.5412810444831848 940
1784230846986 0.5483982563018799 941
1784230847011 0.46910232305526733 942
1784230847038 0.5148215889930725 943
1784230847063 0.5730817914009094 944
1784230847088 0.26579704880714417 945
1784230847118 0.2928054928779602 946
1784230847150 0.45859983563423157 947
1784230847179 0.6479855179786682 948
1784230847208 0.5638258457183838 949
1784230847235 0.705001711845398 950
1784230847264 0.7901929616928101 951
1784230847290 0.42636823654174805 952
1784230847313 0.5371936559677124 953
1784230847337 0.578271210193634 954
1784230847447 0.5839918851852417 955
1784230847488 0.6039263010025024 956
1784230847518 0.36603879928588867 957
1784230847546 0.4532585144042969 958
1784230847570 0.7550010085105896 959
1784230847596 0.4822799563407898 960
1784230847620 0.531532883644104 961
1784230847648 0.506159782409668 962
1784230847675 0.4918513596057892 963
1784230847701 0.7597663402557373 964
1784230847728 0.7550948262214661 965
1784230847753 0.6684699654579163 966
1784230847779 0.45341166853904724 967
1784230847804 0.4131663739681244 968
1784230847829 0.7994041442871094 969
1784230847856 0.39236801862716675 970
1784230847880 0.6605706214904785 971
1784230847904 0.416317343711853 972
1784230847929 0.5443932414054871 973
1784230847953 0.4603561460971832 974
1784230847976 0.40262389183044434 975
1784230848000 0.31536710262298584 976
1784230848025 0.4194519817829132 977
1784230848048 0.42334428429603577 978
1784230848073 0.6647893786430359 979
1784230848096 0.687812089920044 980
1784230848123 0.477280855178833 981
1784230848149 0.6947203278541565 982
1784230848175 0.49690955877304077 983
1784230848200 0.4673725366592407 984
1784230848227 0.7647569179534912 985
1784230848249 0.286286324262619 986
1784230848275 0.5197016596794128 987
1784230848297 0.3956415057182312 988
1784230848323 0.4369168281555176 989
1784230848349 0.385407954454422 990
1784230848375 0.4604797959327698 991
1784230848399 0.6841349601745605 992
1784230848428 0.47166556119918823 993
1784230848454 0.2610185146331787 994
1784230848480 0.4629857540130615 995
1784230848510 0.43663641810417175 996
1784230848534 0.8949793577194214 997
1784230848561 0.5908433794975281 998
1784230848587 0.33794501423835754 999
1784230848613 0.9251561164855957 1000
1784230848643 0.5145918726921082 1001
1784230848668 0.4553506374359131 1002
1784230848693 0.6795409917831421 1003
1784230848717 1.0123653411865234 1004
1784230848743 0.2864912152290344 1005
1784230848765 0.5970891714096069 1006
1784230848792 0.22287607192993164 1007
1784230848817 0.2782563865184784 1008
1784230848843 0.2678367495536804 1009
1784230848866 0.45676329731941223 1010
1784230848891 0.3206147253513336 1011
1784230848916 0.32305485010147095 1012
1784230848943 0.44806918501853943 1013
1784230848965 0.489460825920105 1014
1784230848992 0.37097153067588806 1015
1784230849020 0.28204524517059326 1016
1784230849046 0.5403357148170471 1017
1784230849070 0.3245873749256134 1018
1784230849096 0.747808575630188 1019
1784230849122 0.5156570076942444 1020
1784230849147 0.3114986717700958 1021
1784230849253 0.8837867975234985 1022
1784230849299 0.2589571177959442 1023
1784230849329 0.5511223673820496 1024
1784230849355 0.6076956987380981 1025
1784230849384 0.2832273542881012 1026
1784230849409 0.31299489736557007 1027
1784230849432 0.4214020371437073 1028
1784230849460 0.32478493452072144 1029
1784230849486 0.37866491079330444 1030
1784230849517 0.37533140182495117 1031
1784230849544 0.5547130107879639 1032
1784230849573 0.6034554839134216 1033
1784230849597 0.3466958999633789 1034
1784230849625 0.5239447355270386 1035
1784230849648 0.5730751156806946 1036
1784230849675 0.3666171133518219 1037
1784230849703 0.34164005517959595 1038
1784230849727 0.4889126420021057 1039
1784230849751 0.37181341648101807 1040
1784230849778 0.24899545311927795 1041
1784230849803 0.48309212923049927 1042
1784230849829 0.6048320531845093 1043
1784230849856 0.38552770018577576 1044
1784230849882 0.9561707377433777 1045
1784230849909 0.5541046857833862 1046
1784230849936 0.6774065494537354 1047
1784230849961 0.3643845021724701 1048
1784230849983 0.6635680794715881 1049
1784230850008 0.5145078897476196 1050
1784230850033 0.3696860373020172 1051
1784230850060 0.3670748770236969 1052
1784230850083 0.4724569320678711 1053
1784230850109 0.5682550668716431 1054
1784230850133 0.31949228048324585 1055
1784230850159 0.35325944423675537 1056
1784230850182 0.5033643245697021 1057
1784230850211 0.7854920625686646 1058
1784230850239 0.4477091431617737 1059
1784230850265 0.366140753030777 1060
1784230850292 0.4706929922103882 1061
1784230850315 0.47891363501548767 1062
1784230850344 0.3640807867050171 1063
1784230850371 0.4462442100048065 1064
1784230850396 0.26020267605781555 1065
1784230850423 0.9430973529815674 1066
1784230850449 0.38180994987487793 1067
1784230850477 0.4513389766216278 1068
1784230850501 0.2899295687675476 1069
1784230850528 0.3861691951751709 1070
1784230850554 0.5528488159179688 1071
1784230850580 0.3592036962509155 1072
1784230850607 0.2746867835521698 1073
1784230850630 0.41231241822242737 1074
1784230850661 0.4175637364387512 1075
1784230850688 0.5711785554885864 1076
1784230850715 0.3838544487953186 1077
1784230850745 0.7415368556976318 1078
1784230850772 0.3481093943119049 1079
1784230850797 0.5619956254959106 1080
1784230850823 0.4358808994293213 1081
1784230850849 0.518097460269928 1082
1784230850875 0.30727604031562805 1083
1784230850897 0.5803371667861938 1084
1784230850920 0.4155387878417969 1085
1784230850958 0.285786509513855 1086
1784230851061 0.4817676842212677 1087
1784230851101 0.3296213746070862 1088
1784230851130 0.48487764596939087 1089
1784230851158 0.5277372598648071 1090
1784230851181 0.5769367814064026 1091
1784230851207 0.5499762892723083 1092
1784230851233 0.28859859704971313 1093
1784230851259 0.47032099962234497 1094
1784230851283 0.5529722571372986 1095
1784230851308 0.2443421185016632 1096
1784230851330 0.5119721293449402 1097
1784230851356 0.44607222080230713 1098
1784230851381 0.31969085335731506 1099
1784230851404 0.6074882745742798 1100
1784230851429 0.49692147970199585 1101
1784230851451 0.49763843417167664 1102
1784230851476 0.3901367783546448 1103
1784230851500 0.5031685829162598 1104
1784230851527 0.5215629935264587 1105
1784230851553 0.376155287027359 1106
1784230851579 0.5818570852279663 1107
1784230851606 0.5762554407119751 1108
1784230851631 0.30518606305122375 1109
1784230851658 0.37790197134017944 1110
1784230851685 0.21479064226150513 1111
1784230851714 0.5117895603179932 1112
1784230851740 0.6013232469558716 1113
1784230851769 0.579119086265564 1114
1784230851799 0.40587103366851807 1115
1784230851835 0.396079421043396 1116
1784230851864 0.43871498107910156 1117
1784230851894 0.7185048460960388 1118
1784230851925 0.24696625769138336 1119
1784230851950 0.5022575855255127 1120
1784230851976 0.3270301818847656 1121
1784230852000 0.4418124556541443 1122
1784230852027 0.4165213704109192 1123
1784230852052 0.38008129596710205 1124
1784230852079 0.17322401702404022 1125
1784230852105 0.37628838419914246 1126
1784230852131 0.29179471731185913 1127
1784230852160 0.2864468991756439 1128
1784230852183 0.6991316080093384 1129
1784230852211 0.45730486512184143 1130
1784230852238 0.19851641356945038 1131
1784230852262 0.3977065682411194 1132
1784230852285 0.3621677756309509 1133
1784230852311 0.3753134608268738 1134
1784230852336 0.2860315144062042 1135
1784230852361 0.3821191191673279 1136
1784230852383 0.5405080914497375 1137
1784230852408 0.6323870420455933 1138
1784230852433 0.3778095841407776 1139
1784230852460 0.4597943425178528 1140
1784230852482 0.3497607111930847 1141
1784230852509 0.5021264553070068 1142
1784230852533 0.2754492461681366 1143
1784230852559 0.6757718920707703 1144
1784230852583 0.45918652415275574 1145
1784230852611 0.3662790358066559 1146
1784230852637 0.2895570993423462 1147
1784230852664 0.27395105361938477 1148
1784230852688 0.4489249587059021 1149
1784230852715 0.36139383912086487 1150
1784230852742 0.5836806893348694 1151
1784230852848 0.4272312521934509 1152
1784230852889 0.27245330810546875 1153
1784230852918 0.376707524061203 1154
1784230852944 0.26069575548171997 1155
1784230852968 0.3313278555870056 1156
1784230852994 0.2292725294828415 1157
1784230853015 0.3854413330554962 1158
1784230853040 0.6740612387657166 1159
1784230853062 0.6989268660545349 1160
1784230853087 0.5475761294364929 1161
1784230853113 0.3682706654071808 1162
1784230853138 0.4435100853443146 1163
1784230853164 0.4974518418312073 1164
1784230853191 0.41776561737060547 1165
1784230853216 0.2883181571960449 1166
1784230853242 0.6169166564941406 1167
1784230853270 0.8641502261161804 1168
1784230853296 0.3113507926464081 1169
1784230853325 0.5012917518615723 1170
1784230853348 0.44429412484169006 1171
1784230853373 0.26147717237472534 1172
1784230853401 0.26324936747550964 1173
1784230853427 0.29594719409942627 1174
1784230853451 0.590164065361023 1175
1784230853477 0.5844824910163879 1176
1784230853502 0.5992463827133179 1177
1784230853527 0.29742318391799927 1178
1784230853554 0.31188249588012695 1179
1784230853582 0.21999718248844147 1180
1784230853610 0.4828937351703644 1181
1784230853635 0.20436608791351318 1182
1784230853661 0.586368203163147 1183
1784230853689 0.2445153295993805 1184
1784230853715 0.4121409058570862 1185
1784230853742 0.4126655161380768 1186
1784230853765 0.43293115496635437 1187
1784230853791 0.30680155754089355 1188
1784230853815 0.227027028799057 1189
1784230853844 0.4674746096134186 1190
1784230853869 0.32826367020606995 1191
1784230853894 0.36629897356033325 1192
1784230853919 0.5172439217567444 1193
1784230853944 0.39170634746551514 1194
1784230853970 0.45050135254859924 1195
1784230853997 0.2657404839992523 1196
1784230854022 0.36070501804351807 1197
1784230854047 0.21603450179100037 1198
1784230854074 0.4051675498485565 1199
1784230854104 0.5029042959213257 1200
1784230854132 0.2850051820278168 1201
1784230854164 0.31878021359443665 1202
1784230854189 0.7178826928138733 1203
1784230854215 0.3165932297706604 1204
1784230854243 0.41564545035362244 1205
1784230854270 0.44111743569374084 1206
1784230854296 0.39841267466545105 1207
1784230854322 0.46266260743141174 1208
1784230854354 0.2998915910720825 1209
1784230854381 0.5085235238075256 1210
1784230854406 0.5399507880210876 1211
1784230854431 0.5459065437316895 1212
1784230854455 0.40717217326164246 1213
1784230854479 0.4522823393344879 1214
1784230854506 0.37040582299232483 1215
1784230854530 0.5369126200675964 1216
1784230854558 0.2503480613231659 1217
1784230854581 0.2020740509033203 1218
1784230854607 0.2677324414253235 1219
1784230854631 0.37734076380729675 1220
1784230854659 0.5657347440719604 1221
1784230854687 0.3840588629245758 1222
1784230854791 0.5356264114379883 1223
1784230854832 0.34291064739227295 1224
1784230854859 0.21059389412403107 1225
1784230854884 0.3165990114212036 1226
1784230854908 0.35619160532951355 1227
1784230854930 0.16934235394001007 1228
1784230854956 0.23525601625442505 1229
1784230854981 0.26469600200653076 1230
1784230855008 0.22881804406642914 1231
1784230855032 0.34659865498542786 1232
1784230855057 0.6703850626945496 1233
1784230855081 0.22810937464237213 1234
1784230855108 0.35010242462158203 1235
1784230855134 0.4454803764820099 1236
1784230855158 0.5343466997146606 1237
1784230855182 0.49756863713264465 1238
1784230855208 0.5240265130996704 1239
1784230855232 0.2908281981945038 1240
1784230855258 0.4322550296783447 1241
1784230855281 0.5459195375442505 1242
1784230855308 0.1647765040397644 1243
1784230855331 0.3594558835029602 1244
1784230855357 0.2435726523399353 1245
1784230855381 0.47706490755081177 1246
1784230855408 0.34859001636505127 1247
1784230855431 0.48170921206474304 1248
1784230855455 0.340709924697876 1249
1784230855483 0.5001449584960938 1250
1784230855511 0.36486175656318665 1251
1784230855536 0.4334872364997864 1252
1784230855561 0.5628132820129395 1253
1784230855587 0.3782089352607727 1254
1784230855610 0.38172784447669983 1255
1784230855636 0.3366672396659851 1256
1784230855662 0.19276925921440125 1257
1784230855688 0.322757750749588 1258
1784230855714 0.4572272300720215 1259
1784230855744 0.21433739364147186 1260
1784230855769 0.41062629222869873 1261
1784230855795 0.37510859966278076 1262
1784230855822 0.2843165993690491 1263
1784230855846 0.2926260828971863 1264
1784230855872 0.2895844876766205 1265
1784230855896 0.4968498945236206 1266
1784230855922 0.24429072439670563 1267
1784230855948 0.3646152913570404 1268
1784230855972 0.42592108249664307 1269
1784230855997 0.41781309247016907 1270
1784230856021 0.584019124507904 1271
1784230856045 0.624830961227417 1272
1784230856068 0.540208101272583 1273
1784230856095 0.5403034090995789 1274
1784230856119 0.265193372964859 1275
1784230856145 0.39350301027297974 1276
1784230856169 0.2575538456439972 1277
1784230856194 0.2870498299598694 1278
1784230856218 0.23063011467456818 1279
1784230856244 0.3085494935512543 1280
1784230856266 0.27892711758613586 1281
1784230856292 0.6277211904525757 1282
1784230856312 0.31179293990135193 1283
1784230856335 0.3916017711162567 1284
1784230856362 0.43454083800315857 1285
1784230856390 0.29321905970573425 1286
1784230856416 0.20255497097969055 1287
1784230856447 0.32437238097190857 1288
1784230856557 0.2570590078830719 1289
1784230856600 0.38745197653770447 1290
1784230856633 0.601658821105957 1291
1784230856659 0.2878047823905945 1292
1784230856681 0.3197268545627594 1293
1784230856706 0.17504526674747467 1294
1784230856732 0.5491188168525696 1295
1784230856758 0.3106560707092285 1296
1784230856782 0.6361633539199829 1297
1784230856809 0.25766777992248535 1298
1784230856839 0.8568679094314575 1299
1784230856864 0.5488880276679993 1300
1784230856893 0.45624566078186035 1301
1784230856919 0.3500172197818756 1302
1784230856944 0.2724319100379944 1303
1784230856971 0.22718513011932373 1304
1784230856996 0.4922952651977539 1305
1784230857021 0.6025387048721313 1306
1784230857044 0.2660345733165741 1307
1784230857070 0.4915623366832733 1308
1784230857094 0.39319196343421936 1309
1784230857120 0.2333710938692093 1310
1784230857143 0.1648997962474823 1311
1784230857172 0.8283728957176208 1312
1784230857195 0.45984765887260437 1313
1784230857221 0.42338472604751587 1314
1784230857247 0.24794557690620422 1315
1784230857272 0.5797913074493408 1316
1784230857299 0.32304346561431885 1317
1784230857325 0.4779481589794159 1318
1784230857347 0.4849911630153656 1319
1784230857376 0.25486817955970764 1320
1784230857401 0.3627675771713257 1321
1784230857426 0.276291161775589 1322
1784230857448 0.2089189887046814 1323
1784230857475 0.48100095987319946 1324
1784230857498 0.38943561911582947 1325
1784230857525 0.5267010927200317 1326
1784230857551 0.4977564513683319 1327
1784230857577 0.32468947768211365 1328
1784230857604 0.38223493099212646 1329
1784230857630 0.2880394160747528 1330
1784230857655 0.2397526353597641 1331
1784230857682 0.4097485840320587 1332
1784230857708 0.26550889015197754 1333
1784230857733 0.32067880034446716 1334
1784230857758 0.558160126209259 1335
1784230857783 0.25438863039016724 1336
1784230857811 0.1756248027086258 1337
1784230857837 0.2462851107120514 1338
1784230857863 0.5511095523834229 1339
1784230857886 0.8060063123703003 1340
1784230857911 0.715133786201477 1341
1784230857936 0.4836045503616333 1342
1784230857963 0.4043794870376587 1343
1784230857990 0.6316160559654236 1344
1784230858015 0.544363796710968 1345
1784230858042 0.3288595378398895 1346
1784230858069 0.3221178352832794 1347
1784230858095 0.5949323773384094 1348
1784230858122 0.20582996308803558 1349
1784230858147 0.1298707276582718 1350
1784230858172 0.4700945317745209 1351
1784230858213 0.29746586084365845 1352
1784230858239 0.5106114149093628 1353
1784230858264 0.591703474521637 1354
1784230858293 0.6481189727783203 1355
1784230858318 0.32439306378364563 1356
1784230858344 0.7706810832023621 1357
1784230858370 0.3777700364589691 1358
1784230858395 0.21651387214660645 1359
1784230858420 0.4764083921909332 1360
1784230858447 0.28013747930526733 1361
1784230858473 0.1390381157398224 1362
1784230858500 0.7550185322761536 1363
1784230858527 0.22292278707027435 1364
1784230858552 0.22736628353595734 1365
1784230858578 0.4108438193798065 1366
1784230858605 0.28255724906921387 1367
1784230858629 0.19998018443584442 1368
1784230858671 0.21230286359786987 1369
1784230858696 0.11907975375652313 1370
1784230858721 0.7225422263145447 1371
1784230858747 0.2517949640750885 1372
1784230858776 0.45831167697906494 1373
1784230858803 0.32246437668800354 1374
1784230858832 0.16641339659690857 1375
1784230858859 0.5713026523590088 1376
1784230858888 0.24845407903194427 1377
1784230858915 0.2855662703514099 1378
1784230858943 0.3939090669155121 1379
1784230858965 0.577746570110321 1380
1784230858991 0.3512692153453827 1381
1784230859016 0.44972658157348633 1382
1784230859044 0.6113793849945068 1383
1784230859069 0.7252824902534485 1384
1784230859095 0.3781159222126007 1385
1784230859123 0.770300030708313 1386
1784230859149 0.8789118528366089 1387
1784230859175 0.351133793592453 1388
1784230859201 0.17035701870918274 1389
1784230859229 0.38302910327911377 1390
1784230859258 0.4590606987476349 1391
1784230859281 0.3689599633216858 1392
1784230859305 0.5032134056091309 1393
1784230859330 0.531110405921936 1394
1784230859357 0.4957549571990967 1395
1784230859381 0.4176141917705536 1396
1784230859405 0.44961628317832947 1397
1784230859428 0.25042328238487244 1398
1784230859452 0.5751530528068542 1399
1784230859478 0.3286559283733368 1400
1784230859502 0.36535078287124634 1401
1784230859528 0.4494519531726837 1402
1784230859555 0.5556157827377319 1403
1784230859580 0.5059328079223633 1404
1784230859607 0.42088326811790466 1405
1784230859632 0.30402565002441406 1406
1784230859659 0.3797909617424011 1407
1784230859685 0.37880900502204895 1408
1784230859708 0.29491156339645386 1409
1784230859732 0.45683783292770386 1410
1784230859759 0.4109059274196625 1411
1784230859785 0.4878736734390259 1412
1784230859811 0.30889806151390076 1413
1784230859838 0.2754749655723572 1414
1784230859862 0.343622624874115 1415
1784230859889 0.4281430244445801 1416
1784230859914 0.5709282755851746 1417
1784230859941 0.49218064546585083 1418
1784230859965 0.33228927850723267 1419
1784230860098 0.37616437673568726 1420
1784230860151 0.5855121612548828 1421
1784230860181 0.5674964785575867 1422
1784230860210 0.31815415620803833 1423
1784230860234 0.23698018491268158 1424
1784230860260 0.609641969203949 1425
1784230860284 0.7026031613349915 1426
1784230860312 0.5867327451705933 1427
1784230860335 0.2986195981502533 1428
1784230860360 0.3385591208934784 1429
1784230860383 0.41983962059020996 1430
1784230860408 0.25336897373199463 1431
1784230860432 0.3731950521469116 1432
1784230860457 0.5241512656211853 1433
1784230860481 0.22228175401687622 1434
1784230860508 0.5018856525421143 1435
1784230860531 0.743375301361084 1436
1784230860559 0.5977420806884766 1437
1784230860580 0.35526928305625916 1438
1784230860607 0.18906541168689728 1439
1784230860629 0.2854052484035492 1440
1784230860656 0.20930685102939606 1441
1784230860682 0.3925116956233978 1442
1784230860708 0.14328132569789886 1443
1784230860731 0.38976067304611206 1444
1784230860759 0.25544241070747375 1445
1784230860782 0.4687148928642273 1446
1784230860810 0.7401675581932068 1447
1784230860832 0.22855454683303833 1448
1784230860862 0.4442612826824188 1449
1784230860890 0.5117172598838806 1450
1784230860915 0.3928602337837219 1451
1784230860942 0.46898120641708374 1452
1784230860966 0.13593149185180664 1453
1784230860991 0.8843021988868713 1454
1784230861017 0.6575930714607239 1455
1784230861044 0.2523822486400604 1456
1784230861075 0.3212839365005493 1457
1784230861103 0.9199404120445251 1458
1784230861132 0.6311782598495483 1459
1784230861160 0.5248968601226807 1460
1784230861190 0.5933101773262024 1461
1784230861215 0.31022751331329346 1462
1784230861243 0.35287097096443176 1463
1784230861267 0.3720633387565613 1464
1784230861294 0.29811617732048035 1465
1784230861322 0.6243782639503479 1466
1784230861349 0.17649419605731964 1467
1784230861376 0.1725931316614151 1468
1784230861401 0.3691568672657013 1469
1784230861424 0.34034600853919983 1470
1784230861445 0.8970256447792053 1471
1784230861472 0.2757496237754822 1472
1784230861497 0.38633957505226135 1473
1784230861525 0.4053553342819214 1474
1784230861547 0.3816869854927063 1475
1784230861574 0.2092507928609848 1476
1784230861601 0.36659106612205505 1477
1784230861626 0.15643645823001862 1478
1784230861653 0.38948243856430054 1479
1784230861678 0.402934730052948 1480
1784230861702 0.20308230817317963 1481
1784230861727 0.1780330091714859 1482
1784230861755 0.398252010345459 1483
1784230861784 0.47749313712120056 1484
1784230861810 0.3763175308704376 1485
1784230861836 0.3462056517601013 1486
1784230861860 0.613767147064209 1487
1784230861885 0.5256778001785278 1488
1784230861912 0.23623479902744293 1489
1784230861942 0.39186230301856995 1490
1784230861969 0.324045866727829 1491
1784230861994 0.18711085617542267 1492
1784230862017 0.13908182084560394 1493
1784230862043 0.28778278827667236 1494
1784230862069 0.22903315722942352 1495
1784230862095 0.4052930772304535 1496
1784230862122 0.43351489305496216 1497
1784230862146 0.3202240765094757 1498
1784230862175 0.3798721730709076 1499
1784230862200 0.3233654499053955 1500
1784230862227 0.36159732937812805 1501
1784230862254 0.4107862114906311 1502
1784230862278 0.3939873278141022 1503
1784230862308 0.4374563694000244 1504
1784230862331 0.4577626585960388 1505
1784230862358 0.22489912807941437 1506
1784230862380 0.506537139415741 1507
1784230862408 0.7293145060539246 1508
1784230862430 0.18206378817558289 1509
1784230862458 0.37432214617729187 1510
1784230862483 0.33963650465011597 1511
1784230862508 0.3703404366970062 1512
1784230862532 0.789647102355957 1513
1784230862556 0.38351064920425415 1514
1784230862580 0.34777840971946716 1515
1784230862607 0.23731251060962677 1516
1784230862630 0.6060108542442322 1517
1784230862656 0.36807775497436523 1518
1784230862683 0.2922852635383606 1519
1784230862707 0.3229858875274658 1520
1784230862735 0.2731461822986603 1521
1784230862761 0.6934332847595215 1522
1784230862786 0.2319200485944748 1523
1784230862812 0.25731950998306274 1524
1784230862841 0.15708358585834503 1525
1784230862863 0.4562760591506958 1526
1784230862890 0.2711956799030304 1527
1784230862913 0.38337045907974243 1528
1784230862950 0.1592855006456375 1529
1784230862976 0.24635352194309235 1530
1784230863000 0.6809398531913757 1531
1784230863026 0.28042465448379517 1532
1784230863055 0.6510902047157288 1533
1784230863080 0.20381860435009003 1534
1784230863107 0.27371513843536377 1535
1784230863131 0.14697442948818207 1536
1784230863159 0.5833681225776672 1537
1784230863185 0.2819035053253174 1538
1784230863211 0.44122105836868286 1539
1784230863237 0.5141265392303467 1540
1784230863263 0.4107687771320343 1541
1784230863293 0.43293237686157227 1542
1784230863319 0.25768598914146423 1543
1784230863344 0.4318283796310425 1544
1784230863377 0.2327626496553421 1545
1784230863405 0.12037575989961624 1546
1784230863435 0.21144413948059082 1547
1784230863463 0.3883110582828522 1548
1784230863492 0.5951014161109924 1549
1784230863516 0.3018759489059448 1550
1784230863544 0.29200851917266846 1551
1784230863584 0.16900506615638733 1552
1784230863611 0.3133472502231598 1553
1784230863635 0.24455824494361877 1554
1784230863662 0.732174277305603 1555
1784230863691 0.13418298959732056 1556
1784230863716 0.429551899433136 1557
1784230863741 0.37390103936195374 1558
1784230863764 0.15393419563770294 1559
1784230863791 0.14561966061592102 1560
1784230863817 0.35376572608947754 1561
1784230863842 0.3660030663013458 1562
1784230863870 0.8611934185028076 1563
1784230863895 0.6025687456130981 1564
1784230863923 0.35124921798706055 1565
1784230863950 0.22503460943698883 1566
1784230863977 0.8184782862663269 1567
1784230864006 0.37404394149780273 1568
1784230864034 0.3465087413787842 1569
1784230864059 0.5857521891593933 1570
1784230864086 0.24024929106235504 1571
1784230864110 0.3678807318210602 1572
1784230864137 0.4282093942165375 1573
1784230864161 0.38266658782958984 1574
1784230864186 0.4869635999202728 1575
1784230864301 0.37050944566726685 1576
1784230864350 0.37547048926353455 1577
1784230864377 0.3632512390613556 1578
1784230864407 0.6044503450393677 1579
1784230864433 0.4275531470775604 1580
1784230864460 0.3530696928501129 1581
1784230864486 0.3902968466281891 1582
1784230864510 0.22616717219352722 1583
1784230864538 0.2959560751914978 1584
1784230864563 0.25344088673591614 1585
1784230864590 0.30220046639442444 1586
1784230864618 0.30583223700523376 1587
1784230864644 0.4780305325984955 1588
1784230864672 0.21669206023216248 1589
1784230864700 0.4520367383956909 1590
1784230864728 0.3743848502635956 1591
1784230864753 0.14019060134887695 1592
1784230864778 0.23721548914909363 1593
1784230864804 0.5577800273895264 1594
1784230864829 0.5471886396408081 1595
1784230864855 0.35815536975860596 1596
1784230864877 0.33083009719848633 1597
1784230864903 0.4946371018886566 1598
1784230864928 0.4412229657173157 1599
1784230864955 0.23329009115695953 1600
1784230864978 0.22043617069721222 1601
1784230865002 0.8253013491630554 1602
1784230865028 0.45768386125564575 1603
1784230865057 0.47086450457572937 1604
1784230865081 0.14009059965610504 1605
1784230865108 0.475033164024353 1606
1784230865133 0.6952424049377441 1607
1784230865159 0.3057630658149719 1608
1784230865186 0.45463424921035767 1609
1784230865213 0.3361561596393585 1610
1784230865242 0.2880764901638031 1611
1784230865266 0.46304839849472046 1612
1784230865292 1.0231891870498657 1613
1784230865318 0.43010520935058594 1614
1784230865348 0.41626131534576416 1615
1784230865373 0.2147122621536255 1616
1784230865394 0.5758351683616638 1617
1784230865421 0.24825572967529297 1618
1784230865444 0.4314841330051422 1619
1784230865469 0.37148162722587585 1620
1784230865492 0.3335408866405487 1621
1784230865517 0.3927533030509949 1622
1784230865543 0.5958532094955444 1623
1784230865570 0.4405106008052826 1624
1784230865594 0.11675843596458435 1625
1784230865619 0.3037319779396057 1626
1784230865644 0.6124101877212524 1627
1784230865669 0.23562075197696686 1628
1784230865695 0.3578634262084961 1629
1784230865725 0.1463843286037445 1630
1784230865752 0.2582606375217438 1631
1784230865776 0.23421786725521088 1632
1784230865808 0.320062518119812 1633
1784230865839 0.28220030665397644 1634
1784230865867 0.39186838269233704 1635
1784230865894 0.6349096298217773 1636
1784230865920 0.3511671721935272 1637
1784230865949 0.15058189630508423 1638
1784230865974 0.33971932530403137 1639
1784230865997 0.24256789684295654 1640
1784230866025 0.24828052520751953 1641
1784230866129 0.5199657082557678 1642
1784230866173 0.17240267992019653 1643
1784230866202 0.3455818295478821 1644
1784230866230 0.24737775325775146 1645
1784230866258 0.26470711827278137 1646
1784230866285 0.4375200569629669 1647
1784230866311 0.37706801295280457 1648
1784230866339 0.32469213008880615 1649
1784230866364 0.47596317529678345 1650
1784230866391 0.43089768290519714 1651
1784230866413 0.2980853319168091 1652
1784230866438 0.30754125118255615 1653
1784230866463 0.3657075762748718 1654
1784230866491 0.39544594287872314 1655
1784230866518 0.394494891166687 1656
1784230866544 0.12622809410095215 1657
1784230866573 0.5922839641571045 1658
1784230866601 0.605510413646698 1659
1784230866626 0.4123387336730957 1660
1784230866653 0.15518344938755035 1661
1784230866680 0.29527556896209717 1662
1784230866709 0.18598583340644836 1663
1784230866736 0.3930004835128784 1664
1784230866760 0.24445512890815735 1665
1784230866786 0.39341065287590027 1666
1784230866811 0.7542669773101807 1667
1784230866839 0.473818302154541 1668
1784230866866 0.5122292637825012 1669
1784230866892 0.7309111952781677 1670
1784230866917 0.4498814642429352 1671
1784230866941 0.19997619092464447 1672
1784230866967 0.5812018513679504 1673
1784230866992 0.1896934062242508 1674
1784230867018 0.4507554769515991 1675
1784230867043 0.4243582785129547 1676
1784230867068 0.3705844581127167 1677
1784230867094 0.5334329605102539 1678
1784230867122 0.43578091263771057 1679
1784230867146 0.14240942895412445 1680
1784230867172 0.29525765776634216 1681
1784230867197 0.2761286497116089 1682
1784230867225 0.5760884284973145 1683
1784230867251 0.3465713858604431 1684
1784230867276 0.4234195053577423 1685
1784230867301 0.44778111577033997 1686
1784230867326 0.15680667757987976 1687
1784230867355 0.2981160283088684 1688
1784230867379 0.3074878752231598 1689
1784230867405 0.3235441744327545 1690
1784230867429 0.4330183267593384 1691
1784230867456 0.32367363572120667 1692
1784230867480 0.6781404614448547 1693
1784230867506 0.2349013388156891 1694
1784230867529 0.3042530119419098 1695
1784230867563 0.3444306552410126 1696
1784230867591 0.28278055787086487 1697
1784230867618 0.22963926196098328 1698
1784230867643 0.37109020352363586 1699
1784230867670 0.3690570592880249 1700
1784230867696 0.2067805379629135 1701
1784230867725 0.6352406740188599 1702
1784230867751 0.292773574590683 1703
1784230867775 0.40059930086135864 1704
1784230867801 0.305821031332016 1705
1784230867827 0.17864422500133514 1706
1784230867855 0.25947487354278564 1707
1784230867980 0.48277321457862854 1708
1784230868039 0.6519181132316589 1709
1784230868066 0.5981082916259766 1710
1784230868095 0.36203014850616455 1711
1784230868125 0.322546124458313 1712
1784230868152 0.4556228220462799 1713
1784230868177 0.18064916133880615 1714
1784230868205 0.19775190949440002 1715
1784230868232 0.17643719911575317 1716
1784230868259 0.5200658440589905 1717
1784230868286 0.2495557963848114 1718
1784230868311 0.3960305452346802 1719
1784230868338 0.3664349615573883 1720
1784230868362 0.18643967807292938 1721
1784230868390 0.3238318860530853 1722
1784230868412 0.1581568419933319 1723
1784230868440 0.26957449316978455 1724
1784230868464 0.29268479347229004 1725
1784230868493 0.23738092184066772 1726
1784230868518 0.27644866704940796 1727
1784230868544 0.2765989601612091 1728
1784230868571 0.7257614135742188 1729
1784230868601 0.38255050778388977 1730
1784230868627 0.33568075299263 1731
1784230868656 0.5079640746116638 1732
1784230868681 0.24977847933769226 1733
1784230868710 0.4367082417011261 1734
1784230868739 0.3445092439651489 1735
1784230868762 0.4688680171966553 1736
1784230868789 0.16796739399433136 1737
1784230868816 0.29953598976135254 1738
1784230868840 0.4656985104084015 1739
1784230868865 0.13499081134796143 1740
1784230868892 0.4897109568119049 1741
1784230868921 0.3338632881641388 1742
1784230868945 0.39448606967926025 1743
1784230868974 0.2814854383468628 1744
1784230869000 0.2553098499774933 1745
1784230869027 0.3841783404350281 1746
1784230869053 0.5211759805679321 1747
1784230869079 0.3152244985103607 1748
1784230869107 0.48273149132728577 1749
1784230869132 0.22031956911087036 1750
1784230869158 0.1103355884552002 1751
1784230869182 0.29198968410491943 1752
1784230869209 0.25442323088645935 1753
1784230869236 0.6938498616218567 1754
1784230869261 0.37931933999061584 1755
1784230869286 0.2977170944213867 1756
1784230869310 0.3458532691001892 1757
1784230869340 0.3080049157142639 1758
1784230869365 0.5403896570205688 1759
1784230869392 0.5318900942802429 1760
1784230869419 0.2213003933429718 1761
1784230869445 0.48280832171440125 1762
1784230869470 0.22202228009700775 1763
1784230869493 0.3224802017211914 1764
1784230869519 0.43737852573394775 1765
1784230869545 0.4571499228477478 1766
1784230869573 0.5726609230041504 1767
1784230869596 0.1634821593761444 1768
1784230869622 0.3194539248943329 1769
1784230869650 0.28307417035102844 1770
1784230869676 0.24487268924713135 1771
1784230869703 0.20472517609596252 1772
1784230869726 0.45446446537971497 1773
1784230869755 0.2040354311466217 1774
1784230869777 0.1575097292661667 1775
1784230869802 0.44665002822875977 1776
1784230869826 0.43533268570899963 1777
1784230869856 0.4083414375782013 1778
1784230869881 0.3035898506641388 1779
1784230869906 0.16855502128601074 1780
1784230869932 0.44703948497772217 1781
1784230869959 0.6648245453834534 1782
1784230869984 0.18466773629188538 1783
1784230870009 0.2683074176311493 1784
1784230870112 0.45451489090919495 1785
1784230870156 0.3305642008781433 1786
1784230870182 0.6142815351486206 1787
1784230870209 0.11165635287761688 1788
1784230870235 0.3987830579280853 1789
1784230870260 0.5613336563110352 1790
1784230870292 0.29157590866088867 1791
1784230870324 0.3857284188270569 1792
1784230870352 0.1895783692598343 1793
1784230870380 0.3883821666240692 1794
1784230870408 0.15190443396568298 1795
1784230870436 0.3132607340812683 1796
1784230870460 0.46184810996055603 1797
1784230870489 0.295768678188324 1798
1784230870511 0.4127958416938782 1799
1784230870538 0.14982162415981293 1800
1784230870561 0.3274880647659302 1801
1784230870590 0.12345153093338013 1802
1784230870613 0.3173317015171051 1803
1784230870639 0.1993739753961563 1804
1784230870664 0.1616339385509491 1805
1784230870692 0.3034725487232208 1806
1784230870718 0.17550301551818848 1807
1784230870743 0.20659905672073364 1808
1784230870774 0.2575233280658722 1809
1784230870804 0.3413449227809906 1810
1784230870828 0.20597988367080688 1811
1784230870855 0.31118595600128174 1812
1784230870879 0.17249159514904022 1813
1784230870909 0.4702799320220947 1814
1784230870936 0.35095036029815674 1815
1784230870961 0.3044854700565338 1816
1784230870987 0.2891424894332886 1817
1784230871012 0.1576978862285614 1818
1784230871039 0.11002914607524872 1819
1784230871062 0.30712419748306274 1820
1784230871090 0.24355226755142212 1821
1784230871117 0.19851863384246826 1822
1784230871142 0.3634518086910248 1823
1784230871168 0.17357629537582397 1824
1784230871194 0.1458878070116043 1825
1784230871226 0.3136011064052582 1826
1784230871251 0.36463096737861633 1827
1784230871277 0.2764793932437897 1828
1784230871306 0.2165324091911316 1829
1784230871333 0.4655374586582184 1830
1784230871358 0.4813186228275299 1831
1784230871384 0.4038778245449066 1832
1784230871409 0.26698073744773865 1833
1784230871437 0.6918307542800903 1834
1784230871462 0.2460639476776123 1835
1784230871490 0.3482244610786438 1836
1784230871516 0.5339964032173157 1837
1784230871543 0.27227506041526794 1838
1784230871571 0.2611462473869324 1839
1784230871596 0.4558265805244446 1840
1784230871623 0.2625523805618286 1841
1784230871648 0.4134191870689392 1842
1784230871674 0.3096931576728821 1843
1784230871701 0.32036638259887695 1844
1784230871728 0.3591170608997345 1845
1784230871757 0.672921895980835 1846
1784230871787 0.33569851517677307 1847
1784230871813 0.49291080236434937 1848
1784230871840 0.3143272399902344 1849
1784230871883 0.1322823464870453 1850
1784230871990 0.3092871904373169 1851
1784230872040 0.5736554861068726 1852
1784230872066 0.6190853714942932 1853
1784230872093 0.5954912304878235 1854
1784230872119 0.4127907156944275 1855
1784230872144 0.46314737200737 1856
1784230872175 0.3731248378753662 1857
1784230872202 0.19954505562782288 1858
1784230872228 0.7383440136909485 1859
1784230872255 0.6368085741996765 1860
1784230872282 0.22345224022865295 1861
1784230872309 0.9423134326934814 1862
1784230872333 0.562430202960968 1863
1784230872360 0.2184547632932663 1864
1784230872387 0.28958848118782043 1865
1784230872434 0.5365937352180481 1866
1784230872457 0.371043860912323 1867
1784230872480 0.1797747164964676 1868
1784230872505 0.28511014580726624 1869
1784230872528 0.2466498613357544 1870
1784230872556 0.13983199000358582 1871
1784230872583 0.40389910340309143 1872
1784230872610 0.7455520033836365 1873
1784230872642 0.19096174836158752 1874
1784230874489 0.48120614886283875 1875
1784230874517 0.3069387972354889 1876
1784230874546 0.49696189165115356 1877
1784230874579 0.6139371991157532 1878
1784230874608 0.41002756357192993 1879
1784230874634 0.31709304451942444 1880
1784230874658 0.5021663904190063 1881
1784230874687 0.44391822814941406 1882
1784230874710 0.39826589822769165 1883
1784230874738 0.19506335258483887 1884
1784230874763 0.3693951666355133 1885
1784230874789 0.2912399470806122 1886
1784230874816 0.4091971814632416 1887
1784230874841 0.5369142293930054 1888
1784230874872 0.17853739857673645 1889
1784230874903 0.43330734968185425 1890
1784230874930 0.4366942346096039 1891
1784230874958 0.45013102889060974 1892
1784230874988 0.2793060839176178 1893
1784230875016 0.36967000365257263 1894
1784230875042 0.2235630601644516 1895
1784230875068 0.4448354244232178 1896
1784230875099 0.30629345774650574 1897
1784230875129 0.805565357208252 1898
1784230875155 0.5169306993484497 1899
1784230875178 0.3724694848060608 1900
1784230875202 0.34004148840904236 1901
1784230875227 0.1644112467765808 1902
1784230875261 0.22485356032848358 1903
1784230875288 0.17993199825286865 1904
1784230875316 0.32499951124191284 1905
1784230875343 0.1917651742696762 1906
1784230875370 0.3353659510612488 1907
1784230875396 0.26331642270088196 1908
1784230875427 0.377323716878891 1909
1784230875458 0.31273379921913147 1910
1784230875485 0.17814460396766663 1911
1784230875510 0.3257720172405243 1912
1784230875537 0.23243829607963562 1913
1784230875562 0.384392112493515 1914
1784230875590 0.33218109607696533 1915
1784230875611 0.5121430158615112 1916
1784230875640 0.3822929859161377 1917
1784230875667 0.13815224170684814 1918
1784230875693 0.4037918448448181 1919
1784230875718 0.1746235340833664 1920
1784230875743 0.1992693841457367 1921
1784230875770 0.1565295308828354 1922
1784230875798 0.3714529573917389 1923
1784230875831 0.23627100884914398 1924
1784230875860 0.8414434194564819 1925
1784230875887 0.3891846239566803 1926
1784230875911 0.2563886046409607 1927
1784230875936 0.25295791029930115 1928
1784230875960 0.1785883754491806 1929
1784230875986 0.39407193660736084 1930
1784230876014 0.1158611923456192 1931
1784230876044 0.5079236626625061 1932
1784230876148 0.17637495696544647 1933
1784230876197 0.8384755849838257 1934
1784230876226 0.1711443066596985 1935
1784230876256 0.34110939502716064 1936
1784230876281 0.3193286657333374 1937
1784230876307 0.15840274095535278 1938
1784230876333 0.39455556869506836 1939
1784230876357 0.19155535101890564 1940
1784230876383 0.3821524679660797 1941
1784230876408 0.28919896483421326 1942
1784230876433 0.3508972227573395 1943
1784230876459 0.21382351219654083 1944
1784230876484 0.36626359820365906 1945
1784230876507 0.5446470975875854 1946
1784230876533 0.4058498442173004 1947
1784230876559 0.2821345031261444 1948
1784230876584 0.2430051565170288 1949
1784230876610 0.159073606133461 1950
1784230876637 0.24116641283035278 1951
1784230876660 0.4218364357948303 1952
1784230876684 0.3311155438423157 1953
1784230876711 0.4533596932888031 1954
1784230876736 0.42286938428878784 1955
1784230876761 0.2747593820095062 1956
1784230876788 0.23015230894088745 1957
1784230876815 0.14800475537776947 1958
1784230876841 0.3618346154689789 1959
1784230876867 0.4436291456222534 1960
1784230876894 0.3510020077228546 1961
1784230876927 0.7536203861236572 1962
1784230876953 0.39130690693855286 1963
1784230876979 0.38690441846847534 1964
1784230877006 0.5789052844047546 1965
1784230877028 0.20930181443691254 1966
1784230877054 0.44231680035591125 1967
1784230877080 0.2460021823644638 1968
1784230877104 0.36614418029785156 1969
1784230877128 0.24320916831493378 1970
1784230877153 0.13026538491249084 1971
1784230877179 0.2472146451473236 1972
1784230877213 0.2535242438316345 1973
1784230877241 0.2283850610256195 1974
1784230877267 0.40069058537483215 1975
1784230877294 0.15681062638759613 1976
1784230877322 0.20519091188907623 1977
1784230877345 0.5277534127235413 1978
1784230877370 0.32368528842926025 1979
1784230877391 0.3766283094882965 1980
1784230877414 0.5638328194618225 1981
1784230877440 0.2776322066783905 1982
1784230877464 0.46410655975341797 1983
1784230877491 0.39246174693107605 1984
1784230877517 0.5181899070739746 1985
1784230877544 0.31494274735450745 1986
1784230877569 0.0782400593161583 1987
1784230877593 0.2480648010969162 1988
1784230877620 0.22955329716205597 1989
1784230877643 0.22103667259216309 1990
1784230877670 0.2926977872848511 1991
1784230877699 0.49112004041671753 1992
1784230877727 0.15979689359664917 1993
1784230877756 0.14724406599998474 1994
1784230877781 0.32560718059539795 1995
1784230877806 0.18237318098545074 1996
1784230877833 0.9592761397361755 1997
1784230877859 0.20549951493740082 1998
1784230877887 0.40548670291900635 1999
1784230877911 0.7023828625679016 2000
1784230877938 0.49542421102523804 2001
1784230877963 0.43055588006973267 2002
1784230877989 0.11399488896131516 2003
1784230878014 0.36291155219078064 2004
1784230878119 0.36907076835632324 2005
1784230878161 0.2032979279756546 2006
1784230878189 0.23635217547416687 2007
1784230878220 0.29813987016677856 2008
1784230878251 0.5050122141838074 2009
1784230878280 0.34512680768966675 2010
1784230878310 0.7066324353218079 2011
1784230878337 0.38435712456703186 2012
1784230878360 0.1494697481393814 2013
1784230878388 0.6296982765197754 2014
1784230878413 0.3635837137699127 2015
1784230878439 0.15006355941295624 2016
1784230878463 0.5006551146507263 2017
1784230878490 0.7548951506614685 2018
1784230878516 0.24756671488285065 2019
1784230878543 0.260322630405426 2020
1784230878568 0.16179004311561584 2021
1784230878594 0.2116721272468567 2022
1784230878626 0.3014940619468689 2023
1784230878654 0.28884753584861755 2024
1784230878677 0.07068472355604172 2025
1784230878703 0.21011009812355042 2026
1784230878727 0.338833212852478 2027
1784230878753 0.3937719464302063 2028
1784230878779 0.20789052546024323 2029
1784230878804 0.4828440546989441 2030
1784230878840 0.4461438059806824 2031
1784230878867 0.13463962078094482 2032
1784230878890 0.32530438899993896 2033
1784230878917 0.27226635813713074 2034
1784230878944 0.47607019543647766 2035
1784230878970 0.2908976078033447 2036
1784230878992 0.48995518684387207 2037
1784230879018 0.2554124891757965 2038
1784230879040 0.1661362648010254 2039
1784230879067 0.179651141166687 2040
1784230879093 0.34609267115592957 2041
1784230879121 0.28156405687332153 2042
1784230879146 0.21365629136562347 2043
1784230879173 0.11127163469791412 2044
1784230879203 0.3946874141693115 2045
1784230879229 0.3735823631286621 2046
1784230879254 0.47530901432037354 2047
1784230879278 0.3206097483634949 2048
1784230879304 0.15671956539154053 2049
1784230879328 0.2635422646999359 2050
1784230879356 0.32465147972106934 2051
1784230879380 0.20633669197559357 2052
1784230879405 0.23188529908657074 2053
1784230879429 0.31958431005477905 2054
1784230879459 0.16841697692871094 2055
1784230879485 0.23043815791606903 2056
1784230879514 0.23528718948364258 2057
1784230879540 0.4844808876514435 2058
1784230879567 0.2417321801185608 2059
1784230879594 0.20656634867191315 2060
1784230879622 0.08906188607215881 2061
1784230879646 0.06780820339918137 2062
1784230879671 0.2732156813144684 2063
1784230879698 0.2562400698661804 2064
1784230879722 0.43484923243522644 2065
1784230879746 0.34683603048324585 2066
1784230879773 0.21876013278961182 2067
1784230879800 0.36799436807632446 2068
1784230879825 0.2086765617132187 2069
1784230879849 0.09287505596876144 2070
1784230879956 0.3940292000770569 2071
1784230880002 0.2724672853946686 2072
1784230880032 0.3937346339225769 2073
1784230880057 0.6398398876190186 2074
1784230880085 0.35030943155288696 2075
1784230880109 0.3318021893501282 2076
1784230880135 0.40281441807746887 2077
1784230880162 0.1852169781923294 2078
1784230880199 0.5513242483139038 2079
1784230880226 0.3154957592487335 2080
1784230880251 0.19653554260730743 2081
1784230880276 0.17395097017288208 2082
1784230880302 0.2905923128128052 2083
1784230880330 0.32739734649658203 2084
1784230880361 0.3731449842453003 2085
1784230880394 0.19457091391086578 2086
1784230880418 0.35975754261016846 2087
1784230880442 0.1322920322418213 2088
1784230880466 0.3069840371608734 2089
1784230880491 0.4864676296710968 2090
1784230880518 0.5630286931991577 2091
1784230880547 0.36936408281326294 2092
1784230880573 0.27844369411468506 2093
1784230880601 0.5946195125579834 2094
1784230880627 0.20283901691436768 2095
1784230880653 0.12781916558742523 2096
1784230880676 0.27660632133483887 2097
1784230880702 0.2857504189014435 2098
1784230880731 0.5718430876731873 2099
1784230880764 0.26731106638908386 2100
1784230880794 0.09784101694822311 2101
1784230880819 0.6746506690979004 2102
1784230880843 0.26861071586608887 2103
1784230880871 0.37106096744537354 2104
1784230880894 0.19427485764026642 2105
1784230880921 0.3017733097076416 2106
1784230880948 0.654619574546814 2107
1784230880974 0.2026071548461914 2108
1784230880999 0.3436815142631531 2109
1784230881023 0.5373086929321289 2110
1784230881049 0.7255138754844666 2111
1784230881076 0.4357357919216156 2112
1784230881103 0.6116902232170105 2113
1784230881126 0.36208564043045044 2114
1784230881154 0.18540333211421967 2115
1784230881179 0.3329065442085266 2116
1784230881205 0.6835853457450867 2117
1784230881230 0.2534489333629608 2118
1784230881255 0.33037739992141724 2119
1784230881280 0.11461146920919418 2120
1784230881304 0.20622456073760986 2121
1784230881327 0.2735144793987274 2122
1784230881351 0.46936193108558655 2123
1784230881376 0.2525535225868225 2124
1784230881403 0.48673945665359497 2125
1784230881427 0.5303246974945068 2126
1784230881451 0.34252476692199707 2127
1784230881475 0.6427647471427917 2128
1784230881504 0.307617723941803 2129
1784230881528 0.14144288003444672 2130
1784230881556 0.21542243659496307 2131
1784230881580 0.29525089263916016 2132
1784230881609 0.5787851214408875 2133
1784230881638 0.6185729503631592 2134
1784230881664 0.16424442827701569 2135
1784230881688 0.2658712863922119 2136
1784230881713 0.380425363779068 2137
1784230881736 0.2688014805316925 2138
1784230881763 0.4041546583175659 2139
1784230881788 0.28418275713920593 2140
1784230881816 0.32867810130119324 2141
1784230881842 0.2925511598587036 2142
1784230881869 0.331905335187912 2143
1784230881893 1.2416987419128418 2144
1784230881920 0.14412590861320496 2145
1784230881945 0.16617341339588165 2146
1784230881972 0.27591651678085327 2147
1784230881997 0.20275261998176575 2148
1784230882022 0.391697496175766 2149
1784230882048 0.16472242772579193 2150
1784230882076 0.3994206190109253 2151
1784230882183 0.2853041887283325 2152
1784230882224 0.42019325494766235 2153
1784230882256 0.45989516377449036 2154
1784230882284 0.3050882816314697 2155
1784230882310 0.4507686197757721 2156
1784230882337 0.2706388235092163 2157
1784230882363 0.1804439276456833 2158
1784230882387 0.5504425764083862 2159
1784230882414 0.35878604650497437 2160
1784230882440 0.3536985516548157 2161
1784230882465 0.4494459331035614 2162
1784230882492 0.26505041122436523 2163
1784230882521 0.649622917175293 2164
1784230882545 0.5886058211326599 2165
1784230882573 0.3374479115009308 2166
1784230882599 0.5652333498001099 2167
1784230882625 0.43337154388427734 2168
1784230882654 0.5446347594261169 2169
1784230882677 0.2506306767463684 2170
1784230882702 0.29945993423461914 2171
1784230882726 0.1544889211654663 2172
1784230882753 0.25082826614379883 2173
1784230882776 0.22326378524303436 2174
1784230882803 0.17498040199279785 2175
1784230882827 0.3698716163635254 2176
1784230882851 0.5113612413406372 2177
1784230882874 0.37004679441452026 2178
1784230882897 0.25231611728668213 2179
1784230882923 0.23816730082035065 2180
1784230882946 0.38948261737823486 2181
1784230882971 0.5978764891624451 2182
1784230882994 0.34652337431907654 2183
1784230883022 0.5069410800933838 2184
1784230883049 0.24369680881500244 2185
1784230883073 0.11892333626747131 2186
1784230883098 0.4037216603755951 2187
1784230883124 0.2013804167509079 2188
1784230883149 0.3087157607078552 2189
1784230883174 0.18473048508167267 2190
1784230883201 0.2565753757953644 2191
1784230883231 0.43779948353767395 2192
1784230883257 0.09242352843284607 2193
1784230883284 0.3400185704231262 2194
1784230883310 0.8426323533058167 2195
1784230883337 0.19274908304214478 2196
1784230883365 0.26632651686668396 2197
1784230883388 0.4267163872718811 2198
1784230883414 0.6450021266937256 2199
1784230883440 0.19340147078037262 2200
1784230883467 0.23268894851207733 2201
1784230883490 0.19970692694187164 2202
1784230883518 0.44734352827072144 2203
1784230883546 0.30139589309692383 2204
1784230883577 0.2736619710922241 2205
1784230883605 0.1604369580745697 2206
1784230883631 0.4408506453037262 2207
1784230883658 0.37097880244255066 2208
1784230883684 0.14023412764072418 2209
1784230883713 0.10060422122478485 2210
1784230883739 0.16179613769054413 2211
1784230883770 0.170767143368721 2212
1784230883792 0.34914201498031616 2213
1784230883818 0.3175748288631439 2214
1784230883842 0.6316781044006348 2215
1784230883868 0.24394355714321136 2216
1784230883896 0.15442919731140137 2217
1784230883924 0.26448923349380493 2218
1784230884035 0.13348202407360077 2219
1784230884078 0.2556944191455841 2220
1784230884107 0.5303906202316284 2221
1784230884141 0.2515566349029541 2222
1784230884169 0.36715513467788696 2223
1784230884200 0.20405147969722748 2224
1784230884259 0.4582539498806 2225
1784230884285 1.0680445432662964 2226
1784230884309 0.22282864153385162 2227
1784230884336 0.3637663424015045 2228
1784230884360 0.15390856564044952 2229
1784230884386 0.4710618555545807 2230
1784230884408 0.23698927462100983 2231
1784230884430 0.4864962697029114 2232
1784230884456 0.23382382094860077 2233
1784230884492 0.2867354154586792 2234
1784230884520 0.17228347063064575 2235
1784230884544 0.10244426131248474 2236
1784230884571 0.2902143895626068 2237
1784230884593 0.49817323684692383 2238
1784230884618 0.24560563266277313 2239
1784230884642 0.32147467136383057 2240
1784230884669 0.25142261385917664 2241
1784230884692 0.0922682136297226 2242
1784230884717 0.12447948753833771 2243
1784230884741 0.5125121474266052 2244
1784230884766 0.24698974192142487 2245
1784230884794 0.3683543801307678 2246
1784230884826 0.3840479552745819 2247
1784230884854 0.23519137501716614 2248
1784230884879 0.42245328426361084 2249
1784230884904 0.11597940325737 2250
1784230884929 0.19413478672504425 2251
1784230884951 0.171708345413208 2252
1784230884974 0.15035347640514374 2253
1784230884999 0.5068578124046326 2254
1784230885027 0.5031495690345764 2255
1784230885050 0.26180732250213623 2256
1784230885073 0.3458421528339386 2257
1784230885097 0.4024488031864166 2258
1784230885122 0.1666792333126068 2259
1784230885151 0.32929864525794983 2260
1784230885173 0.6701077222824097 2261
1784230885198 0.5174136757850647 2262
1784230885222 0.3690735101699829 2263
1784230885248 0.23858821392059326 2264
1784230885274 0.20275510847568512 2265
1784230885299 0.298582524061203 2266
1784230885327 0.45863476395606995 2267
1784230885353 0.47248274087905884 2268
1784230885381 0.2856931686401367 2269
1784230885404 0.3810479938983917 2270
1784230885428 0.2969089448451996 2271
1784230885453 0.35601484775543213 2272
1784230885478 0.13976438343524933 2273
1784230885502 0.38760536909103394 2274
1784230885524 0.3366107940673828 2275
1784230885549 0.2154388725757599 2276
1784230885574 0.44452357292175293 2277
1784230885600 0.3720014691352844 2278
1784230885629 0.6124966144561768 2279
1784230885661 0.20805783569812775 2280
1784230885691 0.500039279460907 2281
1784230885715 0.27895912528038025 2282
1784230885741 0.12439996004104614 2283
1784230885764 0.3461790382862091 2284
1784230885789 0.2544274628162384 2285
1784230885814 0.18374407291412354 2286
1784230885838 0.36623886227607727 2287
1784230885861 0.3248344361782074 2288
1784230885965 0.2723618447780609 2289
1784230885993 0.43361204862594604 2290
1784230886024 0.5766838192939758 2291
1784230886052 0.40681400895118713 2292
1784230886073 0.497480571269989 2293
1784230886097 0.36180874705314636 2294
1784230886122 0.46405285596847534 2295
1784230886148 0.24937768280506134 2296
1784230886172 0.5397143959999084 2297
1784230886198 0.23515546321868896 2298
1784230886223 0.36538660526275635 2299
1784230886251 0.44485917687416077 2300
1784230886280 0.44541773200035095 2301
1784230886310 0.13785973191261292 2302
1784230886339 0.7891756296157837 2303
1784230886368 0.19942720234394073 2304
1784230886396 0.3945366442203522 2305
1784230886425 0.4338255226612091 2306
1784230886456 0.587150514125824 2307
1784230886484 0.5010549426078796 2308
1784230886514 0.1709936261177063 2309
1784230886548 0.25039708614349365 2310
1784230886576 0.19870729744434357 2311
1784230886603 0.09347306936979294 2312
1784230886628 0.3665791451931 2313
1784230886653 0.20752350986003876 2314
1784230886679 0.6102308630943298 2315
1784230886704 0.19638943672180176 2316
1784230886730 0.3904135227203369 2317
1784230886755 0.5470787286758423 2318
1784230886780 0.13278774917125702 2319
1784230886805 0.20239222049713135 2320
1784230886831 0.28778767585754395 2321
1784230886856 0.5760881304740906 2322
1784230886882 0.5435683727264404 2323
1784230886907 0.20669032633304596 2324
1784230886933 0.303402841091156 2325
1784230886960 0.09659072756767273 2326
1784230886988 0.6131975650787354 2327
1784230887015 0.2956995368003845 2328
1784230887041 0.4875192642211914 2329
1784230887066 0.2837313115596771 2330
1784230887091 0.4920417368412018 2331
1784230887117 0.37298232316970825 2332
1784230887144 0.3984431326389313 2333
1784230887170 0.2111188769340515 2334
1784230887194 0.34201183915138245 2335
1784230887220 0.4782652258872986 2336
1784230887247 0.7692481875419617 2337
1784230887272 0.29881957173347473 2338
1784230887296 0.18807151913642883 2339
1784230887323 0.12452003359794617 2340
1784230887349 0.4842865765094757 2341
1784230887374 0.117546945810318 2342
1784230887400 0.42902839183807373 2343
1784230887426 0.19329829514026642 2344
1784230887453 0.3527732491493225 2345
1784230887479 0.8223639130592346 2346
1784230887503 0.26335132122039795 2347
1784230887527 0.10811814665794373 2348
1784230887554 0.3802885413169861 2349
1784230887578 0.6813306212425232 2350
1784230887603 0.49518492817878723 2351
1784230887627 0.35186418890953064 2352
1784230887651 0.4426746070384979 2353
1784230887756 0.37213295698165894 2354
1784230887798 0.17241819202899933 2355
1784230887823 0.22689330577850342 2356
1784230887848 0.2581697404384613 2357
1784230887873 0.18151362240314484 2358
1784230887896 0.1521209180355072 2359
1784230887922 0.29974281787872314 2360
1784230887945 0.3564540147781372 2361
1784230887972 0.15457458794116974 2362
1784230887999 0.3495035469532013 2363
1784230888024 0.4668598175048828 2364
1784230888050 0.31571412086486816 2365
1784230888075 0.34587961435317993 2366
1784230888103 0.36894166469573975 2367
1784230888126 0.2524365484714508 2368
1784230888157 0.11282381415367126 2369
1784230888186 0.3987089991569519 2370
1784230888217 0.4042869806289673 2371
1784230888245 0.3556402623653412 2372
1784230888275 0.10832196474075317 2373
1784230888300 0.1594340056180954 2374
1784230888325 0.3081884980201721 2375
1784230888353 0.5979741215705872 2376
1784230888376 0.15270115435123444 2377
1784230888399 0.1428518295288086 2378
1784230888422 0.23767417669296265 2379
1784230888451 0.3641190230846405 2380
1784230888479 0.47663614153862 2381
1784230888507 0.4973617196083069 2382
1784230888539 0.5010949373245239 2383
1784230888567 0.36742353439331055 2384
1784230888595 0.2004782259464264 2385
1784230888624 0.30987784266471863 2386
1784230888653 0.20216749608516693 2387
1784230888679 0.2617049813270569 2388
1784230888706 0.3480492830276489 2389
1784230888735 0.40420445799827576 2390
1784230888770 0.203831747174263 2391
1784230888795 0.3262125253677368 2392
1784230888823 0.21819590032100677 2393
1784230888853 0.5605873465538025 2394
1784230888881 0.08356691151857376 2395
1784230888911 0.2285342812538147 2396
1784230888939 0.1968623250722885 2397
1784230888963 0.12107262015342712 2398
1784230888988 0.45931124687194824 2399
1784230889013 0.44203734397888184 2400
1784230889036 0.568787157535553 2401
1784230889060 0.2569468021392822 2402
1784230889086 0.13555248081684113 2403
1784230889112 0.1761026829481125 2404
1784230889138 0.44020524621009827 2405
1784230889162 0.4270007908344269 2406
1784230889187 0.43986913561820984 2407
1784230889214 0.3394034206867218 2408
1784230889240 0.22556497156620026 2409
1784230889267 0.15152214467525482 2410
1784230889290 0.24700987339019775 2411
1784230889317 0.06873112171888351 2412
1784230889350 0.30784282088279724 2413
1784230889379 0.4469012916088104 2414
1784230889405 0.19090396165847778 2415
1784230889428 0.18452982604503632 2416
1784230889453 0.14550817012786865 2417
1784230889478 0.17530664801597595 2418
1784230889504 0.5285705924034119 2419
1784230889528 0.3855278491973877 2420
1784230889554 0.14140823483467102 2421
1784230889577 0.2059241533279419 2422
1784230889604 0.13856755197048187 2423
1784230889631 0.4913530945777893 2424
1784230889656 0.45023858547210693 2425
1784230889685 0.10482315719127655 2426
1784230889712 0.29862871766090393 2427
1784230889744 0.13348832726478577 2428
1784230889772 0.6093170642852783 2429
1784230889794 0.13605527579784393 2430
1784230889820 0.7714725136756897 2431
1784230889921 0.044961169362068176 2432
1784230889967 0.2387058585882187 2433
1784230889997 0.40041661262512207 2434
1784230890023 0.2615979313850403 2435
1784230890049 0.3214946687221527 2436
1784230890074 0.4545232355594635 2437
1784230890100 0.6021661162376404 2438
1784230890123 0.3807244896888733 2439
1784230890149 0.400922954082489 2440
1784230890173 0.35945865511894226 2441
1784230890204 0.28166911005973816 2442
1784230890233 0.43540748953819275 2443
1784230890263 0.549562931060791 2444
1784230890289 0.17440420389175415 2445
1784230890317 0.39184048771858215 2446
1784230890345 0.29910749197006226 2447
1784230890374 0.18493309617042542 2448
1784230890402 0.4315521717071533 2449
1784230890424 0.09866319596767426 2450
1784230890452 0.3567182123661041 2451
1784230890475 0.45828139781951904 2452
1784230890503 0.18436287343502045 2453
1784230890538 0.2621111571788788 2454
1784230890565 0.36729735136032104 2455
1784230890595 0.2742423415184021 2456
1784230890624 0.1972227394580841 2457
1784230890651 0.460196316242218 2458
1784230890674 0.17136523127555847 2459
1784230890699 0.585424542427063 2460
1784230890723 0.32295000553131104 2461
1784230890749 0.47844254970550537 2462
1784230890784 0.38114383816719055 2463
1784230890814 0.29358193278312683 2464
1784230890843 0.1465526521205902 2465
1784230890877 0.3055180609226227 2466
1784230890908 0.2131340056657791 2467
1784230890934 0.48744314908981323 2468
1784230890958 0.3406127393245697 2469
1784230890986 0.40527212619781494 2470
1784230891012 0.4312116205692291 2471
1784230891039 0.199906125664711 2472
1784230891069 0.3427843153476715 2473
1784230891096 0.11067517101764679 2474
1784230891123 0.6214184165000916 2475
1784230891155 0.12522684037685394 2476
1784230891185 0.21979570388793945 2477
1784230891218 0.3017326593399048 2478
1784230891245 0.5184049010276794 2479
1784230891271 0.592961311340332 2480
1784230891298 0.37058767676353455 2481
1784230891323 0.2182144671678543 2482
1784230891351 0.5892316699028015 2483
1784230891377 0.6121280789375305 2484
1784230891407 0.10832764953374863 2485
1784230891439 0.15792633593082428 2486
1784230891464 0.4050895571708679 2487
1784230891489 0.21737922728061676 2488
1784230891514 0.364224910736084 2489
1784230891541 0.5310683846473694 2490
1784230891567 0.38136082887649536 2491
1784230891594 0.18084652721881866 2492
1784230891620 0.384014368057251 2493
1784230891647 0.21737265586853027 2494
1784230891671 0.1771390736103058 2495
1784230891781 0.5644992589950562 2496
1784230891832 0.6125171780586243 2497
1784230891858 0.2880992889404297 2498
1784230891886 0.4136362671852112 2499
1784230891909 0.4207580089569092 2500
1784230891935 0.2691262662410736 2501
1784230891960 0.21021714806556702 2502
1784230891985 0.32518962025642395 2503
1784230892010 0.2773132622241974 2504
1784230892036 0.7738828659057617 2505
1784230892063 0.09103042632341385 2506
1784230892088 0.2739282250404358 2507
1784230892116 0.42405903339385986 2508
1784230892145 0.38338372111320496 2509
1784230892178 0.1206190437078476 2510
1784230892206 0.13068510591983795 2511
1784230892232 0.22640366852283478 2512
1784230892256 0.24454735219478607 2513
1784230892282 0.3060325086116791 2514
1784230892305 0.49328887462615967 2515
1784230892331 0.2752695381641388 2516
1784230892357 0.17933759093284607 2517
1784230892384 0.24985934793949127 2518
1784230892408 0.43786898255348206 2519
1784230892434 0.3425660729408264 2520
1784230892460 0.43874025344848633 2521
1784230892485 0.351422518491745 2522
1784230892514 0.2576565146446228 2523
1784230892539 0.20523519814014435 2524
1784230892568 0.39239954948425293 2525
1784230892592 0.23812317848205566 2526
1784230892617 0.6538950204849243 2527
1784230892640 0.19983531534671783 2528
1784230892666 0.09766865521669388 2529
1784230892693 0.5033550262451172 2530
1784230892718 0.2852356731891632 2531
1784230892741 0.2619682550430298 2532
1784230892767 0.29767942428588867 2533
1784230892791 0.8376486897468567 2534
1784230892817 0.08500424772500992 2535
1784230892841 0.5279688835144043 2536
1784230892869 0.31482553482055664 2537
1784230892894 0.27231255173683167 2538
1784230892920 0.21993201971054077 2539
1784230892945 0.6286931037902832 2540
1784230892971 0.43498727679252625 2541
1784230892998 0.30074599385261536 2542
1784230893027 0.3104044497013092 2543
1784230893059 0.17239566147327423 2544
1784230893086 0.1775549352169037 2545
1784230893129 0.253327876329422 2546
1784230893153 0.4248560070991516 2547
1784230893179 0.49816587567329407 2548
1784230893206 0.20086407661437988 2549
1784230893230 0.30350038409233093 2550
1784230893252 0.2628532350063324 2551
1784230893277 0.7088913917541504 2552
1784230893302 0.20280009508132935 2553
1784230893329 0.4421769380569458 2554
1784230893361 0.5419833660125732 2555
1784230893390 0.3297625184059143 2556
1784230893417 0.560386598110199 2557
1784230893441 0.5397909879684448 2558
1784230893468 0.3579072654247284 2559
1784230893496 0.1844528317451477 2560
1784230893521 0.15069326758384705 2561
1784230893647 0.2905158996582031 2562
1784230893691 0.25784528255462646 2563
1784230893719 0.6696443557739258 2564
1784230893742 0.3842456042766571 2565
1784230893767 0.1862586885690689 2566
1784230893791 0.2722425162792206 2567
1784230893817 0.44587409496307373 2568
1784230893840 0.3864496648311615 2569
1784230893867 0.4152788519859314 2570
1784230893888 0.2679193317890167 2571
1784230893919 0.13258089125156403 2572
1784230893946 0.35099467635154724 2573
1784230893998 0.3304082751274109 2574
1784230894024 0.49405843019485474 2575
1784230894050 0.2504103481769562 2576
1784230894074 0.2652209997177124 2577
1784230894103 0.10199876874685287 2578
1784230894129 0.29110240936279297 2579
1784230894154 0.2765711545944214 2580
1784230894178 0.13430063426494598 2581
1784230894204 0.21106849610805511 2582
1784230894232 0.25664329528808594 2583
1784230894261 0.4600335359573364 2584
1784230894294 0.26287007331848145 2585
1784230894320 0.5062981247901917 2586
1784230894346 0.30267155170440674 2587
1784230894370 0.3364550471305847 2588
1784230894396 0.35868316888809204 2589
1784230894421 0.562509298324585 2590
1784230894449 0.4326091706752777 2591
1784230894477 0.49302399158477783 2592
1784230894508 0.13694071769714355 2593
1784230894535 0.6121835112571716 2594
1784230894561 0.33863770961761475 2595
1784230894587 0.9809155464172363 2596
1784230894617 0.33162856101989746 2597
1784230894644 0.30167356133461 2598
1784230894674 0.3329543173313141 2599
1784230894705 0.1511257141828537 2600
1784230894734 0.191320538520813 2601
1784230894758 0.2646368145942688 2602
1784230894784 0.22626793384552002 2603
1784230894807 0.22575098276138306 2604
1784230894834 0.42527395486831665 2605
1784230894858 0.20784986019134521 2606
1784230894884 0.23372453451156616 2607
1784230894905 0.3106827735900879 2608
1784230894934 0.4803832173347473 2609
1784230894960 0.37542009353637695 2610
1784230894994 0.20716078579425812 2611
1784230895020 0.22709161043167114 2612
1784230895046 0.3357335329055786 2613
1784230895072 0.5371353626251221 2614
1784230895099 0.2171199768781662 2615
1784230895123 0.24419213831424713 2616
1784230895150 0.19087068736553192 2617
1784230895174 0.273580402135849 2618
1784230895204 0.3352770507335663 2619
1784230895229 0.2558043897151947 2620
1784230895255 0.427945613861084 2621
1784230895283 0.16843846440315247 2622
1784230895313 0.21027818322181702 2623
1784230895344 0.19329652190208435 2624
1784230895372 0.3380923271179199 2625
1784230895397 0.257953405380249 2626
1784230895422 0.5426281094551086 2627
1784230895451 0.20536360144615173 2628
1784230895475 0.1588323414325714 2629
1784230895503 0.2235337793827057 2630
1784230895529 0.37154996395111084 2631
1784230895554 0.31870466470718384 2632
1784230895584 0.08748375624418259 2633
1784230895610 0.27979958057403564 2634
1784230895637 0.34234896302223206 2635
1784230895667 0.35443711280822754 2636
1784230895693 0.39894747734069824 2637
1784230895722 0.2647300958633423 2638
1784230895752 0.2476983517408371 2639
1784230895779 0.15190136432647705 2640
1784230895814 0.38994401693344116 2641
1784230895838 0.2967556416988373 2642
1784230895868 0.2880585789680481 2643
1784230895895 0.24458059668540955 2644
1784230895930 0.26186832785606384 2645
1784230895954 0.28062477707862854 2646
1784230895978 0.4480418264865875 2647
1784230896003 0.33000436425209045 2648
1784230896027 0.44759029150009155 2649
1784230896051 0.21860884130001068 2650
1784230896075 0.43761804699897766 2651
1784230896102 0.3660193681716919 2652
1784230896127 0.2239430695772171 2653
1784230896154 0.33773690462112427 2654
1784230896178 0.10362672060728073 2655
1784230896203 0.3613412380218506 2656
1784230896228 0.043387483805418015 2657
1784230896253 0.17625349760055542 2658
1784230896278 0.7818139791488647 2659
1784230896303 0.25762617588043213 2660
1784230896327 0.12832683324813843 2661
1784230896355 0.5384092330932617 2662
1784230896381 0.4220295548439026 2663
1784230896405 0.2748554050922394 2664
1784230896435 0.3992067873477936 2665
1784230896460 0.38924020528793335 2666
1784230896485 0.13879887759685516 2667
1784230896514 0.38687658309936523 2668
1784230896540 0.21579676866531372 2669
1784230896566 0.3075997233390808 2670
1784230896589 0.37466466426849365 2671
1784230896616 0.3187783360481262 2672
1784230896640 0.17208395898342133 2673
1784230896670 0.3219638764858246 2674
1784230896697 0.39818495512008667 2675
1784230896721 0.44997406005859375 2676
1784230896751 0.25830280780792236 2677
1784230896780 0.27983608841896057 2678
1784230896812 0.1989404261112213 2679
1784230896839 0.1924060583114624 2680
1784230896868 0.4812922179698944 2681
1784230896895 0.11509508639574051 2682
1784230896920 0.2053757607936859 2683
1784230896946 0.1691095530986786 2684
1784230896974 0.6748749613761902 2685
1784230897003 0.26605483889579773 2686
1784230897029 0.2149440348148346 2687
1784230897055 0.5763907432556152 2688
1784230897081 0.26544132828712463 2689
1784230897105 0.24473534524440765 2690
1784230897132 0.4300065338611603 2691
1784230897156 0.45367488265037537 2692
1784230897185 0.11389453709125519 2693
1784230897211 0.2700178623199463 2694
1784230897234 0.2949957847595215 2695
1784230897257 0.2497912049293518 2696
1784230897283 0.36446326971054077 2697
1784230897311 0.39849182963371277 2698
1784230897335 0.1665428876876831 2699
1784230897359 0.1802377998828888 2700
1784230897385 0.18253032863140106 2701
1784230897408 0.13735279440879822 2702
1784230897431 0.29292353987693787 2703
1784230897456 0.13479401171207428 2704
1784230897484 0.42459625005722046 2705
1784230897508 0.3510549068450928 2706
1784230897532 0.10730521380901337 2707
1784230897554 0.1804649382829666 2708
1784230897580 0.25503402948379517 2709
1784230897605 0.502968430519104 2710
1784230897629 0.31954291462898254 2711
1784230897655 0.42975056171417236 2712
1784230897686 0.3850248456001282 2713
1784230897794 0.24110254645347595 2714
1784230897834 0.2293286770582199 2715
1784230897856 0.30935952067375183 2716
1784230897888 0.33220040798187256 2717
1784230897915 0.7898476123809814 2718
1784230897941 0.5085424184799194 2719
1784230897970 0.17275665700435638 2720
1784230898000 0.2236117720603943 2721
1784230898028 0.4426555931568146 2722
1784230898055 0.4003238081932068 2723
1784230898084 0.30993178486824036 2724
1784230898111 0.34834668040275574 2725
1784230898138 0.21850243210792542 2726
1784230898167 0.33789509534835815 2727
1784230898191 0.26964864134788513 2728
1784230898218 0.20756812393665314 2729
1784230898243 0.4376698434352875 2730
1784230898271 0.3849276900291443 2731
1784230898298 0.22678698599338531 2732
1784230898327 0.6211161613464355 2733
1784230898358 0.08705874532461166 2734
1784230898388 0.29820016026496887 2735
1784230898415 0.3850407004356384 2736
1784230898439 0.14803853631019592 2737
1784230898464 0.34141889214515686 2738
1784230898489 0.3768402338027954 2739
1784230898514 0.2737888991832733 2740
1784230898538 0.22448258101940155 2741
1784230898565 0.18615593016147614 2742
1784230898595 0.28196439146995544 2743
1784230898627 0.14737674593925476 2744
1784230898654 0.25617197155952454 2745
1784230898680 0.1391206681728363 2746
1784230898710 0.20851339399814606 2747
1784230898736 0.105837881565094 2748
1784230898760 0.15831920504570007 2749
1784230898787 0.3667928874492645 2750
1784230898812 0.16393974423408508 2751
1784230898838 0.1629296988248825 2752
1784230898869 0.29371801018714905 2753
1784230898900 0.12190070003271103 2754
1784230898932 0.17068171501159668 2755
1784230898959 0.4889132082462311 2756
1784230898984 0.455392986536026 2757
1784230899007 0.4878312945365906 2758
1784230899035 0.44180917739868164 2759
1784230899061 0.29533472657203674 2760
1784230899086 0.07882090657949448 2761
1784230899114 0.4660031497478485 2762
1784230899137 0.27403104305267334 2763
1784230899165 0.24659641087055206 2764
1784230899192 0.35381755232810974 2765
1784230899225 0.21906644105911255 2766
1784230899252 0.43303072452545166 2767
1784230899277 0.27070948481559753 2768
1784230899304 0.25686994194984436 2769
1784230899332 0.4814727306365967 2770
1784230899360 0.3084469437599182 2771
1784230899394 0.19261927902698517 2772
1784230899419 0.2289947122335434 2773
1784230899447 0.23139184713363647 2774
1784230899471 0.12243330478668213 2775
1784230899497 0.5554651618003845 2776
1784230899522 0.16922859847545624 2777
1784230899549 0.6023284792900085 2778
1784230899654 0.51767498254776 2779
1784230899698 0.6026360392570496 2780
1784230899729 0.33021068572998047 2781
1784230899760 0.1347503662109375 2782
1784230899790 0.12467356026172638 2783
1784230899822 0.09245773404836655 2784
1784230899848 0.10157537460327148 2785
1784230899871 0.10800715535879135 2786
1784230899900 0.3147464990615845 2787
1784230899930 0.17378473281860352 2788
1784230899961 0.4817245900630951 2789
1784230899987 0.2560354173183441 2790
1784230900015 0.4998222887516022 2791
1784230900042 0.22094516456127167 2792
1784230900067 0.2592529356479645 2793
1784230900090 0.22882124781608582 2794
1784230900117 0.21926219761371613 2795
1784230900145 0.31640729308128357 2796
1784230900171 0.6012828350067139 2797
1784230900199 0.15486401319503784 2798
1784230900226 0.23743115365505219 2799
1784230900256 0.30575305223464966 2800
1784230900288 0.42517104744911194 2801
1784230900317 0.14911948144435883 2802
1784230900345 0.30776333808898926 2803
1784230900375 0.5369041562080383 2804
1784230900403 0.2543778419494629 2805
1784230900433 0.19992148876190186 2806
1784230900460 0.3256089985370636 2807
1784230900492 0.49143746495246887 2808
1784230900520 0.4516139030456543 2809
1784230900549 0.3274294137954712 2810
1784230900573 0.43188315629959106 2811
1784230900601 0.21406163275241852 2812
1784230900626 0.26460185647010803 2813
1784230900651 0.19045810401439667 2814
1784230900676 0.5179961323738098 2815
1784230900704 0.10379049181938171 2816
1784230900733 0.30174192786216736 2817
1784230900758 0.17572322487831116 2818
1784230900783 0.26772013306617737 2819
1784230900811 0.34340986609458923 2820
1784230900837 0.2638610899448395 2821
1784230900868 0.52199786901474 2822
1784230900890 0.2607346475124359 2823
1784230900917 0.21311181783676147 2824
1784230900940 0.4130067825317383 2825
1784230900967 0.176950141787529 2826
1784230900991 0.3593519330024719 2827
1784230901019 0.1895194947719574 2828
1784230901043 0.2183241993188858 2829
1784230901066 0.278621107339859 2830
1784230901089 0.08531506359577179 2831
1784230901116 0.08728748559951782 2832
1784230901139 0.2228350192308426 2833
1784230901166 0.11402150243520737 2834
1784230901190 0.10542137920856476 2835
1784230901218 0.3949637711048126 2836
1784230901244 0.14312352240085602 2837
1784230901268 0.2382461130619049 2838
1784230901293 0.22512923181056976 2839
1784230901318 0.08922247588634491 2840
1784230901345 0.3837842345237732 2841
1784230901369 0.2883170545101166 2842
1784230901394 0.17284902930259705 2843
1784230901501 0.2537912130355835 2844
1784230901545 0.23846952617168427 2845
1784230901570 0.3466314673423767 2846
1784230901600 0.23943021893501282 2847
1784230901622 0.13016662001609802 2848
1784230901649 0.3762544095516205 2849
1784230901671 0.30540186166763306 2850
1784230901699 0.30550438165664673 2851
1784230901721 0.13749083876609802 2852
1784230901749 0.35546615719795227 2853
1784230901772 0.2536042034626007 2854
1784230901799 0.3052752912044525 2855
1784230901823 0.09089384973049164 2856
1784230901849 0.08321354538202286 2857
1784230901872 0.12606234848499298 2858
1784230901899 0.3109646737575531 2859
1784230901924 0.21561340987682343 2860
1784230901950 0.26250752806663513 2861
1784230901975 0.26717957854270935 2862
1784230902002 0.35553237795829773 2863
1784230902029 0.1149841696023941 2864
1784230902054 0.29679787158966064 2865
1784230902080 0.2930806875228882 2866
1784230902104 0.48524850606918335 2867
1784230902131 0.3180220127105713 2868
1784230902155 0.26409533619880676 2869
1784230902183 0.19881469011306763 2870
1784230902208 0.4297340512275696 2871
1784230902233 0.4871271550655365 2872
1784230902263 0.5155408382415771 2873
1784230902287 0.1737861931324005 2874
1784230902314 0.11868638545274734 2875
1784230902346 0.4059152901172638 2876
1784230902380 0.3851936459541321 2877
1784230902405 0.16195669770240784 2878
1784230902433 0.1717982441186905 2879
1784230902459 0.33918336033821106 2880
1784230902486 0.37885841727256775 2881
1784230902511 0.42601320147514343 2882
1784230902536 0.31051313877105713 2883
1784230902565 0.12193919718265533 2884
1784230902598 0.2892022728919983 2885
1784230902645 0.4128526747226715 2886
1784230902671 0.32196372747421265 2887
1784230902702 0.24229319393634796 2888
1784230902730 0.29382458329200745 2889
1784230902755 0.5528053045272827 2890
1784230902782 0.5544693470001221 2891
1784230902806 0.3587418794631958 2892
1784230902833 0.18463025987148285 2893
1784230902858 0.19390685856342316 2894
1784230902885 0.46471965312957764 2895
1784230902911 0.10190660506486893 2896
1784230902938 0.29463717341423035 2897
1784230902965 0.23131506145000458 2898
1784230902990 0.3214174211025238 2899
1784230903017 0.18820719420909882 2900
1784230903043 0.10790309309959412 2901
1784230903070 0.16233117878437042 2902
1784230903096 0.36393094062805176 2903
1784230903122 0.3127231299877167 2904
1784230903150 0.07975434511899948 2905
1784230903173 0.28821444511413574 2906
1784230903197 0.15861549973487854 2907
1784230903222 0.6321345567703247 2908
1784230903330 0.16433805227279663 2909
1784230903376 0.18275777995586395 2910
1784230903405 0.2204200178384781 2911
1784230903432 0.19687528908252716 2912
1784230903466 0.14794301986694336 2913
1784230903495 0.1520983874797821 2914
1784230903520 0.1286408007144928 2915
1784230903548 0.46998801827430725 2916
1784230903575 0.4002937376499176 2917
1784230903601 0.22854138910770416 2918
1784230903628 0.19496425986289978 2919
1784230903654 0.2494218796491623 2920
1784230903684 0.19310520589351654 2921
1784230903709 0.23442049324512482 2922
1784230903735 0.19518280029296875 2923
1784230903764 0.49865415692329407 2924
1784230903788 0.6478958129882812 2925
1784230903815 0.30619046092033386 2926
1784230903841 0.15955324470996857 2927
1784230903866 0.20371411740779877 2928
1784230903892 0.37091806530952454 2929
1784230903917 0.4444431662559509 2930
1784230903945 0.31639063358306885 2931
1784230903972 0.2564340829849243 2932
1784230904000 0.22452645003795624 2933
1784230904027 0.09259360283613205 2934
1784230904053 0.24480904638767242 2935
1784230904080 0.16276443004608154 2936
1784230904108 0.2529766857624054 2937
1784230904135 0.4231572151184082 2938
1784230904161 0.47546449303627014 2939
1784230904187 0.3972441852092743 2940
1784230904217 0.6795327663421631 2941
1784230904244 0.1490934044122696 2942
1784230904268 0.1161632388830185 2943
1784230904292 0.17580173909664154 2944
1784230904317 0.4539320170879364 2945
1784230904342 0.5597270131111145 2946
1784230904368 0.30807429552078247 2947
1784230904397 0.266374796628952 2948
1784230904420 0.31087473034858704 2949
1784230904446 0.4133807420730591 2950
1784230904472 0.1552298218011856 2951
1784230904502 0.38566869497299194 2952
1784230904530 0.2535403072834015 2953
1784230904555 0.728452742099762 2954
1784230904582 0.3778921961784363 2955
1784230904604 0.6043744087219238 2956
1784230904631 0.2419624775648117 2957
1784230904654 0.1824459731578827 2958
1784230904680 0.28691452741622925 2959
1784230904723 0.178636372089386 2960
1784230904749 0.3312844932079315 2961
1784230904772 0.3522006869316101 2962
1784230904797 0.28274184465408325 2963
1784230904821 0.21541789174079895 2964
1784230904848 0.2516093850135803 2965
1784230904883 0.07437651604413986 2966
1784230904917 0.12617246806621552 2967
1784230904947 0.4009642004966736 2968
1784230904973 0.2951275110244751 2969
1784230905004 0.5038785934448242 2970
1784230905032 0.5394976735115051 2971
1784230905060 0.1393044888973236 2972
1784230905089 0.6617695093154907 2973
1784230905195 0.33530375361442566 2974
1784230905239 0.427049458026886 2975
1784230905266 0.3603760004043579 2976
1784230905294 0.4350636899471283 2977
1784230905319 0.2222812920808792 2978
1784230905344 0.41109296679496765 2979
1784230905368 0.2567686140537262 2980
1784230905391 0.1769169718027115 2981
1784230905416 0.2436230480670929 2982
1784230905441 0.18576675653457642 2983
1784230905465 0.2777303159236908 2984
1784230905489 0.209599107503891 2985
1784230905516 0.33292844891548157 2986
1784230905541 0.4546589255332947 2987
1784230905567 0.2316140979528427 2988
1784230905594 0.14656676352024078 2989
1784230905619 0.18571187555789948 2990
1784230905646 0.28271281719207764 2991
1784230905669 0.1135985404253006 2992
1784230905696 0.1845644861459732 2993
1784230905723 0.443647563457489 2994
1784230905749 0.4396127164363861 2995
1784230905775 0.31136590242385864 2996
1784230905802 0.36156025528907776 2997
1784230905827 0.6460772156715393 2998
1784230905868 0.28915464878082275 2999
1784230905895 0.6339874267578125 3000
1784230905920 0.16272076964378357 3001
1784230905946 0.23088887333869934 3002
1784230905973 0.21159301698207855 3003
1784230906002 0.23444020748138428 3004
1784230906033 0.13363738358020782 3005
1784230906057 0.1946898251771927 3006
1784230906083 0.41929224133491516 3007
1784230906107 0.2489829957485199 3008
1784230906130 0.39583054184913635 3009
1784230906154 0.331696093082428 3010
1784230906177 0.29245972633361816 3011
1784230906203 0.3786468505859375 3012
1784230906230 0.4830508530139923 3013
1784230906259 0.26768678426742554 3014
1784230906288 0.22949644923210144 3015
1784230906319 0.16477282345294952 3016
1784230906345 0.15124988555908203 3017
1784230906373 0.7477997541427612 3018
1784230906404 0.14434687793254852 3019
1784230906434 0.20253342390060425 3020
1784230906460 0.2098855972290039 3021
1784230906484 0.15477198362350464 3022
1784230906508 0.20526422560214996 3023
1784230906535 0.15092267096042633 3024
1784230906561 0.43228983879089355 3025
1784230906585 0.10726842284202576 3026
1784230906611 0.7579371333122253 3027
1784230906638 0.09357119351625443 3028
1784230906663 0.15830931067466736 3029
1784230906687 0.19399438798427582 3030
1784230906713 0.5417426824569702 3031
1784230906740 0.6972000598907471 3032
1784230906770 0.6351139545440674 3033
1784230906798 0.1272229552268982 3034
1784230906822 0.13637474179267883 3035
1784230906849 0.24084007740020752 3036
1784230906873 0.2564200460910797 3037
1784230906899 0.24983862042427063 3038
1784230906926 0.2984544634819031 3039
1784230906953 0.19874535501003265 3040
1784230906978 0.2714506685733795 3041
1784230907005 0.36170580983161926 3042
1784230907037 0.214389368891716 3043
1784230907066 0.41995540261268616 3044
1784230907093 0.2608121335506439 3045
1784230907118 0.11640357971191406 3046
1784230907144 0.16905272006988525 3047
1784230907169 0.2707381546497345 3048
1784230907195 0.309538871049881 3049
1784230907229 0.24078167974948883 3050
1784230907268 0.41600310802459717 3051
1784230907301 0.3079460859298706 3052
1784230907327 0.1935986876487732 3053
1784230907435 0.2648794651031494 3054
1784230907484 0.41168859601020813 3055
1784230907512 0.3967377543449402 3056
1784230907538 0.3552122712135315 3057
1784230907564 0.2612385153770447 3058
1784230907592 0.4730429947376251 3059
1784230907619 0.19564826786518097 3060
1784230907644 0.07837535440921783 3061
1784230907669 0.1478395313024521 3062
1784230907697 0.2756745219230652 3063
1784230907725 0.2273918092250824 3064
1784230907756 0.2187134325504303 3065
1784230907783 0.8118422627449036 3066
1784230907810 0.12534712255001068 3067
1784230907837 0.49529358744621277 3068
1784230907863 0.2266167253255844 3069
1784230907886 0.15909059345722198 3070
1784230907913 0.283428817987442 3071
1784230907939 0.03939391300082207 3072
1784230907967 0.283962607383728 3073
1784230907994 0.1281811147928238 3074
1784230908018 0.2590350806713104 3075
1784230908047 0.18254829943180084 3076
1784230908075 0.10428933054208755 3077
1784230908103 0.12997668981552124 3078
1784230908134 0.2414601445198059 3079
1784230908160 0.32845401763916016 3080
1784230908186 0.0374356284737587 3081
1784230908213 0.45125409960746765 3082
1784230908238 0.19310614466667175 3083
1784230908265 0.45569664239883423 3084
1784230908292 0.3344373404979706 3085
1784230908317 0.29012617468833923 3086
1784230908344 0.19391196966171265 3087
1784230908369 0.2056923806667328 3088
1784230908397 0.08935496211051941 3089
1784230908425 0.14078332483768463 3090
1784230908453 0.337155282497406 3091
1784230908480 0.09992726147174835 3092
1784230908504 0.17743583023548126 3093
1784230908532 0.31600072979927063 3094
1784230908558 0.1829632669687271 3095
1784230908584 0.16625617444515228 3096
1784230908608 0.0920386016368866 3097
1784230908633 0.23846742510795593 3098
1784230908655 0.21988023817539215 3099
1784230908679 0.13049714267253876 3100
1784230908704 0.24267399311065674 3101
1784230908729 0.11723661422729492 3102
1784230908759 0.48923051357269287 3103
1784230908792 0.2805664837360382 3104
1784230908816 0.295540988445282 3105
1784230908840 0.09388252347707748 3106
1784230908864 0.15532682836055756 3107
1784230908889 0.5309516191482544 3108
1784230908915 0.16578076779842377 3109
1784230908938 0.49404582381248474 3110
1784230908963 0.11800505965948105 3111
1784230908988 0.2858782410621643 3112
1784230909017 0.3456050157546997 3113
1784230909043 0.40982046723365784 3114
1784230909067 0.21148866415023804 3115
1784230909092 0.1111973449587822 3116
1784230909118 0.13328874111175537 3117
1784230909145 0.14274150133132935 3118
1784230909253 0.29667171835899353 3119
1784230909307 0.11536010354757309 3120
1784230909333 0.3123099207878113 3121
1784230909365 0.16057100892066956 3122
1784230909397 0.14591296017169952 3123
1784230909424 0.7715734243392944 3124
1784230909451 0.1486341655254364 3125
1784230909477 0.19808954000473022 3126
1784230909505 0.2522798180580139 3127
1784230909531 0.3724237084388733 3128
1784230909559 0.21420949697494507 3129
1784230909594 0.3669636845588684 3130
1784230909622 0.2382335215806961 3131
1784230909652 0.19002677500247955 3132
1784230909681 0.0845760703086853 3133
1784230909705 0.1337648630142212 3134
1784230909737 0.14308500289916992 3135
1784230909765 0.1333048790693283 3136
1784230909789 0.7252277731895447 3137
1784230909815 0.11482948064804077 3138
1784230909840 0.3223639130592346 3139
1784230909866 0.2753320634365082 3140
1784230909893 0.2595030963420868 3141
1784230909918 0.23488031327724457 3142
1784230909943 0.26251643896102905 3143
1784230909969 0.3513261377811432 3144
1784230909994 0.12210636585950851 3145
1784230910024 0.29969778656959534 3146
1784230910053 0.6047728061676025 3147
1784230910082 0.20606549084186554 3148
1784230910107 0.5193595886230469 3149
1784230910133 0.3058067560195923 3150
1784230910157 0.1313331127166748 3151
1784230910184 0.13505947589874268 3152
1784230910210 0.3089958131313324 3153
1784230910236 0.27949854731559753 3154
1784230910267 0.3534436821937561 3155
1784230910293 0.1516517996788025 3156
1784230910317 0.30539053678512573 3157
1784230910346 0.1089780405163765 3158
1784230910369 0.23699378967285156 3159
1784230910397 0.4007790982723236 3160
1784230910422 0.08529249578714371 3161
1784230910450 0.3176881670951843 3162
1784230910474 0.16458047926425934 3163
1784230910499 0.37259191274642944 3164
1784230910526 0.5815262794494629 3165
1784230910551 0.25165289640426636 3166
1784230910577 0.23766259849071503 3167
1784230910610 0.3377573490142822 3168
1784230910636 0.24390749633312225 3169
1784230910663 0.14439509809017181 3170
1784230910694 0.30782103538513184 3171
1784230910727 0.362447053194046 3172
1784230910757 0.23101632297039032 3173
1784230910784 0.14263539016246796 3174
1784230910806 0.20493903756141663 3175
1784230910829 0.19538448750972748 3176
1784230910854 0.3530186414718628 3177
1784230910880 0.3744942843914032 3178
1784230910903 0.2686365842819214 3179
1784230910931 0.22847042977809906 3180
1784230910956 0.2496512532234192 3181
1784230910985 0.4703507423400879 3182
1784230911017 0.2587677836418152 3183
1784230911044 0.13718396425247192 3184
1784230911066 0.17359612882137299 3185
1784230911090 0.1960083246231079 3186
1784230911116 0.1597670316696167 3187
1784230911144 0.2828212082386017 3188
1784230911166 0.2587108612060547 3189
1784230911191 0.5427611470222473 3190
1784230911218 0.2176644653081894 3191
1784230911244 0.43212080001831055 3192
1784230911267 0.05935211107134819 3193
1784230911294 0.2088720202445984 3194
1784230911317 0.2558206617832184 3195
1784230911344 0.20826269686222076 3196
1784230911371 0.23502278327941895 3197
1784230911395 0.3230440616607666 3198
1784230911419 0.15090298652648926 3199
1784230911445 0.28101426362991333 3200
1784230911468 0.15232408046722412 3201
1784230911494 0.09517192095518112 3202
1784230911524 0.18426144123077393 3203
1784230911557 0.19274947047233582 3204
1784230911584 0.1697143018245697 3205
1784230911611 0.3382609188556671 3206
1784230911635 0.3098992109298706 3207
1784230911664 0.23663657903671265 3208
1784230911694 0.11509857326745987 3209
1784230911725 0.2602883279323578 3210
1784230911749 0.22318275272846222 3211
1784230911778 0.10419055074453354 3212
1784230911802 0.06556988507509232 3213
1784230911831 0.08043176680803299 3214
1784230911854 0.3275185227394104 3215
1784230911880 0.3800143301486969 3216
1784230911909 0.2232334017753601 3217
1784230911937 0.23137806355953217 3218
1784230911966 0.1493520736694336 3219
1784230911994 0.30870378017425537 3220
1784230912021 0.08294937014579773 3221
1784230912052 0.15475992858409882 3222
1784230912077 0.23560091853141785 3223
1784230912103 0.20520053803920746 3224
1784230912129 0.1757153570652008 3225
1784230912155 0.4366791844367981 3226
1784230912180 0.2036297470331192 3227
1784230912205 0.28580373525619507 3228
1784230912231 0.18479806184768677 3229
1784230912259 0.3902442455291748 3230
1784230912285 0.3787715435028076 3231
1784230912312 0.21267764270305634 3232
1784230912340 0.11255397647619247 3233
1784230912368 0.16134591400623322 3234
1784230912398 0.369731068611145 3235
1784230912422 0.4753897786140442 3236
1784230912447 0.3050156533718109 3237
1784230912475 0.0797170028090477 3238
1784230912501 0.13523562252521515 3239
1784230912528 0.2721993327140808 3240
1784230912551 0.19841788709163666 3241
1784230912578 0.623328685760498 3242
1784230912611 0.27905377745628357 3243
1784230912642 0.24822723865509033 3244
1784230912668 0.1721155345439911 3245
1784230912694 0.2935146987438202 3246
1784230912721 0.08693613857030869 3247
1784230912747 0.32998719811439514 3248
1784230912773 0.31698161363601685 3249
1784230912800 0.2911283075809479 3250
1784230912826 0.0562228262424469 3251
1784230912851 0.25979962944984436 3252
1784230912875 0.22612005472183228 3253
1784230912902 0.45097360014915466 3254
1784230912928 0.1998055875301361 3255
1784230912952 0.4915755093097687 3256
1784230912977 0.2040242850780487 3257
1784230913005 0.25785672664642334 3258
1784230913037 0.24680370092391968 3259
1784230913063 0.43812280893325806 3260
1784230913166 0.0817316547036171 3261
1784230913213 0.1405552178621292 3262
1784230913241 0.2617121934890747 3263
1784230913273 0.19390155375003815 3264
1784230913299 0.11812131106853485 3265
1784230913325 0.21682512760162354 3266
1784230913349 0.128097802400589 3267
1784230913375 0.34558138251304626 3268
1784230913398 0.5247626900672913 3269
1784230913420 0.5216028094291687 3270
1784230913448 0.20252707600593567 3271
1784230913473 0.1341497302055359 3272
1784230913496 0.2896682024002075 3273
1784230913527 0.20778504014015198 3274
1784230913550 0.37907716631889343 3275
1784230913574 0.5894010663032532 3276
1784230913599 0.3439922034740448 3277
1784230913623 0.262466698884964 3278
1784230913645 0.1509251892566681 3279
1784230913673 0.37417128682136536 3280
1784230913696 0.09248577803373337 3281
1784230913719 0.20683635771274567 3282
1784230913748 0.38695040345191956 3283
1784230913777 0.27628567814826965 3284
1784230913802 0.2774154245853424 3285
1784230913830 0.35881325602531433 3286
1784230913856 0.5468490719795227 3287
1784230913880 0.2794314920902252 3288
1784230913905 0.1676899492740631 3289
1784230913933 0.22218088805675507 3290
1784230913960 0.28958940505981445 3291
1784230913986 0.4574865400791168 3292
1784230914014 0.18877454102039337 3293
1784230914037 0.3348005712032318 3294
1784230914065 0.3790510892868042 3295
1784230914091 0.40076228976249695 3296
1784230914116 0.21774110198020935 3297
1784230914141 0.43539899587631226 3298
1784230914165 0.25368532538414 3299
1784230914191 0.32391199469566345 3300
1784230914220 0.11959558725357056 3301
1784230914250 0.21764801442623138 3302
1784230914282 0.40991097688674927 3303
1784230914319 0.24120266735553741 3304
1784230914357 0.13419684767723083 3305
1784230914386 0.29856839776039124 3306
1784230914414 0.32240596413612366 3307
1784230914439 0.2690521478652954 3308
1784230914463 0.19918793439865112 3309
1784230914490 0.16186130046844482 3310
1784230914518 0.3804578483104706 3311
1784230914544 0.20583373308181763 3312
1784230914568 0.2970665991306305 3313
1784230914593 0.7012559175491333 3314
1784230914621 0.27887988090515137 3315
1784230914653 0.20763617753982544 3316
1784230914681 0.4042337238788605 3317
1784230914706 0.20096947252750397 3318
1784230914731 0.2752201557159424 3319
1784230914758 0.6184635758399963 3320
1784230914785 0.15037883818149567 3321
1784230914813 0.11665923148393631 3322
1784230914844 0.31619489192962646 3323
1784230914883 0.6756728887557983 3324
1784230914919 0.1714486926794052 3325
1784230915050 0.2742583453655243 3326
1784230915106 0.262639582157135 3327
1784230915137 0.12422400712966919 3328
1784230915164 0.23295307159423828 3329
1784230915188 0.31997618079185486 3330
1784230915216 0.496381014585495 3331
1784230915244 0.3728162348270416 3332
1784230915270 0.08715223520994186 3333
1784230915299 0.3267118036746979 3334
1784230915326 0.27146008610725403 3335
1784230915353 0.33569324016571045 3336
1784230915381 0.20326344668865204 3337
1784230915406 0.21859775483608246 3338
1784230915434 0.931399405002594 3339
1784230915460 0.3144877851009369 3340
1784230915498 0.3276953101158142 3341
1784230915526 0.2255534678697586 3342
1784230915553 0.1948123276233673 3343
1784230915583 0.44600316882133484 3344
1784230915612 0.12373988330364227 3345
1784230915637 0.3613618016242981 3346
1784230915664 0.22863127291202545 3347
1784230915688 0.22627009451389313 3348
1784230915714 0.1236514076590538 3349
1784230915740 0.145669087767601 3350
1784230915766 0.18515987694263458 3351
1784230915793 0.19635707139968872 3352
1784230915816 0.24625453352928162 3353
1784230915841 0.6980498433113098 3354
1784230915868 0.22156019508838654 3355
1784230915898 0.22985857725143433 3356
1784230915927 0.16603244841098785 3357
1784230915956 0.31071195006370544 3358
1784230915984 0.1998361051082611 3359
1784230916010 0.32995107769966125 3360
1784230916037 0.271013468503952 3361
1784230916066 0.46153223514556885 3362
1784230916095 0.18925577402114868 3363
1784230916120 0.21589848399162292 3364
1784230916145 0.1923128217458725 3365
1784230916167 0.30676302313804626 3366
1784230916197 0.05294732749462128 3367
1784230916223 0.48680925369262695 3368
1784230916251 0.48122113943099976 3369
1784230916279 0.4794430732727051 3370
1784230916311 0.23067747056484222 3371
1784230916342 0.3301730155944824 3372
1784230916367 0.25595787167549133 3373
1784230916393 0.19401928782463074 3374
1784230916420 0.11318490654230118 3375
1784230916447 0.24949337542057037 3376
1784230916472 0.1509697139263153 3377
1784230916498 0.17286494374275208 3378
1784230916522 0.29626208543777466 3379
1784230916549 0.08235441148281097 3380
1784230916574 0.10486222058534622 3381
1784230916601 0.27702564001083374 3382
1784230916649 0.12710854411125183 3383
1784230916679 0.27251070737838745 3384
1784230916714 0.15626512467861176 3385
1784230916735 0.2538476288318634 3386
1784230916762 0.3819555938243866 3387
1784230916786 0.3948303759098053 3388
1784230916811 0.5660314559936523 3389
1784230916839 0.0735558345913887 3390
1784230916864 0.19286201894283295 3391
1784230916891 0.11972634494304657 3392
1784230916916 0.3250104784965515 3393
1784230916944 0.3781692087650299 3394
1784230916969 0.11314931511878967 3395
1784230916998 0.5186657905578613 3396
1784230917023 0.38084226846694946 3397
1784230917048 0.30351004004478455 3398
1784230917072 0.2260352075099945 3399
1784230917098 0.11056167632341385 3400
1784230917124 0.11147113144397736 3401
1784230917152 0.10658307373523712 3402
1784230917179 0.1416478455066681 3403
1784230917206 0.16958068311214447 3404
1784230917233 0.24850814044475555 3405
1784230917259 0.2750011384487152 3406
1784230917282 0.08334340900182724 3407
1784230917309 0.2082291841506958 3408
1784230917334 0.24292808771133423 3409
1784230917363 0.22563697397708893 3410
1784230917389 0.13583597540855408 3411
1784230917417 0.6859469413757324 3412
1784230917442 0.39287611842155457 3413
1784230917468 0.42014577984809875 3414
1784230917569 0.23295409977436066 3415
1784230917614 0.4050249457359314 3416
1784230917641 0.5280987620353699 3417
1784230917666 0.23220676183700562 3418
1784230917692 0.23403695225715637 3419
1784230917716 0.35105255246162415 3420
1784230917742 0.26563969254493713 3421
1784230917769 0.2738713324069977 3422
1784230917795 0.4750140607357025 3423
1784230917819 0.3347533941268921 3424
1784230917847 0.17895860970020294 3425
1784230917874 0.3647790849208832 3426
1784230917900 0.10960949212312698 3427
1784230917927 0.40144115686416626 3428
1784230917951 0.3136219382286072 3429
1784230917977 0.025412486866116524 3430
1784230918007 0.5290806293487549 3431
1784230918058 0.10110582411289215 3432
1784230918091 0.32468459010124207 3433
1784230918133 0.2828487753868103 3434
1784230918164 0.14544005692005157 3435
1784230918198 0.43138259649276733 3436
1784230918232 0.2259291410446167 3437
1784230918258 0.31151220202445984 3438
1784230918284 0.4365236461162567 3439
1784230918311 0.11952794343233109 3440
1784230918337 0.02517499029636383 3441
1784230918364 0.33677607774734497 3442
1784230918391 0.3644922375679016 3443
1784230918418 0.05117151886224747 3444
1784230918445 0.32730811834335327 3445
1784230918473 0.2639811038970947 3446
1784230918503 0.28946033120155334 3447
1784230918532 0.11405263096094131 3448
1784230918554 0.2590177059173584 3449
1784230918580 0.3536994457244873 3450
1784230918605 0.14675916731357574 3451
1784230918630 0.23260244727134705 3452
1784230918655 0.09620174020528793 3453
1784230918680 0.30402258038520813 3454
1784230918704 0.2728080451488495 3455
1784230918729 0.13500134646892548 3456
1784230918753 0.21746188402175903 3457
1784230918778 0.2038896530866623 3458
1784230918801 0.3538658320903778 3459
1784230918827 0.12531769275665283 3460
1784230918857 0.28029343485832214 3461
1784230918885 0.15364289283752441 3462
1784230918914 0.10788214206695557 3463
1784230918945 0.3298492729663849 3464
1784230918982 0.24439039826393127 3465
1784230919009 0.3576117753982544 3466
1784230919036 0.4958406090736389 3467
1784230919063 0.18112985789775848 3468
1784230919086 0.2939823865890503 3469
1784230919114 0.2909928560256958 3470
1784230919137 0.12457773089408875 3471
1784230919165 0.36313316226005554 3472
1784230919192 0.5712683200836182 3473
1784230919218 0.29443493485450745 3474
1784230919244 0.3593827188014984 3475
1784230919268 0.21869345009326935 3476
1784230919294 0.20265249907970428 3477
1784230919323 0.322810560464859 3478
1784230919350 0.11491405218839645 3479
1784230919424 0.15788106620311737 3480
1784230919481 0.1218656674027443 3481
1784230919527 0.06962889432907104 3482
1784230919554 0.1287970095872879 3483
1784230919580 0.25291505455970764 3484
1784230919604 0.07263519614934921 3485
1784230919630 0.4140917658805847 3486
1784230919653 0.08111881464719772 3487
1784230919678 0.2921203374862671 3488
1784230919702 0.14818075299263 3489
1784230919729 0.3308187425136566 3490
1784230919756 0.24939680099487305 3491
1784230919794 0.748239278793335 3492
1784230919819 0.44429707527160645 3493
1784230919846 0.4142410159111023 3494
1784230919872 0.30346935987472534 3495
1784230919898 0.5544558763504028 3496
1784230919926 0.06694386899471283 3497
1784230919950 0.27717748284339905 3498
1784230919978 0.4029107689857483 3499
1784230920006 0.5342361330986023 3500
1784230920037 0.116012342274189 3501
1784230920067 0.319836288690567 3502
1784230920096 0.2617109715938568 3503
1784230920123 0.07598697394132614 3504
1784230920150 0.6341655850410461 3505
1784230920175 0.4885237216949463 3506
1784230920203 0.12663425505161285 3507
1784230920229 0.3492148220539093 3508
1784230920254 0.3748958110809326 3509
1784230920281 0.3644345700740814 3510
1784230920306 0.09228409826755524 3511
1784230920332 0.18835259974002838 3512
1784230920359 0.5218512415885925 3513
1784230920384 0.38380149006843567 3514
1784230920411 0.2553861737251282 3515
1784230920434 0.210005521774292 3516
1784230920459 0.5160397887229919 3517
1784230920482 0.12552019953727722 3518
1784230920507 0.6159144639968872 3519
1784230920531 0.052107106894254684 3520
1784230920556 0.7794820666313171 3521
1784230920582 0.17996539175510406 3522
1784230920607 0.2315893918275833 3523
1784230920633 0.49767422676086426 3524
1784230920657 0.41484755277633667 3525
1784230920681 0.42074906826019287 3526
1784230920704 0.5048836469650269 3527
1784230920729 0.09852388501167297 3528
1784230920755 0.1792200654745102 3529
1784230920780 0.4081161916255951 3530
1784230920803 0.3429352641105652 3531
1784230920829 0.29362308979034424 3532
1784230920855 0.17878271639347076 3533
1784230920882 0.7351981401443481 3534
1784230920908 0.42598605155944824 3535
1784230920933 0.18817925453186035 3536
1784230920960 0.1828710287809372 3537
1784230920983 0.2222796231508255 3538
1784230921009 0.5021255016326904 3539
1784230921037 0.2603638470172882 3540
1784230921064 0.27435535192489624 3541
1784230921089 0.2903515100479126 3542
1784230921115 0.38115596771240234 3543
1784230921142 0.20022502541542053 3544
1784230921170 0.21790164709091187 3545
1784230921202 0.2907570004463196 3546
1784230921237 0.2985508441925049 3547
1784230921272 0.13978776335716248 3548
1784230921302 0.09083879739046097 3549
1784230921333 0.21712370216846466 3550
1784230921365 0.24874761700630188 3551
1784230921395 0.21691666543483734 3552
1784230921420 0.11381197720766068 3553
1784230921446 0.13323485851287842 3554
1784230921472 0.24211996793746948 3555
1784230921498 0.16035646200180054 3556
1784230921525 0.8242673277854919 3557
1784230921548 0.12561550736427307 3558
1784230921573 0.27387917041778564 3559
1784230921599 1.0541967153549194 3560
1784230921625 0.34633177518844604 3561
1784230921649 0.36805739998817444 3562
1784230921676 0.26982012391090393 3563
1784230921702 0.46045926213264465 3564
1784230921729 0.5045682787895203 3565
1784230921752 0.7187333703041077 3566
1784230921778 0.2149992734193802 3567
1784230921803 0.08441946655511856 3568
1784230921830 0.13790655136108398 3569
1784230921856 0.18816819787025452 3570
1784230921883 0.2168416827917099 3571
1784230921912 0.17090420424938202 3572
1784230921939 0.2540716826915741 3573
1784230921968 0.26171186566352844 3574
1784230922067 0.14389681816101074 3575
1784230922111 0.10066844522953033 3576
1784230922135 0.3136000633239746 3577
1784230922165 0.16050219535827637 3578
1784230922195 0.09641385078430176 3579
1784230922219 0.716772198677063 3580
1784230922247 0.22762995958328247 3581
1784230922272 0.22734123468399048 3582
1784230922299 0.1753169447183609 3583
1784230922327 0.6571657061576843 3584
1784230922355 0.17828144133090973 3585
1784230922385 0.21422244608402252 3586
1784230922414 0.25234436988830566 3587
1784230922439 0.25463664531707764 3588
1784230922463 0.18366004526615143 3589
1784230922488 0.39625927805900574 3590
1784230922513 0.3162863254547119 3591
1784230922538 0.43460285663604736 3592
1784230922564 0.24144518375396729 3593
1784230922590 0.38654854893684387 3594
1784230922614 0.16029325127601624 3595
1784230922639 0.2245975136756897 3596
1784230922666 0.23544570803642273 3597
1784230922692 0.18438705801963806 3598
1784230922718 0.24589672684669495 3599
1784230922747 0.17520639300346375 3600
1784230922775 0.32812419533729553 3601
1784230922800 0.11592799425125122 3602
1784230922826 0.2515794038772583 3603
1784230922858 0.22370953857898712 3604
1784230922889 0.21264015138149261 3605
1784230922913 0.25137338042259216 3606
1784230922939 0.2855210602283478 3607
1784230922965 0.17860110104084015 3608
1784230922990 0.24427342414855957 3609
1784230923015 0.41575220227241516 3610
1784230923041 0.5280729532241821 3611
1784230923070 0.14150215685367584 3612
1784230923096 0.4147152304649353 3613
1784230923120 0.18076962232589722 3614
1784230923146 0.12914824485778809 3615
1784230923170 0.14939959347248077 3616
1784230923193 0.42854562401771545 3617
1784230923220 0.13741548359394073 3618
1784230923246 0.18252134323120117 3619
1784230923269 0.41896235942840576 3620
1784230923297 0.23322385549545288 3621
1784230923325 0.12096429616212845 3622
1784230923349 0.39717331528663635 3623
1784230923373 0.13584156334400177 3624
1784230923396 0.2086251974105835 3625
1784230923421 0.4140591323375702 3626
1784230923446 0.5502881407737732 3627
1784230923469 0.18336793780326843 3628
1784230923500 0.17021670937538147 3629
1784230923528 0.40966951847076416 3630
1784230923558 0.3325282335281372 3631
1784230923584 0.23742717504501343 3632
1784230923612 0.12866036593914032 3633
1784230923637 0.4524146020412445 3634
1784230923666 0.05296963453292847 3635
1784230923691 0.09364491701126099 3636
1784230923716 0.17947989702224731 3637
1784230923742 0.44699493050575256 3638
1784230923775 0.2363753318786621 3639
1784230923807 0.09832141548395157 3640
1784230923841 0.11565865576267242 3641
1784230923943 0.11937946826219559 3642
1784230923992 0.27973121404647827 3643
1784230924018 0.06965760141611099 3644
1784230924044 0.37843912839889526 3645
1784230924068 0.8034339547157288 3646
1784230924096 0.13240809738636017 3647
1784230924122 0.23266352713108063 3648
1784230924148 0.45307525992393494 3649
1784230924172 0.14550231397151947 3650
1784230924198 0.22211657464504242 3651
1784230924224 0.2888096570968628 3652
1784230924247 0.45751920342445374 3653
1784230924272 0.14637891948223114 3654
1784230924298 0.13844358921051025 3655
1784230924324 0.1327812522649765 3656
1784230924348 0.3233679533004761 3657
1784230924375 0.6551310420036316 3658
1784230924399 0.5263727307319641 3659
1784230924426 0.6489934921264648 3660
1784230924452 0.09241048246622086 3661
1784230924481 0.27774953842163086 3662
1784230924509 0.10953880846500397 3663
1784230924533 0.3710309565067291 3664
1784230924559 0.1860111802816391 3665
1784230924586 0.2859470248222351 3666
1784230924613 0.1728394627571106 3667
1784230924638 0.12160693109035492 3668
1784230924663 0.09143596887588501 3669
1784230924689 0.11947087198495865 3670
1784230924714 0.1953738033771515 3671
1784230924740 0.3196081221103668 3672
1784230924767 0.167217418551445 3673
1784230924793 0.30988091230392456 3674
1784230924816 0.07633906602859497 3675
1784230924843 0.13629944622516632 3676
1784230924869 0.2589157521724701 3677
1784230924898 0.14694422483444214 3678
1784230924928 0.07997962087392807 3679
1784230924953 0.17069043219089508 3680
1784230924982 0.10066993534564972 3681
1784230925008 0.2695111036300659 3682
1784230925036 0.6450471878051758 3683
1784230925064 0.3373512029647827 3684
1784230925095 0.38493093848228455 3685
1784230925120 0.0979219526052475 3686
1784230925145 0.07860793173313141 3687
1784230925166 0.40776538848876953 3688
1784230925192 0.21223606169223785 3689
1784230925220 0.3409481942653656 3690
1784230925250 0.44928106665611267 3691
1784230925279 0.13209861516952515 3692
1784230925307 0.1450047791004181 3693
1784230925332 0.4050951302051544 3694
1784230925358 0.29164090752601624 3695
1784230925387 0.14824828505516052 3696
1784230925417 0.2175377607345581 3697
1784230925445 0.27464979887008667 3698
1784230925472 0.4444229304790497 3699
1784230925498 0.46586403250694275 3700
1784230925521 0.3795112073421478 3701
1784230925548 0.16708014905452728 3702
1784230925573 0.13177184760570526 3703
1784230925598 0.22877371311187744 3704
1784230925624 0.19549566507339478 3705
1784230925728 0.6002591252326965 3706
1784230925771 0.3097081482410431 3707
1784230925802 0.10193973034620285 3708
1784230925830 0.07849310338497162 3709
1784230925860 0.5731146931648254 3710
1784230925891 0.09068387001752853 3711
1784230925915 0.0687403455376625 3712
1784230925945 0.1944781243801117 3713
1784230925974 0.477286159992218 3714
1784230926002 0.40614089369773865 3715
1784230926032 0.2643412947654724 3716
1784230926057 0.2748850882053375 3717
1784230926082 0.4875274896621704 3718
1784230926110 0.17395882308483124 3719
1784230926139 0.5526429414749146 3720
1784230926168 0.3398783802986145 3721
1784230926199 0.16424326598644257 3722
1784230926228 0.1413092017173767 3723
1784230926253 0.24134942889213562 3724
1784230926280 0.3143874406814575 3725
1784230926308 0.24117499589920044 3726
1784230926333 0.3161510229110718 3727
1784230926359 0.21136464178562164 3728
1784230926386 0.1936730444431305 3729
1784230926420 0.2299748659133911 3730
1784230926470 0.11816039681434631 3731
1784230926498 0.08354832231998444 3732
1784230926529 0.4393557012081146 3733
1784230926555 0.14314024150371552 3734
1784230926579 0.2050890177488327 3735
1784230926603 0.15259601175785065 3736
1784230926630 0.09144813567399979 3737
1784230926656 0.107415109872818 3738
1784230926683 0.6820079684257507 3739
1784230926710 0.336546391248703 3740
1784230926737 0.4184983968734741 3741
1784230926769 0.18199017643928528 3742
1784230926798 0.375964879989624 3743
1784230926823 0.051107391715049744 3744
1784230926848 0.25893688201904297 3745
1784230926874 0.3684256970882416 3746
1784230926898 0.07638727873563766 3747
1784230926927 0.21210473775863647 3748
1784230926950 0.18578623235225677 3749
1784230928817 0.26351693272590637 3750
1784230928842 0.10163835436105728 3751
1784230928869 0.054869379848241806 3752
1784230928894 0.137021005153656 3753
1784230928921 0.3217732906341553 3754
1784230928952 0.5045186281204224 3755
1784230928978 0.2676060199737549 3756
1784230929012 0.14212438464164734 3757
1784230929036 0.38366061449050903 3758
1784230929061 0.3821142315864563 3759
1784230929085 0.5548692345619202 3760
1784230929109 0.3385416269302368 3761
1784230929135 0.4999735951423645 3762
1784230929162 0.18863993883132935 3763
1784230929188 0.3173135817050934 3764
1784230929214 0.13311028480529785 3765
1784230929242 0.30939897894859314 3766
1784230929265 0.29218101501464844 3767
1784230929290 0.16663677990436554 3768
1784230929317 0.31581440567970276 3769
1784230929346 0.3573043942451477 3770
1784230929375 0.0653720274567604 3771
1784230929406 0.2513698935508728 3772
1784230929433 0.1987457573413849 3773
1784230929461 0.18782654404640198 3774
1784230929484 0.4755166172981262 3775
1784230929507 0.1331196427345276 3776
1784230929534 0.24937105178833008 3777
1784230929561 0.22450309991836548 3778
1784230929586 0.38164860010147095 3779
1784230929692 0.2603945732116699 3780
1784230929734 0.14072753489017487 3781
1784230929760 0.2383757084608078 3782
1784230929789 0.13412146270275116 3783
1784230929814 0.28949591517448425 3784
1784230929841 0.1778005063533783 3785
1784230929868 0.0683189332485199 3786
1784230929897 0.4631774127483368 3787
1784230929926 0.7357178330421448 3788
1784230929952 0.19158190488815308 3789
1784230929977 0.07800862938165665 3790
1784230930002 0.25721216201782227 3791
1784230930027 0.34256359934806824 3792
1784230930052 0.5008283853530884 3793
1784230930078 0.28199517726898193 3794
1784230930104 0.12471361458301544 3795
1784230930131 0.060616523027420044 3796
1784230930157 0.2717142403125763 3797
1784230930183 0.14331521093845367 3798
1784230930216 0.18248702585697174 3799
1784230930242 0.0667167380452156 3800
1784230930270 0.16141387820243835 3801
1784230930304 0.3760131001472473 3802
1784230930333 0.1504148244857788 3803
1784230930362 0.04965099319815636 3804
1784230930391 0.2337319552898407 3805
1784230930420 0.29220491647720337 3806
1784230930445 0.1493745595216751 3807
1784230930475 0.5380902290344238 3808
1784230930501 0.13685697317123413 3809
1784230930529 0.331064373254776 3810
1784230930555 0.09162313491106033 3811
1784230930579 0.06581607460975647 3812
1784230930602 0.13370400667190552 3813
1784230930625 0.4662364721298218 3814
1784230930650 0.2832416594028473 3815
1784230930675 0.14076237380504608 3816
1784230930698 0.2752676010131836 3817
1784230930721 0.05706214904785156 3818
1784230930746 0.47353219985961914 3819
1784230930772 0.1933068484067917 3820
1784230930796 0.2646387815475464 3821
1784230930819 0.13482609391212463 3822
1784230930843 0.2379157841205597 3823
1784230930865 0.5773593783378601 3824
1784230930892 0.3115350008010864 3825
1784230930917 0.14403893053531647 3826
1784230930939 0.1811552196741104 3827
1784230930964 0.1784648597240448 3828
1784230930989 0.16310825943946838 3829
1784230931016 0.16458550095558167 3830
1784230931043 0.27245450019836426 3831
1784230931069 0.2823292911052704 3832
1784230931097 0.2263156622648239 3833
1784230931123 0.3390272855758667 3834
1784230931152 0.3521152436733246 3835
1784230931182 0.23140190541744232 3836
1784230931212 0.3619479238986969 3837
1784230931241 0.11499826610088348 3838
1784230931272 0.2587645947933197 3839
1784230931297 0.304027259349823 3840
1784230931323 0.15962064266204834 3841
1784230931346 0.22071044147014618 3842
1784230931368 0.16886544227600098 3843
1784230931392 0.4956360161304474 3844
1784230931487 0.31742942333221436 3845
1784230931537 0.2600761651992798 3846
1784230931567 0.1963793784379959 3847
1784230931596 0.11675304174423218 3848
1784230931625 0.2680271565914154 3849
1784230931649 0.28189265727996826 3850
1784230931673 0.21034030616283417 3851
1784230931697 0.4174603521823883 3852
1784230931722 0.5522416830062866 3853
1784230931747 0.365738183259964 3854
1784230931770 0.07194133847951889 3855
1784230931800 0.19299189746379852 3856
1784230931828 0.20117442309856415 3857
1784230931857 0.1624595820903778 3858
1784230931880 0.09251762181520462 3859
1784230931903 0.11862550675868988 3860
1784230931926 0.0779217854142189 3861
1784230931950 0.29765644669532776 3862
1784230931976 0.16523052752017975 3863
1784230932001 0.2899479269981384 3864
1784230932027 0.1635647863149643 3865
1784230932053 0.5864613056182861 3866
1784230932080 0.335570752620697 3867
1784230932107 0.5872018337249756 3868
1784230932131 0.07417616993188858 3869
1784230932157 0.26576492190361023 3870
1784230932187 0.2014451026916504 3871
1784230932220 0.726082444190979 3872
1784230932247 0.3381756544113159 3873
1784230932275 0.19222284853458405 3874
1784230932299 0.10804758220911026 3875
1784230932328 0.15925775468349457 3876
1784230932351 0.18502628803253174 3877
1784230932378 0.26166102290153503 3878
1784230932406 0.20722883939743042 3879
1784230932431 0.15897561609745026 3880
1784230932457 0.2877032160758972 3881
1784230932485 0.27902060747146606 3882
1784230932515 0.5073971152305603 3883
1784230932543 0.1975879818201065 3884
1784230932567 0.2177579551935196 3885
1784230932592 0.46623536944389343 3886
1784230932617 0.437282532453537 3887
1784230932643 0.2863481342792511 3888
1784230932670 0.10501959919929504 3889
1784230932697 0.5091862082481384 3890
1784230932729 0.18926696479320526 3891
1784230932758 0.3302718997001648 3892
1784230932785 0.4182315468788147 3893
1784230932810 0.06718573719263077 3894
1784230932837 0.24545830488204956 3895
1784230932861 0.1448698788881302 3896
1784230932883 0.178240567445755 3897
1784230932907 0.30392056703567505 3898
1784230932932 0.17218825221061707 3899
1784230932959 0.12781600654125214 3900
1784230932986 0.2763490378856659 3901
1784230933010 0.14402590692043304 3902
1784230933031 0.2944333255290985 3903
1784230933059 0.18055808544158936 3904
1784230933084 0.12505027651786804 3905
1784230933112 0.20797230303287506 3906
1784230933138 0.11301063746213913 3907
1784230933161 0.27327555418014526 3908
1784230933186 0.05619204044342041 3909
1784230933318 0.3122271001338959 3910
1784230933346 0.40067461133003235 3911
1784230933372 0.2700096368789673 3912
1784230933400 0.2260802835226059 3913
1784230933429 0.07815983891487122 3914
1784230933457 0.19438567757606506 3915
1784230933482 0.24189084768295288 3916
1784230933511 0.07997573167085648 3917
1784230933535 0.2703530192375183 3918
1784230933561 0.05904826521873474 3919
1784230933587 0.1634259968996048 3920
1784230933612 0.1083272248506546 3921
1784230933639 0.11739233136177063 3922
1784230933663 0.31949710845947266 3923
1784230933691 0.1747855246067047 3924
1784230933715 0.18216083943843842 3925
1784230933739 0.16008159518241882 3926
1784230933763 0.27996644377708435 3927
1784230933789 0.34874698519706726 3928
1784230933816 0.13945753872394562 3929
1784230933845 0.17288264632225037 3930
1784230933870 0.11581406742334366 3931
1784230933896 0.5139460563659668 3932
1784230933922 0.11218250542879105 3933
1784230933947 0.1074616014957428 3934
1784230933972 0.1278866082429886 3935
1784230933996 0.3121218979358673 3936
1784230934022 0.22261950373649597 3937
1784230934047 0.20215484499931335 3938
1784230934072 0.13045214116573334 3939
1784230934097 0.05114474147558212 3940
1784230934124 0.2067001760005951 3941
1784230934157 0.1459345817565918 3942
1784230934190 0.1363234668970108 3943
1784230934216 0.18477597832679749 3944
1784230934242 0.309617817401886 3945
1784230934266 0.26124969124794006 3946
1784230934289 0.24882850050926208 3947
1784230934313 0.3179904818534851 3948
1784230934340 0.3006848692893982 3949
1784230934363 0.3091265559196472 3950
1784230934388 0.12817804515361786 3951
1784230934413 0.15975919365882874 3952
1784230934438 0.20358607172966003 3953
1784230934464 0.33741429448127747 3954
1784230934494 0.4566785991191864 3955
1784230934520 0.30882054567337036 3956
1784230934547 0.20696081221103668 3957
1784230934572 0.3721321225166321 3958
1784230934600 0.12638013064861298 3959
1784230934632 0.21038854122161865 3960
1784230934659 0.5286863446235657 3961
1784230934683 0.24001482129096985 3962
1784230934710 0.2800426781177521 3963
1784230934735 0.2201155126094818 3964
1784230934761 0.14323298633098602 3965
1784230934784 0.21693599224090576 3966
1784230934811 0.07498511672019958 3967
1784230934837 0.22827544808387756 3968
1784230934864 0.2758505940437317 3969
1784230934891 0.35246118903160095 3970
1784230934920 0.3109942376613617 3971
1784230934950 0.2638370394706726 3972
1784230934979 0.1370556801557541 3973
1784230935012 0.3740464746952057 3974
1784230935047 0.10737255215644836 3975
1784230935082 0.19723549485206604 3976
1784230935113 0.23514549434185028 3977
1784230935142 0.24922722578048706 3978
1784230935163 0.41755786538124084 3979
1784230935189 0.1269819587469101 3980
1784230935214 0.25513139367103577 3981
1784230935241 0.24098533391952515 3982
1784230935266 0.2763015329837799 3983
1784230935293 0.08208070695400238 3984
1784230935318 0.3183816969394684 3985
1784230935343 0.15684954822063446 3986
1784230935369 0.12537774443626404 3987
1784230935394 0.3233334422111511 3988
1784230935418 0.12069614231586456 3989
1784230935443 0.19798555970191956 3990
1784230935476 0.0849936231970787 3991
1784230935503 0.3057723641395569 3992
1784230935528 0.6470752358436584 3993
1784230935553 0.24903233349323273 3994
1784230935581 0.18210867047309875 3995
1784230935607 0.25072935223579407 3996
1784230935633 0.04502396658062935 3997
1784230935660 0.14411401748657227 3998
1784230935687 0.49700024724006653 3999
1784230935715 0.15823626518249512 4000
1784230935742 0.23399929702281952 4001
1784230935766 0.227108433842659 4002
1784230935793 0.15642502903938293 4003
1784230935821 0.08280286192893982 4004
1784230935844 0.18766576051712036 4005
1784230935869 0.17279398441314697 4006
1784230935896 0.11385051161050797 4007
1784230935921 0.10813204199075699 4008
1784230935946 0.24488499760627747 4009
1784230935970 0.32410937547683716 4010
1784230935995 0.13417980074882507 4011
1784230936021 0.06927894800901413 4012
1784230936046 0.2617192268371582 4013
1784230936074 0.12375068664550781 4014
1784230936097 0.5305545926094055 4015
1784230936126 0.20569264888763428 4016
1784230936149 0.2039612978696823 4017
1784230936174 0.1757453978061676 4018
1784230936199 0.13060562312602997 4019
1784230936223 0.13325317203998566 4020
1784230936249 0.08547943085432053 4021
1784230936274 0.09449855238199234 4022
1784230936375 0.44780024886131287 4023
1784230936417 0.09197086095809937 4024
1784230936445 0.43531128764152527 4025
1784230936474 0.24963702261447906 4026
1784230936502 0.13584981858730316 4027
1784230936531 0.37278735637664795 4028
1784230936560 0.1172124519944191 4029
1784230936589 0.20364005863666534 4030
1784230936615 0.30488017201423645 4031
1784230936644 0.24042066931724548 4032
1784230936675 0.1080089583992958 4033
1784230936698 0.34719064831733704 4034
1784230936725 0.4095058739185333 4035
1784230936751 0.18059149384498596 4036
1784230936778 0.4321337342262268 4037
1784230936805 0.21639803051948547 4038
1784230936830 0.10186336934566498 4039
1784230936858 0.07686960697174072 4040
1784230936885 0.07886990159749985 4041
1784230936917 0.3049406111240387 4042
1784230936945 0.18810059130191803 4043
1784230936968 0.27941131591796875 4044
1784230936995 0.6990233063697815 4045
1784230937022 0.2108931839466095 4046
1784230937046 0.10771161317825317 4047
1784230937074 0.138631209731102 4048
1784230937103 0.2716972529888153 4049
1784230937136 0.38378259539604187 4050
1784230937163 0.5725989937782288 4051
1784230937191 0.04776417836546898 4052
1784230937223 0.07068546116352081 4053
1784230937253 0.10949636250734329 4054
1784230937287 0.4109247624874115 4055
1784230937324 0.42415285110473633 4056
1784230937354 0.3917555510997772 4057
1784230937385 0.2979448139667511 4058
1784230937418 0.20421119034290314 4059
1784230937449 0.3501509428024292 4060
1784230937474 0.17396022379398346 4061
1784230937498 0.13154466450214386 4062
1784230937525 0.2367563098669052 4063
1784230937548 0.4157097041606903 4064
1784230937575 0.15733377635478973 4065
1784230937610 0.3784346878528595 4066
1784230937634 0.1835353672504425 4067
1784230937663 0.31930011510849 4068
1784230937691 0.7511624097824097 4069
1784230937721 0.1311766356229782 4070
1784230937750 0.16122758388519287 4071
1784230937778 0.08938252180814743 4072
1784230937805 0.5838503837585449 4073
1784230937829 0.3870861530303955 4074
1784230937853 0.14573198556900024 4075
1784230937879 0.4747926592826843 4076
1784230937907 0.2774340510368347 4077
1784230937934 0.23262041807174683 4078
1784230937966 0.18201464414596558 4079
1784230937995 0.3493201732635498 4080
1784230938023 0.07141081243753433 4081
1784230938048 0.22123174369335175 4082
1784230938076 0.7803594470024109 4083
1784230938102 0.1413385570049286 4084
1784230938132 0.475918710231781 4085
1784230938163 0.09798942506313324 4086
1784230938204 0.28263336420059204 4087
1784230938296 0.6307265758514404 4088
1784230938337 0.6025289297103882 4089
1784230938365 0.21518731117248535 4090
1784230938393 0.24688343703746796 4091
1784230938420 0.14688238501548767 4092
1784230938447 0.3366483151912689 4093
1784230938472 0.019883548840880394 4094
1784230938498 0.0971250981092453 4095
1784230938524 0.07081993669271469 4096
1784230938549 0.07085075229406357 4097
1784230938574 0.2626810371875763 4098
1784230938598 0.21459968388080597 4099
1784230938624 0.11829891055822372 4100
1784230938649 0.3262822926044464 4101
1784230938676 0.08876412361860275 4102
1784230938699 0.2557882070541382 4103
1784230938723 0.28606662154197693 4104
1784230938746 0.17147333920001984 4105
1784230938772 0.10997112840414047 4106
1784230938796 0.21966521441936493 4107
1784230938822 0.189562126994133 4108
1784230938845 0.42696332931518555 4109
1784230938872 0.12678316235542297 4110
1784230938899 0.48417481780052185 4111
1784230938922 0.15139955282211304 4112
1784230938945 0.244135782122612 4113
1784230938969 0.059096258133649826 4114
1784230938995 0.14013159275054932 4115
1784230939020 0.34250733256340027 4116
1784230939044 0.4671100080013275 4117
1784230939068 0.17387501895427704 4118
1784230939094 0.13306860625743866 4119
1784230939117 0.259572297334671 4120
1784230939161 0.2612714171409607 4121
1784230939185 0.13011936843395233 4122
1784230939210 0.49462413787841797 4123
1784230939235 0.20579741895198822 4124
1784230939260 0.4367516338825226 4125
1784230939282 0.3287355601787567 4126
1784230939307 0.46289730072021484 4127
1784230939331 0.5616703033447266 4128
1784230939355 0.37948915362358093 4129
1784230939377 0.1928466260433197 4130
1784230939402 0.054867617785930634 4131
1784230939429 0.4432721734046936 4132
1784230939454 0.4856020510196686 4133
1784230939484 0.17552413046360016 4134
1784230939516 0.19996489584445953 4135
1784230939545 0.5180518627166748 4136
1784230939568 0.458151638507843 4137
1784230939595 0.20320063829421997 4138
1784230939626 0.286464661359787 4139
1784230939655 0.2568970322608948 4140
1784230939679 0.3588850498199463 4141
1784230939707 0.09408313035964966 4142
1784230939732 0.3191083073616028 4143
1784230939759 0.3080679476261139 4144
1784230939781 0.27720534801483154 4145
1784230939806 0.14355051517486572 4146
1784230939829 0.34120845794677734 4147
1784230939855 0.3096730709075928 4148
1784230939881 0.04425189644098282 4149
1784230939909 0.30333733558654785 4150
1784230939935 0.23924775421619415 4151
1784230939959 0.16228894889354706 4152
1784230939983 0.09997463971376419 4153
1784230940010 0.16342613101005554 4154
1784230940036 0.25532543659210205 4155
1784230940061 0.08754277974367142 4156
1784230940088 0.32208380103111267 4157
1784230940190 0.32526668906211853 4158
1784230940228 0.19649602472782135 4159
1784230940257 0.11848145723342896 4160
1784230940283 0.2533317804336548 4161
1784230940309 0.25891414284706116 4162
1784230940333 0.315165638923645 4163
1784230940361 0.3574088215827942 4164
1784230940387 0.19418996572494507 4165
1784230940410 0.4318811595439911 4166
1784230940437 0.1974325180053711 4167
1784230940463 0.3782908320426941 4168
1784230940488 0.14776290953159332 4169
1784230940512 0.31516048312187195 4170
1784230940541 0.22260406613349915 4171
1784230940569 0.4690074324607849 4172
1784230940600 0.32083818316459656 4173
1784230940628 0.2035900056362152 4174
1784230940656 0.14548182487487793 4175
1784230940694 0.201832115650177 4176
1784230940722 0.23192523419857025 4177
1784230940747 0.29804807901382446 4178
1784230940775 0.6290248036384583 4179
1784230940801 0.15388238430023193 4180
1784230940827 0.5307867527008057 4181
1784230940851 0.19214339554309845 4182
1784230940878 0.249941885471344 4183
1784230940907 0.15129414200782776 4184
1784230940931 0.16803470253944397 4185
1784230940957 0.08571489155292511 4186
1784230940983 0.41886332631111145 4187
1784230941008 0.20527730882167816 4188
1784230941030 0.2517815828323364 4189
1784230941058 0.41974058747291565 4190
1784230941087 0.19107291102409363 4191
1784230941113 0.20032460987567902 4192
1784230941139 0.14824172854423523 4193
1784230941168 0.15797780454158783 4194
1784230941202 0.17504173517227173 4195
1784230941231 0.6138936877250671 4196
1784230941261 0.12684884667396545 4197
1784230941294 0.1486818492412567 4198
1784230941322 0.19890576601028442 4199
1784230941345 0.2223234921693802 4200
1784230941370 0.21734844148159027 4201
1784230941399 0.2560652792453766 4202
1784230941432 0.13354265689849854 4203
1784230941459 0.3219696283340454 4204
1784230941483 0.13893119990825653 4205
1784230941509 0.19509759545326233 4206
1784230941535 0.17343877255916595 4207
1784230941561 0.39445871114730835 4208
1784230941586 0.2398497611284256 4209
1784230941612 0.21671819686889648 4210
1784230941637 0.048883918672800064 4211
1784230941661 0.20292003452777863 4212
1784230941687 0.15597549080848694 4213
1784230941713 0.2692705988883972 4214
1784230941740 0.2944641411304474 4215
1784230941764 0.04808904975652695 4216
1784230941791 0.1345168948173523 4217
1784230941818 0.15558339655399323 4218
1784230941844 0.08556992560625076 4219
1784230941869 0.143451526761055 4220
1784230941895 0.2485567331314087 4221
1784230942008 0.42591747641563416 4222
1784230942057 0.35936039686203003 4223
1784230942089 0.2718772888183594 4224
1784230942122 0.1359880119562149 4225
1784230942156 0.4306456446647644 4226
1784230942182 0.30597221851348877 4227
1784230942212 0.19302669167518616 4228
1784230942240 0.26994219422340393 4229
1784230942265 0.41458866000175476 4230
1784230942293 0.10589320957660675 4231
1784230942320 0.21990036964416504 4232
1784230942344 0.24792176485061646 4233
1784230942369 0.20838043093681335 4234
1784230942395 0.30945703387260437 4235
1784230942422 0.613635778427124 4236
1784230942447 0.1464765965938568 4237
1784230942476 0.31768083572387695 4238
1784230942504 0.131262868642807 4239
1784230942527 0.23735643923282623 4240
1784230942551 0.47392648458480835 4241
1784230942577 0.30973556637763977 4242
1784230942603 0.17252397537231445 4243
1784230942629 0.5968822240829468 4244
1784230942656 0.27558818459510803 4245
1784230942682 0.22802479565143585 4246
1784230942715 0.22964097559452057 4247
1784230942743 0.23100632429122925 4248
1784230942765 0.08420629799365997 4249
1784230942791 0.22286362946033478 4250
1784230942816 0.37345755100250244 4251
1784230942843 0.24943898618221283 4252
1784230942868 0.1668502241373062 4253
1784230942893 0.26642704010009766 4254
1784230942919 0.20635157823562622 4255
1784230942943 0.2899169921875 4256
1784230942969 0.20743751525878906 4257
1784230942994 0.07622107863426208 4258
1784230943019 0.26771947741508484 4259
1784230943045 0.4074174463748932 4260
1784230943073 0.26030758023262024 4261
1784230943102 0.3679406940937042 4262
1784230943136 0.20372715592384338 4263
1784230943166 0.34222349524497986 4264
1784230943192 0.15455327928066254 4265
1784230943215 0.23321300745010376 4266
1784230943242 0.27754706144332886 4267
1784230943265 0.13903410732746124 4268
1784230943291 0.10291977226734161 4269
1784230943318 0.09858430176973343 4270
1784230943343 0.27900150418281555 4271
1784230943369 0.2714577317237854 4272
1784230943394 0.253681480884552 4273
1784230943421 0.20728367567062378 4274
1784230943445 0.4099220335483551 4275
1784230943473 0.15751923620700836 4276
1784230943499 0.21461644768714905 4277
1784230943530 0.13903938233852386 4278
1784230943557 0.4354161024093628 4279
1784230943580 0.10935753583908081 4280
1784230943609 0.1926448494195938 4281
1784230943640 0.15469209849834442 4282
1784230943664 0.5899123549461365 4283
1784230943691 0.06795858591794968 4284
1784230943717 0.3124963641166687 4285
1784230943743 0.33770179748535156 4286
1784230943847 0.1997634470462799 4287
1784230943892 0.15250828862190247 4288
1784230943921 0.5986062288284302 4289
1784230943946 0.06134758144617081 4290
1784230943970 0.20828893780708313 4291
1784230943994 0.27294379472732544 4292
1784230944020 0.15752805769443512 4293
1784230944045 0.18518979847431183 4294
1784230944073 0.3254869282245636 4295
1784230944097 0.28574174642562866 4296
1784230944123 0.35435301065444946 4297
1784230944152 0.264176607131958 4298
1784230944177 0.36485689878463745 4299
1784230944205 0.4171507656574249 4300
1784230944231 0.07817589491605759 4301
1784230944257 0.28547990322113037 4302
1784230944281 0.17335201799869537 4303
1784230944312 0.147745743393898 4304
1784230944341 0.2510730028152466 4305
1784230944370 0.3713764250278473 4306
1784230944394 0.28822067379951477 4307
1784230944424 0.4813721477985382 4308
1784230944452 0.481916218996048 4309
1784230944489 0.21965867280960083 4310
1784230944512 0.1798194944858551 4311
1784230944537 0.41047847270965576 4312
1784230944562 0.12407432496547699 4313
1784230944589 0.3403317630290985 4314
1784230944613 0.13046003878116608 4315
1784230944640 0.5144740343093872 4316
1784230944662 0.07552266865968704 4317
1784230944688 0.40873584151268005 4318
1784230944713 0.062386929988861084 4319
1784230944742 0.1465165913105011 4320
1784230944766 0.36024680733680725 4321
1784230944793 0.28212082386016846 4322
1784230944820 0.21519917249679565 4323
1784230944844 0.27132946252822876 4324
1784230944874 0.5773043632507324 4325
1784230944903 0.11141742765903473 4326
1784230944934 0.16446678340435028 4327
1784230944961 0.2170545607805252 4328
1784230944988 0.12398986518383026 4329
1784230945012 0.1826249063014984 4330
1784230945039 0.18472126126289368 4331
1784230945065 0.4580713212490082 4332
1784230945095 0.1604594886302948 4333
1784230945121 0.21990346908569336 4334
1784230945149 0.11283713579177856 4335
1784230945178 0.09285131841897964 4336
1784230945209 0.34295040369033813 4337
1784230945236 0.3784845471382141 4338
1784230945264 0.24345532059669495 4339
1784230945291 0.12723028659820557 4340
1784230945321 0.4085994362831116 4341
1784230945349 0.338471919298172 4342
1784230945380 0.382638156414032 4343
1784230945407 0.07926502078771591 4344
1784230945433 0.2755137085914612 4345
1784230945456 0.22813384234905243 4346
1784230945479 0.23328033089637756 4347
1784230945505 0.3251420557498932 4348
1784230945529 0.09285347908735275 4349
1784230945556 0.3680109977722168 4350
1784230945582 0.31505095958709717 4351
1784230945608 0.2570198178291321 4352
1784230945634 0.2357189655303955 4353
1784230945659 0.2845432460308075 4354
1784230945686 0.11004335433244705 4355
1784230945709 0.25038763880729675 4356
1784230945734 0.8762764930725098 4357
1784230945830 0.475513756275177 4358
1784230945875 0.17473118007183075 4359
1784230945903 0.1786043494939804 4360
1784230945935 0.2908344864845276 4361
1784230945963 0.22197434306144714 4362
1784230945992 0.2559710144996643 4363
1784230946020 0.3222365379333496 4364
1784230946044 0.1656605303287506 4365
1784230946085 0.08140143007040024 4366
1784230946116 0.16276977956295013 4367
1784230946145 0.2875397503376007 4368
1784230946176 0.15921960771083832 4369
1784230946207 0.3231445550918579 4370
1784230946234 0.1804407835006714 4371
1784230946266 0.24966448545455933 4372
1784230946296 0.13488958775997162 4373
1784230946333 0.2259223759174347 4374
1784230946362 0.32121890783309937 4375
1784230946397 0.07138379663228989 4376
1784230946429 0.224215567111969 4377
1784230946465 0.46604225039482117 4378
1784230946494 0.2543408274650574 4379
1784230946534 0.06854140758514404 4380
1784230946564 0.2665567100048065 4381
1784230946596 0.2466476559638977 4382
1784230946643 0.19271209836006165 4383
1784230946715 0.13501977920532227 4384
1784230946744 0.09301609545946121 4385
1784230946773 0.1501736342906952 4386
1784230946806 0.2650151550769806 4387
1784230946842 0.13935025036334991 4388
1784230946874 0.1205875426530838 4389
1784230946910 0.39517152309417725 4390
1784230946978 0.15447263419628143 4391
1784230947010 0.10553741455078125 4392
1784230947047 0.13906662166118622 4393
1784230947105 0.1491662859916687 4394
1784230947136 0.18941998481750488 4395
1784230947175 0.17988722026348114 4396
1784230947211 0.1253499984741211 4397
1784230947263 0.4852721691131592 4398
1784230947291 0.055423371493816376 4399
1784230947314 0.6104726791381836 4400
1784230947342 0.6095280647277832 4401
1784230947373 0.24933871626853943 4402
1784230947399 0.48876243829727173 4403
1784230947425 0.1854778677225113 4404
1784230947451 0.09278921037912369 4405
1784230947477 0.07120025902986526 4406
1784230947503 0.11035662144422531 4407
1784230947528 0.17794150114059448 4408
1784230947554 0.31293976306915283 4409
1784230947578 0.21951036155223846 4410
1784230947605 0.05238853022456169 4411
1784230947627 0.46415722370147705 4412
1784230947654 0.27383607625961304 4413
1784230947683 0.1282377392053604 4414
1784230947714 0.4053475856781006 4415
1784230947741 0.14307989180088043 4416
1784230947765 0.09129057824611664 4417
1784230947885 0.15869273245334625 4418
1784230947925 0.22185160219669342 4419
1784230947969 0.1501028686761856 4420
1784230947995 0.19046053290367126 4421
1784230948020 0.07678107172250748 4422
1784230948044 0.23509149253368378 4423
1784230948075 0.3374130427837372 4424
1784230948101 0.2346613109111786 4425
1784230948131 0.5329025983810425 4426
1784230948158 0.2414976805448532 4427
1784230948181 0.13625435531139374 4428
1784230948207 0.08726372569799423 4429
1784230948232 0.285858690738678 4430
1784230948259 0.2547847330570221 4431
1784230948284 0.18959477543830872 4432
1784230948308 0.21945124864578247 4433
1784230948333 0.25458601117134094 4434
1784230948359 0.14580035209655762 4435
1784230948388 0.188174769282341 4436
1784230948414 0.14638356864452362 4437
1784230948440 0.2725089490413666 4438
1784230948466 0.15129584074020386 4439
1784230948491 0.27143311500549316 4440
1784230948517 0.19381773471832275 4441
1784230948542 0.2534783184528351 4442
1784230948579 0.47198358178138733 4443
1784230948619 0.06449169665575027 4444
1784230948654 0.24477967619895935 4445
1784230948696 0.20053240656852722 4446
1784230948727 0.6105138063430786 4447
1784230948757 0.1596105843782425 4448
1784230948780 0.11319413036108017 4449
1784230948809 0.15884967148303986 4450
1784230948835 0.08278520405292511 4451
1784230948858 0.060705363750457764 4452
1784230948880 0.27608469128608704 4453
1784230948910 0.07953020185232162 4454
1784230948938 0.14979983866214752 4455
1784230948963 0.09113968163728714 4456
1784230948991 0.39693865180015564 4457
1784230949020 0.39705514907836914 4458
1784230949045 0.12365437299013138 4459
1784230949073 0.44249972701072693 4460
1784230949099 0.18864938616752625 4461
1784230949127 0.23933681845664978 4462
1784230949151 0.1513359099626541 4463
1784230949174 0.09314915537834167 4464
1784230949204 0.12409483641386032 4465
1784230949232 0.2269585132598877 4466
1784230949259 0.232674703001976 4467
1784230949284 0.08484054356813431 4468
1784230949309 0.45003998279571533 4469
1784230949336 0.23270373046398163 4470
1784230949360 0.22956836223602295 4471
1784230949386 0.2690916955471039 4472
1784230949410 0.2024896889925003 4473
1784230949437 0.1170223280787468 4474
1784230949461 0.11338858306407928 4475
1784230949489 0.11967514455318451 4476
1784230949517 0.1892581433057785 4477
1784230949542 0.12226154655218124 4478
1784230949569 0.26856696605682373 4479
1784230949593 0.5254112482070923 4480
1784230949620 0.13447068631649017 4481
1784230949644 0.044873498380184174 4482
1784230949672 0.2843695282936096 4483
1784230949776 0.20901347696781158 4484
1784230949820 0.17542672157287598 4485
1784230949845 0.09916888177394867 4486
1784230949872 0.22052927315235138 4487
1784230949894 0.16440284252166748 4488
1784230949919 0.1650342047214508 4489
1784230949944 0.09875154495239258 4490
1784230949971 0.21343177556991577 4491
1784230949995 0.0753774642944336 4492
1784230950022 0.1877739280462265 4493
1784230950046 0.13044914603233337 4494
1784230950072 0.2505434453487396 4495
1784230950098 0.10953843593597412 4496
1784230950124 0.38203567266464233 4497
1784230950151 0.17473481595516205 4498
1784230950176 0.06655764579772949 4499
1784230950209 0.09171499311923981 4500
1784230950239 0.04343493655323982 4501
1784230950270 0.5557920336723328 4502
1784230950299 0.2141418755054474 4503
1784230950326 0.10542288422584534 4504
1784230950354 0.2990044951438904 4505
1784230950378 0.2437143623828888 4506
1784230950406 0.1619383841753006 4507
1784230950432 0.16699859499931335 4508
1784230950457 0.2168615609407425 4509
1784230950484 0.1566595733165741 4510
1784230950509 0.2449662834405899 4511
1784230950538 0.20407868921756744 4512
1784230950562 0.13459822535514832 4513
1784230950589 0.36315834522247314 4514
1784230950616 0.08097323775291443 4515
1784230950640 0.3489920496940613 4516
1784230950667 0.45858436822891235 4517
1784230950709 0.5508094429969788 4518
1784230950734 0.13494320213794708 4519
1784230950760 0.19516970217227936 4520
1784230950788 0.3336200714111328 4521
1784230950817 0.5098246335983276 4522
1784230950846 0.16853183507919312 4523
1784230950877 0.5203689336776733 4524
1784230950908 0.1655735969543457 4525
1784230950938 0.1788550168275833 4526
1784230950964 0.08234824985265732 4527
1784230950990 0.23530660569667816 4528
1784230951015 0.19905193150043488 4529
1784230951042 0.17747129499912262 4530
1784230951068 0.16952063143253326 4531
1784230951093 0.1835283488035202 4532
1784230951119 0.36645522713661194 4533
1784230951145 0.260648250579834 4534
1784230951170 0.13158045709133148 4535
1784230951194 0.266066312789917 4536
1784230951227 0.08243625611066818 4537
1784230951257 0.1896720677614212 4538
1784230951290 0.14464202523231506 4539
1784230951330 0.10665633529424667 4540
1784230951357 0.24009612202644348 4541
1784230951386 0.26433709263801575 4542
1784230951411 0.13636517524719238 4543
1784230951440 0.14171013236045837 4544
1784230951465 0.3307851254940033 4545
1784230951491 0.17190712690353394 4546
1784230951516 0.2204459011554718 4547
1784230951544 0.17464579641819 4548
1784230951569 0.09437966346740723 4549
1784230951593 0.31911754608154297 4550
1784230951619 0.18326140940189362 4551
1784230951645 0.46859490871429443 4552
1784230951672 0.28523656725883484 4553
1784230951695 0.22446903586387634 4554
1784230951722 0.1946209967136383 4555
1784230951747 0.24037043750286102 4556
1784230951773 0.5451169610023499 4557
1784230951795 0.17761407792568207 4558
1784230951821 0.19644062221050262 4559
1784230951845 0.27441126108169556 4560
1784230951874 0.22816364467144012 4561
1784230951901 0.044713880866765976 4562
1784230951925 0.2827012836933136 4563
1784230951952 0.14170217514038086 4564
1784230951979 0.14707159996032715 4565
1784230952006 0.4266134798526764 4566
1784230952031 0.28912341594696045 4567
1784230952059 0.4003638029098511 4568
1784230952088 0.16890977323055267 4569
1784230952112 0.3646644055843353 4570
1784230952140 0.18002526462078094 4571
1784230952255 0.2661519944667816 4572
1784230952297 0.270232230424881 4573
1784230952326 0.07031797617673874 4574
1784230952353 0.40827828645706177 4575
1784230952378 0.1672886312007904 4576
1784230952406 0.31252631545066833 4577
1784230952429 0.6963474750518799 4578
1784230952456 0.20897051692008972 4579
1784230952480 0.07174323499202728 4580
1784230952505 0.13454551994800568 4581
1784230952528 0.07181078940629959 4582
1784230952556 0.29322904348373413 4583
1784230952579 0.49163737893104553 4584
1784230952605 0.17595788836479187 4585
1784230952629 0.1356947422027588 4586
1784230952655 0.06009136512875557 4587
1784230952679 0.2945808470249176 4588
1784230952705 0.4476429224014282 4589
1784230952729 0.0734001025557518 4590
1784230952754 0.25124698877334595 4591
1784230952780 0.30453282594680786 4592
1784230952806 0.0844310000538826 4593
1784230952833 0.17128553986549377 4594
1784230952859 0.16612927615642548 4595
1784230952886 0.5484989881515503 4596
1784230952911 0.4173773229122162 4597
1784230952938 0.3293973207473755 4598
1784230952966 0.26074928045272827 4599
1784230952997 0.049028437584638596 4600
1784230953025 0.1778084933757782 4601
1784230953050 0.17701703310012817 4602
1784230953075 0.30861523747444153 4603
1784230953102 0.17252123355865479 4604
1784230953131 0.12465185672044754 4605
1784230953162 0.33521580696105957 4606
1784230953193 0.2182731330394745 4607
1784230953221 0.14132021367549896 4608
1784230953249 0.05961306020617485 4609
1784230953278 0.19225099682807922 4610
1784230953307 0.06419669836759567 4611
1784230953331 0.3555511236190796 4612
1784230953356 0.30371934175491333 4613
1784230953380 0.2804468274116516 4614
1784230953405 0.498907208442688 4615
1784230953428 0.2074642926454544 4616
1784230953454 0.08753539621829987 4617
1784230953478 0.2594274580478668 4618
1784230953506 0.39362338185310364 4619
1784230953532 0.03772927075624466 4620
1784230953557 0.14179132878780365 4621
1784230953585 0.1347968876361847 4622
1784230953615 0.2603003680706024 4623
1784230953641 0.14494740962982178 4624
1784230953668 0.16232338547706604 4625
1784230953694 0.1297389268875122 4626
1784230953723 0.2374681681394577 4627
1784230953745 0.1836230605840683 4628
1784230953770 0.15558786690235138 4629
1784230953793 0.5470865368843079 4630
1784230953818 0.5391777157783508 4631
1784230953844 0.10116177797317505 4632
1784230953869 0.31212329864501953 4633
1784230953893 0.13254545629024506 4634
1784230953918 0.07986419647932053 4635
1784230953945 0.20403845608234406 4636
1784230953976 0.3906290531158447 4637
1784230954075 0.11775627732276917 4638
1784230954117 0.1399441808462143 4639
1784230954148 0.1539784073829651 4640
1784230954174 0.6268023252487183 4641
1784230954205 0.11347224563360214 4642
1784230954232 0.2693605422973633 4643
1784230954261 0.172321617603302 4644
1784230954288 0.49411919713020325 4645
1784230954311 0.1672109067440033 4646
1784230954339 0.23166170716285706 4647
1784230954362 0.1437542587518692 4648
1784230954388 0.14387385547161102 4649
1784230954411 0.11252478510141373 4650
1784230954435 0.24519406259059906 4651
1784230954461 0.10703624784946442 4652
1784230954493 0.23080028593540192 4653
1784230954518 0.21876037120819092 4654
1784230954545 0.1866147518157959 4655
1784230954576 0.33175280690193176 4656
1784230954603 0.3951527774333954 4657
1784230954627 0.31704962253570557 4658
1784230954658 0.10667728632688522 4659
1784230954683 0.419769287109375 4660
1784230954713 0.24344192445278168 4661
1784230954743 0.2287645936012268 4662
1784230954769 0.17844882607460022 4663
1784230954794 0.10924606770277023 4664
1784230954822 0.26893678307533264 4665
1784230954846 0.09634168446063995 4666
1784230954873 0.12399297952651978 4667
1784230954898 0.18662281334400177 4668
1784230954924 0.16886748373508453 4669
1784230954951 0.3773154616355896 4670
1784230954976 0.05637933686375618 4671
1784230955003 0.36556491255760193 4672
1784230955031 0.45686468482017517 4673
1784230955062 0.34325748682022095 4674
1784230955097 0.1662035882472992 4675
1784230955123 0.1097445860505104 4676
1784230955152 0.1993754655122757 4677
1784230955176 0.2616743743419647 4678
1784230955204 0.18225882947444916 4679
1784230955233 0.26113924384117126 4680
1784230955267 0.18291471898555756 4681
1784230955293 0.1930658221244812 4682
1784230955322 0.15617533028125763 4683
1784230955345 0.14132338762283325 4684
1784230955373 0.23186857998371124 4685
1784230955397 0.09204959124326706 4686
1784230955420 0.05380922183394432 4687
1784230955442 0.16171544790267944 4688
1784230955466 0.57487952709198 4689
1784230955492 0.0851234719157219 4690
1784230955516 0.33250221610069275 4691
1784230955542 0.3422466814517975 4692
1784230955567 0.030812514945864677 4693
1784230955590 0.4693963825702667 4694
1784230955615 0.12592659890651703 4695
1784230955640 0.20979094505310059 4696
1784230955665 0.12954246997833252 4697
1784230955690 0.36584582924842834 4698
1784230955716 0.33181917667388916 4699
1784230955742 0.17056086659431458 4700
1784230955767 0.5126201510429382 4701
1784230955792 0.13575278222560883 4702
1784230955818 0.3927173614501953 4703
1784230955845 0.9072893857955933 4704
1784230955877 0.2383531630039215 4705
1784230955992 0.09199383854866028 4706
1784230956034 0.19064739346504211 4707
1784230956064 0.20333896577358246 4708
1784230956092 0.0857238918542862 4709
1784230956120 0.08572708815336227 4710
1784230956151 0.15388086438179016 4711
1784230956177 0.2939346134662628 4712
1784230956203 0.5898492932319641 4713
1784230956227 0.07414626330137253 4714
1784230956257 0.3114294111728668 4715
1784230956284 0.20573988556861877 4716
1784230956309 0.06459051370620728 4717
1784230956334 0.1964428871870041 4718
1784230956359 0.19498924911022186 4719
1784230956386 0.3621031939983368 4720
1784230956409 0.23334315419197083 4721
1784230956436 0.2667599320411682 4722
1784230956463 0.15288607776165009 4723
1784230956489 0.08746170252561569 4724
1784230956512 0.4010382294654846 4725
1784230956539 0.47437044978141785 4726
1784230956565 0.15222230553627014 4727
1784230956590 0.27703598141670227 4728
1784230956614 0.20497167110443115 4729
1784230956639 0.2705654203891754 4730
1784230956665 0.20923304557800293 4731
1784230956692 0.2767140865325928 4732
1784230956718 0.1737671196460724 4733
1784230956746 0.3241990804672241 4734
1784230956779 0.13979262113571167 4735
1784230956807 0.08872288465499878 4736
1784230956833 0.32311156392097473 4737
1784230956857 0.46772608160972595 4738
1784230956882 0.6270714998245239 4739
1784230956907 0.22957703471183777 4740
1784230956932 0.3266204297542572 4741
1784230956957 0.43530434370040894 4742
1784230956984 0.1858234703540802 4743
1784230957008 0.451328307390213 4744
1784230957036 0.18743453919887543 4745
1784230957060 0.3504725992679596 4746
1784230957087 0.22825832664966583 4747
1784230957119 0.2146187424659729 4748
1784230957148 0.29184582829475403 4749
1784230957174 0.1940382421016693 4750
1784230957201 0.24777309596538544 4751
1784230957226 0.14576023817062378 4752
1784230957252 0.2010675072669983 4753
1784230957277 0.13277316093444824 4754
1784230957303 0.1800803691148758 4755
1784230957327 0.2989899218082428 4756
1784230957354 0.058441635221242905 4757
1784230957377 0.2317507565021515 4758
1784230957404 0.1260494887828827 4759
1784230957428 0.2787870168685913 4760
1784230957453 0.3394533097743988 4761
1784230957477 0.34201204776763916 4762
1784230957504 0.14242441952228546 4763
1784230957531 0.13262131810188293 4764
1784230957559 0.664009690284729 4765
1784230957585 0.10922934859991074 4766
1784230957610 0.10882243514060974 4767
1784230957634 0.04819729924201965 4768
1784230957659 0.0691976398229599 4769
1784230957685 0.5165539383888245 4770
1784230957791 0.08405423909425735 4771
1784230957831 0.18114249408245087 4772
1784230957856 0.7007766962051392 4773
1784230957881 0.23388953506946564 4774
1784230957906 0.4003444015979767 4775
1784230957930 0.06349016726016998 4776
1784230957957 0.7274791598320007 4777
1784230957983 0.13578549027442932 4778
1784230958008 0.15613000094890594 4779
1784230958032 0.2275138646364212 4780
1784230958055 0.5079610347747803 4781
1784230958079 0.6269019246101379 4782
1784230958104 0.06087636947631836 4783
1784230958128 0.18274006247520447 4784
1784230958156 0.22789041697978973 4785
1784230958181 0.20650462806224823 4786
1784230958208 0.25846126675605774 4787
1784230958235 0.15833617746829987 4788
1784230958265 0.11308551579713821 4789
1784230958293 0.1474902182817459 4790
1784230958325 0.36927494406700134 4791
1784230958351 0.24230362474918365 4792
1784230958377 0.30028873682022095 4793
1784230958406 0.12020038813352585 4794
1784230958433 0.08114951848983765 4795
1784230958474 0.438819020986557 4796
1784230958502 0.1419627070426941 4797
1784230958532 0.09061042964458466 4798
1784230958564 0.0878264382481575 4799
1784230958591 0.46542003750801086 4800
1784230958620 0.10008922964334488 4801
1784230958644 0.13032254576683044 4802
1784230958671 0.6628865599632263 4803
1784230958697 0.07429270446300507 4804
1784230958723 0.3869718611240387 4805
1784230958750 0.25160473585128784 4806
1784230958775 0.06311844289302826 4807
1784230958802 0.08730287104845047 4808
1784230958826 0.12399814277887344 4809
1784230958854 0.3513186275959015 4810
1784230958880 0.46235495805740356 4811
1784230958905 0.06551922112703323 4812
1784230958930 0.17564038932323456 4813
1784230958955 0.14120930433273315 4814
1784230958979 0.38995733857154846 4815
1784230959003 0.06504642218351364 4816
1784230959028 0.09507713466882706 4817
1784230959053 0.10488123446702957 4818
1784230959076 0.21443583071231842 4819
1784230959101 0.08672317117452621 4820
1784230959131 0.31893888115882874 4821
1784230959162 0.7002478241920471 4822
1784230959189 0.08374223113059998 4823
1784230959214 0.2221701294183731 4824
1784230959238 0.14905156195163727 4825
1784230959261 0.3039548993110657 4826
1784230959286 0.1408504992723465 4827
1784230959311 0.08432096987962723 4828
1784230959339 0.06926953047513962 4829
1784230959364 0.16913270950317383 4830
1784230959390 0.6076489686965942 4831
1784230959415 0.2526841163635254 4832
1784230959439 0.30825677514076233 4833
1784230959464 0.2195361852645874 4834
1784230959489 0.038796644657850266 4835
1784230959515 0.26535162329673767 4836
1784230959541 0.09702908992767334 4837
1784230959569 0.23138873279094696 4838
1784230959595 0.11417452245950699 4839
1784230959620 0.4844151735305786 4840
1784230959648 0.203208789229393 4841
1784230959675 0.10739627480506897 4842
1784230959700 0.2579730153083801 4843
1784230959727 0.16390417516231537 4844
1784230959754 0.4601893723011017 4845
1784230959779 0.10990483313798904 4846
1784230959805 0.06782152503728867 4847
1784230959830 0.14417117834091187 4848
1784230959855 0.15134964883327484 4849
1784230959880 0.1682337522506714 4850
1784230959906 0.3937012553215027 4851
1784230959931 0.07118764519691467 4852
1784230959956 0.10963327437639236 4853
1784230959981 0.23602817952632904 4854
1784230960005 0.2531435787677765 4855
1784230960029 0.14103639125823975 4856
1784230960056 0.10152030736207962 4857
1784230960081 0.06720175594091415 4858
1784230960107 0.21588677167892456 4859
1784230960132 0.19170036911964417 4860
1784230960158 0.12976756691932678 4861
1784230960184 0.4226094186306 4862
1784230960209 0.1436934471130371 4863
1784230960235 0.3988783359527588 4864
1784230960261 0.18061818182468414 4865
1784230960289 0.27876803278923035 4866
1784230960310 0.0887795016169548 4867
1784230960336 0.3778708279132843 4868
1784230960360 0.07238014787435532 4869
1784230960387 0.32043546438217163 4870
1784230960410 0.21732904016971588 4871
1784230960435 0.24813801050186157 4872
1784230960461 0.12097242474555969 4873
1784230960489 0.308290034532547 4874
1784230960514 0.25854068994522095 4875
1784230960540 0.1039227694272995 4876
1784230960567 0.04245007038116455 4877
1784230960594 0.36154189705848694 4878
1784230960624 0.11059616506099701 4879
1784230960652 0.11342993378639221 4880
1784230960677 0.07163632661104202 4881
1784230960706 0.5343323945999146 4882
1784230960810 0.21013164520263672 4883
1784230960848 0.3480192720890045 4884
1784230960876 0.43664413690567017 4885
1784230960912 0.33073440194129944 4886
1784230960936 0.037709932774305344 4887
1784230960963 0.06368621438741684 4888
1784230960992 0.23187366127967834 4889
1784230961019 0.08734147995710373 4890
1784230961042 0.4961532652378082 4891
1784230961069 0.2270747423171997 4892
1784230961092 0.1974261850118637 4893
1784230961117 0.16249164938926697 4894
1784230961149 0.18580764532089233 4895
1784230961179 0.11585966497659683 4896
1784230961207 0.5036081671714783 4897
1784230961233 0.2898959517478943 4898
1784230961259 0.034491948783397675 4899
1784230961285 0.22674183547496796 4900
1784230961315 0.2305099219083786 4901
1784230961343 0.19849298894405365 4902
1784230961373 0.090540811419487 4903
1784230961398 0.271111398935318 4904
1784230961423 0.09539847075939178 4905
1784230961448 0.09642630815505981 4906
1784230961474 0.20945779979228973 4907
1784230961498 0.10968651622533798 4908
1784230961523 0.09333352744579315 4909
1784230961549 0.2895510792732239 4910
1784230961574 0.43491703271865845 4911
1784230961598 0.20101694762706757 4912
1784230961623 0.46893733739852905 4913
1784230961647 0.20476087927818298 4914
1784230961681 0.43664389848709106 4915
1784230961705 0.2478797435760498 4916
1784230961732 0.09873322397470474 4917
1784230961757 0.11201051622629166 4918
1784230961784 0.15889717638492584 4919
1784230961808 0.16145001351833344 4920
1784230961852 0.2216932326555252 4921
1784230961883 0.10994891077280045 4922
1784230961910 0.10344800353050232 4923
1784230961938 0.5512102246284485 4924
1784230961963 0.27485179901123047 4925
1784230961988 0.1985689401626587 4926
1784230962015 0.07272966206073761 4927
1784230962040 0.3887408673763275 4928
1784230962068 0.07551711052656174 4929
1784230962092 0.4310266375541687 4930
1784230962119 0.04231942445039749 4931
1784230962145 0.17641621828079224 4932
1784230962171 0.20655183494091034 4933
1784230962199 0.4921897053718567 4934
1784230962224 0.23279628157615662 4935
1784230962249 0.22179099917411804 4936
1784230962276 0.5113411545753479 4937
1784230962302 0.27782586216926575 4938
1784230962327 0.08114613592624664 4939
1784230962354 0.19007009267807007 4940
1784230962378 0.3078248202800751 4941
1784230962405 0.2131974846124649 4942
1784230962430 0.44867944717407227 4943
1784230962454 0.13420963287353516 4944
1784230962479 0.11748090386390686 4945
1784230962503 0.11709654331207275 4946
1784230962527 0.05859607830643654 4947
1784230962633 0.37132710218429565 4948
1784230962679 0.1866975873708725 4949
1784230962706 0.2813396155834198 4950
1784230962734 0.1680556833744049 4951
1784230962760 0.5151926279067993 4952
1784230962784 0.11163662374019623 4953
1784230962813 0.10117332637310028 4954
1784230962844 0.1306009292602539 4955
1784230962871 0.2615918517112732 4956
1784230962898 0.11958090960979462 4957
1784230962926 0.3206997513771057 4958
1784230962958 0.2517414391040802 4959
1784230962991 0.07933846861124039 4960
1784230963018 0.05638321116566658 4961
1784230963046 0.41116175055503845 4962
1784230963071 0.11597106605768204 4963
1784230963098 0.1456383913755417 4964
1784230963123 0.2705698311328888 4965
1784230963151 0.2826727628707886 4966
1784230963177 0.3423975706100464 4967
1784230963205 0.16437993943691254 4968
1784230963230 0.08587481826543808 4969
1784230963257 0.23054534196853638 4970
1784230963285 0.25317221879959106 4971
1784230963310 0.11223310232162476 4972
1784230963338 0.1095251813530922 4973
1784230963360 0.11344628781080246 4974
1784230963386 0.14331677556037903 4975
1784230963410 0.1624716818332672 4976
1784230963436 0.2332674264907837 4977
1784230963459 0.5587520003318787 4978
1784230963486 0.47453969717025757 4979
1784230963510 0.25246483087539673 4980
1784230963535 0.10227983444929123 4981
1784230963560 0.2261502593755722 4982
1784230963586 0.25441429018974304 4983
1784230963608 0.4081820845603943 4984
1784230963632 0.5058497786521912 4985
1784230963657 0.17375752329826355 4986
1784230963683 0.2463557869195938 4987
1784230963708 0.5038917064666748 4988
1784230963736 0.19625461101531982 4989
1784230963764 0.12406770139932632 4990
1784230963795 0.22064754366874695 4991
1784230963824 0.20390193164348602 4992
1784230963848 0.44187402725219727 4993
1784230963880 0.29902341961860657 4994
1784230963909 0.34902429580688477 4995
1784230963939 0.04030703008174896 4996
1784230963965 0.3031903803348541 4997
1784230963993 0.14229226112365723 4998
1784230964019 0.13373172283172607 4999
1784230964043 0.15044189989566803 5000
1784230964069 0.12881754338741302 5001
1784230964092 0.038505129516124725 5002
1784230964118 0.12170962244272232 5003
1784230964145 0.13973084092140198 5004
1784230964171 0.12627573311328888 5005
1784230964196 0.37790748476982117 5006
1784230964223 0.1108124852180481 5007
1784230964249 0.1492946296930313 5008
1784230964275 0.567879319190979 5009
1784230964300 0.11587803065776825 5010
1784230964328 0.09885408729314804 5011
1784230964360 0.10211807489395142 5012
1784230964462 0.15537357330322266 5013
1784230964508 0.2728348970413208 5014
1784230964533 0.43653348088264465 5015
1784230964560 0.09484538435935974 5016
1784230964588 0.2111712545156479 5017
1784230964614 0.1906493604183197 5018
1784230964641 0.5344765186309814 5019
1784230964666 0.33191508054733276 5020
1784230964691 0.21182501316070557 5021
1784230964719 0.15100443363189697 5022
1784230964756 0.4238431751728058 5023
1784230964789 0.3508611023426056 5024
1784230964815 0.06644834578037262 5025
1784230964839 0.2704666554927826 5026
1784230964865 0.03977865353226662 5027
1784230964890 0.08035033196210861 5028
1784230964917 0.056579116731882095 5029
1784230964940 0.35442090034484863 5030
1784230964966 0.11132413893938065 5031
1784230964993 0.2020472139120102 5032
1784230965019 0.059881217777729034 5033
1784230965044 0.11194846034049988 5034
1784230965071 0.3593488931655884 5035
1784230965096 0.3971617519855499 5036
1784230965120 0.079657182097435 5037
1784230965147 0.0751902237534523 5038
1784230965174 0.07552887499332428 5039
1784230965201 0.18689844012260437 5040
1784230965229 0.04185386002063751 5041
1784230965273 0.11957201361656189 5042
1784230965315 0.2465592920780182 5043
1784230965357 0.19325216114521027 5044
1784230965391 0.6133180856704712 5045
1784230965419 0.04675595462322235 5046
1784230965444 0.1420067697763443 5047
1784230965472 0.1316639631986618 5048
1784230965496 0.17856433987617493 5049
1784230965521 0.5513149499893188 5050
1784230965547 0.14946679770946503 5051
1784230965575 0.13012535870075226 5052
1784230965600 0.19749726355075836 5053
1784230965626 0.8524395227432251 5054
1784230965649 0.23610468208789825 5055
1784230965679 0.040239378809928894 5056
1784230965713 0.11800165474414825 5057
1784230965739 0.17129367589950562 5058
1784230965764 0.3517419099807739 5059
1784230965789 0.13044875860214233 5060
1784230965813 0.22502803802490234 5061
1784230965838 0.33652639389038086 5062
1784230965864 0.3684547543525696 5063
1784230965891 0.45779773592948914 5064
1784230965918 0.5575469136238098 5065
1784230965944 0.12992700934410095 5066
1784230965975 0.32541149854660034 5067
1784230966002 0.07824765890836716 5068
1784230966025 0.08454696089029312 5069
1784230966050 0.1908266544342041 5070
1784230966074 0.15966522693634033 5071
1784230966101 0.24328628182411194 5072
1784230966126 0.4701494574546814 5073
1784230966150 0.2612498104572296 5074
1784230966174 0.10215646773576736 5075
1784230966199 0.3170640170574188 5076
1784230966224 0.18329833447933197 5077
1784230966340 0.15109597146511078 5078
1784230966385 0.15765561163425446 5079
1784230966409 0.1009431704878807 5080
1784230966435 0.08740518242120743 5081
1784230966460 0.5415174961090088 5082
1784230966487 0.20183821022510529 5083
1784230966514 0.04257592558860779 5084
1784230966539 0.36555975675582886 5085
1784230966564 0.09389934688806534 5086
1784230966589 0.24048632383346558 5087
1784230966614 0.46885982155799866 5088
1784230966639 0.20507977902889252 5089
1784230966666 0.2669117748737335 5090
1784230966691 0.09635740518569946 5091
1784230966717 0.44857344031333923 5092
1784230966744 0.16683679819107056 5093
1784230966774 0.33916008472442627 5094
1784230966805 0.1405697613954544 5095
1784230966830 0.14793342351913452 5096
1784230966855 0.13039787113666534 5097
1784230966881 0.1340959519147873 5098
1784230966908 0.10411816835403442 5099
1784230966935 0.51313716173172 5100
1784230966962 0.1826252043247223 5101
1784230966997 0.10108589380979538 5102
1784230967023 0.06497936695814133 5103
1784230967048 0.1906416267156601 5104
1784230967074 0.3247351050376892 5105
1784230967101 0.31911179423332214 5106
1784230967134 0.4265897572040558 5107
1784230967163 0.11791515350341797 5108
1784230967189 0.059877317398786545 5109
1784230967217 0.08835113048553467 5110
1784230967245 0.10070338100194931 5111
1784230967278 0.15412674844264984 5112
1784230967306 0.37284642457962036 5113
1784230967337 0.24621057510375977 5114
1784230967366 0.07859157770872116 5115
1784230967397 0.20655983686447144 5116
1784230967425 0.19594329595565796 5117
1784230967452 0.17336946725845337 5118
1784230967475 0.45955905318260193 5119
1784230967502 0.4713405966758728 5120
1784230967526 0.31595081090927124 5121
1784230967555 0.15484915673732758 5122
1784230967583 0.2130655199289322 5123
1784230967611 0.2869378924369812 5124
1784230967637 0.28749793767929077 5125
1784230967664 0.23614279925823212 5126
1784230967690 0.09713459014892578 5127
1784230967718 0.286164790391922 5128
1784230967742 0.10878056287765503 5129
1784230967766 0.6088218688964844 5130
1784230967789 0.33090847730636597 5131
1784230967816 0.1697777658700943 5132
1784230967842 0.35390329360961914 5133
1784230967870 0.2706166207790375 5134
1784230967893 0.17858099937438965 5135
1784230967920 0.08946114033460617 5136
1784230967945 0.10893797129392624 5137
1784230967972 0.3897314965724945 5138
1784230967999 0.21344122290611267 5139
1784230968023 0.09533969312906265 5140
1784230968048 0.13159389793872833 5141
1784230968072 0.24144434928894043 5142
1784230968223 0.2687514126300812 5143
1784230968268 0.08677034825086594 5144
1784230968295 0.2391306757926941 5145
1784230968319 0.26549166440963745 5146
1784230968346 0.25261086225509644 5147
1784230968370 0.420511394739151 5148
1784230968395 0.1192665696144104 5149
1784230968420 0.35127076506614685 5150
1784230968443 0.2570498585700989 5151
1784230968471 0.11054453998804092 5152
1784230968497 0.21169942617416382 5153
1784230968522 0.14942359924316406 5154
1784230968548 0.07971566170454025 5155
1784230968572 0.06504440307617188 5156
1784230968597 0.5487307906150818 5157
1784230968623 0.6008186340332031 5158
1784230968647 0.3428429365158081 5159
1784230968672 0.08042886108160019 5160
1784230968698 0.36840254068374634 5161
1784230968724 0.3871444761753082 5162
1784230968749 0.15236420929431915 5163
1784230968775 0.16360729932785034 5164
1784230968809 0.3585238456726074 5165
1784230968839 0.27400314807891846 5166
1784230968862 0.22237122058868408 5167
1784230968889 0.1730331927537918 5168
1784230968917 0.23868206143379211 5169
1784230968941 0.09874357283115387 5170
1784230968963 0.3229096829891205 5171
1784230968988 0.3207646310329437 5172
1784230969015 0.08451388031244278 5173
1784230969057 0.44426393508911133 5174
1784230969083 0.22219593822956085 5175
1784230969107 0.3109493851661682 5176
1784230969133 0.14294776320457458 5177
1784230969157 0.5321766138076782 5178
1784230969184 0.0824160948395729 5179
1784230969209 0.4170043170452118 5180
1784230969234 0.09694791585206985 5181
1784230969261 0.08704178035259247 5182
1784230969286 0.1643477976322174 5183
1784230969312 0.3404064178466797 5184
1784230969339 0.11399433016777039 5185
1784230969366 0.2081100344657898 5186
1784230969390 0.2061535120010376 5187
1784230969416 0.10684910416603088 5188
1784230969442 0.16018681228160858 5189
1784230969468 0.27668049931526184 5190
1784230969491 0.17945164442062378 5191
1784230969517 0.10933098942041397 5192
1784230969543 0.1410820633172989 5193
1784230969569 0.18750770390033722 5194
1784230969592 0.19722571969032288 5195
1784230969619 0.21000081300735474 5196
1784230969645 0.06638926267623901 5197
1784230969670 0.2553536891937256 5198
1784230969695 0.14352546632289886 5199
1784230969723 0.1652137190103531 5200
1784230969750 0.4401894807815552 5201
1784230969774 0.1697264164686203 5202
1784230969801 0.30067774653434753 5203
1784230969825 0.311286062002182 5204
1784230969851 0.17521968483924866 5205
1784230969883 0.24343137443065643 5206
1784230969911 0.32578757405281067 5207
1784230969939 0.4921613335609436 5208
1784230969967 0.17020541429519653 5209
1784230969996 0.21663546562194824 5210
1784230970022 0.05827130004763603 5211
1784230970046 0.4642398953437805 5212
1784230970073 0.3467503786087036 5213
1784230970101 0.34226566553115845 5214
1784230970130 0.3157541751861572 5215
1784230970159 0.17290794849395752 5216
1784230970186 0.29173076152801514 5217
1784230970213 0.2817682921886444 5218
1784230970239 0.4137785732746124 5219
1784230970267 0.08973021060228348 5220
1784230970297 0.263897567987442 5221
1784230970332 0.17711499333381653 5222
1784230970357 0.15279945731163025 5223
1784230970383 0.07041044533252716 5224
1784230970408 0.14671608805656433 5225
1784230970436 0.2680518925189972 5226
1784230970458 0.1369512975215912 5227
1784230970487 0.20531365275382996 5228
1784230970514 0.3523460328578949 5229
1784230970539 0.17982515692710876 5230
1784230970569 0.31658563017845154 5231
1784230970597 0.2194591909646988 5232
1784230970625 0.14565473794937134 5233
1784230970657 0.1459677815437317 5234
1784230970684 0.49777528643608093 5235
1784230970710 0.08266106247901917 5236
1784230970737 0.3749518394470215 5237
1784230970765 0.0745428204536438 5238
1784230970789 0.26779454946517944 5239
1784230970819 0.3673565983772278 5240
1784230970845 0.12588047981262207 5241
1784230970876 0.15104132890701294 5242
1784230970905 0.026515506207942963 5243
1784230970929 0.09184841811656952 5244
1784230970956 0.12173377722501755 5245
1784230970986 0.2606702148914337 5246
1784230971007 0.24236488342285156 5247
1784230971033 0.681127667427063 5248
1784230971056 0.31051012873649597 5249
1784230971084 0.1079651266336441 5250
1784230971109 0.6603605151176453 5251
1784230971136 0.22877876460552216 5252
1784230971162 0.2182745486497879 5253
1784230971189 0.18728305399417877 5254
1784230971221 0.1531658172607422 5255
1784230971246 0.07389786094427109 5256
1784230971275 0.14225873351097107 5257
1784230971304 0.26852351427078247 5258
1784230971329 0.1741759032011032 5259
1784230971355 0.1235317662358284 5260
1784230971381 0.20325465500354767 5261
1784230971407 0.07994700968265533 5262
1784230971435 0.037610575556755066 5263
1784230971463 0.21086490154266357 5264
1784230971488 0.08750045299530029 5265
1784230971515 0.15156766772270203 5266
1784230971538 0.5197643041610718 5267
1784230971567 0.16978870332241058 5268
1784230971592 0.10107331722974777 5269
1784230971617 0.18755324184894562 5270
1784230971640 0.12724512815475464 5271
1784230971665 0.29674032330513 5272
1784230971690 0.1697809100151062 5273
1784230971718 0.19432882964611053 5274
1784230971744 0.1009254902601242 5275
1784230971769 0.3847489356994629 5276
1784230971796 0.4563038945198059 5277
1784230971821 0.07130497694015503 5278
1784230971854 0.17703041434288025 5279
1784230971885 0.08158265054225922 5280
1784230971919 0.2305518090724945 5281
1784230971944 0.10371879488229752 5282
1784230971970 0.23249824345111847 5283
1784230971994 0.256876140832901 5284
1784230972018 0.2670598030090332 5285
1784230972042 0.4729882478713989 5286
1784230972068 0.2754940390586853 5287
1784230972092 0.07420790940523148 5288
1784230972119 0.12174805253744125 5289
1784230972146 0.15209215879440308 5290
1784230972171 0.28039199113845825 5291
1784230972208 0.09873244166374207 5292
1784230972260 0.1763474941253662 5293
1784230972387 0.33606329560279846 5294
1784230972436 0.10068818926811218 5295
1784230972457 0.17802783846855164 5296
1784230972484 0.25001367926597595 5297
1784230972514 0.16838735342025757 5298
1784230972541 0.273236483335495 5299
1784230972569 0.030921196565032005 5300
1784230972595 0.10544450581073761 5301
1784230972621 0.3557368516921997 5302
1784230972647 0.04426693916320801 5303
1784230972673 0.2131091207265854 5304
1784230972699 0.446711927652359 5305
1784230972723 0.44761496782302856 5306
1784230972750 0.10997316986322403 5307
1784230972775 0.1364448219537735 5308
1784230972802 0.7175151109695435 5309
1784230972827 0.1687515825033188 5310
1784230972855 0.221548393368721 5311
1784230972883 0.2435450553894043 5312
1784230972910 0.34054991602897644 5313
1784230972945 0.07508619874715805 5314
1784230972971 0.6623433828353882 5315
1784230972998 0.15617364645004272 5316
1784230973022 0.13468919694423676 5317
1784230973049 0.1836554855108261 5318
1784230973078 0.14815202355384827 5319
1784230973110 0.24969257414340973 5320
1784230973139 0.1451944261789322 5321
1784230973164 0.33424630761146545 5322
1784230973191 0.2763703465461731 5323
1784230973218 0.2470395267009735 5324
1784230973243 0.17974475026130676 5325
1784230973270 0.19318948686122894 5326
1784230973297 0.19082562625408173 5327
1784230973323 0.07970213145017624 5328
1784230973348 0.22824503481388092 5329
1784230973379 0.1598285287618637 5330
1784230973407 0.1655895709991455 5331
1784230973435 0.10465507954359055 5332
1784230973457 0.16745895147323608 5333
1784230973484 0.3902466297149658 5334
1784230973530 0.2702935039997101 5335
1784230973555 0.24925094842910767 5336
1784230973582 0.20065288245677948 5337
1784230973609 0.2353322058916092 5338
1784230973636 0.07188142836093903 5339
1784230973662 0.19965846836566925 5340
1784230973688 0.11242631077766418 5341
1784230973714 0.28856682777404785 5342
1784230973738 0.40307536721229553 5343
1784230973767 0.059723857790231705 5344
1784230973790 0.31560996174812317 5345
1784230973818 0.27478259801864624 5346
1784230973841 0.08333561569452286 5347
1784230973868 0.0822417140007019 5348
1784230973890 0.13543227314949036 5349
1784230973916 0.12281522899866104 5350
1784230973944 0.11236373335123062 5351
1784230973971 0.07861794531345367 5352
1784230974002 0.15638799965381622 5353
1784230974028 0.28301504254341125 5354
1784230974063 0.220029816031456 5355
1784230974094 0.13063645362854004 5356
1784230974122 0.2672973871231079 5357
1784230974227 0.2529836893081665 5358
1784230974257 0.2673226594924927 5359
1784230974300 0.047580379992723465 5360
1784230974329 0.10047198832035065 5361
1784230974355 0.07633475959300995 5362
1784230974385 0.13999193906784058 5363
1784230974412 0.0856333076953888 5364
1784230974436 0.11993544548749924 5365
1784230974463 0.08561156690120697 5366
1784230974490 0.3315337598323822 5367
1784230974519 0.1457921713590622 5368
1784230974544 0.07453536242246628 5369
1784230974571 0.17937013506889343 5370
1784230974610 0.0917816311120987 5371
1784230974656 0.21578451991081238 5372
1784230974685 0.3720735013484955 5373
1784230974713 0.09632498025894165 5374
1784230974739 0.3505256175994873 5375
1784230974766 0.17142561078071594 5376
1784230974789 0.3226224184036255 5377
1784230974818 0.1522180438041687 5378
1784230974842 0.08609723299741745 5379
1784230974872 0.11269766837358475 5380
1784230974897 0.16739265620708466 5381
1784230974928 0.031972650438547134 5382
1784230974956 0.03525274991989136 5383
1784230974985 0.22045451402664185 5384
1784230975010 0.20869404077529907 5385
1784230975035 0.2496926635503769 5386
1784230975059 0.12235547602176666 5387
1784230975085 0.08357487618923187 5388
1784230975105 0.46416300535202026 5389
1784230975136 0.510202944278717 5390
1784230975165 0.17596882581710815 5391
1784230975199 0.10933199524879456 5392
1784230975227 0.0839545801281929 5393
1784230975253 0.06736243516206741 5394
1784230975280 0.05870210379362106 5395
1784230975306 0.11746998131275177 5396
1784230975335 0.017650848254561424 5397
1784230975360 0.2912898659706116 5398
1784230975387 0.29993560910224915 5399
1784230975416 0.4390398859977722 5400
1784230975440 0.19090600311756134 5401
1784230975465 0.15473288297653198 5402
1784230975490 0.30298545956611633 5403
1784230975518 0.30722662806510925 5404
1784230975544 0.5271131992340088 5405
1784230975570 0.04604048654437065 5406
1784230975595 0.08285965770483017 5407
1784230975621 0.156381294131279 5408
1784230975648 0.09306788444519043 5409
1784230975672 0.03804389387369156 5410
1784230975701 0.3050268292427063 5411
1784230975728 0.3350509703159332 5412
1784230975762 0.3302904963493347 5413
1784230975787 0.4150787889957428 5414
1784230975812 0.39396512508392334 5415
1784230975839 0.055586300790309906 5416
1784230975866 0.186038538813591 5417
1784230975890 0.03540705144405365 5418
1784230975917 0.2677466869354248 5419
1784230975941 0.1556544154882431 5420
1784230975969 0.2784889340400696 5421
1784230975997 0.09085719287395477 5422
1784230976022 0.13715414702892303 5423
1784230976128 0.21053721010684967 5424
1784230976173 0.09069056063890457 5425
1784230976202 0.07596632838249207 5426
1784230976239 0.21848437190055847 5427
1784230976267 0.10252153128385544 5428
1784230976293 0.4257635176181793 5429
1784230976317 0.24311017990112305 5430
1784230976341 0.11629726737737656 5431
1784230976367 0.15165144205093384 5432
1784230976388 0.15280728042125702 5433
1784230976416 0.05341362580657005 5434
1784230976444 0.14647479355335236 5435
1784230976474 0.509745180606842 5436
1784230976501 0.23799487948417664 5437
1784230976524 0.10079172253608704 5438
1784230976551 0.05967996269464493 5439
1784230976575 0.10991870611906052 5440
1784230976603 0.06991954147815704 5441
1784230976629 0.06758524477481842 5442
1784230976654 0.05505957081913948 5443
1784230976681 0.05142310634255409 5444
1784230976710 0.2689209282398224 5445
1784230976736 0.08623111993074417 5446
1784230976763 0.059037402272224426 5447
1784230976791 0.10867507010698318 5448
1784230976816 0.3421715199947357 5449
1784230976840 0.35169661045074463 5450
1784230976867 0.2614588141441345 5451
1784230976898 0.2218845933675766 5452
1784230976924 0.1250067949295044 5453
1784230976955 0.054027680307626724 5454
1784230976986 0.248026043176651 5455
1784230977018 0.11346685886383057 5456
1784230977045 0.060695797204971313 5457
1784230977070 0.16686764359474182 5458
1784230977094 0.12813632190227509 5459
1784230977120 0.055408231914043427 5460
1784230977148 0.29764407873153687 5461
1784230977172 0.32861092686653137 5462
1784230977199 0.36517223715782166 5463
1784230977227 0.10609658807516098 5464
1784230977252 0.0947965681552887 5465
1784230977277 0.1011219322681427 5466
1784230977303 0.14907778799533844 5467
1784230977329 0.4715677499771118 5468
1784230977357 0.11874007433652878 5469
1784230977385 0.1568613201379776 5470
1784230977412 0.31794092059135437 5471
1784230977437 0.29367557168006897 5472
1784230977466 0.13130560517311096 5473
1784230977494 0.1290699541568756 5474
1784230977520 0.23088255524635315 5475
1784230977549 0.061326704919338226 5476
1784230977578 0.16945141553878784 5477
1784230977612 0.2373037040233612 5478
1784230977642 0.13305296003818512 5479
1784230977669 0.22653381526470184 5480
1784230977694 0.420415997505188 5481
1784230977722 0.2955402731895447 5482
1784230977748 0.09559182822704315 5483
1784230977771 0.048233162611722946 5484
1784230977800 0.034979112446308136 5485
1784230977823 0.08389859646558762 5486
1784230977850 0.2858763039112091 5487
1784230977873 0.2188144475221634 5488
1784230977901 0.1287665069103241 5489
1784230978021 0.10324735939502716 5490
1784230978068 0.03143665939569473 5491
1784230978095 0.32252034544944763 5492
1784230978120 0.1722002774477005 5493
1784230978145 0.10623537003993988 5494
1784230978170 0.44944286346435547 5495
1784230978199 0.19101932644844055 5496
1784230978226 0.06391498446464539 5497
1784230978261 0.22817757725715637 5498
1784230978288 0.24003547430038452 5499
1784230978313 0.35874253511428833 5500
1784230978339 0.2618063688278198 5501
1784230978368 0.05960073694586754 5502
1784230978392 0.2075122743844986 5503
1784230978419 0.20637883245944977 5504
1784230978446 0.4576514661312103 5505
1784230978471 0.09401889145374298 5506
1784230978501 0.09001348912715912 5507
1784230978526 0.12087354063987732 5508
1784230978555 0.1433272659778595 5509
1784230978585 0.3703109323978424 5510
1784230978609 0.4971126317977905 5511
1784230978635 0.12210813909769058 5512
1784230978661 0.13549400866031647 5513
1784230978688 0.08027145266532898 5514
1784230978716 0.14030426740646362 5515
1784230978744 0.20194219052791595 5516
1784230978776 0.2192845493555069 5517
1784230978809 0.0810314416885376 5518
1784230978835 0.3419608175754547 5519
1784230978861 0.288667768239975 5520
1784230978887 0.28386083245277405 5521
1784230978916 0.10282524675130844 5522
1784230978941 0.08428586274385452 5523
1784230978967 0.14647816121578217 5524
1784230978989 0.1771146059036255 5525
1784230979018 0.09521037340164185 5526
1784230979045 0.43770989775657654 5527
1784230979070 0.30803340673446655 5528
1784230979096 0.18748310208320618 5529
1784230979122 0.1288190335035324 5530
1784230979150 0.13156773149967194 5531
1784230979191 0.4877815246582031 5532
1784230979221 0.24509887397289276 5533
1784230979253 0.13953061401844025 5534
1784230979280 0.11159788072109222 5535
1784230979308 0.027307087555527687 5536
1784230979335 0.3951699137687683 5537
1784230979360 0.07512912899255753 5538
1784230979385 0.12261085957288742 5539
1784230979414 0.1754055768251419 5540
1784230979439 0.3550596833229065 5541
1784230979467 0.1208525076508522 5542
1784230979490 0.15348444879055023 5543
1784230979518 0.06374964118003845 5544
1784230979547 0.11054440587759018 5545
1784230979572 0.3658428192138672 5546
1784230979597 0.1951514184474945 5547
1784230979623 0.07721811532974243 5548
1784230979650 0.4461421072483063 5549
1784230979676 0.06071995198726654 5550
1784230979699 0.3829655051231384 5551
1784230979723 0.06534363329410553 5552
1784230979749 0.041701577603816986 5553
1784230979773 0.23802587389945984 5554
1784230979800 0.13131551444530487 5555
1784230979825 0.21214061975479126 5556
1784230979852 0.3836360275745392 5557
1784230979879 0.1417890340089798 5558
1784230979904 0.14039145410060883 5559
1784230979931 0.41181397438049316 5560
1784230979956 0.5115697979927063 5561
1784230979983 0.3367708921432495 5562
1784230980008 0.14464586973190308 5563
1784230980037 0.06793912500143051 5564
1784230980065 0.03841857239603996 5565
1784230980096 0.1575830727815628 5566
1784230980132 0.15029914677143097 5567
1784230980156 0.2970837354660034 5568
1784230980180 0.09246141463518143 5569
1784230980206 0.20791155099868774 5570
1784230980232 0.1010642945766449 5571
1784230980255 0.031527142971754074 5572
1784230980282 0.22256101667881012 5573
1784230980306 0.13355779647827148 5574
1784230980332 0.1424148976802826 5575
1784230980356 0.0645613968372345 5576
1784230980382 0.1694478988647461 5577
1784230980417 0.031192127615213394 5578
1784230980447 0.11498956382274628 5579
1784230980471 0.08757348358631134 5580
1784230980499 0.28321802616119385 5581
1784230980528 0.07574847340583801 5582
1784230980560 0.04968686029314995 5583
1784230980585 0.1000414565205574 5584
1784230980609 0.22804823517799377 5585
1784230980637 0.15070195496082306 5586
1784230980668 0.33944210410118103 5587
1784230980696 0.05971931666135788 5588
1784230980726 0.07151205837726593 5589
1784230980752 0.3250199258327484 5590
1784230980775 0.2809131443500519 5591
1784230980803 0.1105123832821846 5592
1784230980834 0.3466583788394928 5593
1784230980859 0.3460082709789276 5594
1784230980887 0.36005687713623047 5595
1784230980996 0.3259035646915436 5596
1784230981038 0.313335657119751 5597
1784230981069 0.14882101118564606 5598
1784230981097 0.17493866384029388 5599
1784230981122 0.0752468854188919 5600
1784230981150 0.29758068919181824 5601
1784230981172 0.26502034068107605 5602
1784230981199 0.17175298929214478 5603
1784230981222 0.1301029771566391 5604
1784230981250 0.1797652244567871 5605
1784230981275 0.08727435767650604 5606
1784230981301 0.023236393928527832 5607
1784230981325 0.2626848816871643 5608
1784230981352 0.14217393100261688 5609
1784230981377 0.11758586019277573 5610
1784230981404 0.30262118577957153 5611
1784230981433 0.4698961675167084 5612
1784230981459 0.1144215390086174 5613
1784230981492 0.10064186155796051 5614
1784230981524 0.10474290698766708 5615
1784230981555 0.12409385293722153 5616
1784230981581 0.5442723035812378 5617
1784230981610 0.1721351444721222 5618
1784230981637 0.1828615814447403 5619
1784230981663 0.28011614084243774 5620
1784230981687 0.1900222897529602 5621
1784230981718 0.17693939805030823 5622
1784230981752 0.06013057753443718 5623
1784230981782 0.44762709736824036 5624
