1784237548051 2.4678847789764404 0
1784237548065 2.6056110858917236 1
1784237548076 2.2541303634643555 2
1784237548086 2.2019410133361816 3
1784237548096 2.222970485687256 4
1784237548106 2.3113670349121094 5
1784237548117 2.27255916595459 6
1784237548127 2.0820729732513428 7
1784237548138 1.8764607906341553 8
1784237548150 1.9795576333999634 9
1784237548161 1.8452963829040527 10
1784237548171 1.7123113870620728 11
1784237548181 1.8495408296585083 12
1784237548191 1.7204290628433228 13
1784237548202 1.7441478967666626 14
1784237548213 1.6514519453048706 15
1784237548224 1.5248475074768066 16
1784237548235 1.6618210077285767 17
1784237548246 1.4914677143096924 18
1784237548256 1.674325942993164 19
1784237548268 1.3610213994979858 20
1784237548280 1.5012438297271729 21
1784237548291 1.5004762411117554 22
1784237548302 1.145986795425415 23
1784237548313 1.0910933017730713 24
1784237548323 1.0724492073059082 25
1784237548334 1.3449550867080688 26
1784237548345 1.247479796409607 27
1784237548356 1.1294440031051636 28
1784237548367 1.015779972076416 29
1784237548377 1.2796157598495483 30
1784237548386 1.5409208536148071 31
1784237548401 1.2229739427566528 32
1784237548411 1.043148159980774 33
1784237548422 1.1469426155090332 34
1784237548433 0.9527881741523743 35
1784237548443 1.1800340414047241 36
1784237548454 1.0884487628936768 37
1784237548466 1.0381442308425903 38
1784237548476 1.1909990310668945 39
1784237548485 1.040764570236206 40
1784237548496 1.0521478652954102 41
1784237548507 0.990470290184021 42
1784237548518 1.0395128726959229 43
1784237548529 1.199708104133606 44
1784237548540 1.2210347652435303 45
1784237548551 0.7927637100219727 46
1784237548562 0.9019657373428345 47
1784237548572 1.033695101737976 48
1784237548583 0.8953077793121338 49
1784237548594 1.2011644840240479 50
1784237548603 1.3408164978027344 51
1784237548614 0.5897687077522278 52
1784237548624 0.6908484101295471 53
1784237548635 0.9603701829910278 54
1784237548647 0.8166786432266235 55
1784237548657 0.8463167548179626 56
1784237548667 0.7195146083831787 57
1784237548677 0.9659393429756165 58
1784237548688 0.9949426054954529 59
1784237548699 0.7353581190109253 60
1784237548710 0.9404099583625793 61
1784237548725 0.8128179907798767 62
1784237548737 0.9771715402603149 63
1784237548748 0.5972901582717896 64
1784237548759 0.7767173647880554 65
1784237548770 0.8080226182937622 66
1784237548781 0.9133013486862183 67
1784237548792 0.9762222766876221 68
1784237548803 0.8250861763954163 69
1784237548813 0.5355440974235535 70
1784237548824 0.5567811727523804 71
1784237548836 0.7070083022117615 72
1784237548846 0.762787401676178 73
1784237548856 1.0575470924377441 74
1784237548867 0.8240734934806824 75
1784237548877 0.7972447276115417 76
1784237548887 0.6594433784484863 77
1784237548900 0.7579841613769531 78
1784237548911 1.0039926767349243 79
1784237548921 0.7823066711425781 80
1784237548932 0.8446727395057678 81
1784237548942 0.8215298056602478 82
1784237548953 0.690423309803009 83
1784237548965 0.5594815611839294 84
1784237548976 0.6614987850189209 85
1784237548986 0.5985628366470337 86
1784237548997 0.7313588261604309 87
1784237549007 0.6060934066772461 88
1784237549019 0.7552453279495239 89
1784237549029 0.6619535088539124 90
1784237549039 0.672271192073822 91
1784237549050 0.7570090293884277 92
1784237549061 0.9125469923019409 93
1784237549071 0.6637056469917297 94
1784237549081 0.6360623836517334 95
1784237549090 1.0003162622451782 96
1784237549101 0.5492905974388123 97
1784237549112 0.6518890857696533 98
1784237549123 0.6627899408340454 99
1784237549135 0.7009158730506897 100
1784237549145 0.47635015845298767 101
1784237549155 0.6290633082389832 102
1784237549166 0.4968462288379669 103
1784237549177 0.6888648867607117 104
1784237549187 0.7648550868034363 105
1784237549198 0.6670198440551758 106
1784237549208 0.714867115020752 107
1784237549219 0.6108936667442322 108
1784237549230 0.779258131980896 109
1784237549240 0.675006628036499 110
1784237549251 0.5405765771865845 111
1784237549262 0.41349413990974426 112
1784237549272 0.7004643678665161 113
1784237549283 0.8169182538986206 114
1784237549294 0.4283759295940399 115
1784237549304 0.716038167476654 116
1784237549317 0.7106491923332214 117
1784237549328 0.8252165913581848 118
1784237549339 0.5766955018043518 119
1784237549350 0.6414700150489807 120
1784237549361 0.6491691470146179 121
1784237549371 0.6773258447647095 122
1784237549382 0.5666029453277588 123
1784237549393 0.5100834965705872 124
1784237549403 0.45935049653053284 125
1784237549414 0.5684173703193665 126
1784237549424 0.5237853527069092 127
1784237549434 0.6413686275482178 128
1784237549445 0.6482635140419006 129
1784237549456 0.5956780910491943 130
1784237549466 0.8031237721443176 131
1784237549476 0.30291181802749634 132
1784237549486 0.6680323481559753 133
1784237549496 0.5030417442321777 134
1784237549506 0.4150576591491699 135
1784237549517 0.6664783954620361 136
1784237549528 0.6415198445320129 137
1784237549538 0.48160895705223083 138
1784237549550 0.6642743945121765 139
1784237549561 0.44364988803863525 140
1784237549571 0.5183505415916443 141
1784237549581 0.4557724893093109 142
1784237549593 0.5694897174835205 143
1784237549602 0.4809591472148895 144
1784237549614 0.5242478847503662 145
1784237549623 0.5846297740936279 146
1784237549634 0.7193205952644348 147
1784237549645 0.7014748454093933 148
1784237549657 0.5492611527442932 149
1784237549667 0.5716785788536072 150
1784237549677 0.5658795833587646 151
1784237549688 0.7929739952087402 152
1784237549700 0.743098258972168 153
1784237549710 0.5103302597999573 154
1784237549721 0.5895388722419739 155
1784237549733 0.6257271766662598 156
1784237549744 0.5723288059234619 157
1784237549754 0.7156837582588196 158
1784237549766 0.555347204208374 159
1784237549776 0.3775425851345062 160
1784237549786 0.5858736634254456 161
1784237549796 0.35580286383628845 162
1784237549809 0.4712243676185608 163
1784237549820 0.44035834074020386 164
1784237549832 0.501065731048584 165
1784237549846 0.32181814312934875 166
1784237549856 0.7294763922691345 167
1784237549867 0.6916786432266235 168
1784237549878 0.3874416649341583 169
1784237549888 0.5958840250968933 170
1784237549899 0.7351853251457214 171
1784237549910 0.45984771847724915 172
1784237549921 0.3904947340488434 173
1784237549932 0.7422583699226379 174
1784237549943 0.6363722681999207 175
1784237549953 0.8546046614646912 176
1784237549965 0.265786349773407 177
1784237549976 0.5163048505783081 178
1784237549987 0.40590137243270874 179
1784237549998 0.6134608387947083 180
1784237550010 0.6044902205467224 181
1784237550021 0.7235423922538757 182
1784237550032 0.5948108434677124 183
1784237550043 0.5798501968383789 184
1784237550054 0.6041218638420105 185
1784237550066 0.715101957321167 186
1784237550076 0.5399744510650635 187
1784237550086 0.5577079653739929 188
1784237550097 0.5929338335990906 189
1784237550108 0.6968948841094971 190
1784237550120 0.42912790179252625 191
1784237550131 0.812135636806488 192
1784237550142 0.6290550827980042 193
1784237550153 0.536091685295105 194
1784237550164 0.3625517785549164 195
1784237550174 0.49321964383125305 196
1784237550184 0.5536327958106995 197
1784237550198 0.4100402891635895 198
1784237550211 0.466866672039032 199
1784237550223 0.3700450658798218 200
1784237550234 0.5848060846328735 201
1784237550246 0.5115842223167419 202
1784237550258 0.40653038024902344 203
1784237550271 0.41301316022872925 204
1784237550281 0.3583551347255707 205
1784237550291 0.47877728939056396 206
1784237550302 0.498839795589447 207
1784237550314 0.6496589779853821 208
1784237550324 0.6113462448120117 209
1784237550335 0.5385180711746216 210
1784237550346 0.4311923086643219 211
1784237550357 0.3991198241710663 212
1784237550368 0.2673274874687195 213
1784237550379 0.5586430430412292 214
1784237550390 0.6000335812568665 215
1784237550402 0.41767266392707825 216
1784237550412 0.5994782447814941 217
1784237550422 0.5808037519454956 218
1784237550433 0.4853213429450989 219
1784237550444 0.3866436779499054 220
1784237550455 0.3995567560195923 221
1784237550467 0.5961755514144897 222
1784237550477 0.30889198184013367 223
1784237550487 0.5451971888542175 224
1784237550499 0.5022595524787903 225
1784237550509 0.6194226145744324 226
1784237550519 0.35992127656936646 227
1784237550530 0.4746203124523163 228
1784237550541 0.3986058831214905 229
1784237550552 0.28999313712120056 230
1784237550562 0.3527691662311554 231
1784237550572 0.6155908703804016 232
1784237550582 0.3594595193862915 233
1784237550592 0.47726133465766907 234
1784237550606 0.30405065417289734 235
1784237550617 0.655580461025238 236
1784237550628 0.6023085713386536 237
1784237550639 0.6801148653030396 238
1784237550650 0.49137866497039795 239
1784237550661 0.36722564697265625 240
1784237550670 0.41884729266166687 241
1784237550681 0.41714707016944885 242
1784237550693 0.3937780261039734 243
1784237550704 0.44984912872314453 244
1784237550715 0.45430663228034973 245
1784237550728 0.4395909905433655 246
1784237550738 0.4013128876686096 247
1784237550749 0.5183756947517395 248
1784237550759 0.5689606070518494 249
1784237550770 0.5859037041664124 250
1784237550780 0.652494490146637 251
1784237550790 0.3917985260486603 252
1784237550802 0.28029313683509827 253
1784237550813 0.4988017678260803 254
1784237550823 0.5532137751579285 255
1784237550836 0.7762324810028076 256
1784237550846 0.5248138308525085 257
1784237550856 0.5500051975250244 258
1784237550867 0.21595722436904907 259
1784237550877 0.7257105708122253 260
1784237550887 0.6229069232940674 261
1784237550898 0.4021310806274414 262
1784237550908 0.49990254640579224 263
1784237550918 0.3885815441608429 264
1784237550929 0.48502057790756226 265
1784237550939 0.6982051730155945 266
1784237550950 0.5251724123954773 267
1784237550961 0.6725627183914185 268
1784237550972 0.17426341772079468 269
1784237550982 0.6341428756713867 270
1784237550994 0.7701963782310486 271
1784237551005 0.5443512201309204 272
1784237551016 0.5312520861625671 273
1784237551026 0.7559124231338501 274
1784237551036 0.4051438570022583 275
1784237551047 0.4951164722442627 276
1784237551056 0.47339358925819397 277
1784237551067 0.4087272882461548 278
1784237551078 0.5686297416687012 279
1784237551088 0.18891721963882446 280
1784237551100 0.40322110056877136 281
1784237551111 0.41189414262771606 282
1784237551121 0.5085575580596924 283
1784237551133 0.42946842312812805 284
1784237551144 0.5544354319572449 285
1784237551155 0.39571741223335266 286
1784237551166 0.38435783982276917 287
1784237551177 0.3471094071865082 288
1784237551187 0.32212427258491516 289
1784237551197 0.3097432553768158 290
1784237551208 0.7796182036399841 291
1784237551218 0.47024860978126526 292
1784237551229 0.41028934717178345 293
1784237551240 0.7426018118858337 294
1784237551251 0.48902183771133423 295
1784237551261 0.8103088140487671 296
1784237551271 0.9392791986465454 297
1784237551282 0.39585137367248535 298
1784237551293 0.43109482526779175 299
1784237551304 0.2892599403858185 300
1784237551315 0.17344725131988525 301
1784237551325 0.5334160327911377 302
1784237551336 0.3053746521472931 303
1784237551347 0.39627066254615784 304
1784237551356 0.5987126231193542 305
1784237551368 0.3370066285133362 306
1784237551378 0.41639530658721924 307
1784237551388 0.292967289686203 308
1784237551399 0.3792325258255005 309
1784237551410 0.4665164649486542 310
1784237551422 0.5599232316017151 311
1784237551433 0.3537229597568512 312
1784237551444 0.3985980153083801 313
1784237551454 0.3298754394054413 314
1784237551466 0.3262643814086914 315
1784237551476 0.5732507109642029 316
1784237551487 0.4133584797382355 317
1784237551498 0.3021426200866699 318
1784237551508 0.4416837692260742 319
1784237551518 0.7492259740829468 320
1784237551530 0.42107588052749634 321
1784237551540 0.31898826360702515 322
1784237551550 0.3964279890060425 323
1784237551561 0.5781635642051697 324
1784237551572 0.2264067679643631 325
1784237551582 0.4136395752429962 326
1784237551592 0.44161471724510193 327
1784237551604 0.2960403859615326 328
1784237551615 0.4156663715839386 329
1784237551625 0.2969089150428772 330
1784237551635 0.35927072167396545 331
1784237551646 0.5575807094573975 332
1784237551658 0.4042292833328247 333
1784237551669 0.42505306005477905 334
1784237551681 0.42151162028312683 335
1784237551693 0.3427773118019104 336
1784237551703 0.5012032985687256 337
1784237551715 0.39914122223854065 338
1784237551728 0.6117697954177856 339
1784237551738 0.52971351146698 340
1784237551751 0.4308052361011505 341
1784237551762 0.6074959635734558 342
1784237551774 0.4349633753299713 343
1784237551786 0.46313124895095825 344
1784237551798 0.42720386385917664 345
1784237551809 0.5609533190727234 346
1784237551820 0.3369198143482208 347
1784237551832 0.17411483824253082 348
1784237551843 0.5283399224281311 349
1784237551854 0.5712471008300781 350
1784237551866 0.4917556345462799 351
1784237551878 0.49388808012008667 352
1784237551888 0.3036365509033203 353
1784237551900 0.4073135256767273 354
1784237551912 0.3102232813835144 355
1784237551922 0.23795638978481293 356
1784237551935 0.42732641100883484 357
1784237551948 0.6521079540252686 358
1784237551961 0.25920623540878296 359
1784237551974 0.30203568935394287 360
1784237551986 0.32316499948501587 361
1784237551998 0.32009512186050415 362
1784237552011 0.44409725069999695 363
1784237552022 0.16751247644424438 364
1784237552034 0.5657632946968079 365
1784237552047 0.3723181188106537 366
1784237552061 0.4256660044193268 367
1784237552072 0.43581587076187134 368
1784237552084 0.509614109992981 369
1784237552097 0.2973763942718506 370
1784237552108 0.29542970657348633 371
1784237552120 0.5201617479324341 372
1784237552133 0.39157646894454956 373
1784237552145 0.27405035495758057 374
1784237552156 0.436580091714859 375
1784237552168 0.5431225299835205 376
1784237552179 0.1708223521709442 377
1784237552189 0.5421122908592224 378
1784237552201 0.30130428075790405 379
1784237552213 0.4439699649810791 380
1784237552224 0.43264350295066833 381
1784237552235 0.3592149615287781 382
1784237552248 0.5985110998153687 383
1784237552259 0.4963911175727844 384
1784237552270 0.3928423523902893 385
1784237552280 0.3783476948738098 386
1784237552291 0.5626731514930725 387
1784237552304 0.7403798699378967 388
1784237552318 0.5197577476501465 389
1784237552334 0.23334018886089325 390
1784237552345 0.3244226574897766 391
1784237552358 0.600283682346344 392
1784237552369 0.39159122109413147 393
1784237552381 0.3131554126739502 394
1784237552393 0.5121241211891174 395
1784237552405 0.43736982345581055 396
1784237552420 0.3051764667034149 397
1784237552434 0.445591002702713 398
1784237552449 0.15252985060214996 399
1784237552462 0.26344799995422363 400
1784237552478 0.4446575939655304 401
1784237552492 0.3928775489330292 402
1784237552504 0.37672072649002075 403
1784237552517 0.3915131688117981 404
1784237552529 0.31246092915534973 405
1784237552540 0.33976319432258606 406
1784237552552 0.3864733874797821 407
1784237552564 0.4942157566547394 408
1784237552575 0.36238086223602295 409
1784237552587 0.45618805289268494 410
1784237552599 0.39585015177726746 411
1784237552613 1.198155403137207 412
1784237552627 0.9169738292694092 413
1784237552638 0.40925857424736023 414
1784237552650 0.5949667692184448 415
1784237552662 0.4503267705440521 416
1784237552672 0.693985641002655 417
1784237552684 0.26315391063690186 418
1784237552696 0.6806741952896118 419
1784237552707 0.309221088886261 420
1784237552720 0.7110261917114258 421
1784237552733 0.38648489117622375 422
1784237552744 0.39851897954940796 423
1784237552755 0.3109894096851349 424
1784237552767 0.534606397151947 425
1784237552778 0.2175973355770111 426
1784237552789 0.439097136259079 427
1784237552801 0.15036951005458832 428
1784237552815 0.38462531566619873 429
1784237552828 0.7300764918327332 430
1784237552840 0.5071341395378113 431
1784237552852 0.3498185873031616 432
1784237552864 0.4017980992794037 433
1784237552876 0.4113278388977051 434
1784237552887 0.37920260429382324 435
1784237552899 0.5850245952606201 436
1784237552910 0.46093568205833435 437
1784237552922 0.46956202387809753 438
1784237552935 0.3535202145576477 439
1784237552946 0.49649733304977417 440
1784237552957 0.22350795567035675 441
1784237552969 0.6188908815383911 442
1784237552982 0.47114837169647217 443
1784237552993 0.44070449471473694 444
1784237553004 0.23035043478012085 445
1784237553018 0.2954241931438446 446
1784237553031 0.5974751114845276 447
1784237553043 0.6064716577529907 448
1784237553055 0.4184141755104065 449
1784237553067 0.3512023985385895 450
1784237553079 0.34175771474838257 451
1784237553091 0.4129868447780609 452
1784237553103 0.2081446647644043 453
1784237553115 0.40058785676956177 454
1784237553128 0.24238170683383942 455
1784237553142 0.4581889510154724 456
1784237553155 0.22748440504074097 457
1784237553167 0.3303053081035614 458
1784237553179 0.41699498891830444 459
1784237553194 0.3550493121147156 460
1784237553205 0.4499419629573822 461
1784237553218 0.38027864694595337 462
1784237553230 0.6031811833381653 463
1784237553242 0.521145761013031 464
1784237553254 0.44494593143463135 465
1784237553266 0.49485331773757935 466
1784237553278 0.3630739748477936 467
1784237553288 0.3084902763366699 468
1784237553300 0.4182435870170593 469
1784237553312 0.34537264704704285 470
1784237553324 0.6725542545318604 471
1784237553336 0.2536069452762604 472
1784237553348 0.10461205244064331 473
1784237553360 0.5690770745277405 474
1784237553371 0.37867826223373413 475
1784237553382 0.29690316319465637 476
1784237553395 0.5145317316055298 477
1784237553405 0.3840368986129761 478
1784237553418 0.5286125540733337 479
1784237553433 0.308074951171875 480
1784237553444 0.30470210313796997 481
1784237553455 0.24064619839191437 482
1784237553481 0.20273923873901367 483
1784237553493 0.40041062235832214 484
1784237553504 0.5279277563095093 485
1784237553517 0.5069518089294434 486
1784237553528 0.35334068536758423 487
1784237553539 0.4698150157928467 488
1784237553551 0.4036182463169098 489
1784237553563 0.3462904989719391 490
1784237553575 0.4858918786048889 491
1784237553586 0.5125270485877991 492
1784237553599 0.37945225834846497 493
1784237553610 0.44153761863708496 494
1784237553621 0.3094879388809204 495
1784237553634 0.42078453302383423 496
1784237553647 0.6551053524017334 497
1784237553659 0.1905554085969925 498
1784237553670 0.39068928360939026 499
1784237553682 0.5415292382240295 500
1784237553694 0.5298373103141785 501
1784237553708 0.41118699312210083 502
1784237553719 0.2990785837173462 503
1784237553732 0.26349878311157227 504
1784237553745 0.2666971683502197 505
1784237553756 0.3744524121284485 506
1784237553768 0.3901806175708771 507
1784237553780 0.418227881193161 508
1784237553793 0.24404224753379822 509
1784237553804 0.27106088399887085 510
1784237553817 0.3410033583641052 511
1784237553829 0.6476746201515198 512
1784237553840 0.20220400393009186 513
1784237553852 0.5460354685783386 514
1784237553865 0.5143260359764099 515
1784237553876 0.45201465487480164 516
1784237553886 0.28327125310897827 517
1784237553898 0.3161623775959015 518
1784237553910 0.2058209925889969 519
1784237553921 0.37046200037002563 520
1784237553933 0.5765044093132019 521
1784237553945 0.4227020740509033 522
1784237553964 0.5409688949584961 523
1784237553975 0.3883393406867981 524
1784237553986 0.3100716769695282 525
1784237553999 0.6892296075820923 526
1784237554014 0.2879711985588074 527
1784237554026 0.3321654498577118 528
1784237554038 0.39981257915496826 529
1784237554051 0.34603846073150635 530
1784237554064 0.28406015038490295 531
1784237554076 0.3310754895210266 532
1784237554087 0.4287826418876648 533
1784237554102 0.1816534698009491 534
1784237554114 0.5312772393226624 535
1784237554125 0.430914044380188 536
1784237554137 0.18828818202018738 537
1784237554150 0.3404428958892822 538
1784237554163 0.3851436972618103 539
1784237554175 0.5943848490715027 540
1784237554186 0.23149284720420837 541
1784237554200 0.3170583248138428 542
1784237554213 0.3281673192977905 543
1784237554224 0.6039115786552429 544
1784237554237 0.2530685365200043 545
1784237554249 0.48960357904434204 546
1784237554263 0.6169899702072144 547
1784237554274 0.4014999568462372 548
1784237554286 0.4936329424381256 549
1784237554298 0.31045249104499817 550
1784237554312 0.3354826867580414 551
1784237554324 0.6207727789878845 552
1784237554337 0.2910929322242737 553
1784237554349 0.2628628611564636 554
1784237554361 0.36809390783309937 555
1784237554372 0.4728603959083557 556
1784237554383 0.20032775402069092 557
1784237554396 0.2766093611717224 558
1784237554407 0.48601794242858887 559
1784237554419 0.758926510810852 560
1784237554432 0.16880986094474792 561
1784237554444 0.4350751042366028 562
1784237554455 0.33386972546577454 563
1784237554470 0.36306604743003845 564
1784237554482 0.2857827842235565 565
1784237554494 0.3396245241165161 566
1784237554506 0.3429456651210785 567
1784237554519 0.2954528331756592 568
1784237554532 0.40072914958000183 569
1784237554545 0.2176244556903839 570
1784237554558 0.44679397344589233 571
1784237554570 0.4673914313316345 572
1784237554582 0.40689167380332947 573
1784237554594 0.5093074440956116 574
1784237554605 0.4637828469276428 575
1784237554617 0.403717041015625 576
1784237554629 0.4600815773010254 577
1784237554643 0.29612302780151367 578
1784237554655 0.19366729259490967 579
1784237554669 0.3621799647808075 580
1784237554682 0.3355829417705536 581
1784237554695 0.41579094529151917 582
1784237554707 0.29398947954177856 583
1784237554720 0.22150956094264984 584
1784237554734 0.3987271785736084 585
1784237554746 0.35552483797073364 586
1784237554759 0.4184095561504364 587
1784237554769 0.3061642348766327 588
1784237554782 0.40985625982284546 589
1784237554795 0.35572031140327454 590
1784237554806 0.3185739517211914 591
1784237554819 0.23731645941734314 592
1784237554831 0.36994487047195435 593
1784237554844 0.5383780598640442 594
1784237554855 0.22925323247909546 595
1784237554867 0.19858165085315704 596
1784237554879 0.2568906843662262 597
1784237554889 0.43380364775657654 598
1784237554901 0.46873795986175537 599
1784237554913 0.3345601558685303 600
1784237554923 0.21057462692260742 601
1784237554934 0.3552042543888092 602
1784237554947 0.3035171926021576 603
1784237554957 0.20158922672271729 604
1784237554970 0.368276983499527 605
1784237554981 0.24342116713523865 606
1784237554993 0.4441462457180023 607
1784237555003 0.8967946171760559 608
1784237555015 0.4079846441745758 609
1784237555033 0.22913725674152374 610
1784237555046 0.2670626640319824 611
1784237555057 0.33208999037742615 612
1784237555069 0.4301643967628479 613
1784237555080 0.41893449425697327 614
1784237555091 0.303604394197464 615
1784237555102 0.7466121912002563 616
1784237555115 0.2275744527578354 617
1784237555126 0.5292205214500427 618
1784237555137 0.5259960293769836 619
1784237555150 0.3427397310733795 620
1784237555162 0.4682177007198334 621
1784237555174 0.34435126185417175 622
1784237555186 0.4630288779735565 623
1784237555199 0.30229443311691284 624
1784237555213 0.27065062522888184 625
1784237555226 0.5179224014282227 626
1784237555239 0.49896740913391113 627
1784237555253 0.4834994673728943 628
1784237555267 0.27220019698143005 629
1784237555282 0.3642251491546631 630
1784237555296 0.22960440814495087 631
1784237555310 0.31658610701560974 632
1784237555321 0.38280579447746277 633
1784237555334 0.26399487257003784 634
1784237555347 0.6642043590545654 635
1784237555361 0.3733063340187073 636
1784237555374 0.31778985261917114 637
1784237555386 0.4868820905685425 638
1784237555399 0.43613672256469727 639
1784237555411 0.3956739008426666 640
1784237555424 0.3158150613307953 641
1784237555435 0.3865775763988495 642
1784237555447 0.4368869662284851 643
1784237555458 0.3045203685760498 644
1784237555468 0.23026613891124725 645
1784237555480 0.24005304276943207 646
1784237555492 0.4149555265903473 647
1784237555502 0.27474862337112427 648
1784237555514 0.7784005403518677 649
1784237555527 0.26727256178855896 650
1784237555539 0.3640235662460327 651
1784237555551 0.28544121980667114 652
1784237555563 0.3832668662071228 653
1784237555575 0.27345335483551025 654
1784237555585 0.35070136189460754 655
1784237555597 0.32730987668037415 656
1784237555609 0.6128067374229431 657
1784237555619 0.2406536042690277 658
1784237555631 0.46795567870140076 659
1784237555642 0.55145663022995 660
1784237555653 0.31712019443511963 661
1784237555665 0.38391655683517456 662
1784237555675 0.41207626461982727 663
1784237555686 0.22946138679981232 664
1784237555698 0.29035109281539917 665
1784237555709 0.2614955008029938 666
1784237555720 0.315947949886322 667
1784237555732 0.228720024228096 668
1784237555743 0.14340023696422577 669
1784237555754 0.5714777708053589 670
1784237555765 0.3446694016456604 671
1784237555776 0.5310536623001099 672
1784237555787 0.37986981868743896 673
1784237555798 0.30063924193382263 674
1784237555812 0.37283194065093994 675
1784237555824 0.3883240818977356 676
1784237555835 0.31021517515182495 677
1784237555847 0.6395623087882996 678
1784237555858 0.25649046897888184 679
1784237555868 0.3303309977054596 680
1784237555879 0.7098114490509033 681
1784237555891 0.2940256893634796 682
1784237555902 0.34931835532188416 683
1784237555913 0.29588302969932556 684
1784237555925 0.5252043008804321 685
1784237555937 0.4303436279296875 686
1784237555950 0.46833622455596924 687
1784237555961 0.2906494438648224 688
1784237555972 0.2660479247570038 689
1784237555983 0.46441930532455444 690
1784237555995 0.3495729863643646 691
1784237556004 0.3945314288139343 692
1784237556017 0.5460283160209656 693
1784237556030 0.4635971188545227 694
1784237556043 0.3536880910396576 695
1784237556054 0.6577183604240417 696
1784237556065 0.45301252603530884 697
1784237556076 0.3529767096042633 698
1784237556087 0.24998734891414642 699
1784237556101 0.5405135750770569 700
1784237556113 0.1720997393131256 701
1784237556125 0.429758757352829 702
1784237556137 0.3358600437641144 703
1784237556150 0.5143250823020935 704
1784237556162 0.2415483444929123 705
1784237556174 0.36598750948905945 706
1784237556185 0.2786920964717865 707
1784237556197 0.42784154415130615 708
1784237556209 0.3468009829521179 709
1784237556220 0.20175844430923462 710
1784237556233 0.436981737613678 711
1784237556245 0.3062850534915924 712
1784237556255 0.3982163071632385 713
1784237556269 0.4330759048461914 714
1784237556281 0.5229523777961731 715
1784237556294 0.2891882658004761 716
1784237556304 0.43522945046424866 717
1784237556316 0.2643287181854248 718
1784237556329 0.33474886417388916 719
1784237556339 0.5108418464660645 720
1784237556351 0.7830682396888733 721
1784237556364 0.4246625006198883 722
1784237556376 0.35467228293418884 723
1784237556387 0.5285935401916504 724
1784237556400 0.4281873404979706 725
1784237556412 0.4789065718650818 726
1784237556425 0.2160550355911255 727
1784237556436 0.3288021385669708 728
1784237556449 0.10246183723211288 729
1784237556462 0.7973774075508118 730
1784237556475 0.37241074442863464 731
1784237556494 0.37547823786735535 732
1784237556505 0.27560901641845703 733
1784237556517 0.24626478552818298 734
1784237556530 0.15020523965358734 735
1784237556544 0.3132109045982361 736
1784237556554 0.18570683896541595 737
1784237556566 0.6824381351470947 738
1784237556578 0.20014655590057373 739
1784237556591 0.23272955417633057 740
1784237556602 0.6324048042297363 741
1784237556614 0.6076174974441528 742
1784237556625 0.3736887574195862 743
1784237556636 0.27427059412002563 744
1784237556648 0.6323845386505127 745
1784237556660 0.351708322763443 746
1784237556670 0.200903058052063 747
1784237556682 0.38949644565582275 748
1784237556694 0.35527926683425903 749
1784237556705 0.5679895281791687 750
1784237556716 0.2104048877954483 751
1784237556728 0.4406311810016632 752
1784237556738 0.4472835659980774 753
1784237556751 0.851009726524353 754
1784237556763 0.2858852744102478 755
1784237556775 0.2597109079360962 756
1784237556786 0.38484957814216614 757
1784237556799 0.5701284408569336 758
1784237556812 0.26919445395469666 759
1784237556824 0.35549697279930115 760
1784237556836 0.4980214238166809 761
1784237556848 0.11012277007102966 762
1784237556865 0.35126110911369324 763
1784237556878 0.33394867181777954 764
1784237556891 0.3491339385509491 765
1784237556904 0.369358628988266 766
1784237556919 1.1856508255004883 767
1784237556932 0.19297342002391815 768
1784237556946 0.37540557980537415 769
1784237556959 0.9359784722328186 770
1784237556972 0.4757809042930603 771
1784237556984 0.3374761641025543 772
1784237556997 0.12862594425678253 773
1784237557010 0.397244393825531 774
1784237557023 0.2597725987434387 775
1784237557035 0.5012360215187073 776
1784237557051 0.31110015511512756 777
1784237557067 0.1726575642824173 778
1784237557083 0.600865364074707 779
1784237557097 0.3647427260875702 780
1784237557112 0.38518452644348145 781
1784237557127 0.3498131334781647 782
1784237557143 0.3053920865058899 783
1784237557154 0.3773549497127533 784
1784237557168 0.4130682647228241 785
1784237557181 0.2583266496658325 786
1784237557195 0.4927559196949005 787
1784237557207 0.4909531772136688 788
1784237557219 0.1966741383075714 789
1784237557231 0.3048568069934845 790
1784237557243 0.1899857074022293 791
1784237557253 0.39166706800460815 792
1784237557266 0.4930676221847534 793
1784237557278 0.32592901587486267 794
1784237557289 0.4414021968841553 795
1784237557301 0.3345964252948761 796
1784237557313 0.22772882878780365 797
1784237557325 0.24839791655540466 798
1784237557336 0.1988854706287384 799
1784237557349 0.3528606593608856 800
1784237557361 0.3153834640979767 801
1784237557372 0.7212303280830383 802
1784237557384 0.20873482525348663 803
1784237557396 0.5289952754974365 804
1784237557407 0.340955913066864 805
1784237557418 0.5358273983001709 806
1784237557431 0.40464988350868225 807
1784237557442 0.39701634645462036 808
1784237557454 0.3388846218585968 809
1784237557466 0.17715363204479218 810
1784237557478 0.6716370582580566 811
1784237557490 0.29241278767585754 812
1784237557502 0.19462385773658752 813
1784237557514 0.366265207529068 814
1784237557526 0.525172233581543 815
1784237557537 0.6408703923225403 816
1784237557549 0.3314804434776306 817
1784237557562 0.502072811126709 818
1784237557573 0.231257364153862 819
1784237557584 0.5164891481399536 820
1784237557596 0.19311626255512238 821
1784237557609 0.3591404855251312 822
1784237557620 0.33453357219696045 823
1784237557632 0.5683606863021851 824
1784237557644 0.2273523360490799 825
1784237557657 0.18770712614059448 826
1784237557668 0.3735094368457794 827
1784237557680 0.6906415820121765 828
1784237557692 0.3917158842086792 829
1784237557703 0.3149976134300232 830
1784237557714 0.16862209141254425 831
1784237557727 0.4096883535385132 832
1784237557738 0.3549375534057617 833
1784237557751 0.3669130206108093 834
1784237557762 0.24649189412593842 835
1784237557774 0.41680145263671875 836
1784237557785 0.23961472511291504 837
1784237557797 0.45301103591918945 838
1784237557809 0.38150498270988464 839
1784237557820 0.24709650874137878 840
1784237557832 0.3538805842399597 841
1784237557844 0.4836574196815491 842
1784237557855 0.46023890376091003 843
1784237557867 0.37753093242645264 844
1784237557878 0.409083753824234 845
1784237557888 0.41700488328933716 846
1784237557900 0.4907902181148529 847
1784237557912 0.20726773142814636 848
1784237557923 0.6048411726951599 849
1784237557936 0.4150693714618683 850
1784237557948 0.35504409670829773 851
1784237557961 0.2641870379447937 852
1784237557972 0.5253551006317139 853
1784237557984 0.496012806892395 854
1784237557996 0.7196599841117859 855
1784237558008 0.2995050549507141 856
1784237558019 0.7751917243003845 857
1784237558031 0.21634718775749207 858
1784237558043 0.3868939280509949 859
1784237558054 0.46137964725494385 860
1784237558067 0.1854943186044693 861
1784237558080 0.3269850015640259 862
1784237558093 0.41530680656433105 863
1784237558106 0.46291089057922363 864
1784237558118 0.5348233580589294 865
1784237558132 0.6967177391052246 866
1784237558145 0.5806270837783813 867
1784237558159 0.4982036054134369 868
1784237558170 0.45621854066848755 869
1784237558183 0.24117040634155273 870
1784237558196 0.361250638961792 871
1784237558208 0.20305700600147247 872
1784237558220 0.3151306211948395 873
1784237558233 0.45683231949806213 874
1784237558245 0.6653444766998291 875
1784237558255 0.5190256237983704 876
1784237558266 0.15673522651195526 877
1784237558278 0.3706042468547821 878
1784237558289 0.4393428564071655 879
1784237558300 0.34170717000961304 880
1784237558313 0.5335729122161865 881
1784237558325 0.33989039063453674 882
1784237558336 0.36117953062057495 883
1784237558349 0.6795997619628906 884
1784237558362 0.294630765914917 885
1784237558374 0.17886726558208466 886
1784237558384 0.4654541313648224 887
1784237558397 0.44422677159309387 888
1784237558409 0.2750125229358673 889
1784237558421 0.3673724830150604 890
1784237558434 0.2768765985965729 891
1784237558448 0.4307348132133484 892
1784237558460 0.30796873569488525 893
1784237558474 0.35591983795166016 894
1784237558486 0.644901692867279 895
1784237558498 0.33765938878059387 896
1784237558511 0.6467460989952087 897
1784237558523 0.3547370731830597 898
1784237558537 0.31366264820098877 899
1784237558550 0.38017651438713074 900
1784237558566 0.13383063673973083 901
1784237558580 0.5031375885009766 902
1784237558595 0.447275310754776 903
1784237558610 0.33228012919425964 904
1784237558624 0.32329171895980835 905
1784237558637 0.2231227308511734 906
1784237558650 0.2769755721092224 907
1784237558667 0.36879175901412964 908
1784237558703 0.25055137276649475 909
1784237558720 0.284278005361557 910
1784237558746 0.4363846480846405 911
1784237558776 0.6260645389556885 912
1784237558803 0.31630343198776245 913
1784237558830 0.40076112747192383 914
1784237558858 0.3676888644695282 915
1784237558874 0.25777530670166016 916
1784237558891 0.6113415956497192 917
1784237558904 0.21925963461399078 918
1784237558920 0.3231496810913086 919
1784237558936 0.4330507218837738 920
1784237558952 0.2845628261566162 921
1784237558967 0.3681650757789612 922
1784237558980 0.643204927444458 923
1784237558996 0.6460065245628357 924
1784237559012 0.29932788014411926 925
1784237559026 0.2627410888671875 926
1784237559037 0.5683912634849548 927
1784237559051 0.3445356488227844 928
1784237559068 0.13059523701667786 929
1784237559080 0.40435919165611267 930
1784237559094 0.5223960876464844 931
1784237559109 0.33280718326568604 932
1784237559125 0.33453720808029175 933
1784237559141 0.13637800514698029 934
1784237559158 0.2537083923816681 935
1784237559176 0.48323023319244385 936
1784237559192 0.6021443605422974 937
1784237559210 0.24286261200904846 938
1784237559221 0.32034140825271606 939
1784237559233 0.44211864471435547 940
1784237559260 0.31244727969169617 941
1784237559273 0.3120897710323334 942
1784237559290 0.3165481984615326 943
1784237559302 0.39693471789360046 944
1784237559318 0.2755199074745178 945
1784237559335 0.48039495944976807 946
1784237559351 0.3492891490459442 947
1784237559364 0.2701387405395508 948
1784237559379 0.19517283141613007 949
1784237559393 0.4821104407310486 950
1784237559412 0.5357491374015808 951
1784237559429 0.19991454482078552 952
1784237559445 0.4069792926311493 953
1784237559458 0.3072204291820526 954
1784237559470 0.4607013463973999 955
1784237559494 0.09750771522521973 956
1784237559516 0.23213142156600952 957
1784237559535 0.3223262429237366 958
1784237559549 0.4174804091453552 959
1784237559564 0.40099871158599854 960
1784237559576 0.3213287591934204 961
1784237559591 0.3230782151222229 962
1784237559604 0.3169710338115692 963
1784237559618 0.2966703772544861 964
1784237559633 0.21619071066379547 965
1784237559647 0.49203696846961975 966
1784237559660 0.5043837428092957 967
1784237559674 0.5284634828567505 968
1784237559689 0.2274591326713562 969
1784237559703 0.3422034680843353 970
1784237559721 0.1355932354927063 971
1784237559744 0.3153451085090637 972
1784237559764 0.23633216321468353 973
1784237559785 0.44212016463279724 974
1784237559803 0.4885149896144867 975
1784237559816 0.4486943483352661 976
1784237559828 0.367825448513031 977
1784237559841 0.3593465983867645 978
1784237559853 0.1856275200843811 979
1784237559867 0.3838302195072174 980
1784237559881 0.18148404359817505 981
1784237559893 0.09692739695310593 982
1784237559904 0.40805408358573914 983
1784237559917 0.20925362408161163 984
1784237559931 0.15649542212486267 985
1784237559945 0.40120992064476013 986
1784237559957 0.4163879156112671 987
1784237559969 0.26053643226623535 988
1784237559981 0.3338014483451843 989
1784237559993 0.5117461085319519 990
1784237560006 0.3498927354812622 991
1784237560018 0.5825749039649963 992
1784237560031 1.142008662223816 993
1784237560045 0.32329604029655457 994
1784237560058 0.19083377718925476 995
1784237560068 0.5572803616523743 996
1784237560082 0.2405117154121399 997
1784237560095 0.11584261804819107 998
1784237560108 0.24532635509967804 999
1784237560120 0.4189395010471344 1000
1784237560133 0.22009676694869995 1001
1784237560146 0.49916455149650574 1002
1784237560159 0.2985304892063141 1003
1784237560170 0.8574858903884888 1004
1784237560181 0.3430795967578888 1005
1784237560192 0.38529831171035767 1006
1784237560203 0.5953097343444824 1007
1784237560215 0.17632630467414856 1008
1784237560227 0.1276702582836151 1009
1784237560237 0.45926281809806824 1010
1784237560248 0.1118188425898552 1011
1784237560259 0.2045893520116806 1012
1784237560270 0.22776873409748077 1013
1784237560282 0.21981015801429749 1014
1784237560294 0.2772582471370697 1015
1784237560304 0.45939743518829346 1016
1784237560315 0.6427013874053955 1017
1784237560326 0.31504905223846436 1018
1784237560337 0.33025074005126953 1019
1784237560348 0.21600046753883362 1020
1784237560360 0.18361224234104156 1021
1784237560370 0.2357233315706253 1022
1784237560381 0.13142068684101105 1023
1784237560392 0.32035425305366516 1024
1784237560403 0.2924168109893799 1025
1784237560414 0.3343508541584015 1026
1784237560427 0.33482134342193604 1027
1784237560437 0.4977878928184509 1028
1784237560451 0.37488576769828796 1029
1784237560462 0.24471046030521393 1030
1784237560473 0.36491647362709045 1031
1784237560483 0.4414725601673126 1032
1784237560495 0.2673346698284149 1033
1784237560506 0.17034603655338287 1034
1784237560517 0.4615790843963623 1035
1784237560530 0.7592447400093079 1036
1784237560541 0.5358352661132812 1037
1784237560552 0.23839332163333893 1038
1784237560563 0.5703040361404419 1039
1784237560576 0.24237628281116486 1040
1784237560586 0.5241730809211731 1041
1784237560597 0.5514547824859619 1042
1784237560610 0.2981419861316681 1043
1784237560623 0.49038589000701904 1044
1784237560642 0.23085039854049683 1045
1784237560654 0.15258514881134033 1046
1784237560667 0.7657074332237244 1047
1784237560681 0.21029718220233917 1048
1784237560692 0.18633140623569489 1049
1784237560704 0.7856859564781189 1050
1784237560718 0.859150230884552 1051
1784237560736 0.3150714933872223 1052
1784237560749 0.20922550559043884 1053
1784237560767 0.15704026818275452 1054
1784237560784 0.32976439595222473 1055
1784237560800 0.22220343351364136 1056
1784237560813 0.5140209197998047 1057
1784237560826 0.45463281869888306 1058
1784237560844 0.3673798441886902 1059
1784237560860 0.9497742652893066 1060
1784237560873 0.36163321137428284 1061
1784237560886 0.5511378049850464 1062
1784237560900 0.28761592507362366 1063
1784237560918 0.3882388770580292 1064
1784237560935 0.46473413705825806 1065
1784237560953 0.19531120359897614 1066
1784237560994 0.6183626055717468 1067
1784237561010 0.2831306457519531 1068
1784237561023 0.3255285620689392 1069
1784237561036 0.311223566532135 1070
1784237561050 0.2799944281578064 1071
1784237561065 0.4365174472332001 1072
1784237561080 0.20398782193660736 1073
1784237561095 0.23565933108329773 1074
1784237561110 0.16632795333862305 1075
1784237561122 0.13361001014709473 1076
1784237561150 0.3824760615825653 1077
1784237561187 0.3012678325176239 1078
1784237561215 0.3820737898349762 1079
1784237561232 0.43110108375549316 1080
1784237561252 0.8477446436882019 1081
1784237561273 0.5435682535171509 1082
1784237561293 0.47416990995407104 1083
1784237561315 0.43074119091033936 1084
1784237561330 0.26845791935920715 1085
1784237561346 0.67474365234375 1086
1784237561361 0.19085010886192322 1087
1784237561383 0.21878671646118164 1088
1784237561399 0.36315497756004333 1089
1784237561411 0.37524279952049255 1090
1784237561427 0.23611679673194885 1091
1784237561442 0.4708905518054962 1092
1784237561474 0.6748080849647522 1093
1784237561485 0.2050764262676239 1094
1784237561512 0.4244699478149414 1095
1784237561533 0.31730037927627563 1096
1784237561556 0.3047690987586975 1097
1784237561569 0.2803610861301422 1098
1784237561583 0.44029006361961365 1099
1784237561596 0.21763975918293 1100
1784237561611 0.364554226398468 1101
1784237561623 0.5320479869842529 1102
1784237561634 0.5021886825561523 1103
1784237561650 0.12668710947036743 1104
1784237561669 0.17101238667964935 1105
1784237561687 0.1911487579345703 1106
1784237561700 0.46767231822013855 1107
1784237561714 0.45516398549079895 1108
1784237561729 0.18587777018547058 1109
1784237561743 0.41435593366622925 1110
1784237561758 0.6586812138557434 1111
1784237561771 0.6472142934799194 1112
1784237561784 0.19682303071022034 1113
1784237561798 0.15647663176059723 1114
1784237561812 0.5547014474868774 1115
1784237561827 0.2703609764575958 1116
1784237561841 0.475683331489563 1117
1784237561854 0.38480252027511597 1118
1784237561867 0.15843679010868073 1119
1784237561880 0.08689232915639877 1120
1784237561893 0.3958403766155243 1121
1784237561905 0.4038463234901428 1122
1784237561918 0.22591817378997803 1123
1784237561932 0.48619118332862854 1124
1784237561945 0.5049722790718079 1125
1784237561958 0.30098477005958557 1126
1784237561971 0.15276625752449036 1127
1784237561985 0.29555457830429077 1128
1784237561997 0.14082610607147217 1129
1784237562011 0.2016899585723877 1130
1784237562024 0.3236587643623352 1131
1784237562036 0.37241384387016296 1132
1784237562049 0.24962088465690613 1133
1784237562064 0.19829212129116058 1134
1784237562078 0.28957244753837585 1135
1784237562093 0.5375615954399109 1136
1784237562112 0.43410757184028625 1137
1784237562128 0.39458996057510376 1138
1784237562142 0.22793549299240112 1139
1784237562156 0.3824045956134796 1140
1784237562173 0.15442223846912384 1141
1784237562187 0.1911734789609909 1142
1784237562200 0.45470955967903137 1143
1784237562215 0.40611109137535095 1144
1784237562228 0.3431221544742584 1145
1784237562240 0.16888688504695892 1146
1784237562252 0.3036233186721802 1147
1784237562266 0.26490557193756104 1148
1784237562278 0.5210038423538208 1149
1784237562292 0.10696637630462646 1150
1784237562306 0.1873496025800705 1151
1784237562319 0.18289513885974884 1152
1784237562333 0.9220794439315796 1153
1784237562346 0.3774625062942505 1154
1784237562358 0.21588349342346191 1155
1784237562370 0.2365020364522934 1156
1784237562382 0.30957886576652527 1157
1784237562394 0.1858624666929245 1158
1784237562406 0.28385716676712036 1159
1784237562422 0.49459338188171387 1160
1784237562436 0.2627421021461487 1161
1784237562449 0.17499983310699463 1162
1784237562463 0.3034135103225708 1163
1784237562474 0.2548145353794098 1164
1784237562485 0.29651501774787903 1165
1784237562499 0.2775491178035736 1166
1784237562513 0.35098764300346375 1167
1784237562529 0.09375365823507309 1168
1784237562542 0.22100241482257843 1169
1784237562554 0.3073161244392395 1170
1784237562567 0.22441917657852173 1171
1784237562580 0.30170196294784546 1172
1784237562593 0.1868334412574768 1173
1784237562604 0.3054308295249939 1174
1784237562616 0.1875705122947693 1175
1784237562631 0.21465489268302917 1176
1784237562643 0.368021160364151 1177
1784237562656 0.610641598701477 1178
1784237562669 0.37972497940063477 1179
1784237562681 0.5745086669921875 1180
1784237562694 0.17396864295005798 1181
1784237562707 0.37066197395324707 1182
1784237562718 0.42633679509162903 1183
1784237562734 0.36109375953674316 1184
1784237562749 0.5420292615890503 1185
1784237562761 0.46794044971466064 1186
1784237562773 0.6757082343101501 1187
1784237562784 0.21167778968811035 1188
1784237562797 0.5040067434310913 1189
1784237562811 0.2554086148738861 1190
1784237562822 0.5186188220977783 1191
1784237562836 0.6090046167373657 1192
1784237562850 0.4211289882659912 1193
1784237562864 0.16169030964374542 1194
1784237562877 0.4882645905017853 1195
1784237562891 0.46465161442756653 1196
1784237562902 0.3221276104450226 1197
1784237562916 0.4348636269569397 1198
1784237562927 0.19421589374542236 1199
1784237562942 0.3139135539531708 1200
1784237562954 0.4393760561943054 1201
1784237562966 0.3506298065185547 1202
1784237562979 0.22819818556308746 1203
1784237562994 0.5284963250160217 1204
1784237563008 0.49283719062805176 1205
1784237563021 0.23960715532302856 1206
1784237563037 0.4336951673030853 1207
1784237563053 0.3634912967681885 1208
1784237563066 0.24113322794437408 1209
1784237563080 0.20733222365379333 1210
1784237563093 0.33597785234451294 1211
1784237563104 0.5249890089035034 1212
1784237563116 0.42741408944129944 1213
1784237563129 0.6821518540382385 1214
1784237563142 0.4527295231819153 1215
1784237563156 0.16467152535915375 1216
1784237563170 0.28224048018455505 1217
1784237563184 0.18726427853107452 1218
1784237563198 0.6997165679931641 1219
1784237563211 0.35932695865631104 1220
1784237563224 0.6564592719078064 1221
1784237563237 0.2908104658126831 1222
1784237563251 0.7669228315353394 1223
1784237563265 0.4463927745819092 1224
1784237563278 0.3763189911842346 1225
1784237563292 0.27471724152565 1226
1784237563306 0.6992342472076416 1227
1784237563318 0.7132018804550171 1228
1784237563331 0.3147558867931366 1229
1784237563342 0.25788450241088867 1230
1784237563354 0.3950515389442444 1231
1784237563367 0.3778098225593567 1232
1784237563380 0.2595127522945404 1233
1784237563396 0.1749965399503708 1234
1784237563411 0.21804597973823547 1235
1784237563427 0.29246947169303894 1236
1784237563443 0.4607551097869873 1237
1784237563455 0.3551863729953766 1238
1784237563468 0.11453289538621902 1239
1784237563485 0.18050183355808258 1240
1784237563499 0.1744231879711151 1241
1784237563511 0.3230942189693451 1242
1784237563526 0.24896401166915894 1243
1784237563543 0.2766959071159363 1244
1784237563556 0.26364952325820923 1245
1784237563570 0.3607127070426941 1246
1784237563584 0.3015897870063782 1247
1784237563597 0.31949418783187866 1248
1784237563612 0.708430290222168 1249
1784237563628 0.4449325501918793 1250
1784237563643 0.17177827656269073 1251
1784237563657 1.0004926919937134 1252
1784237563675 0.27489379048347473 1253
1784237563693 0.5613595843315125 1254
1784237563708 0.353977233171463 1255
1784237563726 0.3632981479167938 1256
1784237563741 0.2369089275598526 1257
1784237563754 0.2852684259414673 1258
1784237563767 0.20230218768119812 1259
1784237563781 0.31714746356010437 1260
1784237563795 0.3008466958999634 1261
1784237563810 0.49065330624580383 1262
1784237563827 0.2707579433917999 1263
1784237563841 0.359125018119812 1264
1784237563855 0.529274582862854 1265
1784237563867 0.39165937900543213 1266
1784237563881 0.41098690032958984 1267
1784237563895 0.2910109758377075 1268
1784237563910 0.3117583990097046 1269
1784237563922 0.42064839601516724 1270
1784237563937 0.40287572145462036 1271
1784237563951 0.11062393337488174 1272
1784237563965 0.2419281303882599 1273
1784237563980 0.17482063174247742 1274
1784237563995 0.20439419150352478 1275
1784237564009 0.6753135919570923 1276
1784237564021 0.6568158268928528 1277
1784237564035 0.4602137804031372 1278
1784237564051 0.3245377242565155 1279
1784237564064 0.2327904999256134 1280
1784237564078 0.38579869270324707 1281
1784237564094 0.21605607867240906 1282
1784237564110 0.36160582304000854 1283
1784237564125 0.2056775987148285 1284
1784237564226 0.4261889159679413 1285
1784237564241 0.26841872930526733 1286
1784237564264 0.6993097066879272 1287
1784237564278 0.2802273631095886 1288
1784237564293 0.3845857083797455 1289
1784237564308 0.09263931214809418 1290
1784237564325 0.3384604752063751 1291
1784237564337 0.22085392475128174 1292
1784237564351 0.3614341616630554 1293
1784237564367 0.24166123569011688 1294
1784237564382 0.2833547592163086 1295
1784237564396 0.24422241747379303 1296
1784237564410 0.40303751826286316 1297
1784237564436 0.39227962493896484 1298
1784237564449 0.5775180459022522 1299
1784237564461 0.2680297791957855 1300
1784237564476 0.43734100461006165 1301
1784237564489 0.47419223189353943 1302
1784237564503 0.46562665700912476 1303
1784237564517 0.19901011884212494 1304
1784237564531 0.05763969197869301 1305
1784237564547 0.343745619058609 1306
1784237564562 0.5393984317779541 1307
1784237564576 0.1390685886144638 1308
1784237564592 0.16441144049167633 1309
1784237564607 0.747089147567749 1310
1784237564621 0.2025713175535202 1311
1784237564637 0.20604315400123596 1312
1784237564651 0.29161563515663147 1313
1784237564669 0.28687235713005066 1314
1784237564685 0.24174930155277252 1315
1784237564700 0.5746121406555176 1316
1784237564715 0.3030638098716736 1317
1784237564731 0.36767733097076416 1318
1784237564749 0.5362384915351868 1319
1784237564764 0.13245496153831482 1320
1784237564777 0.24569500982761383 1321
1784237564794 0.5541625618934631 1322
1784237564810 0.6180947422981262 1323
1784237564826 0.17074304819107056 1324
1784237564837 0.4204774498939514 1325
1784237564854 0.43788373470306396 1326
1784237564868 0.3567391335964203 1327
1784237564883 0.6064456105232239 1328
1784237564899 0.30319252610206604 1329
1784237564914 0.21125002205371857 1330
1784237564930 0.3702138364315033 1331
1784237564945 0.15016572177410126 1332
1784237564961 0.6255537271499634 1333
1784237564976 0.2512328624725342 1334
1784237564991 0.49133816361427307 1335
1784237565009 0.31364986300468445 1336
1784237565025 0.4538794159889221 1337
1784237565040 0.4822332262992859 1338
1784237565052 0.44576919078826904 1339
1784237565067 0.23070749640464783 1340
1784237565082 0.36731651425361633 1341
1784237565096 0.3691330552101135 1342
1784237565109 0.18306860327720642 1343
1784237565124 0.36464864015579224 1344
1784237565139 0.29397040605545044 1345
1784237565157 0.20639970898628235 1346
1784237565173 0.43239790201187134 1347
1784237565187 0.29762423038482666 1348
1784237565202 0.16173163056373596 1349
1784237565215 0.2736758887767792 1350
1784237565226 0.10693378001451492 1351
1784237565240 0.5750513076782227 1352
1784237565251 0.3496917188167572 1353
1784237565266 0.5016627311706543 1354
1784237565282 0.2515747845172882 1355
1784237565297 0.2788298726081848 1356
1784237565309 0.5344981551170349 1357
1784237565324 0.39769086241722107 1358
1784237565339 0.6437994837760925 1359
1784237565351 0.22946514189243317 1360
1784237565366 0.13866594433784485 1361
1784237565380 0.2764025628566742 1362
1784237565396 0.13781039416790009 1363
1784237565410 0.3250058591365814 1364
1784237565425 0.16730327904224396 1365
1784237565441 0.7622596621513367 1366
1784237565454 0.41493740677833557 1367
1784237565467 0.4892227351665497 1368
1784237565482 0.15348707139492035 1369
1784237565496 0.23019824922084808 1370
1784237565509 0.23364710807800293 1371
1784237565521 0.405985027551651 1372
1784237565533 0.30108484625816345 1373
1784237565547 0.2984834313392639 1374
1784237565559 0.5053228735923767 1375
1784237565570 0.4945630431175232 1376
1784237565585 0.22822518646717072 1377
1784237565600 0.21311736106872559 1378
1784237565611 0.5490692257881165 1379
1784237565627 0.13051342964172363 1380
1784237565643 0.6539016366004944 1381
1784237565658 0.3580237925052643 1382
1784237565672 0.3024260103702545 1383
1784237565686 0.151092991232872 1384
1784237565701 0.4778793454170227 1385
1784237565715 0.21095962822437286 1386
1784237565728 0.21797116100788116 1387
1784237565743 0.18973831832408905 1388
1784237565758 0.33906063437461853 1389
1784237565772 0.33327820897102356 1390
1784237565785 0.3319021463394165 1391
1784237565800 0.425468772649765 1392
1784237565813 0.2973717451095581 1393
1784237565827 0.27053338289260864 1394
1784237565844 0.06874220073223114 1395
1784237565861 0.39825189113616943 1396
1784237565880 0.40182924270629883 1397
1784237565896 0.13899067044258118 1398
1784237565913 0.30252593755722046 1399
1784237565930 0.423101544380188 1400
1784237565946 0.21131235361099243 1401
1784237565963 0.22997219860553741 1402
1784237565976 0.3666978180408478 1403
1784237565990 0.23889632523059845 1404
1784237566002 0.24136969447135925 1405
1784237566015 0.5631851553916931 1406
1784237566029 0.1592686027288437 1407
1784237566044 0.08856474608182907 1408
1784237566058 0.29386264085769653 1409
1784237566069 0.20174089074134827 1410
1784237566083 0.405332088470459 1411
1784237566097 0.33526408672332764 1412
1784237566111 0.4583967924118042 1413
1784237566124 0.3353550434112549 1414
1784237566136 0.758899986743927 1415
1784237566152 0.33396971225738525 1416
1784237566166 0.14692796766757965 1417
1784237566178 0.27212217450141907 1418
1784237566192 0.26160699129104614 1419
1784237566206 0.35211503505706787 1420
1784237566218 0.24303555488586426 1421
1784237566230 0.2092873752117157 1422
1784237566244 0.32121580839157104 1423
1784237566256 0.23656892776489258 1424
1784237566268 0.2931061387062073 1425
1784237566282 0.5244197845458984 1426
1784237566296 0.17036192119121552 1427
1784237566310 0.3711016774177551 1428
1784237566324 0.2983962595462799 1429
1784237566337 0.5827817916870117 1430
1784237566352 0.4234811067581177 1431
1784237566365 0.4863133430480957 1432
1784237566376 0.35023435950279236 1433
1784237566389 0.5417550802230835 1434
1784237566402 0.4423874020576477 1435
1784237566416 0.3243546783924103 1436
1784237566431 0.581825315952301 1437
1784237566445 0.28984010219573975 1438
1784237566458 0.13629299402236938 1439
1784237566472 0.3637220859527588 1440
1784237566490 0.31688228249549866 1441
1784237566503 0.285702645778656 1442
1784237566517 0.3608032763004303 1443
1784237566531 0.23300640285015106 1444
1784237566543 0.2971075773239136 1445
1784237566559 0.5921744704246521 1446
1784237566574 0.474822074174881 1447
1784237566589 0.1257353276014328 1448
1784237566602 0.5931406021118164 1449
1784237566615 0.4121914207935333 1450
1784237566628 0.1984545886516571 1451
1784237566642 0.8335555791854858 1452
1784237566657 0.39952877163887024 1453
1784237566673 0.27297326922416687 1454
1784237566690 0.2725861072540283 1455
1784237566704 0.12956564128398895 1456
1784237566718 0.44693347811698914 1457
1784237566734 0.17780327796936035 1458
1784237566748 0.13378065824508667 1459
1784237566762 0.5707220435142517 1460
1784237566776 0.12791964411735535 1461
1784237566790 0.20523668825626373 1462
1784237566804 0.3568838834762573 1463
1784237566819 0.43219730257987976 1464
1784237566833 0.2810063660144806 1465
1784237566848 0.44877198338508606 1466
1784237566861 0.292746365070343 1467
1784237566876 0.37768450379371643 1468
1784237566892 0.6324050426483154 1469
1784237566905 0.619600772857666 1470
1784237566918 0.26021984219551086 1471
1784237566932 0.4614151120185852 1472
1784237566947 0.21909451484680176 1473
1784237566961 0.5050712823867798 1474
1784237566976 0.4052850902080536 1475
1784237566990 0.501628577709198 1476
1784237567003 0.874824047088623 1477
1784237567018 0.09449918568134308 1478
1784237567032 0.3929949700832367 1479
1784237567046 0.23486751317977905 1480
1784237567059 0.542044460773468 1481
1784237567070 0.46281152963638306 1482
1784237567084 0.19250136613845825 1483
1784237567100 0.5603388547897339 1484
1784237567114 0.24963679909706116 1485
1784237567127 0.25808483362197876 1486
1784237567141 0.3801981210708618 1487
1784237567153 0.42889225482940674 1488
1784237567167 0.23992787301540375 1489
1784237567182 0.2959485650062561 1490
1784237567197 0.5386291146278381 1491
1784237567210 0.1847018003463745 1492
1784237567225 0.5064540505409241 1493
1784237567236 0.6287409067153931 1494
1784237567251 0.07210011780261993 1495
1784237567264 0.21962834894657135 1496
1784237567277 0.32054781913757324 1497
1784237567292 0.21179696917533875 1498
1784237567306 0.27752211689949036 1499
1784237567317 0.3538389801979065 1500
1784237567329 0.7428415417671204 1501
1784237567345 0.48739466071128845 1502
1784237567357 0.21852585673332214 1503
1784237567371 0.18320296704769135 1504
1784237567385 0.25960034132003784 1505
1784237567399 0.36187776923179626 1506
1784237567413 0.4743058979511261 1507
1784237567431 0.1349661499261856 1508
1784237567446 0.40908756852149963 1509
1784237567462 0.35860127210617065 1510
1784237567478 0.36402609944343567 1511
1784237567491 0.4056677222251892 1512
1784237567505 0.12472919374704361 1513
1784237567520 0.3155294954776764 1514
1784237567535 0.32384946942329407 1515
1784237567549 0.28972434997558594 1516
1784237567563 0.30969470739364624 1517
1784237567577 0.30605629086494446 1518
1784237567591 0.37879741191864014 1519
1784237567607 0.6227694749832153 1520
1784237567623 0.23315416276454926 1521
1784237567635 0.5046684741973877 1522
1784237567650 0.36404183506965637 1523
1784237567666 0.19388312101364136 1524
1784237567684 0.2844007611274719 1525
1784237567699 0.3063240051269531 1526
1784237567711 0.25491881370544434 1527
1784237567730 0.35782933235168457 1528
1784237567751 0.15915118157863617 1529
1784237567766 0.10037928074598312 1530
1784237567784 0.3854963183403015 1531
1784237567798 0.4429611563682556 1532
1784237567813 0.07921800017356873 1533
1784237567830 0.46946313977241516 1534
1784237567843 0.6090609431266785 1535
1784237567858 0.34008461236953735 1536
1784237567877 0.2743665277957916 1537
1784237567892 0.30927959084510803 1538
1784237567913 0.07836491614580154 1539
1784237567927 0.13057906925678253 1540
1784237567943 0.2915661334991455 1541
1784237567959 0.40088385343551636 1542
1784237567974 0.35631293058395386 1543
1784237567992 0.20627692341804504 1544
1784237568007 0.3177289366722107 1545
1784237568020 0.49018776416778564 1546
1784237568034 0.8742366433143616 1547
1784237568050 0.5038891434669495 1548
1784237568064 0.5630300045013428 1549
1784237568078 0.12675130367279053 1550
1784237568093 0.6190412640571594 1551
1784237568117 0.18125632405281067 1552
1784237568132 0.230511873960495 1553
1784237568150 0.28790780901908875 1554
1784237568166 0.564026951789856 1555
1784237568181 0.18375355005264282 1556
1784237568198 0.32688066363334656 1557
1784237568212 0.4425652325153351 1558
1784237568225 0.3144090473651886 1559
1784237568238 0.19110402464866638 1560
1784237568252 0.5365278124809265 1561
1784237568266 0.43754804134368896 1562
1784237568279 0.28670358657836914 1563
1784237568293 0.1746480017900467 1564
1784237568310 0.3197549283504486 1565
1784237568325 0.5569128394126892 1566
1784237568340 0.36232829093933105 1567
1784237568355 0.5026361346244812 1568
1784237568370 0.3657602071762085 1569
1784237568385 0.13056199252605438 1570
1784237568399 0.35775279998779297 1571
1784237568413 0.2392297238111496 1572
1784237568427 0.31771647930145264 1573
1784237568440 0.21742406487464905 1574
1784237568455 0.12961386144161224 1575
1784237568466 0.23140132427215576 1576
1784237568481 0.512722373008728 1577
1784237568493 0.5253991484642029 1578
1784237568505 0.46779245138168335 1579
1784237568518 0.18396878242492676 1580
1784237568533 0.21180611848831177 1581
1784237568547 0.3281797170639038 1582
1784237568559 0.30007630586624146 1583
1784237568572 0.3927607834339142 1584
1784237568584 0.5086492300033569 1585
1784237568599 0.4941232204437256 1586
1784237568612 0.3678228557109833 1587
1784237568625 0.25312289595603943 1588
1784237568639 0.43537041544914246 1589
1784237568652 0.46059688925743103 1590
1784237568664 0.6415090560913086 1591
1784237568678 0.3648450970649719 1592
1784237568692 0.38393542170524597 1593
1784237568708 0.44109395146369934 1594
1784237568723 0.54844731092453 1595
1784237568737 0.2838265001773834 1596
1784237568752 0.3127962052822113 1597
1784237568766 0.2858099341392517 1598
1784237568779 0.11845681816339493 1599
1784237568792 0.31950998306274414 1600
1784237568803 0.1943759024143219 1601
1784237568817 0.2289724051952362 1602
1784237568830 0.2732563018798828 1603
1784237568845 0.22097666561603546 1604
1784237568858 0.38686805963516235 1605
1784237568875 0.7940192818641663 1606
1784237568888 0.31466424465179443 1607
1784237568903 0.17042328417301178 1608
1784237568918 0.3534528911113739 1609
1784237568932 0.28734034299850464 1610
1784237568944 0.5081588625907898 1611
1784237568958 0.4019564390182495 1612
1784237568971 0.24721373617649078 1613
1784237568988 0.5478540658950806 1614
1784237569002 0.2870389521121979 1615
1784237569016 0.366458535194397 1616
1784237569031 0.417645663022995 1617
1784237569045 0.14074937999248505 1618
1784237569059 0.1932430863380432 1619
1784237569075 0.4352891445159912 1620
1784237569089 0.38643765449523926 1621
1784237569102 0.4304424822330475 1622
1784237569116 0.4172505736351013 1623
1784237569128 0.3080054819583893 1624
1784237569141 0.4122495651245117 1625
1784237569154 0.34723398089408875 1626
1784237569167 0.12445513159036636 1627
1784237569183 0.3094649612903595 1628
1784237569197 0.4409623444080353 1629
1784237569213 0.45184290409088135 1630
1784237569226 0.38313746452331543 1631
1784237569241 0.4395364820957184 1632
1784237569255 0.44611528515815735 1633
1784237569267 0.3832099735736847 1634
1784237569280 0.23420792818069458 1635
1784237569294 0.2721555233001709 1636
1784237569308 0.7833014726638794 1637
1784237569322 0.3412131369113922 1638
1784237569337 0.4307795763015747 1639
1784237569352 0.25394323468208313 1640
1784237569367 0.22355127334594727 1641
1784237569380 0.09640882909297943 1642
1784237569395 0.513866126537323 1643
1784237569408 0.13705410063266754 1644
1784237569423 0.16317880153656006 1645
1784237569439 0.17988091707229614 1646
1784237569454 0.2377549111843109 1647
1784237569468 0.19394011795520782 1648
1784237569502 0.20842626690864563 1649
1784237569517 0.15963870286941528 1650
1784237569530 0.34040966629981995 1651
1784237569544 0.1980484426021576 1652
1784237569557 0.1802441030740738 1653
1784237569572 0.5004792213439941 1654
1784237569586 0.285105437040329 1655
1784237569601 0.581455647945404 1656
1784237569615 0.34137940406799316 1657
1784237569629 0.32133030891418457 1658
1784237569644 0.2547914981842041 1659
1784237569661 0.10184165835380554 1660
1784237569677 0.264378160238266 1661
1784237569693 0.29753464460372925 1662
1784237569708 0.35825425386428833 1663
1784237569726 0.13112697005271912 1664
1784237569743 0.3860248029232025 1665
1784237569761 0.29469043016433716 1666
1784237569776 0.24435317516326904 1667
1784237569795 0.509272038936615 1668
1784237569811 0.35411494970321655 1669
1784237569826 0.3337116539478302 1670
1784237569843 0.3409997224807739 1671
1784237569858 0.5687113404273987 1672
1784237569876 0.3518363833427429 1673
1784237569895 0.6188877820968628 1674
1784237569912 0.5267304182052612 1675
1784237569926 0.29990628361701965 1676
1784237569942 0.4348836839199066 1677
1784237569957 0.21104946732521057 1678
1784237569972 0.47702157497406006 1679
1784237569985 0.24172243475914001 1680
1784237569999 0.27839264273643494 1681
1784237570017 0.3200075030326843 1682
1784237570032 0.31256991624832153 1683
1784237570047 0.5109347105026245 1684
1784237570061 0.38607412576675415 1685
1784237570077 0.1303834319114685 1686
1784237570094 0.321230947971344 1687
1784237570108 0.19749116897583008 1688
1784237570124 0.19893795251846313 1689
1784237570141 0.3162234425544739 1690
1784237570156 0.2589741051197052 1691
1784237570173 0.18076147139072418 1692
1784237570187 0.07287078350782394 1693
1784237570200 0.4641872048377991 1694
1784237570214 0.0920460969209671 1695
1784237570227 0.12256944924592972 1696
1784237570242 0.4539530575275421 1697
1784237570257 0.26946309208869934 1698
1784237570269 0.4295820891857147 1699
1784237570284 0.38701122999191284 1700
1784237570302 0.38796117901802063 1701
1784237570318 0.5242103338241577 1702
1784237570335 0.6525700688362122 1703
1784237570350 0.527229368686676 1704
1784237570367 0.2543126344680786 1705
1784237570383 0.21978241205215454 1706
1784237570398 0.39894503355026245 1707
1784237570413 0.4364052414894104 1708
1784237570428 0.36315909028053284 1709
1784237570448 0.4631885290145874 1710
1784237570463 0.21174168586730957 1711
1784237570477 0.4446013867855072 1712
1784237570490 0.40044742822647095 1713
1784237570502 0.37000295519828796 1714
1784237570516 0.38936468958854675 1715
1784237570530 0.2678488790988922 1716
1784237570547 0.41903483867645264 1717
1784237570563 0.4715479612350464 1718
1784237570576 0.12278591096401215 1719
1784237570592 0.20059767365455627 1720
1784237570609 0.3419553339481354 1721
1784237570624 0.31264275312423706 1722
1784237570639 0.1321462243795395 1723
1784237570653 0.7611701488494873 1724
1784237570667 0.4716810882091522 1725
1784237570680 0.3199939429759979 1726
1784237570693 0.28267204761505127 1727
1784237570708 0.39344698190689087 1728
1784237570721 0.22341373562812805 1729
1784237570736 0.2698350250720978 1730
1784237570751 0.12821315228939056 1731
1784237570767 0.3360936939716339 1732
1784237570784 0.3430159389972687 1733
1784237570798 0.44914156198501587 1734
1784237570812 0.14607691764831543 1735
1784237570825 0.3431338667869568 1736
1784237570840 0.22182194888591766 1737
1784237570854 0.21755294501781464 1738
1784237570866 0.5363175272941589 1739
1784237570882 0.2133266180753708 1740
1784237570894 0.07334062457084656 1741
1784237570908 0.27186501026153564 1742
1784237570922 0.6073480844497681 1743
1784237570933 0.1801632195711136 1744
1784237570950 0.3340524137020111 1745
1784237570963 0.47912344336509705 1746
1784237570977 0.3152400851249695 1747
1784237570991 0.34464606642723083 1748
1784237571003 0.14372707903385162 1749
1784237571014 0.29073262214660645 1750
1784237571029 0.2932397425174713 1751
1784237571049 0.4693390429019928 1752
1784237571066 0.4143633246421814 1753
1784237571081 0.3254830539226532 1754
1784237571092 0.3649536073207855 1755
1784237571107 0.25268855690956116 1756
1784237571119 0.3303430378437042 1757
1784237571132 0.3214561343193054 1758
1784237571145 0.20185507833957672 1759
1784237571160 0.19549345970153809 1760
1784237571173 0.3394223153591156 1761
1784237571187 0.36281493306159973 1762
1784237571197 0.2585957944393158 1763
1784237571211 0.2628205716609955 1764
1784237571223 0.15686939656734467 1765
1784237571235 0.3791966140270233 1766
1784237571245 0.328323096036911 1767
1784237571255 0.36702242493629456 1768
1784237571267 0.5839271545410156 1769
1784237571278 0.49072518944740295 1770
1784237571290 0.22110986709594727 1771
1784237571303 0.20817315578460693 1772
1784237571315 0.8217006921768188 1773
1784237571327 0.20455987751483917 1774
1784237571339 0.26475346088409424 1775
1784237571350 0.2409171313047409 1776
1784237571361 0.2635968029499054 1777
1784237571373 0.35888463258743286 1778
1784237571384 0.37990182638168335 1779
1784237571397 0.5892173051834106 1780
1784237571409 0.24487639963626862 1781
1784237571420 0.36999788880348206 1782
1784237571432 0.13511113822460175 1783
1784237571443 0.737774133682251 1784
1784237571454 0.27228114008903503 1785
1784237571465 0.12167807668447495 1786
1784237571476 0.2314196676015854 1787
1784237571487 0.49801862239837646 1788
1784237571498 0.33839747309684753 1789
1784237571511 0.6827031970024109 1790
1784237571524 0.2225828617811203 1791
1784237571535 0.33249109983444214 1792
1784237571547 0.2134770005941391 1793
1784237571559 0.3990447521209717 1794
1784237571570 0.45593148469924927 1795
1784237571582 0.5701914429664612 1796
1784237571594 0.2715175151824951 1797
1784237571606 0.16672329604625702 1798
1784237571616 0.2682458460330963 1799
1784237571627 0.19485260546207428 1800
1784237571640 0.1622573733329773 1801
1784237571650 0.2963187098503113 1802
1784237571664 0.23650333285331726 1803
1784237571677 0.9473163485527039 1804
1784237571691 0.3174956738948822 1805
1784237571702 0.3241721987724304 1806
1784237571713 0.906949520111084 1807
1784237571727 0.28944727778434753 1808
1784237571740 0.19293004274368286 1809
1784237571752 0.5601255297660828 1810
1784237571764 0.4326312243938446 1811
1784237571776 0.22311432659626007 1812
1784237571788 0.3053014576435089 1813
1784237571799 0.2792505621910095 1814
1784237571811 0.5217189192771912 1815
1784237571822 0.5543743371963501 1816
1784237571832 0.31753435730934143 1817
1784237571843 0.2934059500694275 1818
1784237571852 0.17546440660953522 1819
1784237571864 0.5484654307365417 1820
1784237571875 0.9206203818321228 1821
1784237571886 0.33252647519111633 1822
1784237571896 0.5637624263763428 1823
1784237571908 0.21691127121448517 1824
1784237571919 0.41871944069862366 1825
1784237571929 0.5422308444976807 1826
1784237571940 0.27996569871902466 1827
1784237571951 0.2822842299938202 1828
1784237571961 0.1308053582906723 1829
1784237571973 0.23074838519096375 1830
1784237571982 0.18552613258361816 1831
1784237571993 0.29598334431648254 1832
1784237572004 0.15966607630252838 1833
1784237572016 0.6257258057594299 1834
1784237572028 0.4300950765609741 1835
1784237572039 0.20857523381710052 1836
1784237572051 0.4087860882282257 1837
1784237572061 0.31422844529151917 1838
1784237572072 0.16024264693260193 1839
1784237572084 0.4107089936733246 1840
1784237572096 0.3190882205963135 1841
1784237572108 0.6070677042007446 1842
1784237572121 0.26136451959609985 1843
1784237572133 0.2995116412639618 1844
1784237572146 0.3916984498500824 1845
1784237572160 0.3160340487957001 1846
1784237572172 0.12213630229234695 1847
1784237572183 0.3258448839187622 1848
1784237572196 0.2716120779514313 1849
1784237572208 0.3082059323787689 1850
1784237572219 0.3482367694377899 1851
1784237572231 0.30986109375953674 1852
1784237572244 0.5622797012329102 1853
1784237572256 0.4313950538635254 1854
1784237572268 0.33622950315475464 1855
1784237572280 0.25036659836769104 1856
1784237572291 0.462423712015152 1857
1784237572302 0.5780393481254578 1858
1784237572313 0.48053690791130066 1859
1784237572325 0.40109163522720337 1860
1784237572336 0.4857621192932129 1861
1784237572348 0.5021584033966064 1862
1784237572359 0.13984419405460358 1863
1784237572371 0.42155858874320984 1864
1784237572382 0.26652252674102783 1865
1784237572394 0.21456384658813477 1866
1784237572404 0.14399376511573792 1867
1784237572414 0.4850457012653351 1868
1784237572424 0.10712742060422897 1869
1784237572436 0.2139369696378708 1870
1784237572450 0.46139809489250183 1871
1784237572462 0.3522961139678955 1872
1784237572475 0.3209307789802551 1873
1784237572485 0.32386910915374756 1874
1784237573573 0.3468494117259979 1875
1784237573582 0.2358679175376892 1876
1784237573593 0.19584113359451294 1877
1784237573602 0.6972173452377319 1878
1784237573614 0.8022961616516113 1879
1784237573626 0.14971855282783508 1880
1784237573637 0.4990917146205902 1881
1784237573647 0.3360053598880768 1882
1784237573657 0.17630939185619354 1883
1784237573671 0.31071391701698303 1884
1784237573682 0.38776662945747375 1885
1784237573694 0.4002378284931183 1886
1784237573706 0.20283134281635284 1887
1784237573717 0.5456774830818176 1888
1784237573729 0.6456217169761658 1889
1784237573742 0.41227880120277405 1890
1784237573754 0.2433634251356125 1891
1784237573765 0.3685591518878937 1892
1784237573777 0.23407244682312012 1893
1784237573790 0.4052749276161194 1894
1784237573801 0.19482402503490448 1895
1784237573813 0.25131604075431824 1896
1784237573824 0.4602581560611725 1897
1784237573834 0.24721704423427582 1898
1784237573845 0.3103204369544983 1899
1784237573857 0.109340600669384 1900
1784237573868 0.601676881313324 1901
1784237573879 0.10401050746440887 1902
1784237573892 0.23213830590248108 1903
1784237573903 0.3718656599521637 1904
1784237573914 0.20246072113513947 1905
1784237573926 0.35225731134414673 1906
1784237573937 0.3551979660987854 1907
1784237573949 0.3173683285713196 1908
1784237573960 0.2224498689174652 1909
1784237573972 0.4913615882396698 1910
1784237573983 0.2631891667842865 1911
1784237573993 0.39897093176841736 1912
1784237574004 0.6922234296798706 1913
1784237574015 0.4715314209461212 1914
1784237574027 0.2203834056854248 1915
1784237574039 0.28491899371147156 1916
1784237574050 0.11778848618268967 1917
1784237574060 0.16954079270362854 1918
1784237574073 0.2431260347366333 1919
1784237574083 0.5487231016159058 1920
1784237574096 0.18533329665660858 1921
1784237574108 0.19671641290187836 1922
1784237574118 0.1586621105670929 1923
1784237574130 0.4853506088256836 1924
1784237574142 0.16532781720161438 1925
1784237574153 0.2976868152618408 1926
1784237574164 0.2900025248527527 1927
1784237574175 0.20581836998462677 1928
1784237574185 0.5281968712806702 1929
1784237574196 0.4000047743320465 1930
1784237574208 0.27970561385154724 1931
1784237574219 0.7413432598114014 1932
1784237574230 0.17300070822238922 1933
1784237574240 0.2677832841873169 1934
1784237574250 0.14198188483715057 1935
1784237574263 0.2660275399684906 1936
1784237574275 0.4265993535518646 1937
1784237574284 0.4886518716812134 1938
1784237574295 0.7259535789489746 1939
1784237574306 0.39165958762168884 1940
1784237574317 0.29078733921051025 1941
1784237574329 0.487542986869812 1942
1784237574341 0.28060561418533325 1943
1784237574351 0.31412649154663086 1944
1784237574361 0.14960378408432007 1945
1784237574371 0.1662685126066208 1946
1784237574381 0.19680963456630707 1947
1784237574394 0.6223734617233276 1948
1784237574406 0.09750981628894806 1949
1784237574417 0.3113815188407898 1950
1784237574428 0.14205387234687805 1951
1784237574440 0.5277563333511353 1952
1784237574452 0.17038290202617645 1953
1784237574464 0.21999113261699677 1954
1784237574474 0.30230578780174255 1955
1784237574485 0.26656821370124817 1956
1784237574496 0.2198958694934845 1957
1784237574507 0.20455197989940643 1958
1784237574518 0.3471260368824005 1959
1784237574530 0.16191650927066803 1960
1784237574543 0.7312497496604919 1961
1784237574553 0.10986784100532532 1962
1784237574564 0.16750358045101166 1963
1784237574575 0.1650390475988388 1964
1784237574586 0.5139620900154114 1965
1784237574597 0.1630735546350479 1966
1784237574608 0.4064094126224518 1967
1784237574620 0.3219718635082245 1968
1784237574631 0.5257983803749084 1969
1784237574643 0.30088376998901367 1970
1784237574655 0.2165101021528244 1971
1784237574666 0.3722647726535797 1972
1784237574677 0.23841620981693268 1973
1784237574689 0.2700115740299225 1974
1784237574700 0.4869202673435211 1975
1784237574712 0.5177550315856934 1976
1784237574724 0.20650769770145416 1977
1784237574736 0.1940026581287384 1978
1784237574748 0.10514584928750992 1979
1784237574758 0.7776650786399841 1980
1784237574770 0.2363417148590088 1981
1784237574781 0.23084060847759247 1982
1784237574793 0.2222370207309723 1983
1784237574807 0.18382911384105682 1984
1784237574819 0.13764089345932007 1985
1784237574833 0.3325631022453308 1986
1784237574845 0.06970342248678207 1987
1784237574856 0.29697713255882263 1988
1784237574867 0.2937811613082886 1989
1784237574878 0.7195845246315002 1990
1784237574891 0.6127666234970093 1991
1784237574902 0.14731761813163757 1992
1784237574913 0.11926475167274475 1993
1784237574923 0.2573056221008301 1994
1784237574936 0.30964604020118713 1995
1784237574947 0.3858422338962555 1996
1784237574958 0.5504123568534851 1997
1784237574968 0.6015967726707458 1998
1784237574980 0.5117180347442627 1999
1784237574991 0.3848331570625305 2000
1784237575002 0.25311562418937683 2001
1784237575013 0.20138728618621826 2002
1784237575026 0.16177856922149658 2003
1784237575038 0.5219520926475525 2004
1784237575049 0.395426481962204 2005
1784237575060 0.21249958872795105 2006
1784237575070 0.3163887560367584 2007
1784237575080 0.356557697057724 2008
1784237575092 0.263227641582489 2009
1784237575105 0.3337586522102356 2010
1784237575116 0.48416441679000854 2011
1784237575127 0.19187594950199127 2012
1784237575141 0.27522528171539307 2013
1784237575152 0.48158392310142517 2014
1784237575164 0.2936113178730011 2015
1784237575176 0.478272944688797 2016
1784237575188 0.208546981215477 2017
1784237575198 0.15955385565757751 2018
1784237575211 0.19397448003292084 2019
1784237575222 0.43643924593925476 2020
1784237575232 0.15181060135364532 2021
1784237575245 0.36547935009002686 2022
1784237575256 0.322020947933197 2023
1784237575266 0.17649222910404205 2024
1784237575278 0.1879589557647705 2025
1784237575290 0.7637744545936584 2026
1784237575300 0.3747934401035309 2027
1784237575311 0.3215295076370239 2028
1784237575323 0.6162344217300415 2029
1784237575334 0.36323562264442444 2030
1784237575347 0.14205330610275269 2031
1784237575356 0.6128579378128052 2032
1784237575367 0.43190160393714905 2033
1784237575379 0.34966233372688293 2034
1784237575391 0.2208905965089798 2035
1784237575402 0.401506245136261 2036
1784237575414 0.11586109548807144 2037
1784237575425 0.39901840686798096 2038
1784237575434 0.38488250970840454 2039
1784237575453 0.3896321654319763 2040
1784237575463 0.26547911763191223 2041
1784237575473 0.33375123143196106 2042
1784237575484 0.16488772630691528 2043
1784237575496 0.27069351077079773 2044
1784237575508 0.1964322179555893 2045
1784237575517 0.2277064323425293 2046
1784237575528 0.191999152302742 2047
1784237575540 0.18509399890899658 2048
1784237575551 0.38979989290237427 2049
1784237575563 0.18722392618656158 2050
1784237575574 0.5035795569419861 2051
1784237575584 0.21962971985340118 2052
1784237575596 0.41000935435295105 2053
1784237575607 0.6151847839355469 2054
1784237575619 0.18789049983024597 2055
1784237575630 0.5909042954444885 2056
1784237575642 0.34731006622314453 2057
1784237575653 0.40068599581718445 2058
1784237575664 0.18518806993961334 2059
1784237575675 0.25214883685112 2060
1784237575687 0.245624378323555 2061
1784237575698 0.15759876370429993 2062
1784237575709 0.3397400379180908 2063
1784237575721 0.14019960165023804 2064
1784237575734 0.4901799261569977 2065
1784237575746 0.22025203704833984 2066
1784237575757 0.22366853058338165 2067
1784237575767 0.3480565547943115 2068
1784237575779 0.146612748503685 2069
1784237575790 0.12698863446712494 2070
1784237575803 0.07940233498811722 2071
1784237575815 0.24405522644519806 2072
1784237575827 0.5142835974693298 2073
1784237575837 0.12012633681297302 2074
1784237575849 0.21897831559181213 2075
1784237575860 0.31072086095809937 2076
1784237575873 0.30857324600219727 2077
1784237575882 0.2793327867984772 2078
1784237575893 0.22035254538059235 2079
1784237575906 0.4428066611289978 2080
1784237575918 0.22766563296318054 2081
1784237575930 0.2889140546321869 2082
1784237575942 0.3258154094219208 2083
1784237575955 0.35641783475875854 2084
1784237575966 0.2328527569770813 2085
1784237575979 0.4438851475715637 2086
1784237575991 0.2169165015220642 2087
1784237576004 0.29165932536125183 2088
1784237576016 0.6192920207977295 2089
1784237576029 0.16432896256446838 2090
1784237576041 0.3653520941734314 2091
1784237576054 0.33096516132354736 2092
1784237576067 0.1761588305234909 2093
1784237576080 0.5823339223861694 2094
1784237576092 0.43711960315704346 2095
1784237576105 0.5080521702766418 2096
1784237576117 0.33033668994903564 2097
1784237576128 0.20699788630008698 2098
1784237576140 0.5365351438522339 2099
1784237576153 0.4348474144935608 2100
1784237576162 0.10950926691293716 2101
1784237576173 0.4527505040168762 2102
1784237576184 0.25505316257476807 2103
1784237576195 0.17599643766880035 2104
1784237576206 0.2729029953479767 2105
1784237576218 0.3751423954963684 2106
1784237576230 0.36593830585479736 2107
1784237576241 0.26726651191711426 2108
1784237576252 0.44897961616516113 2109
1784237576263 0.14907222986221313 2110
1784237576275 0.34542322158813477 2111
1784237576286 0.3320755958557129 2112
1784237576298 0.13413052260875702 2113
1784237576310 0.07295652478933334 2114
1784237576322 0.34443801641464233 2115
1784237576333 0.33816152811050415 2116
1784237576346 0.1395280808210373 2117
1784237576358 0.3955608904361725 2118
1784237576370 0.05583103001117706 2119
1784237576381 0.46883273124694824 2120
1784237576392 0.1613437831401825 2121
1784237576404 0.25609922409057617 2122
1784237576416 0.4428737759590149 2123
1784237576427 0.2991344928741455 2124
1784237576438 0.5848922729492188 2125
1784237576448 0.25766798853874207 2126
1784237576460 0.546249508857727 2127
1784237576471 0.24399524927139282 2128
1784237576482 0.6296390295028687 2129
1784237576492 0.39914470911026 2130
1784237576503 0.23607058823108673 2131
1784237576515 0.30216237902641296 2132
1784237576526 0.5113669037818909 2133
1784237576538 0.5031117796897888 2134
1784237576549 0.16381339728832245 2135
1784237576561 0.278665155172348 2136
1784237576573 0.3597108721733093 2137
1784237576584 0.4413081407546997 2138
1784237576596 0.3843640983104706 2139
1784237576607 0.20877386629581451 2140
1784237576618 0.2688848078250885 2141
1784237576628 0.4405565857887268 2142
1784237576640 0.36678898334503174 2143
1784237576651 0.5620102882385254 2144
1784237576662 0.6682726740837097 2145
1784237576674 0.5738725662231445 2146
1784237576686 0.37597984075546265 2147
1784237576697 0.1829715073108673 2148
1784237576709 0.18854542076587677 2149
1784237576723 0.7808603644371033 2150
1784237576734 0.22287075221538544 2151
1784237576744 0.2214345782995224 2152
1784237576754 0.3557354211807251 2153
1784237576766 0.7413277626037598 2154
1784237576778 0.27834317088127136 2155
1784237576791 0.6150214076042175 2156
1784237576803 0.3850198984146118 2157
1784237576814 0.18644391000270844 2158
1784237576827 0.46279028058052063 2159
1784237576838 0.2354094535112381 2160
1784237576850 0.20112080872058868 2161
1784237576861 0.45646804571151733 2162
1784237576872 0.9578874111175537 2163
1784237576884 0.19492210447788239 2164
1784237576896 0.2564723789691925 2165
1784237576907 0.47278517484664917 2166
1784237576919 0.33487391471862793 2167
1784237576931 0.160791277885437 2168
1784237576942 0.11039428412914276 2169
1784237576954 0.622943639755249 2170
1784237576964 0.1779283583164215 2171
1784237576976 0.17315548658370972 2172
1784237576987 0.27263566851615906 2173
1784237576998 0.3595978915691376 2174
1784237577010 0.36932748556137085 2175
1784237577021 0.16512297093868256 2176
1784237577034 0.1329026222229004 2177
1784237577047 0.20800776779651642 2178
1784237577061 0.23020349442958832 2179
1784237577073 0.2033761739730835 2180
1784237577085 0.37090614438056946 2181
1784237577098 0.3019239604473114 2182
1784237577112 0.5223224759101868 2183
1784237577125 0.14835068583488464 2184
1784237577136 0.10469429939985275 2185
1784237577148 0.17458251118659973 2186
1784237577159 0.3168628513813019 2187
1784237577171 0.5388695597648621 2188
1784237577182 0.33399683237075806 2189
1784237577194 0.3363174498081207 2190
1784237577206 0.48978620767593384 2191
1784237577217 0.25995054841041565 2192
1784237577229 0.427852600812912 2193
1784237577241 0.471497118473053 2194
1784237577253 0.3664654791355133 2195
1784237577265 0.5247927308082581 2196
1784237577277 0.6078912019729614 2197
1784237577288 0.37408363819122314 2198
1784237577300 0.2085093855857849 2199
1784237577313 0.2991999685764313 2200
1784237577324 0.04497848078608513 2201
1784237577336 0.26271817088127136 2202
1784237577348 0.47981441020965576 2203
1784237577359 0.355613648891449 2204
1784237577369 0.17931987345218658 2205
1784237577381 0.4540914297103882 2206
1784237577408 0.3544829785823822 2207
1784237577419 0.26557865738868713 2208
1784237577431 0.23141412436962128 2209
1784237577444 0.3778247833251953 2210
1784237577454 0.16322442889213562 2211
1784237577466 0.164770245552063 2212
1784237577478 0.38221126794815063 2213
1784237577490 0.48726868629455566 2214
1784237577500 0.28491735458374023 2215
1784237577511 0.44599273800849915 2216
1784237577522 0.16130422055721283 2217
1784237577531 0.158266082406044 2218
1784237577542 0.31756460666656494 2219
1784237577553 0.500840425491333 2220
1784237577565 0.11459644883871078 2221
1784237577576 0.37944212555885315 2222
1784237577588 0.21828581392765045 2223
1784237577599 0.6261848211288452 2224
1784237577611 0.3326946496963501 2225
1784237577623 0.6188748478889465 2226
1784237577635 0.1836927831172943 2227
1784237577649 0.38364291191101074 2228
1784237577660 0.22449395060539246 2229
1784237577672 0.4342261254787445 2230
1784237577682 0.1261797845363617 2231
1784237577692 0.0654408261179924 2232
1784237577704 0.2611352801322937 2233
1784237577714 0.23687951266765594 2234
1784237577728 0.3283458352088928 2235
1784237577741 0.32309839129447937 2236
1784237577754 0.1507132351398468 2237
1784237577765 0.19196438789367676 2238
1784237577778 0.3971099853515625 2239
1784237577790 0.08285938948392868 2240
1784237577803 0.1226077675819397 2241
1784237577815 0.3487226366996765 2242
1784237577828 0.2659972310066223 2243
1784237577841 0.29885032773017883 2244
1784237577854 0.22401124238967896 2245
1784237577866 0.48351404070854187 2246
1784237577877 0.10828788578510284 2247
1784237577888 0.17266279458999634 2248
1784237577903 0.20931774377822876 2249
1784237577917 0.30477428436279297 2250
1784237577929 0.47251027822494507 2251
1784237577943 0.4676527678966522 2252
1784237577956 0.5431512594223022 2253
1784237577968 0.46589532494544983 2254
1784237577981 0.2787887752056122 2255
1784237577993 0.26114556193351746 2256
1784237578006 0.12450632452964783 2257
1784237578019 0.31301185488700867 2258
1784237578032 0.3514157235622406 2259
1784237578044 0.12479513138532639 2260
1784237578056 0.31368526816368103 2261
1784237578067 0.3550959527492523 2262
1784237578079 0.2757400572299957 2263
1784237578091 0.3534033000469208 2264
1784237578102 0.3832751512527466 2265
1784237578112 0.46874555945396423 2266
1784237578122 0.5501829981803894 2267
1784237578134 0.34144189953804016 2268
1784237578145 0.42872756719589233 2269
1784237578157 0.3170624077320099 2270
1784237578169 0.31071212887763977 2271
1784237578178 0.14457754790782928 2272
1784237578189 0.6692589521408081 2273
1784237578199 0.44725826382637024 2274
1784237578210 0.12819433212280273 2275
1784237578221 0.20486211776733398 2276
1784237578232 0.22114796936511993 2277
1784237578244 0.24687546491622925 2278
1784237578255 0.46006327867507935 2279
1784237578267 0.22502532601356506 2280
1784237578279 0.374426931142807 2281
1784237578290 0.15893849730491638 2282
1784237578304 0.27258676290512085 2283
1784237578315 0.22075657546520233 2284
1784237578327 0.3457601070404053 2285
1784237578339 0.4228164851665497 2286
1784237578350 0.27293089032173157 2287
1784237578361 0.1633910834789276 2288
1784237578374 0.18887977302074432 2289
1784237578384 0.15804381668567657 2290
1784237578397 0.4329928457736969 2291
1784237578409 0.3191283047199249 2292
1784237578421 0.40520501136779785 2293
1784237578432 0.355319619178772 2294
1784237578445 0.11804204434156418 2295
1784237578457 0.6318424940109253 2296
1784237578468 0.24815674126148224 2297
1784237578480 0.3969190716743469 2298
1784237578491 0.5554055571556091 2299
1784237578504 0.21128571033477783 2300
1784237578515 0.5026569366455078 2301
1784237578527 0.1388431191444397 2302
1784237578538 0.3463127613067627 2303
1784237578550 0.15128985047340393 2304
1784237578561 0.32313045859336853 2305
1784237578639 0.12164216488599777 2306
1784237578650 0.5039957165718079 2307
1784237578667 0.20016944408416748 2308
1784237578681 0.8868855834007263 2309
1784237578693 0.3203139305114746 2310
1784237578705 0.2612155079841614 2311
1784237578717 0.15456782281398773 2312
1784237578729 0.062304962426424026 2313
1784237578741 0.3047964572906494 2314
1784237578752 0.24112527072429657 2315
1784237578764 0.23078131675720215 2316
1784237578775 0.3853761851787567 2317
1784237578787 0.3831731677055359 2318
1784237578797 0.8991873860359192 2319
1784237578809 0.7600790858268738 2320
1784237578818 0.3017598092556 2321
1784237578829 0.250139057636261 2322
1784237578841 0.46218469738960266 2323
1784237578852 0.31887343525886536 2324
1784237578863 0.26263025403022766 2325
1784237578874 0.25012633204460144 2326
1784237578884 0.5095477104187012 2327
1784237578896 0.7636608481407166 2328
1784237578909 0.22090938687324524 2329
1784237578921 0.6420176029205322 2330
1784237578932 0.32720524072647095 2331
1784237578944 0.0934210941195488 2332
1784237578956 0.2352069616317749 2333
1784237578966 0.30877920985221863 2334
1784237578979 0.22433406114578247 2335
1784237578991 0.14118798077106476 2336
1784237579003 0.2424147129058838 2337
1784237579014 0.8644026517868042 2338
1784237579026 0.2652066648006439 2339
1784237579037 0.3039100766181946 2340
1784237579048 0.16420087218284607 2341
1784237579059 0.2119273543357849 2342
1784237579073 0.11940968036651611 2343
1784237579085 0.1949644237756729 2344
1784237579097 0.20750845968723297 2345
1784237579109 0.3983916640281677 2346
1784237579121 0.27073749899864197 2347
1784237579132 0.3060230612754822 2348
1784237579144 0.38622596859931946 2349
1784237579155 0.4494895339012146 2350
1784237579166 0.48809438943862915 2351
1784237579178 0.1975725144147873 2352
1784237579190 0.1623799204826355 2353
1784237579201 0.35554665327072144 2354
1784237579213 0.20581507682800293 2355
1784237579223 0.2741967439651489 2356
1784237579233 0.20301976799964905 2357
1784237579245 0.1591797173023224 2358
1784237579258 0.13885945081710815 2359
1784237579275 0.16961677372455597 2360
1784237579290 0.4230715036392212 2361
1784237579304 0.16215771436691284 2362
1784237579319 0.3592284023761749 2363
1784237579333 0.453931599855423 2364
1784237579352 0.13972818851470947 2365
1784237579364 0.255341112613678 2366
1784237579375 0.29722127318382263 2367
1784237579386 0.05526656657457352 2368
1784237579397 0.29343515634536743 2369
1784237579409 0.3376087248325348 2370
1784237579421 0.47475653886795044 2371
1784237579432 0.33671295642852783 2372
1784237579444 0.2657509744167328 2373
1784237579455 0.3448067307472229 2374
1784237579465 0.14517061412334442 2375
1784237579477 0.25747448205947876 2376
1784237579489 0.2711794376373291 2377
1784237579500 0.23646409809589386 2378
1784237579512 0.11474167555570602 2379
1784237579524 0.32953327894210815 2380
1784237579536 0.11757100373506546 2381
1784237579547 0.48520901799201965 2382
1784237579559 0.2207256406545639 2383
1784237579571 0.05071207135915756 2384
1784237579583 0.13501791656017303 2385
1784237579595 0.16770246624946594 2386
1784237579608 0.17065075039863586 2387
1784237579620 0.5816845297813416 2388
1784237579631 0.6142113208770752 2389
1784237579643 0.44457727670669556 2390
1784237579654 0.4963519871234894 2391
1784237579665 0.607851505279541 2392
1784237579677 0.3741389811038971 2393
1784237579688 0.36332282423973083 2394
1784237579699 0.12580017745494843 2395
1784237579711 0.23456892371177673 2396
1784237579723 0.3328547775745392 2397
1784237579735 0.23907062411308289 2398
1784237579746 0.3492279052734375 2399
1784237579756 0.24632197618484497 2400
1784237579766 0.29507800936698914 2401
1784237579776 0.2361377477645874 2402
1784237579786 0.29990825057029724 2403
1784237579797 0.28263935446739197 2404
1784237579810 0.7649962306022644 2405
1784237579822 0.3762129545211792 2406
1784237579834 0.4430461525917053 2407
1784237579847 0.31563931703567505 2408
1784237579858 0.264704167842865 2409
1784237579869 0.3759121000766754 2410
1784237579881 0.15817327797412872 2411
1784237579893 0.33538904786109924 2412
1784237579905 0.30997440218925476 2413
1784237579916 0.31811627745628357 2414
1784237579928 0.32260391116142273 2415
1784237579939 0.14375285804271698 2416
1784237579951 0.3720627725124359 2417
1784237579963 0.6430368423461914 2418
1784237579976 0.3974727988243103 2419
1784237579988 0.35869300365448 2420
1784237579999 0.18414688110351562 2421
1784237580012 0.39758434891700745 2422
1784237580028 0.302848219871521 2423
1784237580044 0.5067377686500549 2424
1784237580056 0.1753500998020172 2425
1784237580069 0.29648545384407043 2426
1784237580082 0.32111263275146484 2427
1784237580095 0.13493581116199493 2428
1784237580107 0.3883472681045532 2429
1784237580119 0.2290768176317215 2430
1784237580131 0.3568316102027893 2431
1784237580145 0.28004688024520874 2432
1784237580157 0.3647576570510864 2433
1784237580168 0.5731048583984375 2434
1784237580180 0.37100860476493835 2435
1784237580192 0.1347946971654892 2436
1784237580204 0.14493873715400696 2437
1784237580215 0.3259589374065399 2438
1784237580227 0.35324275493621826 2439
1784237580239 0.39002835750579834 2440
1784237580251 0.14214645326137543 2441
1784237580263 0.47119781374931335 2442
1784237580274 0.2809610068798065 2443
1784237580286 0.4549192488193512 2444
1784237580298 0.2601848244667053 2445
1784237580316 0.18978919088840485 2446
1784237580328 0.2762749493122101 2447
1784237580340 0.2809900641441345 2448
1784237580352 0.12374266237020493 2449
1784237580363 0.22745203971862793 2450
1784237580375 0.28657642006874084 2451
1784237580387 0.16386818885803223 2452
1784237580398 0.11937127262353897 2453
1784237580410 0.45228761434555054 2454
1784237580422 0.4779713749885559 2455
1784237580433 0.4625321924686432 2456
1784237580444 0.49622392654418945 2457
1784237580456 0.5908095836639404 2458
1784237580467 0.18697084486484528 2459
1784237580479 0.45447438955307007 2460
1784237580490 0.18356814980506897 2461
1784237580501 0.1402520090341568 2462
1784237580512 0.09386271983385086 2463
1784237580522 0.15463469922542572 2464
1784237580532 0.5191991925239563 2465
1784237580543 0.18941420316696167 2466
1784237580554 0.06576614081859589 2467
1784237580566 0.6040275692939758 2468
1784237580578 0.625335693359375 2469
1784237580590 0.16338013112545013 2470
1784237580602 0.5029586553573608 2471
1784237580613 0.2887672185897827 2472
1784237580624 0.24806255102157593 2473
1784237580636 0.5538815855979919 2474
1784237580650 0.17930813133716583 2475
1784237580663 0.31245920062065125 2476
1784237580675 0.5632103085517883 2477
1784237580687 0.4600844085216522 2478
1784237580699 0.16737033426761627 2479
1784237580712 0.2590869069099426 2480
1784237580724 0.19901560246944427 2481
1784237580739 0.38759276270866394 2482
1784237580750 0.5961306095123291 2483
1784237580765 0.3328414559364319 2484
1784237580778 0.5571720004081726 2485
1784237580789 0.17888277769088745 2486
1784237580801 0.6620913743972778 2487
1784237580813 0.4720095992088318 2488
1784237580825 0.32443782687187195 2489
1784237580837 0.4402277171611786 2490
1784237580849 0.7169383764266968 2491
1784237580860 0.11705741286277771 2492
1784237580872 0.556812047958374 2493
1784237580885 0.26596522331237793 2494
1784237580897 0.20361189544200897 2495
1784237580910 0.29302144050598145 2496
1784237580923 0.21274231374263763 2497
1784237580935 0.2678201496601105 2498
1784237580947 0.2981067895889282 2499
1784237580960 0.2130104899406433 2500
1784237580973 0.7030812501907349 2501
1784237580984 0.24565047025680542 2502
1784237580999 0.16487635672092438 2503
1784237581012 0.15076202154159546 2504
1784237581026 0.406615287065506 2505
1784237581038 0.1190917044878006 2506
1784237581050 0.35997164249420166 2507
1784237581062 0.5249385237693787 2508
1784237581073 0.3197067081928253 2509
1784237581082 0.16864195466041565 2510
1784237581095 0.42206916213035583 2511
1784237581107 0.24579931795597076 2512
1784237581118 0.4313237965106964 2513
1784237581129 0.5363558530807495 2514
1784237581142 0.25651904940605164 2515
1784237581154 0.391459584236145 2516
1784237581165 0.0845695286989212 2517
1784237581177 0.22584152221679688 2518
1784237581189 0.2744996249675751 2519
1784237581199 0.4451298713684082 2520
1784237581212 0.4572086036205292 2521
1784237581223 0.14130960404872894 2522
1784237581234 0.3567696511745453 2523
1784237581246 0.5543779134750366 2524
1784237581259 0.28734028339385986 2525
1784237581270 0.0746230036020279 2526
1784237581282 0.22460827231407166 2527
1784237581295 0.4372631907463074 2528
1784237581306 0.26655060052871704 2529
1784237581316 0.3386976420879364 2530
1784237581328 0.2546486258506775 2531
1784237581339 0.21595509350299835 2532
1784237581348 0.43247148394584656 2533
1784237581358 0.19212284684181213 2534
1784237581368 0.30689308047294617 2535
1784237581379 0.166713684797287 2536
1784237581390 0.2029874622821808 2537
1784237581401 0.09104248881340027 2538
1784237581411 0.4022790789604187 2539
1784237581421 0.1614145040512085 2540
1784237581430 0.6389610171318054 2541
1784237581442 0.34311172366142273 2542
1784237581456 0.6541672348976135 2543
1784237581468 0.31789666414260864 2544
1784237581481 0.3132033348083496 2545
1784237581496 0.16110721230506897 2546
1784237581510 0.13694772124290466 2547
1784237581524 0.30636322498321533 2548
1784237581537 0.3780372440814972 2549
1784237581549 0.13441111147403717 2550
1784237581562 0.6759615540504456 2551
1784237581574 0.047228675335645676 2552
1784237581586 0.39184632897377014 2553
1784237581596 0.6011130213737488 2554
1784237581607 0.2594410479068756 2555
1784237581619 0.3139171600341797 2556
1784237581631 0.2542712688446045 2557
1784237581642 0.45447319746017456 2558
1784237581654 0.25708669424057007 2559
1784237581664 0.20780625939369202 2560
1784237581675 0.3488914370536804 2561
1784237581686 0.250490665435791 2562
1784237581697 0.25480130314826965 2563
1784237581709 0.20200438797473907 2564
1784237581721 0.2177150696516037 2565
1784237581734 0.18642115592956543 2566
1784237581748 0.21311472356319427 2567
1784237581761 0.5605040192604065 2568
1784237581772 0.6076253056526184 2569
1784237581783 0.19956019520759583 2570
1784237581794 0.16221827268600464 2571
1784237581808 0.39384639263153076 2572
1784237581819 0.5472917556762695 2573
1784237581830 0.5116103291511536 2574
1784237581841 0.11288981884717941 2575
1784237581852 0.1784086525440216 2576
1784237581863 0.20093493163585663 2577
1784237581875 0.7498539090156555 2578
1784237581888 0.5177911520004272 2579
1784237581899 0.25482165813446045 2580
1784237581912 0.2651767432689667 2581
1784237581924 0.31703856587409973 2582
1784237581935 0.24635539948940277 2583
1784237581946 0.574680745601654 2584
1784237581957 0.41733255982398987 2585
1784237581969 0.47774553298950195 2586
1784237581980 0.36193332076072693 2587
1784237581992 0.2922353744506836 2588
1784237582003 0.19296027719974518 2589
1784237582014 0.40756872296333313 2590
1784237582025 0.31692740321159363 2591
1784237582036 0.42074331641197205 2592
1784237582048 0.08289643377065659 2593
1784237582058 0.5742362141609192 2594
1784237582070 0.25023362040519714 2595
1784237582081 0.3212053179740906 2596
1784237582091 0.14444971084594727 2597
1784237582102 0.1871132105588913 2598
1784237582113 0.5010290145874023 2599
1784237582124 0.4432688057422638 2600
1784237582134 0.3243698477745056 2601
1784237582145 0.28975802659988403 2602
1784237582156 0.4286639392375946 2603
1784237582166 0.32894381880760193 2604
1784237582177 0.11705368012189865 2605
1784237582187 0.4110341966152191 2606
1784237582197 0.3143312633037567 2607
1784237582209 0.32923734188079834 2608
1784237582221 0.3939439356327057 2609
1784237582232 0.25502809882164 2610
1784237582245 0.24075764417648315 2611
1784237582256 0.42844539880752563 2612
1784237582266 0.2562492787837982 2613
1784237582277 0.3151967227458954 2614
1784237582289 0.3033653199672699 2615
1784237582301 0.3776996433734894 2616
1784237582312 0.2545527517795563 2617
1784237582324 0.26278331875801086 2618
1784237582334 0.2560857832431793 2619
1784237582345 0.2811979651451111 2620
1784237582355 0.5313159227371216 2621
1784237582366 0.4015199840068817 2622
1784237582377 0.18896761536598206 2623
1784237582387 0.5406283140182495 2624
1784237582398 0.33618831634521484 2625
1784237582410 0.6287349462509155 2626
1784237582422 0.043919846415519714 2627
1784237582434 0.23225119709968567 2628
1784237582446 0.30748796463012695 2629
1784237582460 0.20130203664302826 2630
1784237582473 0.1977190524339676 2631
1784237582489 0.152350053191185 2632
1784237582503 0.38178905844688416 2633
1784237582516 0.4010644257068634 2634
1784237582533 0.490204393863678 2635
1784237582547 0.27468186616897583 2636
1784237582561 0.40746259689331055 2637
1784237582574 0.25654497742652893 2638
1784237582587 0.4753361940383911 2639
1784237582599 0.2249433845281601 2640
1784237582611 0.21752169728279114 2641
1784237582622 0.5557234287261963 2642
1784237582632 0.3415488600730896 2643
1784237582641 0.24202361702919006 2644
1784237582652 0.18103918433189392 2645
1784237582663 0.18405339121818542 2646
1784237582675 0.3388994336128235 2647
1784237582687 0.3160180151462555 2648
1784237582698 0.17958886921405792 2649
1784237582709 0.5729867219924927 2650
1784237582723 0.18199533224105835 2651
1784237582735 0.7413149476051331 2652
1784237582746 0.2946641147136688 2653
1784237582759 0.5509605407714844 2654
1784237582770 0.608291506767273 2655
1784237582781 0.2632420063018799 2656
1784237582793 0.3414716422557831 2657
1784237582804 0.1862678825855255 2658
1784237582816 0.3636467754840851 2659
1784237582828 0.1897106170654297 2660
1784237582839 0.7847290635108948 2661
1784237582849 0.2904666066169739 2662
1784237582860 0.20794685184955597 2663
1784237582871 0.5486656427383423 2664
1784237582882 0.24348433315753937 2665
1784237582892 0.46171170473098755 2666
1784237582903 0.2907327115535736 2667
1784237582913 0.3144912123680115 2668
1784237582925 0.5110659599304199 2669
1784237582937 0.23042204976081848 2670
1784237582947 0.20323750376701355 2671
1784237582959 0.34379369020462036 2672
1784237582970 0.44220370054244995 2673
1784237582981 0.14166195690631866 2674
1784237582992 0.24275454878807068 2675
1784237583004 0.3404693305492401 2676
1784237583016 0.23828542232513428 2677
1784237583027 0.2905391454696655 2678
1784237583038 0.32505905628204346 2679
1784237583049 0.34924206137657166 2680
1784237583061 0.2626955807209015 2681
1784237583072 0.37150099873542786 2682
1784237583083 0.34901657700538635 2683
1784237583093 0.1646895706653595 2684
1784237583103 0.3202544152736664 2685
1784237583113 0.4766972064971924 2686
1784237583125 0.3344430923461914 2687
1784237583136 0.19547587633132935 2688
1784237583148 0.3646690547466278 2689
1784237583162 0.4861447215080261 2690
1784237583172 0.20699362456798553 2691
1784237583184 0.27407634258270264 2692
1784237583195 0.4410025477409363 2693
1784237583205 0.1669057160615921 2694
1784237583217 0.6403833031654358 2695
1784237583227 0.13460320234298706 2696
1784237583239 0.5996876955032349 2697
1784237583248 0.19159944355487823 2698
1784237583259 0.25101858377456665 2699
1784237583270 0.3897460103034973 2700
1784237583280 0.38375794887542725 2701
1784237583299 0.45044058561325073 2702
1784237583310 0.22938191890716553 2703
1784237583322 0.24519485235214233 2704
1784237583333 0.06517726182937622 2705
1784237583345 0.47738590836524963 2706
1784237583356 0.5504218339920044 2707
1784237583366 0.2927292585372925 2708
1784237583378 0.4144744575023651 2709
1784237583389 0.19401533901691437 2710
1784237583400 0.2512241005897522 2711
1784237583411 0.2746898829936981 2712
1784237583421 0.1600162535905838 2713
1784237583430 0.2632032334804535 2714
1784237583443 0.15699534118175507 2715
1784237583456 0.36209940910339355 2716
1784237583467 0.2562396824359894 2717
1784237583479 0.22282829880714417 2718
1784237583489 0.3766317367553711 2719
1784237583501 0.9133673310279846 2720
1784237583512 0.5109918117523193 2721
1784237583524 0.2727346122264862 2722
1784237583536 0.5564579963684082 2723
1784237583548 0.40275004506111145 2724
1784237583559 0.4274759888648987 2725
1784237583572 0.5512327551841736 2726
1784237583585 0.10400764644145966 2727
1784237583598 0.47432300448417664 2728
1784237583610 0.6104575395584106 2729
1784237583624 0.1845783293247223 2730
1784237583636 0.2731983959674835 2731
1784237583648 0.3152964413166046 2732
1784237583662 0.17799124121665955 2733
1784237583674 0.3710216283798218 2734
1784237583689 0.5446217060089111 2735
1784237583706 0.4577361047267914 2736
1784237583724 0.16330787539482117 2737
1784237583739 0.22021782398223877 2738
1784237583755 0.33226528763771057 2739
1784237583770 0.34174805879592896 2740
1784237583783 0.23518842458724976 2741
1784237583798 0.36321189999580383 2742
1784237583811 0.42777201533317566 2743
1784237583824 0.2696285545825958 2744
1784237583836 0.2824156880378723 2745
1784237583848 0.8438705205917358 2746
1784237583860 0.7620438933372498 2747
1784237583873 0.28019803762435913 2748
1784237583885 0.11294766515493393 2749
1784237583898 0.3315538167953491 2750
1784237583911 0.408186137676239 2751
1784237583923 0.1469406634569168 2752
1784237583933 0.31016242504119873 2753
1784237583944 0.29061204195022583 2754
1784237583956 0.16795571148395538 2755
1784237583968 0.28390392661094666 2756
1784237583981 0.39639395475387573 2757
1784237583993 0.2354404479265213 2758
1784237584005 0.1310027539730072 2759
1784237584017 0.36470434069633484 2760
1784237584028 0.3034086227416992 2761
1784237584040 0.25405192375183105 2762
1784237584051 0.3463738262653351 2763
1784237584063 0.4220706820487976 2764
1784237584075 0.38026997447013855 2765
1784237584088 0.10312647372484207 2766
1784237584099 0.151948481798172 2767
1784237584111 0.1465497761964798 2768
1784237584123 0.14367234706878662 2769
1784237584134 0.11772949248552322 2770
1784237584146 0.3289097249507904 2771
1784237584157 0.46308600902557373 2772
1784237584169 0.2611922025680542 2773
1784237584180 0.2500882148742676 2774
1784237584192 0.1322685033082962 2775
1784237584205 0.3374467194080353 2776
1784237584216 0.1758199781179428 2777
1784237584226 0.5921158194541931 2778
1784237584237 0.2997153401374817 2779
1784237584247 0.29547467827796936 2780
1784237584257 0.32532286643981934 2781
1784237584268 0.17254985868930817 2782
1784237584279 0.11354921013116837 2783
1784237584289 0.18384476006031036 2784
1784237584301 0.41862526535987854 2785
1784237584312 0.22002126276493073 2786
1784237584324 0.3783222734928131 2787
1784237584336 0.37645089626312256 2788
1784237584346 0.2971210777759552 2789
1784237584358 0.3698584735393524 2790
1784237584369 0.31512749195098877 2791
1784237584381 0.19169872999191284 2792
1784237584392 0.1309921145439148 2793
1784237584402 0.20391102135181427 2794
1784237584412 0.16713480651378632 2795
1784237584422 0.3958134949207306 2796
1784237584433 0.24710674583911896 2797
1784237584444 0.3239048421382904 2798
1784237584455 0.4166240990161896 2799
1784237584464 0.5949593186378479 2800
1784237584474 0.12910626828670502 2801
1784237584484 0.2402966320514679 2802
1784237584496 0.39065247774124146 2803
1784237584507 0.43962499499320984 2804
1784237584516 0.1673576384782791 2805
1784237584528 0.15657484531402588 2806
1784237584538 0.4185636341571808 2807
1784237584546 0.35839784145355225 2808
1784237584557 0.22895078361034393 2809
1784237584567 0.3200226128101349 2810
1784237584578 0.161287322640419 2811
1784237584589 0.31851810216903687 2812
1784237584601 0.6583490967750549 2813
1784237584612 0.1566305309534073 2814
1784237584624 0.37308698892593384 2815
1784237584635 0.5159466862678528 2816
1784237584644 0.3609870672225952 2817
1784237584655 0.15409579873085022 2818
1784237584666 0.5856977701187134 2819
1784237584678 0.4724147915840149 2820
1784237584689 0.6148213148117065 2821
1784237584701 0.4814473092556 2822
1784237584712 0.33205917477607727 2823
1784237584724 0.5122959017753601 2824
1784237584735 0.5159674882888794 2825
1784237584745 0.17034859955310822 2826
1784237584757 0.4531153440475464 2827
1784237584769 0.24520348012447357 2828
1784237584780 0.14695239067077637 2829
1784237584790 0.23207904398441315 2830
1784237584799 0.466860830783844 2831
1784237584811 0.36455410718917847 2832
1784237584823 0.18239447474479675 2833
1784237584834 0.1211838573217392 2834
1784237584846 0.21412883698940277 2835
1784237584857 0.5066885352134705 2836
1784237584869 0.7179487347602844 2837
1784237584880 0.10025858879089355 2838
1784237584892 0.4636078178882599 2839
1784237584904 0.24210265278816223 2840
1784237584915 0.1141677126288414 2841
1784237584927 0.6435936093330383 2842
1784237584939 0.5873883962631226 2843
1784237584949 0.3606129288673401 2844
1784237584960 0.24887089431285858 2845
1784237584972 0.45382362604141235 2846
1784237584982 0.44096291065216064 2847
1784237584993 0.2656417787075043 2848
1784237585006 0.5549097657203674 2849
1784237585018 0.20690463483333588 2850
1784237585029 0.5211018919944763 2851
1784237585041 0.17717227339744568 2852
1784237585052 0.27951207756996155 2853
1784237585063 0.2933618426322937 2854
1784237585075 0.3999629020690918 2855
1784237585087 0.19404231011867523 2856
1784237585098 0.19253157079219818 2857
1784237585109 0.30881690979003906 2858
1784237585120 0.2098356932401657 2859
1784237585133 0.13352273404598236 2860
1784237585145 0.6261836886405945 2861
1784237585156 0.2797282338142395 2862
1784237585167 0.19219881296157837 2863
1784237585179 0.16923271119594574 2864
1784237585191 0.16550830006599426 2865
1784237585202 0.3746131658554077 2866
1784237585227 0.31409022212028503 2867
1784237585238 0.2972120940685272 2868
1784237585248 1.0103498697280884 2869
1784237585259 0.37114283442497253 2870
1784237585270 0.13467945158481598 2871
1784237585282 0.32074424624443054 2872
1784237585294 0.8292741775512695 2873
1784237585306 0.3959510922431946 2874
1784237585315 0.2479277104139328 2875
1784237585327 0.44354695081710815 2876
1784237585338 0.27129822969436646 2877
1784237585348 0.45438525080680847 2878
1784237585357 0.6165580749511719 2879
1784237585369 0.335928738117218 2880
1784237585379 0.2589847445487976 2881
1784237585391 0.40198269486427307 2882
1784237585402 0.1819046437740326 2883
1784237585413 0.2030140906572342 2884
1784237585424 0.5332591533660889 2885
1784237585434 0.3527412414550781 2886
1784237585445 0.441086083650589 2887
1784237585455 0.24231727421283722 2888
1784237585467 0.15177080035209656 2889
1784237585479 0.28398701548576355 2890
1784237585491 0.751025915145874 2891
1784237585503 0.3453516960144043 2892
1784237585515 0.5956807732582092 2893
1784237585527 0.29267486929893494 2894
1784237585539 0.16590367257595062 2895
1784237585549 0.22679395973682404 2896
1784237585562 0.12429478019475937 2897
1784237585575 0.2817898690700531 2898
1784237585588 0.8583157658576965 2899
1784237585600 0.27516576647758484 2900
1784237585612 0.6594587564468384 2901
1784237585624 0.5856138467788696 2902
1784237585636 0.22423256933689117 2903
1784237585648 0.14942438900470734 2904
1784237585660 0.42410093545913696 2905
1784237585673 0.16311369836330414 2906
1784237585685 0.4069414734840393 2907
1784237585698 0.3464573323726654 2908
1784237585710 0.2232307642698288 2909
1784237585723 0.33968713879585266 2910
1784237585735 0.14939893782138824 2911
1784237585746 0.23955754935741425 2912
1784237585758 0.16729296743869781 2913
1784237585770 0.2990467846393585 2914
1784237585782 0.272777795791626 2915
1784237585795 0.47850653529167175 2916
1784237585808 0.18763117492198944 2917
1784237585820 0.41793254017829895 2918
1784237585832 0.5156775712966919 2919
1784237585844 0.5051333904266357 2920
1784237585856 0.5416911840438843 2921
1784237585868 0.3241592049598694 2922
1784237585879 0.103739432990551 2923
1784237585892 0.4721347391605377 2924
1784237585905 0.39917486906051636 2925
1784237585918 0.4241218864917755 2926
1784237585930 0.17687928676605225 2927
1784237585942 0.6232880353927612 2928
1784237585953 0.44449448585510254 2929
1784237585965 0.2069646418094635 2930
1784237585979 0.17989684641361237 2931
1784237585991 0.39348268508911133 2932
1784237586004 0.05232733488082886 2933
1784237586017 0.18394404649734497 2934
1784237586029 0.3420380651950836 2935
1784237586041 0.6799471974372864 2936
1784237586052 0.2778434455394745 2937
1784237586064 0.6320042014122009 2938
1784237586076 0.4801638126373291 2939
1784237586090 0.18811321258544922 2940
1784237586103 0.24852900207042694 2941
1784237586115 0.07128281146287918 2942
1784237586126 0.2995974123477936 2943
1784237586139 0.25066864490509033 2944
1784237586150 0.4079030454158783 2945
1784237586161 0.43136006593704224 2946
1784237586173 0.17914073169231415 2947
1784237586185 0.4970099925994873 2948
1784237586195 0.1327383816242218 2949
1784237586206 0.09441836178302765 2950
1784237586218 0.322515606880188 2951
1784237586229 0.31597205996513367 2952
1784237586241 0.0689258724451065 2953
1784237586253 0.4977160394191742 2954
1784237586265 0.4339505434036255 2955
1784237586276 0.2684859037399292 2956
1784237586287 0.16991762816905975 2957
1784237586299 0.4111061096191406 2958
1784237586311 0.09839235246181488 2959
1784237586323 0.16772308945655823 2960
1784237586334 0.36467012763023376 2961
1784237586344 0.1436387151479721 2962
1784237586354 0.1813485473394394 2963
1784237586366 0.3895135819911957 2964
1784237586377 0.37074071168899536 2965
1784237586388 0.7716661095619202 2966
1784237586401 0.3925640285015106 2967
1784237586411 0.17011140286922455 2968
1784237586423 0.30765610933303833 2969
1784237586434 0.421968549489975 2970
1784237586446 0.6247289776802063 2971
1784237586458 0.4770987033843994 2972
1784237586469 0.14198164641857147 2973
1784237586480 0.1682984083890915 2974
1784237586491 0.2238197773694992 2975
1784237586503 0.26293468475341797 2976
1784237586515 0.3063495457172394 2977
1784237586528 0.4869847297668457 2978
1784237586538 0.21879056096076965 2979
1784237586549 0.07440106570720673 2980
1784237586560 0.2539069950580597 2981
1784237586571 0.4158552885055542 2982
1784237586581 0.4261881113052368 2983
1784237586593 0.15815851092338562 2984
1784237586605 0.16785570979118347 2985
1784237586615 0.5152699947357178 2986
1784237586627 0.16179029643535614 2987
1784237586638 0.2813817262649536 2988
1784237586649 0.32475754618644714 2989
1784237586661 0.26207801699638367 2990
1784237586671 0.13821274042129517 2991
1784237586684 0.18153680860996246 2992
1784237586696 0.29013124108314514 2993
1784237586708 0.48761776089668274 2994
1784237586718 0.5297212600708008 2995
1784237586731 0.167471781373024 2996
1784237586742 0.19786642491817474 2997
1784237586754 0.7099567651748657 2998
1784237586765 0.11999465525150299 2999
1784237586776 0.3921675980091095 3000
1784237586787 0.16815035045146942 3001
1784237586798 0.4136817455291748 3002
1784237586810 0.08359865844249725 3003
1784237586821 0.2098483145236969 3004
1784237586831 0.20628398656845093 3005
1784237586841 0.14878419041633606 3006
1784237586853 0.27310141921043396 3007
1784237586864 0.2795751988887787 3008
1784237586876 0.15344001352787018 3009
1784237586887 0.11218804121017456 3010
1784237586900 0.1729211062192917 3011
1784237586912 0.3387000560760498 3012
1784237586923 0.2510925531387329 3013
1784237586934 0.15889357030391693 3014
1784237586946 0.345268577337265 3015
1784237586958 0.09577753394842148 3016
1784237586970 0.4669822156429291 3017
1784237586981 0.6068018078804016 3018
1784237586992 0.13146188855171204 3019
1784237587004 0.16321758925914764 3020
1784237587016 0.3567837178707123 3021
1784237587027 0.26443374156951904 3022
1784237587039 0.09464631229639053 3023
1784237587050 0.25641703605651855 3024
1784237587062 0.6301337480545044 3025
1784237587073 0.20487312972545624 3026
1784237587085 0.5219186544418335 3027
1784237587097 0.16928797960281372 3028
1784237587109 0.6221799254417419 3029
1784237587120 0.6059914231300354 3030
1784237587130 0.17304587364196777 3031
1784237587142 0.15770632028579712 3032
1784237587154 0.12729963660240173 3033
1784237587163 0.2397773265838623 3034
1784237587173 0.19831152260303497 3035
1784237587182 0.4560442864894867 3036
1784237587194 0.19079454243183136 3037
1784237587206 0.1714664250612259 3038
1784237587214 0.14869852364063263 3039
1784237587226 0.5580206513404846 3040
1784237587237 0.2065386027097702 3041
1784237587248 0.32744738459587097 3042
1784237587260 0.1346409022808075 3043
1784237587272 0.31804051995277405 3044
1784237587283 0.09177494794130325 3045
1784237587295 0.1986469179391861 3046
1784237587308 0.5082876682281494 3047
1784237587321 0.43339699506759644 3048
1784237587334 0.14795565605163574 3049
1784237587346 0.3055311441421509 3050
1784237587358 0.18176455795764923 3051
1784237587370 0.5007308125495911 3052
1784237587381 0.23787012696266174 3053
1784237587393 0.250306636095047 3054
1784237587404 0.06598148494958878 3055
1784237587414 0.3604758083820343 3056
1784237587426 0.14489750564098358 3057
1784237587436 0.33125144243240356 3058
1784237587446 0.14203868806362152 3059
1784237587457 0.4119125306606293 3060
1784237587468 0.6468151807785034 3061
1784237587479 0.4810361862182617 3062
1784237587490 0.37954002618789673 3063
1784237587501 0.5050907135009766 3064
1784237587514 0.5828921794891357 3065
1784237587526 0.06634974479675293 3066
1784237587537 0.3289439082145691 3067
1784237587547 0.22862586379051208 3068
1784237587558 0.3102492690086365 3069
1784237587569 0.25857046246528625 3070
1784237587580 0.41308581829071045 3071
1784237587591 0.6217144727706909 3072
1784237587601 0.17448130249977112 3073
1784237587610 0.19160740077495575 3074
1784237587621 0.2147115021944046 3075
1784237587633 0.13891638815402985 3076
1784237587644 0.13818664848804474 3077
1784237587655 0.3915832042694092 3078
1784237587665 0.290006160736084 3079
1784237587679 0.726710319519043 3080
1784237587690 0.14243769645690918 3081
1784237587701 0.391759991645813 3082
1784237587712 0.4881802201271057 3083
1784237587722 0.19313140213489532 3084
1784237587733 0.04435359314084053 3085
1784237587743 0.2482299506664276 3086
1784237587753 0.715282678604126 3087
1784237587761 0.08992742002010345 3088
1784237587772 0.26783376932144165 3089
1784237587782 0.10906554013490677 3090
1784237587792 0.11256285011768341 3091
1784237587803 0.5155883431434631 3092
1784237587815 0.41724786162376404 3093
1784237587827 0.764761745929718 3094
1784237587837 0.26842057704925537 3095
1784237587848 0.19027996063232422 3096
1784237587859 0.14525601267814636 3097
1784237587871 0.2751663327217102 3098
1784237587883 0.4322907030582428 3099
1784237587894 0.6303962469100952 3100
1784237587905 0.2609369456768036 3101
1784237587918 0.15531811118125916 3102
1784237587931 0.48299238085746765 3103
1784237587943 0.3195109963417053 3104
1784237587955 0.5180913209915161 3105
1784237587966 0.26456335186958313 3106
1784237587978 0.5420145392417908 3107
1784237587989 0.18680234253406525 3108
1784237588000 0.24011051654815674 3109
1784237588010 0.10887866467237473 3110
1784237588020 0.19734357297420502 3111
1784237588032 0.3155211806297302 3112
1784237588044 0.32394343614578247 3113
1784237588055 0.2121598869562149 3114
1784237588067 0.22910727560520172 3115
1784237588078 0.13687121868133545 3116
1784237588089 0.18801161646842957 3117
1784237588107 0.10266446322202682 3118
1784237588117 0.1874217838048935 3119
1784237588130 0.326773464679718 3120
1784237588145 0.28788110613822937 3121
1784237588159 0.5560357570648193 3122
1784237588172 0.26462969183921814 3123
1784237588182 0.2540849447250366 3124
1784237588195 0.18797224760055542 3125
1784237588206 0.234596848487854 3126
1784237588219 0.5243408679962158 3127
1784237588231 0.2959648370742798 3128
1784237588241 0.2252926230430603 3129
1784237588254 0.17805758118629456 3130
1784237588263 0.2173098772764206 3131
1784237588274 0.4483729898929596 3132
1784237588284 0.18959714472293854 3133
1784237588294 0.7278887033462524 3134
1784237588305 0.4761262536048889 3135
1784237588316 0.4964488744735718 3136
1784237588327 0.39029043912887573 3137
1784237588338 0.2601861357688904 3138
1784237588348 0.5232580304145813 3139
1784237588360 0.1325206458568573 3140
1784237588372 0.4639435410499573 3141
1784237588385 0.17506402730941772 3142
1784237588399 0.07851515710353851 3143
1784237588413 0.3636540174484253 3144
1784237588425 0.13459523022174835 3145
1784237588437 0.1940542459487915 3146
1784237588447 0.13751433789730072 3147
1784237588460 0.1852257251739502 3148
1784237588472 0.23745183646678925 3149
1784237588484 0.16431407630443573 3150
1784237588496 0.6559081077575684 3151
1784237588509 0.3450162708759308 3152
1784237588522 0.5903552770614624 3153
1784237588533 0.5400212407112122 3154
1784237588546 0.2713107466697693 3155
1784237588558 0.2071722000837326 3156
1784237588571 0.1695273071527481 3157
1784237588583 0.5526350736618042 3158
1784237588595 0.1461552083492279 3159
1784237588609 0.2735349237918854 3160
1784237588621 0.2705766260623932 3161
1784237588633 0.22288747131824493 3162
1784237588645 0.19975748658180237 3163
1784237588657 0.46343183517456055 3164
1784237588670 0.30201929807662964 3165
1784237588682 0.15480656921863556 3166
1784237588697 0.3800573945045471 3167
1784237588709 0.23403622210025787 3168
1784237588722 0.14313891530036926 3169
1784237588735 0.3317818343639374 3170
1784237588746 0.26074230670928955 3171
1784237588759 0.21960599720478058 3172
1784237588771 0.41061684489250183 3173
1784237588783 0.2977050244808197 3174
1784237588795 0.24936915934085846 3175
1784237588806 0.31902363896369934 3176
1784237588818 0.20349274575710297 3177
1784237588829 0.27331241965293884 3178
1784237588841 0.38941800594329834 3179
1784237588853 0.14441527426242828 3180
1784237588863 0.45713719725608826 3181
1784237588876 0.25556105375289917 3182
1784237588889 0.37254706025123596 3183
1784237588903 0.29221513867378235 3184
1784237588915 0.37144142389297485 3185
1784237588929 0.30135220289230347 3186
1784237588945 0.4113878309726715 3187
1784237588959 0.23722565174102783 3188
1784237588972 0.7039170861244202 3189
1784237588985 0.14303967356681824 3190
1784237588999 0.19129347801208496 3191
1784237589014 0.3700520992279053 3192
1784237589027 0.6091857552528381 3193
1784237589042 0.337881863117218 3194
1784237589055 0.30040064454078674 3195
1784237589068 0.226732075214386 3196
1784237589080 0.34222543239593506 3197
1784237589092 0.14715181291103363 3198
1784237589104 0.2664247155189514 3199
1784237589116 0.44501420855522156 3200
1784237589127 0.13386830687522888 3201
1784237589137 0.4213142395019531 3202
1784237589147 0.20635224878787994 3203
1784237589160 0.2968790531158447 3204
1784237589173 0.349115252494812 3205
1784237589185 0.3470848500728607 3206
1784237589196 0.21628378331661224 3207
1784237589208 0.4750847816467285 3208
1784237589220 0.6765009760856628 3209
1784237589232 0.31058168411254883 3210
1784237589242 0.40243613719940186 3211
1784237589253 0.33066049218177795 3212
1784237589264 0.365026593208313 3213
1784237589276 0.2120659053325653 3214
1784237589288 0.29568734765052795 3215
1784237589300 0.16055402159690857 3216
1784237589311 0.19834178686141968 3217
1784237589322 0.34637683629989624 3218
1784237589334 0.5061762928962708 3219
1784237589346 0.2230844646692276 3220
1784237589357 0.32156118750572205 3221
1784237589366 0.3183314800262451 3222
1784237589378 0.1406949907541275 3223
1784237589389 0.24630409479141235 3224
1784237589401 0.24840761721134186 3225
1784237589411 0.366947740316391 3226
1784237589423 0.16311460733413696 3227
1784237589433 0.1958213597536087 3228
1784237589444 0.10692550241947174 3229
1784237589454 0.4700426757335663 3230
1784237589464 0.10642996430397034 3231
1784237589474 0.367006778717041 3232
1784237589485 0.10362794995307922 3233
1784237589496 0.27336424589157104 3234
1784237589508 0.6122723817825317 3235
1784237589518 0.2781314551830292 3236
1784237589528 0.5203615427017212 3237
1784237589540 0.15468405187129974 3238
1784237589552 0.23588606715202332 3239
1784237589562 0.3170003294944763 3240
1784237589574 0.3057946562767029 3241
1784237589587 0.7459778189659119 3242
1784237589598 0.47904300689697266 3243
1784237589608 0.27961236238479614 3244
1784237589620 0.3591908812522888 3245
1784237589631 0.22059133648872375 3246
1784237589642 0.5744967460632324 3247
1784237589653 0.45350411534309387 3248
1784237589663 0.1478559821844101 3249
1784237589675 0.25544875860214233 3250
1784237589687 0.7889662384986877 3251
1784237589698 0.2413659691810608 3252
1784237589710 0.279089093208313 3253
1784237589721 0.09687617421150208 3254
1784237589733 0.2704993784427643 3255
1784237589742 0.26407331228256226 3256
1784237589752 0.4867483079433441 3257
1784237589763 0.3560049533843994 3258
1784237589775 0.7163628339767456 3259
1784237589787 0.31777963042259216 3260
1784237589798 0.24435290694236755 3261
1784237589810 0.34186986088752747 3262
1784237589821 0.3758179247379303 3263
1784237589830 0.3727099299430847 3264
1784237589839 0.4822389483451843 3265
1784237589851 0.44855138659477234 3266
1784237589862 0.2750576436519623 3267
1784237589873 0.6529133915901184 3268
1784237589883 0.19114314019680023 3269
1784237589894 0.6769704222679138 3270
1784237589907 0.10761480033397675 3271
1784237589918 0.10186145454645157 3272
1784237589930 0.18510182201862335 3273
1784237589942 0.2757449150085449 3274
1784237589953 0.8165563344955444 3275
1784237589963 0.2081390917301178 3276
1784237589974 0.5251414179801941 3277
1784237589986 0.29412931203842163 3278
1784237589997 0.6779012680053711 3279
1784237590009 0.3316778540611267 3280
1784237590019 0.5062083005905151 3281
1784237590029 0.407972514629364 3282
1784237590039 0.29752665758132935 3283
1784237590052 0.1817656308412552 3284
1784237590062 0.11464982479810715 3285
1784237590074 0.3282317519187927 3286
1784237590085 0.11876635998487473 3287
1784237590097 0.27616047859191895 3288
1784237590109 0.5554967522621155 3289
1784237590121 0.13738787174224854 3290
1784237590131 0.4394507110118866 3291
1784237590143 0.47161248326301575 3292
1784237590156 0.310209184885025 3293
1784237590168 0.36847031116485596 3294
1784237590180 0.4750087559223175 3295
1784237590193 0.42043134570121765 3296
1784237590205 0.18234649300575256 3297
1784237590217 0.14533428847789764 3298
1784237590229 0.28955766558647156 3299
1784237590241 0.6318482756614685 3300
1784237590251 0.3609422743320465 3301
1784237590262 0.27366989850997925 3302
1784237590274 0.7632477879524231 3303
1784237590286 0.5621099472045898 3304
1784237590297 0.3960040211677551 3305
1784237590309 0.4045487642288208 3306
1784237590320 0.30266711115837097 3307
1784237590332 0.4536413252353668 3308
1784237590345 0.4114626348018646 3309
1784237590358 0.14916208386421204 3310
1784237590370 0.32323455810546875 3311
1784237590385 0.4291956126689911 3312
1784237590398 0.4282815754413605 3313
1784237590413 0.3300411105155945 3314
1784237590426 0.3371545076370239 3315
1784237590438 0.2922721803188324 3316
1784237590453 0.30651065707206726 3317
1784237590465 0.3394175171852112 3318
1784237590478 0.30780139565467834 3319
1784237590490 0.30222731828689575 3320
1784237590502 0.14593172073364258 3321
1784237590513 0.1722264140844345 3322
1784237590526 0.7480037212371826 3323
1784237590537 0.26845982670783997 3324
1784237590547 0.2419680804014206 3325
1784237590560 0.6509592533111572 3326
1784237590571 0.7899287343025208 3327
1784237590584 0.1274099498987198 3328
1784237590596 0.18506889045238495 3329
1784237590609 0.4038664400577545 3330
1784237590621 0.20896437764167786 3331
1784237590631 0.404954731464386 3332
1784237590643 0.16179630160331726 3333
1784237590654 0.15676622092723846 3334
1784237590666 0.19577454030513763 3335
1784237590677 0.13712553679943085 3336
1784237590690 0.12755908071994781 3337
1784237590701 0.18291659653186798 3338
1784237590711 0.5150808095932007 3339
1784237590724 0.30145758390426636 3340
1784237590735 0.1979723870754242 3341
1784237590745 0.172728031873703 3342
1784237590755 0.477827250957489 3343
1784237590767 0.34153077006340027 3344
1784237590779 0.1751021295785904 3345
1784237590797 0.14356045424938202 3346
1784237590810 0.28197774291038513 3347
1784237590821 0.34034428000450134 3348
1784237590831 0.11383382230997086 3349
1784237590844 0.46551287174224854 3350
1784237590854 0.1651102900505066 3351
1784237590863 0.1335173398256302 3352
1784237590874 0.21266263723373413 3353
1784237590887 0.06294967234134674 3354
1784237590897 0.8476202487945557 3355
1784237590908 0.10516106337308884 3356
1784237590920 0.5953965187072754 3357
1784237590929 0.32237187027931213 3358
1784237590940 0.29746192693710327 3359
1784237590952 0.3497188091278076 3360
1784237590963 0.16681548953056335 3361
1784237590975 0.11383305490016937 3362
1784237590986 0.41024255752563477 3363
1784237590998 0.5175580382347107 3364
1784237591012 0.5890674591064453 3365
1784237591058 0.2352493852376938 3366
1784237591086 0.4658789038658142 3367
1784237591105 0.3471989929676056 3368
1784237591124 0.2580445110797882 3369
1784237591143 0.3600216209888458 3370
1784237591164 0.4056297838687897 3371
1784237591179 0.7179214358329773 3372
1784237591195 0.23998481035232544 3373
1784237591217 0.26391541957855225 3374
1784237591244 0.43895894289016724 3375
1784237591262 0.4665301442146301 3376
1784237591292 0.1883467137813568 3377
1784237591324 0.2307625114917755 3378
1784237591341 0.20938728749752045 3379
1784237591363 0.11967525631189346 3380
1784237591377 0.4626831114292145 3381
1784237591391 0.30074581503868103 3382
1784237591404 0.09150181710720062 3383
1784237591417 0.2975177466869354 3384
1784237591429 0.19755560159683228 3385
1784237591441 0.5357590317726135 3386
1784237591453 0.32381120324134827 3387
1784237591468 0.16835786402225494 3388
1784237591485 0.1303611397743225 3389
1784237591575 0.19194120168685913 3390
1784237591590 0.3463740944862366 3391
1784237591611 0.3422853648662567 3392
1784237591625 0.9124871492385864 3393
1784237591638 0.33628007769584656 3394
1784237591649 0.3831888437271118 3395
1784237591660 0.21256482601165771 3396
1784237591671 0.39829882979393005 3397
1784237591681 0.0938701257109642 3398
1784237591693 0.2564002275466919 3399
1784237591706 0.43852168321609497 3400
1784237591718 0.40403738617897034 3401
1784237591733 0.5756593942642212 3402
1784237591744 0.5623445510864258 3403
1784237591759 0.16729632019996643 3404
1784237591773 0.4556756317615509 3405
1784237591785 0.1740831434726715 3406
1784237591797 0.1765509992837906 3407
1784237591810 0.3336736261844635 3408
1784237591823 0.49846646189689636 3409
1784237591835 0.20717236399650574 3410
1784237591846 0.3024101257324219 3411
1784237591856 0.42681556940078735 3412
1784237591868 0.10805103927850723 3413
1784237591879 0.858972430229187 3414
1784237591889 0.2582477331161499 3415
1784237591902 0.35927537083625793 3416
1784237591913 0.2551964521408081 3417
1784237591924 0.2776860296726227 3418
1784237591935 0.18965572118759155 3419
1784237591944 0.4670986831188202 3420
1784237591954 0.17323949933052063 3421
1784237591966 0.13792669773101807 3422
1784237591977 0.11833268404006958 3423
1784237591989 0.3823740780353546 3424
1784237592001 1.2257360219955444 3425
1784237592013 0.45950305461883545 3426
1784237592028 0.14543890953063965 3427
1784237592041 0.5770173668861389 3428
1784237592056 0.2271433025598526 3429
1784237592069 0.35638052225112915 3430
1784237592082 0.5201059579849243 3431
1784237592096 0.2523830831050873 3432
1784237592110 0.12170787155628204 3433
1784237592125 0.4712894856929779 3434
1784237592137 0.47873109579086304 3435
1784237592150 0.17174270749092102 3436
1784237592165 0.23328612744808197 3437
1784237592183 0.13589774072170258 3438
1784237592197 0.09298206865787506 3439
1784237592212 0.13189679384231567 3440
1784237592230 0.3842954635620117 3441
1784237592247 0.26896873116493225 3442
1784237592263 0.11910171806812286 3443
1784237592275 0.3357570469379425 3444
1784237592291 0.2265305519104004 3445
1784237592307 0.45130452513694763 3446
1784237592321 0.3286105692386627 3447
1784237592334 0.1054869145154953 3448
1784237592349 0.18155279755592346 3449
1784237592364 0.24731869995594025 3450
1784237592378 0.13398267328739166 3451
1784237592394 0.1379743218421936 3452
1784237592411 0.3494795858860016 3453
1784237592424 0.23704659938812256 3454
1784237592435 0.21120591461658478 3455
1784237592446 0.05656193569302559 3456
1784237592458 0.2561739981174469 3457
1784237592471 0.7679741382598877 3458
1784237592484 0.4092079997062683 3459
1784237592498 0.17519493401050568 3460
1784237592511 0.21375204622745514 3461
1784237592523 0.20310640335083008 3462
1784237592537 0.691896378993988 3463
1784237592548 0.4167923033237457 3464
1784237592561 0.14173969626426697 3465
1784237592573 0.25311991572380066 3466
1784237592586 0.5976437926292419 3467
1784237592600 0.2599320411682129 3468
1784237592616 0.17535996437072754 3469
1784237592634 0.3019943833351135 3470
1784237592650 0.2894403636455536 3471
1784237592665 0.2735510468482971 3472
1784237592684 0.15902136266231537 3473
1784237592702 0.08311021327972412 3474
1784237592717 0.393215149641037 3475
1784237592733 0.5230773687362671 3476
1784237592746 0.24859853088855743 3477
1784237592765 0.4648060202598572 3478
1784237592778 0.5226228833198547 3479
1784237592793 0.20753374695777893 3480
1784237592805 0.1911463588476181 3481
1784237592817 0.6519001722335815 3482
1784237592830 0.2432442307472229 3483
1784237592842 0.30547574162483215 3484
1784237592853 0.34774279594421387 3485
1784237592862 0.28352153301239014 3486
1784237592873 0.20433062314987183 3487
1784237592883 0.3753836154937744 3488
1784237592893 0.451052725315094 3489
1784237592904 0.38322916626930237 3490
1784237592913 0.29291480779647827 3491
1784237592924 0.38588961958885193 3492
1784237592933 0.07428445667028427 3493
1784237592944 0.25164690613746643 3494
1784237592955 0.3199350833892822 3495
1784237592966 0.44336286187171936 3496
1784237592977 0.18646062910556793 3497
1784237592988 0.23237481713294983 3498
1784237592999 0.14600199460983276 3499
1784237593010 0.4188344180583954 3500
1784237593024 0.3944752514362335 3501
1784237593034 0.39930087327957153 3502
1784237593046 0.23993684351444244 3503
1784237593075 0.10983329266309738 3504
1784237593087 0.4014657735824585 3505
1784237593099 0.1335034817457199 3506
1784237593111 0.21226657927036285 3507
1784237593123 0.4110887050628662 3508
1784237593134 0.23029175400733948 3509
1784237593145 0.8267867565155029 3510
1784237593156 0.307223916053772 3511
1784237593167 0.3397091031074524 3512
1784237593179 0.6245970726013184 3513
1784237593191 0.18550677597522736 3514
1784237593204 0.3204036056995392 3515
1784237593216 0.3974997103214264 3516
1784237593227 0.28042376041412354 3517
1784237593238 0.3624580502510071 3518
1784237593249 0.7825096845626831 3519
1784237593261 0.2722620964050293 3520
1784237593273 0.5313811302185059 3521
1784237593284 0.2530243396759033 3522
1784237593297 0.1260259598493576 3523
1784237593309 0.3749214708805084 3524
1784237593322 0.17323026061058044 3525
1784237593334 0.41286981105804443 3526
1784237593346 0.14543937146663666 3527
1784237593359 0.20657871663570404 3528
1784237593372 0.12235505133867264 3529
1784237593384 0.6935191750526428 3530
1784237593396 0.2565689980983734 3531
1784237593409 0.32498428225517273 3532
1784237593422 0.2882612943649292 3533
1784237593434 0.48632314801216125 3534
1784237593446 0.5198186039924622 3535
1784237593458 0.18360041081905365 3536
1784237593471 0.15877071022987366 3537
1784237593483 0.26739227771759033 3538
1784237593496 0.18901534378528595 3539
1784237593507 0.45754188299179077 3540
1784237593521 0.2894650995731354 3541
1784237593534 0.1709791123867035 3542
1784237593547 0.1398954689502716 3543
1784237593559 0.3620329797267914 3544
1784237593573 0.6027951240539551 3545
1784237593587 0.4550114572048187 3546
1784237593600 0.24741631746292114 3547
1784237593613 0.35856759548187256 3548
1784237593625 0.2723208963871002 3549
1784237593637 0.5728057026863098 3550
1784237593650 0.15170162916183472 3551
1784237593662 0.04654937610030174 3552
1784237593676 0.467640221118927 3553
1784237593689 0.5785024166107178 3554
1784237593702 0.2785565257072449 3555
1784237593714 0.4216836094856262 3556
1784237593727 0.18393005430698395 3557
1784237593739 0.22536861896514893 3558
1784237593751 0.4130886197090149 3559
1784237593763 0.41787204146385193 3560
1784237593775 0.15162448585033417 3561
1784237593787 0.19310833513736725 3562
1784237593799 0.11229501664638519 3563
1784237593811 0.42604878544807434 3564
1784237593823 0.2183985561132431 3565
1784237593835 0.23296916484832764 3566
1784237593846 0.2371174693107605 3567
1784237593856 0.3409143388271332 3568
1784237593867 0.4716630280017853 3569
1784237593876 0.4537436366081238 3570
1784237593887 0.2812644839286804 3571
1784237593899 0.32598552107810974 3572
1784237593910 0.3998400568962097 3573
1784237593922 0.20795227587223053 3574
1784237593934 0.417067289352417 3575
1784237593945 0.21227553486824036 3576
1784237593958 0.6344992518424988 3577
1784237593970 0.7028577327728271 3578
1784237593980 0.3169799745082855 3579
1784237593993 0.3209638297557831 3580
1784237594006 0.4532119631767273 3581
1784237594016 0.20647010207176208 3582
1784237594027 0.31042924523353577 3583
1784237594039 0.334966242313385 3584
1784237594051 0.19549976289272308 3585
1784237594062 0.526993453502655 3586
1784237594074 0.323467880487442 3587
1784237594085 0.534146785736084 3588
1784237594096 0.2610160708427429 3589
1784237594109 0.23257048428058624 3590
1784237594120 0.4443758726119995 3591
1784237594132 0.4988168776035309 3592
1784237594142 0.1725689321756363 3593
1784237594154 0.47092771530151367 3594
1784237594166 0.24857428669929504 3595
1784237594178 0.31947341561317444 3596
1784237594189 0.5811468362808228 3597
1784237594201 0.14551092684268951 3598
1784237594211 0.3326079845428467 3599
1784237594222 0.17617638409137726 3600
1784237594233 0.25718414783477783 3601
1784237594242 0.3311457633972168 3602
1784237594252 0.34028178453445435 3603
1784237594260 0.17494869232177734 3604
1784237594273 0.4950772225856781 3605
1784237594283 0.2633470296859741 3606
1784237594295 0.15478695929050446 3607
1784237594307 0.2513003647327423 3608
1784237594319 0.3837527334690094 3609
1784237594330 0.38199859857559204 3610
1784237594342 0.08421488106250763 3611
1784237594352 0.25286972522735596 3612
1784237594363 0.3004932999610901 3613
1784237594375 0.6521522998809814 3614
1784237594386 0.4865577220916748 3615
1784237594399 0.22490371763706207 3616
1784237594411 0.32900476455688477 3617
1784237594424 0.5857611298561096 3618
1784237594435 0.3082294762134552 3619
1784237594446 0.24334193766117096 3620
1784237594457 0.4131166636943817 3621
1784237594467 0.3486252725124359 3622
1784237594479 0.1274675875902176 3623
1784237594491 0.577090859413147 3624
1784237594502 0.13873013854026794 3625
1784237594514 0.10882284492254257 3626
1784237594526 0.22653603553771973 3627
1784237594537 0.19451051950454712 3628
1784237594548 0.18015478551387787 3629
1784237594559 0.39571261405944824 3630
1784237594570 0.46493589878082275 3631
1784237594581 0.21163871884346008 3632
1784237594594 0.28420883417129517 3633
1784237594606 0.12845860421657562 3634
1784237594617 0.31792059540748596 3635
1784237594628 0.39654216170310974 3636
1784237594640 0.28463155031204224 3637
1784237594652 0.4140666723251343 3638
1784237594663 0.1891379952430725 3639
1784237594675 0.3996981680393219 3640
1784237594685 0.6931209564208984 3641
1784237594697 1.2584280967712402 3642
1784237594708 0.25632330775260925 3643
1784237594719 0.4733743965625763 3644
1784237594730 0.21376295387744904 3645
1784237594742 0.34805169701576233 3646
1784237594754 0.7061777114868164 3647
1784237594763 0.18703676760196686 3648
1784237594775 0.12705527245998383 3649
1784237594786 0.24628104269504547 3650
1784237594799 0.27756181359291077 3651
1784237594812 0.24748463928699493 3652
1784237594823 0.41280514001846313 3653
1784237594836 0.08007267117500305 3654
1784237594848 0.3080253601074219 3655
1784237594863 0.33891573548316956 3656
1784237594877 0.4373660683631897 3657
1784237594891 0.24659867584705353 3658
1784237594905 0.09605272114276886 3659
1784237594919 0.28211545944213867 3660
1784237594931 0.36385396122932434 3661
1784237594944 0.19660741090774536 3662
1784237594955 0.25341302156448364 3663
1784237594967 0.2508610188961029 3664
1784237594979 0.38786783814430237 3665
1784237594991 0.5430396199226379 3666
1784237595003 0.3044915795326233 3667
1784237595014 0.2799001932144165 3668
1784237595025 0.14106062054634094 3669
1784237595036 0.32743003964424133 3670
1784237595050 0.1496742069721222 3671
1784237595062 0.47610217332839966 3672
1784237595073 0.10939870774745941 3673
1784237595084 0.1668674349784851 3674
1784237595094 0.3237076699733734 3675
1784237595106 0.18659192323684692 3676
1784237595119 0.30705294013023376 3677
1784237595130 0.282975435256958 3678
1784237595141 0.3155263662338257 3679
1784237595152 0.42188140749931335 3680
1784237595163 0.21665674448013306 3681
1784237595175 0.2574940621852875 3682
1784237595186 0.492561012506485 3683
1784237595197 0.3205164968967438 3684
1784237595209 0.8159340023994446 3685
1784237595218 0.22450999915599823 3686
1784237595228 0.219808891415596 3687
1784237595241 0.12335675954818726 3688
1784237595252 0.3989979028701782 3689
1784237595264 0.14515994489192963 3690
1784237595275 0.34724634885787964 3691
1784237595286 0.11731535941362381 3692
1784237595298 0.21595968306064606 3693
1784237595309 0.292372465133667 3694
1784237595320 0.6326465606689453 3695
1784237595330 0.20771503448486328 3696
1784237595342 0.27391552925109863 3697
1784237595354 0.3011210858821869 3698
1784237595366 0.14160683751106262 3699
1784237595376 0.439643919467926 3700
1784237595388 0.2680251896381378 3701
1784237595400 0.19572414457798004 3702
1784237595412 0.394074410200119 3703
1784237595424 0.15682297945022583 3704
1784237595436 0.3545655608177185 3705
1784237595448 0.2766154110431671 3706
1784237595459 0.3757495582103729 3707
1784237595471 0.2295072227716446 3708
1784237595482 0.22286531329154968 3709
1784237595494 0.5765414834022522 3710
1784237595507 0.3582933843135834 3711
1784237595519 0.10105985403060913 3712
1784237595529 0.2327939122915268 3713
1784237595540 0.1955401450395584 3714
1784237595552 0.2028355896472931 3715
1784237595563 0.2623240649700165 3716
1784237595575 0.2300507128238678 3717
1784237595586 0.2755289375782013 3718
1784237595597 0.4409103989601135 3719
1784237595611 0.35419315099716187 3720
1784237595623 0.20199991762638092 3721
1784237595634 0.7536763548851013 3722
1784237595644 0.1597701758146286 3723
1784237595657 0.17107835412025452 3724
1784237595669 0.3284587264060974 3725
1784237595680 0.20010222494602203 3726
1784237595691 0.16149193048477173 3727
1784237595702 0.344767689704895 3728
1784237595713 0.1620340347290039 3729
1784237595727 0.1883510798215866 3730
1784237595741 0.615959644317627 3731
1784237595758 0.2620007395744324 3732
1784237595778 0.35233554244041443 3733
1784237595792 0.22917138040065765 3734
1784237595810 0.3468354046344757 3735
1784237595825 0.17306643724441528 3736
1784237595839 0.21957027912139893 3737
1784237595854 0.2804949879646301 3738
1784237595868 0.1422397941350937 3739
1784237595881 0.06818965077400208 3740
1784237595893 0.2688249349594116 3741
1784237595906 0.2643159031867981 3742
1784237595918 0.4037000834941864 3743
1784237595929 0.5509864091873169 3744
1784237595941 0.22977276146411896 3745
1784237595953 0.29248324036598206 3746
1784237595969 0.08096248656511307 3747
1784237595980 0.30477869510650635 3748
1784237595991 0.3460999131202698 3749
1784237597280 0.505081295967102 3750
1784237597291 0.3566993474960327 3751
1784237597302 0.42685434222221375 3752
1784237597313 0.5759538412094116 3753
1784237597325 0.14619188010692596 3754
1784237597337 0.3094477653503418 3755
1784237597349 0.2650843858718872 3756
1784237597359 0.21538415551185608 3757
1784237597371 0.220608651638031 3758
1784237597383 0.21065394580364227 3759
1784237597394 0.30177071690559387 3760
1784237597406 0.1768953949213028 3761
1784237597418 0.21153104305267334 3762
1784237597429 0.2411021590232849 3763
1784237597440 0.5787820816040039 3764
1784237597450 0.5511399507522583 3765
1784237597459 0.09200949221849442 3766
1784237597469 0.46599081158638 3767
1784237597479 0.7283664345741272 3768
1784237597490 0.7876596450805664 3769
1784237597502 0.37157556414604187 3770
1784237597514 0.362174928188324 3771
1784237597526 0.2368054836988449 3772
1784237597537 0.8175954818725586 3773
1784237597549 0.1506170630455017 3774
1784237597560 0.15564048290252686 3775
1784237597571 0.33650311827659607 3776
1784237597583 0.47593796253204346 3777
1784237597595 0.46077048778533936 3778
1784237597607 0.20318540930747986 3779
1784237597619 0.3293939232826233 3780
1784237597630 0.5268682241439819 3781
1784237597642 0.24904656410217285 3782
1784237597653 0.40860849618911743 3783
1784237597665 0.4145333170890808 3784
1784237597677 0.18943727016448975 3785
1784237597689 0.28986966609954834 3786
1784237597700 0.1070462167263031 3787
1784237597712 0.4439341723918915 3788
1784237597724 0.2450558841228485 3789
1784237597738 0.31992554664611816 3790
1784237597749 0.16726577281951904 3791
1784237597761 0.21861517429351807 3792
1784237597772 0.21873421967029572 3793
1784237597784 0.24924300611019135 3794
1784237597795 0.37390637397766113 3795
1784237597807 0.36270079016685486 3796
1784237597818 0.397522509098053 3797
1784237597828 0.6856206059455872 3798
1784237597839 0.2600146234035492 3799
1784237597849 0.10830294340848923 3800
1784237597861 0.5214296579360962 3801
1784237597873 0.41983357071876526 3802
1784237597886 0.3674859404563904 3803
1784237597896 0.16047590970993042 3804
1784237597909 0.1451766937971115 3805
1784237597919 0.20378726720809937 3806
1784237597930 0.23989051580429077 3807
1784237597941 0.34230470657348633 3808
1784237597953 0.409868061542511 3809
1784237597968 0.36068251729011536 3810
1784237597979 0.5169544219970703 3811
1784237597991 0.43129071593284607 3812
1784237598002 0.21325930953025818 3813
1784237598014 0.19735613465309143 3814
1784237598025 0.37264519929885864 3815
1784237598038 0.7611984014511108 3816
1784237598047 0.18869252502918243 3817
1784237598060 0.1932048797607422 3818
1784237598072 0.11299198865890503 3819
1784237598082 0.5738958120346069 3820
1784237598095 0.23706111311912537 3821
1784237598106 0.1760132759809494 3822
1784237598115 0.3691285252571106 3823
1784237598126 0.7167225480079651 3824
1784237598137 0.13240887224674225 3825
1784237598150 0.07300196588039398 3826
1784237598161 0.35703766345977783 3827
1784237598171 0.1483159065246582 3828
1784237598184 0.20270483195781708 3829
1784237598195 0.14232619106769562 3830
1784237598207 0.2525988817214966 3831
1784237598219 0.42148470878601074 3832
1784237598234 0.2502431571483612 3833
1784237598245 0.19778913259506226 3834
1784237598256 0.45342904329299927 3835
1784237598266 0.33453232049942017 3836
1784237598277 0.4602833688259125 3837
1784237598289 0.21643230319023132 3838
1784237598302 0.45743831992149353 3839
1784237598311 0.5286918878555298 3840
1784237598321 0.5405398607254028 3841
1784237598333 0.2836502492427826 3842
1784237598344 0.4650457203388214 3843
1784237598357 0.37336376309394836 3844
1784237598370 0.8097681999206543 3845
1784237598380 0.25775521993637085 3846
1784237598392 0.31052643060684204 3847
1784237598403 0.15252794325351715 3848
1784237598414 0.3109194040298462 3849
1784237598425 0.26345038414001465 3850
1784237598437 0.4061417579650879 3851
1784237598450 0.2744796872138977 3852
1784237598461 0.10807681083679199 3853
1784237598472 0.1502351611852646 3854
1784237598484 0.3530578911304474 3855
1784237598496 0.6646546721458435 3856
1784237598507 0.20292630791664124 3857
1784237598519 0.40914100408554077 3858
1784237598529 0.09183595329523087 3859
1784237598541 0.1930316537618637 3860
1784237598552 0.13291944563388824 3861
1784237598563 0.1889168918132782 3862
1784237598575 0.2583310306072235 3863
1784237598586 0.2524273097515106 3864
1784237598597 0.33617010712623596 3865
1784237598609 0.22429159283638 3866
1784237598621 0.22478574514389038 3867
1784237598633 0.3530816435813904 3868
1784237598643 0.3174247741699219 3869
1784237598654 0.39034342765808105 3870
1784237598666 0.3768371045589447 3871
1784237598677 0.34034568071365356 3872
1784237598689 0.27469402551651 3873
1784237598701 0.21182042360305786 3874
1784237598713 0.4601823687553406 3875
1784237598724 0.13028399646282196 3876
1784237598736 0.27383968234062195 3877
1784237598747 0.24784061312675476 3878
1784237598758 0.30389204621315 3879
1784237598769 0.2828391492366791 3880
1784237598781 0.639064371585846 3881
1784237598793 0.10414028912782669 3882
1784237598804 0.7080180644989014 3883
1784237598814 0.2556959390640259 3884
1784237598825 0.10000016540288925 3885
1784237598836 0.3571854829788208 3886
1784237598848 0.49893251061439514 3887
1784237598861 0.16922275722026825 3888
1784237598873 0.16529443860054016 3889
1784237598887 0.09951872378587723 3890
1784237598899 0.32029423117637634 3891
1784237598911 0.15111474692821503 3892
1784237598922 0.5720008611679077 3893
1784237598934 0.3232666552066803 3894
1784237598945 0.12972909212112427 3895
1784237598963 0.20246604084968567 3896
1784237598974 0.29439777135849 3897
1784237598986 0.11265894025564194 3898
1784237598997 0.2497033178806305 3899
1784237599009 0.15210330486297607 3900
1784237599021 0.13199062645435333 3901
1784237599032 0.2169792801141739 3902
1784237599043 0.14049719274044037 3903
1784237599055 0.6622954607009888 3904
1784237599068 0.8413984179496765 3905
1784237599080 0.0954195111989975 3906
1784237599091 0.47710445523262024 3907
1784237599103 0.20422708988189697 3908
1784237599115 0.24590200185775757 3909
1784237599126 0.2426963746547699 3910
1784237599138 0.17414894700050354 3911
1784237599150 0.3143814504146576 3912
1784237599161 0.4052686393260956 3913
1784237599172 0.3897324800491333 3914
1784237599184 0.4439220726490021 3915
1784237599195 0.23351643979549408 3916
1784237599208 0.16094470024108887 3917
1784237599220 0.40173113346099854 3918
1784237599233 0.632615864276886 3919
1784237599246 0.2843579649925232 3920
1784237599259 0.3506558835506439 3921
1784237599271 0.18842794001102448 3922
1784237599285 0.09182021021842957 3923
1784237599300 0.48702481389045715 3924
1784237599318 0.12251678109169006 3925
1784237599333 0.22663043439388275 3926
1784237599346 0.4133293628692627 3927
1784237599362 0.1661910116672516 3928
1784237599376 0.26459378004074097 3929
1784237599393 0.34354332089424133 3930
1784237599406 0.262245237827301 3931
1784237599418 0.11870104819536209 3932
1784237599430 0.21147926151752472 3933
1784237599442 0.33789053559303284 3934
1784237599455 0.15601035952568054 3935
1784237599468 0.15339742600917816 3936
1784237599480 0.3344414532184601 3937
1784237599491 0.2401542067527771 3938
1784237599505 0.40993019938468933 3939
1784237599519 0.41846972703933716 3940
1784237599530 0.40680935978889465 3941
1784237599541 0.19068694114685059 3942
1784237599553 0.2594030201435089 3943
1784237599566 0.1488649845123291 3944
1784237599577 0.1971222162246704 3945
1784237599589 0.2389177829027176 3946
1784237599602 0.3934742510318756 3947
1784237599614 0.15556934475898743 3948
1784237599625 0.12809179723262787 3949
1784237599638 0.32166779041290283 3950
1784237599650 0.19741898775100708 3951
1784237599661 0.858003556728363 3952
1784237599674 0.5419503450393677 3953
1784237599686 0.6302958130836487 3954
1784237599698 0.456989049911499 3955
1784237599709 0.08022089302539825 3956
1784237599721 0.32255205512046814 3957
1784237599731 0.4777161180973053 3958
1784237599742 0.7554920315742493 3959
1784237599753 0.054424405097961426 3960
1784237599764 0.4302399456501007 3961
1784237599776 0.2567206025123596 3962
1784237599788 0.28292709589004517 3963
1784237599799 0.1864268183708191 3964
1784237599810 0.4102781116962433 3965
1784237599822 0.3109920620918274 3966
1784237599834 0.09946976602077484 3967
1784237599845 0.48020118474960327 3968
1784237599856 0.3057039678096771 3969
1784237599868 0.4366679787635803 3970
1784237599880 0.40104660391807556 3971
1784237599891 0.5371178388595581 3972
1784237599902 0.24751225113868713 3973
1784237599913 0.19943058490753174 3974
1784237599924 0.22872669994831085 3975
1784237599935 0.3075201213359833 3976
1784237599945 0.6313661932945251 3977
1784237599956 0.18846696615219116 3978
1784237599967 0.23152005672454834 3979
1784237599977 0.12836699187755585 3980
1784237599989 0.17217248678207397 3981
1784237600000 0.35244297981262207 3982
1784237600011 0.3130429685115814 3983
1784237600021 0.1634175181388855 3984
1784237600033 0.14168588817119598 3985
1784237600043 0.07597988843917847 3986
1784237600054 0.23852497339248657 3987
1784237600066 0.671443521976471 3988
1784237600076 0.133414626121521 3989
1784237600087 0.11610554903745651 3990
1784237600098 0.27578914165496826 3991
1784237600109 0.23156307637691498 3992
1784237600121 0.622352659702301 3993
1784237600132 0.24564844369888306 3994
1784237600143 0.08412656933069229 3995
1784237600155 0.27054300904273987 3996
1784237600168 0.13960693776607513 3997
1784237600180 0.36688950657844543 3998
1784237600190 0.17133855819702148 3999
1784237600202 0.49237799644470215 4000
1784237600215 0.23360393941402435 4001
1784237600226 0.40923312306404114 4002
1784237600236 0.5744059681892395 4003
1784237600246 0.21094928681850433 4004
1784237600256 0.2930108308792114 4005
1784237600268 0.38537827134132385 4006
1784237600279 0.2779102921485901 4007
1784237600290 0.36413195729255676 4008
1784237600302 0.2612930238246918 4009
1784237600313 0.20098449289798737 4010
1784237600324 0.2986993193626404 4011
1784237600335 0.1587628722190857 4012
1784237600346 0.3983213007450104 4013
1784237600356 0.3305257260799408 4014
1784237600368 0.06248275190591812 4015
1784237600379 0.24955061078071594 4016
1784237600390 0.22964149713516235 4017
1784237600400 0.3570370078086853 4018
1784237600410 0.2808419167995453 4019
1784237600422 0.8676276206970215 4020
1784237600434 0.10368524491786957 4021
1784237600445 0.10526904463768005 4022
1784237600457 0.32180890440940857 4023
1784237600469 0.2714356482028961 4024
1784237600480 0.1176111102104187 4025
1784237600490 0.1590322107076645 4026
1784237600502 0.4000415503978729 4027
1784237600511 0.21296942234039307 4028
1784237600522 0.3196891248226166 4029
1784237600533 0.44823479652404785 4030
1784237600544 0.20548245310783386 4031
1784237600556 0.37555766105651855 4032
1784237600568 0.3361033499240875 4033
1784237600580 0.14704471826553345 4034
1784237600590 0.3024142384529114 4035
1784237600603 0.29075273871421814 4036
1784237600614 0.5770037770271301 4037
1784237600625 0.46248772740364075 4038
1784237600636 0.4453614056110382 4039
1784237600648 0.06996696442365646 4040
1784237600659 0.20023110508918762 4041
1784237600671 0.27673712372779846 4042
1784237600684 0.33441174030303955 4043
1784237600695 0.3451915383338928 4044
1784237600707 0.32716190814971924 4045
1784237600719 0.5486401915550232 4046
1784237600731 0.2789221405982971 4047
1784237600742 0.1789540797472 4048
1784237600754 0.09301115572452545 4049
1784237600765 0.43694862723350525 4050
1784237600775 0.11492496728897095 4051
1784237600787 0.11263857036828995 4052
1784237600799 0.32081568241119385 4053
1784237600808 0.35142844915390015 4054
1784237600819 0.13110224902629852 4055
1784237600831 0.23992204666137695 4056
1784237600842 0.21427865326404572 4057
1784237600853 0.13955552875995636 4058
1784237600863 0.23816397786140442 4059
1784237600875 0.04092630743980408 4060
1784237600886 0.3547152578830719 4061
1784237600899 0.31850147247314453 4062
1784237600911 0.4031907021999359 4063
1784237600937 0.24325254559516907 4064
1784237600951 0.21850793063640594 4065
1784237600962 0.48996683955192566 4066
1784237600973 0.48389676213264465 4067
1784237600985 0.11594326794147491 4068
1784237600996 0.23967334628105164 4069
1784237601007 0.19780217111110687 4070
1784237601019 0.2100543975830078 4071
1784237601029 0.27361759543418884 4072
1784237601042 0.12457901239395142 4073
1784237601052 0.1518394649028778 4074
1784237601061 0.1893106997013092 4075
1784237601071 0.25966909527778625 4076
1784237601084 0.2985222041606903 4077
1784237601095 0.25514447689056396 4078
1784237601108 0.4413938522338867 4079
1784237601120 0.31675654649734497 4080
1784237601132 0.2500600516796112 4081
1784237601143 0.1660158485174179 4082
1784237601153 0.5581872463226318 4083
1784237601163 0.2818608283996582 4084
1784237601176 0.2501823604106903 4085
1784237601187 0.270174115896225 4086
1784237601200 0.27761298418045044 4087
1784237601211 0.36728835105895996 4088
1784237601223 0.3701821267604828 4089
1784237601235 0.3925205171108246 4090
1784237601248 0.37691181898117065 4091
1784237601261 0.19945065677165985 4092
1784237601272 0.40676149725914 4093
1784237601285 0.2594843804836273 4094
1784237601297 0.1487387865781784 4095
1784237601310 0.31199586391448975 4096
1784237601324 0.24162691831588745 4097
1784237601336 0.7319286465644836 4098
1784237601349 0.17896772921085358 4099
1784237601360 0.10033895820379257 4100
1784237601371 0.4585913419723511 4101
1784237601382 0.0823979377746582 4102
1784237601393 0.25880178809165955 4103
1784237601406 0.3750465512275696 4104
1784237601419 0.46939244866371155 4105
1784237601434 0.31074368953704834 4106
1784237601446 0.17320318520069122 4107
1784237601458 0.12374018132686615 4108
1784237601470 0.16037119925022125 4109
1784237601481 0.40397098660469055 4110
1784237601492 0.26727598905563354 4111
1784237601503 0.32275712490081787 4112
1784237601516 0.25677475333213806 4113
1784237601530 0.4321537911891937 4114
1784237601542 0.1306774765253067 4115
1784237601557 0.3681912422180176 4116
1784237601569 0.20864662528038025 4117
1784237601584 0.3113044500350952 4118
1784237601597 0.08437582105398178 4119
1784237601609 0.1645723134279251 4120
1784237601622 0.22604526579380035 4121
1784237601636 0.29087018966674805 4122
1784237601647 0.11571473628282547 4123
1784237601660 0.4258102476596832 4124
1784237601672 0.38598906993865967 4125
1784237601685 0.32438838481903076 4126
1784237601696 0.5421031713485718 4127
1784237601708 0.346824049949646 4128
1784237601718 0.14576669037342072 4129
1784237601729 0.5075474977493286 4130
1784237601740 0.34464049339294434 4131
1784237601751 0.30770376324653625 4132
1784237601760 0.20685386657714844 4133
1784237601771 0.17163079977035522 4134
1784237601783 0.5033550262451172 4135
1784237601795 0.5377669334411621 4136
1784237601806 0.32119521498680115 4137
1784237601818 0.2185162752866745 4138
1784237601829 0.37479040026664734 4139
1784237601842 0.35995832085609436 4140
1784237601858 0.3401750326156616 4141
1784237601875 0.5242720246315002 4142
1784237601892 0.3923683166503906 4143
1784237601912 0.18956071138381958 4144
1784237601927 0.07915183156728745 4145
1784237601944 0.33070263266563416 4146
1784237601958 0.2364465892314911 4147
1784237601974 0.3543488383293152 4148
1784237601990 0.2360341101884842 4149
1784237602004 0.5058441758155823 4150
1784237602020 0.32189255952835083 4151
1784237602037 0.10556957125663757 4152
1784237602053 0.24128040671348572 4153
1784237602069 0.5076413750648499 4154
1784237602087 0.05792875587940216 4155
1784237602102 0.15805025398731232 4156
1784237602115 0.23721343278884888 4157
1784237602127 0.3988167345523834 4158
1784237602140 0.11443999409675598 4159
1784237602153 0.3048766255378723 4160
1784237602167 0.23324015736579895 4161
1784237602183 0.3678085207939148 4162
1784237602195 0.7555862069129944 4163
1784237602207 0.7026747465133667 4164
1784237602219 0.5726885795593262 4165
1784237602231 0.1523970067501068 4166
1784237602243 0.42849597334861755 4167
1784237602256 0.40445148944854736 4168
1784237602268 0.3061133623123169 4169
1784237602279 0.5497599244117737 4170
1784237602292 0.937910795211792 4171
1784237602306 0.1659475415945053 4172
1784237602319 0.39755886793136597 4173
1784237602331 0.3034365177154541 4174
1784237602344 0.30666080117225647 4175
1784237602355 0.18579770624637604 4176
1784237602367 0.23943443596363068 4177
1784237602379 0.11390905827283859 4178
1784237602390 0.0805332139134407 4179
1784237602401 0.19711914658546448 4180
1784237602412 0.1982579380273819 4181
1784237602424 0.16079092025756836 4182
1784237602435 0.1820039302110672 4183
1784237602446 0.4360124170780182 4184
1784237602458 0.5538870096206665 4185
1784237602470 0.12866729497909546 4186
1784237602482 0.5097437500953674 4187
1784237602493 0.3578226566314697 4188
1784237602505 0.2821906507015228 4189
1784237602517 0.21696129441261292 4190
1784237602528 0.558870792388916 4191
1784237602540 0.25776439905166626 4192
1784237602551 0.24356713891029358 4193
1784237602562 0.2197529524564743 4194
1784237602574 0.1353427916765213 4195
1784237602587 0.4137808382511139 4196
1784237602598 0.17133751511573792 4197
1784237602608 0.21528658270835876 4198
1784237602618 0.20695701241493225 4199
1784237602627 0.3643268346786499 4200
1784237602636 0.24682125449180603 4201
1784237602648 0.5320321917533875 4202
1784237602661 0.20985691249370575 4203
1784237602671 0.5610131025314331 4204
1784237602683 0.08371862769126892 4205
1784237602695 0.6049294471740723 4206
1784237602708 0.05043347179889679 4207
1784237602721 0.16009624302387238 4208
1784237602732 0.3579159379005432 4209
1784237602744 0.48468679189682007 4210
1784237602756 0.2705804705619812 4211
1784237602767 0.313186377286911 4212
1784237602779 0.3302152752876282 4213
1784237602791 0.14147375524044037 4214
1784237602801 0.49239423871040344 4215
1784237602812 0.08268547058105469 4216
1784237602824 0.39229848980903625 4217
1784237602835 0.2940606474876404 4218
1784237602846 0.4082072079181671 4219
1784237602859 0.3367801308631897 4220
1784237602870 0.16843892633914948 4221
1784237602884 0.6878942251205444 4222
1784237602895 0.16561691462993622 4223
1784237602907 0.09456577152013779 4224
1784237602918 0.2666599154472351 4225
1784237602930 0.2526266276836395 4226
1784237602942 0.2744503617286682 4227
1784237602951 0.5262206792831421 4228
1784237602963 0.28229379653930664 4229
1784237602973 0.2089882344007492 4230
1784237602983 0.06952264159917831 4231
1784237602993 0.317371129989624 4232
1784237603005 0.12092741578817368 4233
1784237603017 0.13242073357105255 4234
1784237603027 0.3083021938800812 4235
1784237603039 0.4306411147117615 4236
1784237603050 0.13495314121246338 4237
1784237603062 0.2276991307735443 4238
1784237603074 0.2034129798412323 4239
1784237603087 0.2824416756629944 4240
1784237603098 0.1741461306810379 4241
1784237603109 0.2847210466861725 4242
1784237603120 0.42157936096191406 4243
1784237603132 0.5607366561889648 4244
1784237603142 0.2697126865386963 4245
1784237603154 0.3228793740272522 4246
1784237603167 0.07910170406103134 4247
1784237603178 0.49405404925346375 4248
1784237603190 0.34267908334732056 4249
1784237603201 0.11171545833349228 4250
1784237603212 0.2202834188938141 4251
1784237603223 0.2639886438846588 4252
1784237603234 0.08874374628067017 4253
1784237603245 0.2821875512599945 4254
1784237603257 0.2300718128681183 4255
1784237603270 0.35710713267326355 4256
1784237603281 0.21716272830963135 4257
1784237603293 0.1910707950592041 4258
1784237603305 0.26246511936187744 4259
1784237603315 0.26752573251724243 4260
1784237603326 0.34410855174064636 4261
1784237603337 0.20456057786941528 4262
1784237603349 0.5618937015533447 4263
1784237603361 0.2978886067867279 4264
1784237603373 0.436892032623291 4265
1784237603385 0.1824759840965271 4266
1784237603395 0.1729390025138855 4267
1784237603408 0.35719308257102966 4268
1784237603419 0.45848649740219116 4269
1784237603430 0.3276585042476654 4270
1784237603441 0.3185137212276459 4271
1784237603454 0.2558194100856781 4272
1784237603465 0.5540835857391357 4273
1784237603476 0.4150593876838684 4274
1784237603490 0.32363179326057434 4275
1784237603501 0.44326353073120117 4276
1784237603511 0.15874633193016052 4277
1784237603522 0.15683028101921082 4278
1784237603533 0.267632395029068 4279
1784237603545 0.56430584192276 4280
1784237603557 0.30168387293815613 4281
1784237603569 0.4163901209831238 4282
1784237603581 0.3132418394088745 4283
1784237603593 0.2542192339897156 4284
1784237603604 0.12464085966348648 4285
1784237603615 0.46720781922340393 4286
1784237603626 0.15519094467163086 4287
1784237603639 0.4768638610839844 4288
1784237603651 0.33184880018234253 4289
1784237603661 0.3445481061935425 4290
1784237603673 0.2943829298019409 4291
1784237603685 0.5234475135803223 4292
1784237603696 0.25659245252609253 4293
1784237603708 0.12129466235637665 4294
1784237603720 0.34201306104660034 4295
1784237603732 0.2992287874221802 4296
1784237603746 0.5294844508171082 4297
1784237603761 0.47064751386642456 4298
1784237603776 0.32919740676879883 4299
1784237603788 0.0756336897611618 4300
1784237603803 0.2797200679779053 4301
1784237603816 0.15984292328357697 4302
1784237603828 0.35018253326416016 4303
1784237603840 0.2768538296222687 4304
1784237603851 0.2962092459201813 4305
1784237603862 0.224950909614563 4306
1784237603874 0.2948783040046692 4307
1784237603892 0.032505616545677185 4308
1784237603904 0.38544777035713196 4309
1784237603914 0.5080758929252625 4310
1784237603926 0.12141209095716476 4311
1784237603938 0.3107300102710724 4312
1784237603949 0.43711599707603455 4313
1784237603960 0.2394007295370102 4314
1784237603972 0.24606294929981232 4315
1784237603984 0.23224005103111267 4316
1784237603996 0.2640402317047119 4317
1784237604007 0.1748436689376831 4318
1784237604018 0.0939607247710228 4319
1784237604030 0.29685860872268677 4320
1784237604041 0.23106688261032104 4321
1784237604052 0.235196053981781 4322
1784237604062 0.12109629809856415 4323
1784237604074 0.16449810564517975 4324
1784237604084 0.1345376968383789 4325
1784237604095 0.2756395936012268 4326
1784237604109 0.3434358239173889 4327
1784237604121 0.15863214433193207 4328
1784237604131 0.32727110385894775 4329
1784237604143 0.12646149098873138 4330
1784237604155 0.5349975824356079 4331
1784237604168 0.13704276084899902 4332
1784237604180 0.17106811702251434 4333
1784237604190 0.5163143873214722 4334
1784237604200 0.16350236535072327 4335
1784237604210 0.4475266635417938 4336
1784237604222 0.07080711424350739 4337
1784237604233 0.1466144621372223 4338
1784237604245 0.8540283441543579 4339
1784237604260 0.2938375174999237 4340
1784237604271 0.4913902282714844 4341
1784237604282 0.24943411350250244 4342
1784237604293 0.5367100834846497 4343
1784237604305 0.13741788268089294 4344
1784237604318 0.21530228853225708 4345
1784237604328 0.38972145318984985 4346
1784237604338 0.165018692612648 4347
1784237604350 0.34387147426605225 4348
1784237604360 0.2334151417016983 4349
1784237604373 0.2107919603586197 4350
1784237604384 0.3320721983909607 4351
1784237604395 0.34197351336479187 4352
1784237604407 0.16191723942756653 4353
1784237604486 0.25236350297927856 4354
1784237604514 0.348680317401886 4355
1784237604526 0.27409112453460693 4356
1784237604539 0.28532931208610535 4357
1784237604551 0.3398241698741913 4358
1784237604564 0.30841511487960815 4359
1784237604576 0.27478504180908203 4360
1784237604589 0.36398017406463623 4361
1784237604602 0.27973493933677673 4362
1784237604614 0.4512348175048828 4363
1784237604625 0.26070359349250793 4364
1784237604637 0.37379440665245056 4365
1784237604649 0.21676191687583923 4366
1784237604660 0.19400157034397125 4367
1784237604672 0.3135521709918976 4368
1784237604684 0.5074568390846252 4369
1784237604694 0.18820920586585999 4370
1784237604707 0.1756708174943924 4371
1784237604718 0.22811251878738403 4372
1784237604730 0.5461576581001282 4373
1784237604742 0.06220870092511177 4374
1784237604754 0.20896227657794952 4375
1784237604766 0.25398752093315125 4376
1784237604777 0.2733229994773865 4377
1784237604789 0.2761448919773102 4378
1784237604801 0.3845229148864746 4379
1784237604813 0.3802095651626587 4380
1784237604824 0.28152796626091003 4381
1784237604835 0.31506675481796265 4382
1784237604846 0.3738381266593933 4383
1784237604859 0.15147534012794495 4384
1784237604870 0.25032660365104675 4385
1784237604882 0.07813388854265213 4386
1784237604894 0.21110522747039795 4387
1784237604905 0.24441911280155182 4388
1784237604917 0.40041568875312805 4389
1784237604929 0.23175999522209167 4390
1784237604939 0.6778234243392944 4391
1784237604950 0.5337421298027039 4392
1784237604960 0.37581759691238403 4393
1784237604972 0.3265917897224426 4394
1784237604984 0.20115070044994354 4395
1784237604996 0.3173632323741913 4396
1784237605007 0.40415725111961365 4397
1784237605019 0.5393013954162598 4398
1784237605030 0.3185971677303314 4399
1784237605041 0.18480978906154633 4400
1784237605053 0.30530810356140137 4401
1784237605063 0.1311243176460266 4402
1784237605075 0.09398534148931503 4403
1784237605088 0.26497796177864075 4404
1784237605101 0.32522180676460266 4405
1784237605111 0.24818705022335052 4406
1784237605121 0.7842326760292053 4407
1784237605131 0.11102459579706192 4408
1784237605142 0.3783491551876068 4409
1784237605153 0.39503198862075806 4410
1784237605165 0.5373843908309937 4411
1784237605176 0.33134302496910095 4412
1784237605189 0.3406265676021576 4413
1784237605199 0.2472863793373108 4414
1784237605211 0.22816923260688782 4415
1784237605223 0.3184487223625183 4416
1784237605235 0.4279389977455139 4417
1784237605248 0.2763245105743408 4418
1784237605259 0.20639795064926147 4419
1784237605271 0.13134494423866272 4420
1784237605283 0.16250929236412048 4421
1784237605295 0.2342025488615036 4422
1784237605307 0.43848350644111633 4423
1784237605318 0.37374910712242126 4424
1784237605331 0.32472795248031616 4425
1784237605342 0.34455692768096924 4426
1784237605354 0.598088264465332 4427
1784237605366 0.5862261056900024 4428
1784237605376 0.2659089267253876 4429
1784237605387 1.0200562477111816 4430
1784237605400 0.42419689893722534 4431
1784237605412 0.5217573642730713 4432
1784237605423 0.25126877427101135 4433
1784237605435 0.23057720065116882 4434
1784237605448 0.2696097493171692 4435
1784237605459 0.2223837822675705 4436
1784237605471 0.30191513895988464 4437
1784237605483 0.2965843677520752 4438
1784237605494 0.20415236055850983 4439
1784237605506 0.25286224484443665 4440
1784237605517 0.2794387936592102 4441
1784237605527 0.11609907448291779 4442
1784237605539 0.18458740413188934 4443
1784237605550 0.41413870453834534 4444
1784237605560 0.49270516633987427 4445
1784237605572 0.44385504722595215 4446
1784237605584 0.16999877989292145 4447
1784237605595 0.30162563920021057 4448
1784237605607 0.23357658088207245 4449
1784237605618 0.18273545801639557 4450
1784237605629 0.6061009764671326 4451
1784237605641 0.4087182581424713 4452
1784237605652 0.28831836581230164 4453
1784237605663 0.14475542306900024 4454
1784237605675 0.7034392952919006 4455
1784237605687 0.2569788694381714 4456
1784237605698 0.26550790667533875 4457
1784237605709 0.24668732285499573 4458
1784237605720 0.29545873403549194 4459
1784237605733 0.13364799320697784 4460
1784237605745 0.4557347893714905 4461
1784237605756 0.17353907227516174 4462
1784237605767 0.7715662717819214 4463
1784237605777 0.22772997617721558 4464
1784237605788 0.14234110713005066 4465
1784237605799 0.4081513583660126 4466
1784237605811 0.5240078568458557 4467
1784237605822 0.22044961154460907 4468
1784237605834 0.12068938463926315 4469
1784237605847 0.1365789771080017 4470
1784237605858 0.21579650044441223 4471
1784237605871 0.34993529319763184 4472
1784237605884 0.24712559580802917 4473
1784237605894 1.0319513082504272 4474
1784237605907 0.44094884395599365 4475
1784237605918 0.24298331141471863 4476
1784237605929 0.2702600955963135 4477
1784237605942 0.08153286576271057 4478
1784237605956 0.2591571509838104 4479
1784237605972 0.34329840540885925 4480
1784237605986 0.19925402104854584 4481
1784237606000 0.5909234881401062 4482
1784237606015 0.19080930948257446 4483
1784237606028 0.19574236869812012 4484
1784237606042 0.2102157324552536 4485
1784237606054 0.0868641659617424 4486
1784237606067 0.18256251513957977 4487
1784237606079 0.22007852792739868 4488
1784237606091 0.37733587622642517 4489
1784237606103 0.5903522968292236 4490
1784237606116 0.2719672918319702 4491
1784237606128 0.436866819858551 4492
1784237606140 0.17659929394721985 4493
1784237606153 0.3721051812171936 4494
1784237606164 0.2558180093765259 4495
1784237606176 0.18810318410396576 4496
1784237606188 0.24599714577198029 4497
1784237606199 0.3641358017921448 4498
1784237606209 0.07914043962955475 4499
1784237606221 0.11525754630565643 4500
1784237606234 0.15806064009666443 4501
1784237606246 0.18359050154685974 4502
1784237606258 0.40551087260246277 4503
1784237606269 0.33432623744010925 4504
1784237606282 0.460527628660202 4505
1784237606294 0.2535630762577057 4506
1784237606306 0.6109329462051392 4507
1784237606317 0.2670217454433441 4508
1784237606329 0.28549015522003174 4509
1784237606339 0.33314019441604614 4510
1784237606351 0.5065091848373413 4511
1784237606363 0.20321378111839294 4512
1784237606375 0.16345155239105225 4513
1784237606387 0.7401394844055176 4514
1784237606399 0.2870004177093506 4515
1784237606410 0.16619446873664856 4516
1784237606421 0.11973121017217636 4517
1784237606432 0.3476799428462982 4518
1784237606444 0.45193353295326233 4519
1784237606455 0.1173446774482727 4520
1784237606466 0.25833216309547424 4521
1784237606477 0.6684391498565674 4522
1784237606489 0.15813781321048737 4523
1784237606501 0.46610891819000244 4524
1784237606512 0.3174377977848053 4525
1784237606523 0.2422853261232376 4526
1784237606535 0.15561118721961975 4527
1784237606546 0.14399254322052002 4528
1784237606559 0.18623219430446625 4529
1784237606571 0.4371664822101593 4530
1784237606583 0.2529030740261078 4531
1784237606595 0.2899344563484192 4532
1784237606607 0.27724406123161316 4533
1784237606619 0.09668272733688354 4534
1784237606630 0.27353841066360474 4535
1784237606639 0.07142132520675659 4536
1784237606650 0.321088969707489 4537
1784237606660 0.17609186470508575 4538
1784237606672 0.4410397708415985 4539
1784237606684 0.305199533700943 4540
1784237606698 0.15591387450695038 4541
1784237606709 0.547106921672821 4542
1784237606722 0.19614283740520477 4543
1784237606733 0.2269493192434311 4544
1784237606746 0.3488016724586487 4545
1784237606758 0.5083057284355164 4546
1784237606771 0.2749069333076477 4547
1784237606783 0.3469911217689514 4548
1784237606796 0.26638829708099365 4549
1784237606809 0.19019988179206848 4550
1784237606820 0.13339556753635406 4551
1784237606832 0.35488253831863403 4552
1784237606843 0.1305692344903946 4553
1784237606855 0.3026108741760254 4554
1784237606867 0.23545493185520172 4555
1784237606887 0.2926732003688812 4556
1784237606899 0.22199136018753052 4557
1784237606911 0.3835481107234955 4558
1784237606922 0.5939266085624695 4559
1784237606934 0.3685172200202942 4560
1784237606945 0.31857821345329285 4561
1784237606957 0.23531179130077362 4562
1784237606969 0.20074453949928284 4563
1784237606979 0.21153734624385834 4564
1784237606991 0.24753133952617645 4565
1784237607004 0.4831237196922302 4566
1784237607016 0.20749108493328094 4567
1784237607028 0.27235642075538635 4568
1784237607038 0.6684522032737732 4569
1784237607048 0.3033587634563446 4570
1784237607061 0.16048511862754822 4571
1784237607074 0.7114293575286865 4572
1784237607086 0.3711075186729431 4573
1784237607097 0.2504340708255768 4574
1784237607108 0.21329596638679504 4575
1784237607121 0.3920484781265259 4576
1784237607133 0.4717811346054077 4577
1784237607143 0.5467228293418884 4578
1784237607155 0.2698138356208801 4579
1784237607170 0.1908588409423828 4580
1784237607185 0.2624298632144928 4581
1784237607203 0.3650110960006714 4582
1784237607216 0.1514066457748413 4583
1784237607230 0.26736190915107727 4584
1784237607246 0.19860844314098358 4585
1784237607263 0.2085719108581543 4586
1784237607276 0.22932448983192444 4587
1784237607293 0.1152753159403801 4588
1784237607306 0.13295206427574158 4589
1784237607322 0.623522162437439 4590
1784237607339 0.44418758153915405 4591
1784237607356 0.4854626953601837 4592
1784237607372 0.19629009068012238 4593
1784237607390 0.1723824143409729 4594
1784237607406 0.09594040364027023 4595
1784237607421 0.24869714677333832 4596
1784237607435 0.18375654518604279 4597
1784237607449 0.20226430892944336 4598
1784237607460 0.15504485368728638 4599
1784237607473 0.6096234917640686 4600
1784237607488 0.39504119753837585 4601
1784237607500 0.19707638025283813 4602
1784237607514 0.1673058718442917 4603
1784237607526 0.14857810735702515 4604
1784237607540 0.34541136026382446 4605
1784237607554 0.2973426580429077 4606
1784237607567 0.45185935497283936 4607
1784237607579 0.46892163157463074 4608
1784237607590 0.5378559827804565 4609
1784237607602 0.22712737321853638 4610
1784237607613 0.2582617998123169 4611
1784237607627 0.35730722546577454 4612
1784237607640 0.08592759817838669 4613
1784237607654 0.07288175076246262 4614
1784237607669 0.7685198783874512 4615
1784237607684 0.2849726974964142 4616
1784237607697 0.37783193588256836 4617
1784237607710 0.56779944896698 4618
1784237607723 0.3052341938018799 4619
1784237607735 0.2838099002838135 4620
1784237607747 0.1800631731748581 4621
1784237607759 0.33902445435523987 4622
1784237607772 0.27679309248924255 4623
1784237607783 0.20065948367118835 4624
1784237607793 0.38736334443092346 4625
1784237607805 0.5751987099647522 4626
1784237607818 0.5231280326843262 4627
1784237607829 0.2753462791442871 4628
1784237607841 0.37336236238479614 4629
1784237607852 0.28158044815063477 4630
1784237607866 0.10075056552886963 4631
1784237607884 0.26677021384239197 4632
1784237607896 0.35343053936958313 4633
1784237607910 0.2962096035480499 4634
1784237607923 0.23603864014148712 4635
1784237607937 0.22482942044734955 4636
1784237607952 0.19154979288578033 4637
1784237607967 0.33972907066345215 4638
1784237607981 0.4885571002960205 4639
1784237607994 0.2835460305213928 4640
1784237608007 0.2236875742673874 4641
1784237608018 0.20143799483776093 4642
1784237608031 0.10453933477401733 4643
1784237608043 0.3284163475036621 4644
1784237608056 0.5717412829399109 4645
1784237608067 0.7819823622703552 4646
1784237608078 0.18647639453411102 4647
1784237608091 0.33649951219558716 4648
1784237608102 0.42112264037132263 4649
1784237608115 0.04037369415163994 4650
1784237608126 0.6117522716522217 4651
1784237608136 0.35360875725746155 4652
1784237608148 0.37962639331817627 4653
1784237608163 0.24145835638046265 4654
1784237608175 0.3841477930545807 4655
1784237608191 0.2489774227142334 4656
1784237608203 0.4629175066947937 4657
1784237608218 0.35442543029785156 4658
1784237608233 0.4776724874973297 4659
1784237608247 0.15867413580417633 4660
1784237608260 0.298820823431015 4661
1784237608272 0.15733645856380463 4662
1784237608283 0.4052884578704834 4663
1784237608293 0.13430039584636688 4664
1784237608306 0.3207492530345917 4665
1784237608318 0.3850245773792267 4666
1784237608331 0.1971350461244583 4667
1784237608343 0.19585677981376648 4668
1784237608356 0.2612549960613251 4669
1784237608369 0.10094519704580307 4670
1784237608382 0.33180469274520874 4671
1784237608393 0.5387818813323975 4672
1784237608403 0.35815051198005676 4673
1784237608414 0.314862459897995 4674
1784237608425 0.28037428855895996 4675
1784237608437 0.4946654438972473 4676
1784237608450 0.10175680369138718 4677
1784237608461 0.11528366804122925 4678
1784237608473 0.14649295806884766 4679
1784237608487 0.29385697841644287 4680
1784237608499 0.10983725637197495 4681
1784237608511 0.12174079567193985 4682
1784237608524 0.47112607955932617 4683
1784237608535 0.11501707136631012 4684
1784237608545 0.41846799850463867 4685
1784237608558 0.6771584153175354 4686
1784237608569 0.10407208651304245 4687
1784237608582 0.08624590188264847 4688
1784237608593 0.09749408066272736 4689
1784237608605 0.5423884987831116 4690
1784237608617 0.41041117906570435 4691
1784237608628 0.46834713220596313 4692
1784237608639 0.2926792502403259 4693
1784237608652 0.2910533547401428 4694
1784237608663 0.2361001819372177 4695
1784237608673 0.6651529669761658 4696
1784237608684 0.460896760225296 4697
1784237608694 0.2661409378051758 4698
1784237608705 0.05560921132564545 4699
1784237608715 0.20222105085849762 4700
1784237608726 0.3592275083065033 4701
1784237608738 0.3838776648044586 4702
1784237608751 0.4219253957271576 4703
1784237608762 0.3906593918800354 4704
1784237608773 0.18915975093841553 4705
1784237608785 0.39008986949920654 4706
1784237608796 0.39363813400268555 4707
1784237608806 0.13670335710048676 4708
1784237608818 0.13147354125976562 4709
1784237608832 0.1577618569135666 4710
1784237608846 0.09951913356781006 4711
1784237608858 0.25427567958831787 4712
1784237608871 0.3493230640888214 4713
1784237608883 0.24701131880283356 4714
1784237608895 0.6106992959976196 4715
1784237608908 0.3476855158805847 4716
1784237608921 0.4588976502418518 4717
1784237608933 0.30291664600372314 4718
1784237608945 0.5236716270446777 4719
1784237608957 0.07795335352420807 4720
1784237608969 0.18764080107212067 4721
1784237608998 0.8930253386497498 4722
1784237609010 0.3015434741973877 4723
1784237609022 0.3307230770587921 4724
1784237609035 0.43542248010635376 4725
1784237609047 0.3904673457145691 4726
1784237609059 0.2316463589668274 4727
1784237609071 0.2855956256389618 4728
1784237609083 0.21707987785339355 4729
1784237609094 0.2606141269207001 4730
1784237609107 0.7297405004501343 4731
1784237609119 0.30804353952407837 4732
1784237609132 0.16868431866168976 4733
1784237609143 0.41267022490501404 4734
1784237609155 0.31992366909980774 4735
1784237609167 0.6284526586532593 4736
1784237609180 0.3017027974128723 4737
1784237609191 0.2904903292655945 4738
1784237609204 0.20932874083518982 4739
1784237609215 0.14369980990886688 4740
1784237609229 0.21085113286972046 4741
1784237609241 0.058328352868556976 4742
1784237609254 0.446053147315979 4743
1784237609267 0.5952258706092834 4744
1784237609280 0.2153768390417099 4745
1784237609293 0.1464889645576477 4746
1784237609306 0.2739555835723877 4747
1784237609318 0.3481302857398987 4748
1784237609333 0.18744392693042755 4749
1784237609345 0.11242294311523438 4750
1784237609359 0.308301717042923 4751
1784237609373 0.22024162113666534 4752
1784237609386 0.2854316234588623 4753
1784237609399 0.23260615766048431 4754
1784237609410 0.19108818471431732 4755
1784237609423 0.6462652683258057 4756
1784237609436 0.12866806983947754 4757
1784237609449 0.1503162682056427 4758
1784237609462 0.40888962149620056 4759
1784237609476 0.5514499545097351 4760
1784237609489 0.34251052141189575 4761
1784237609502 0.49141725897789 4762
1784237609515 0.14121705293655396 4763
1784237609527 0.34478622674942017 4764
1784237609541 1.1563632488250732 4765
1784237609556 0.4205477833747864 4766
1784237609571 0.1826690137386322 4767
1784237609585 0.23627601563930511 4768
1784237609596 0.14140507578849792 4769
1784237609608 0.32446932792663574 4770
1784237609618 0.4439554214477539 4771
1784237609629 0.22706764936447144 4772
1784237609641 0.20438501238822937 4773
1784237609655 0.4732159376144409 4774
1784237609668 0.5275363326072693 4775
1784237609682 0.6378868818283081 4776
1784237609695 0.3368198871612549 4777
1784237609706 0.11638431251049042 4778
1784237609717 0.41007936000823975 4779
1784237609731 0.3664070665836334 4780
1784237609742 0.5064610838890076 4781
1784237609755 0.3919481039047241 4782
1784237609767 0.510093629360199 4783
1784237609778 0.28619253635406494 4784
1784237609790 0.27839767932891846 4785
1784237609802 0.6794869899749756 4786
1784237609812 0.5376244783401489 4787
1784237609822 0.43425577878952026 4788
1784237609832 0.30083316564559937 4789
1784237609844 0.25318285822868347 4790
1784237609855 0.6073028445243835 4791
1784237609867 0.14159446954727173 4792
1784237609879 0.2809010446071625 4793
1784237609889 0.3693336546421051 4794
1784237609901 0.1629669964313507 4795
1784237609914 0.384816974401474 4796
1784237609924 0.37751349806785583 4797
1784237609935 0.4617912173271179 4798
1784237609947 0.2109355926513672 4799
1784237609957 0.26390525698661804 4800
1784237609970 0.31099510192871094 4801
1784237609982 0.24722060561180115 4802
1784237609991 0.33321917057037354 4803
1784237610004 0.2384234070777893 4804
1784237610015 0.32609865069389343 4805
1784237610026 0.43233704566955566 4806
1784237610038 0.3721979260444641 4807
1784237610050 0.39400407671928406 4808
1784237610061 0.7649022340774536 4809
1784237610074 0.23110875487327576 4810
1784237610085 0.40038561820983887 4811
1784237610096 0.47221171855926514 4812
1784237610106 0.2084977924823761 4813
1784237610117 0.4138641059398651 4814
1784237610129 0.38265910744667053 4815
1784237610142 0.7118813991546631 4816
1784237610153 0.20975333452224731 4817
1784237610165 0.4479576647281647 4818
1784237610176 0.6803485155105591 4819
1784237610188 0.23031926155090332 4820
1784237610199 0.4619957506656647 4821
1784237610209 0.37754201889038086 4822
1784237610220 0.20276567339897156 4823
1784237610230 0.16311968863010406 4824
1784237610242 0.35364776849746704 4825
1784237610255 0.1629040390253067 4826
1784237610267 0.2105797678232193 4827
1784237610278 0.49035006761550903 4828
1784237610290 0.38736072182655334 4829
1784237610303 0.3437771201133728 4830
1784237610315 0.30271589756011963 4831
1784237610326 0.135063037276268 4832
1784237610338 0.22063520550727844 4833
1784237610351 0.21008573472499847 4834
1784237610362 0.6013469696044922 4835
1784237610373 0.14035101234912872 4836
1784237610386 0.2236260622739792 4837
1784237610400 0.3211033344268799 4838
1784237610414 0.34609678387641907 4839
1784237610428 0.2747582197189331 4840
1784237610443 0.26626718044281006 4841
1784237610458 0.2383958101272583 4842
1784237610470 0.41113781929016113 4843
1784237610483 0.43061313033103943 4844
1784237610493 0.4115900695323944 4845
1784237610504 0.14277499914169312 4846
1784237610514 0.2965273857116699 4847
1784237610526 0.2474515289068222 4848
1784237610538 0.18798935413360596 4849
1784237610549 0.2998335063457489 4850
1784237610561 0.6984337568283081 4851
1784237610573 0.35206446051597595 4852
1784237610587 0.20036886632442474 4853
1784237610600 0.4685191810131073 4854
1784237610613 0.09029266238212585 4855
1784237610624 0.2599838674068451 4856
1784237610637 0.34483644366264343 4857
1784237610650 0.40866681933403015 4858
1784237610663 0.0604247972369194 4859
1784237610674 0.13052710890769958 4860
1784237610686 0.1623406708240509 4861
1784237610706 0.24246129393577576 4862
1784237610717 0.2691487669944763 4863
1784237610729 0.3778858780860901 4864
1784237610741 0.30000728368759155 4865
1784237610753 0.05745181441307068 4866
1784237610766 0.39602839946746826 4867
1784237610779 0.2637637257575989 4868
1784237610791 0.4714908301830292 4869
1784237610802 0.4444381594657898 4870
1784237610815 0.16986732184886932 4871
1784237610825 0.07491821050643921 4872
1784237610837 0.2597741186618805 4873
1784237610849 0.5836798548698425 4874
1784237610860 0.2533760964870453 4875
1784237610873 0.6523227095603943 4876
1784237610884 0.3242678940296173 4877
1784237610896 0.3251346945762634 4878
1784237610908 0.24115604162216187 4879
1784237610919 0.3233299255371094 4880
1784237610931 0.12356764823198318 4881
1784237610942 0.29918766021728516 4882
1784237610954 0.1668444573879242 4883
1784237610966 0.15052662789821625 4884
1784237610977 0.15601658821105957 4885
1784237610988 0.8255047798156738 4886
1784237610999 0.4523240029811859 4887
1784237611010 0.21888695657253265 4888
1784237611022 0.5187013149261475 4889
1784237611034 0.2681839168071747 4890
1784237611045 0.2617951035499573 4891
1784237611056 0.13186559081077576 4892
1784237611066 0.3678589463233948 4893
1784237611078 0.6155073642730713 4894
1784237611089 0.2677326500415802 4895
1784237611099 0.11524077504873276 4896
1784237611110 0.6052499413490295 4897
1784237611123 0.3247511684894562 4898
1784237611135 0.38931190967559814 4899
1784237611148 0.24162384867668152 4900
1784237611160 0.26920080184936523 4901
1784237611172 0.35446399450302124 4902
1784237611184 0.24182742834091187 4903
1784237611194 0.34769758582115173 4904
1784237611206 0.4187356233596802 4905
1784237611216 0.13059793412685394 4906
1784237611226 0.3646414577960968 4907
1784237611238 0.3175991177558899 4908
1784237611252 0.2559278607368469 4909
1784237611265 0.18919093906879425 4910
1784237611277 0.2061450481414795 4911
1784237611288 0.2986932396888733 4912
1784237611300 0.30287179350852966 4913
1784237611312 0.7288505434989929 4914
1784237611324 0.11036913096904755 4915
1784237611335 0.2251245230436325 4916
1784237611346 0.15907418727874756 4917
1784237611357 0.2959727346897125 4918
1784237611368 0.11566071212291718 4919
1784237611380 0.33881255984306335 4920
1784237611392 0.17123064398765564 4921
1784237611405 0.15699569880962372 4922
1784237611417 0.1282658576965332 4923
1784237611428 0.06295252591371536 4924
1784237611440 0.17762169241905212 4925
1784237611452 0.37589287757873535 4926
1784237611464 0.22763469815254211 4927
1784237611475 0.19705915451049805 4928
1784237611486 0.3416043519973755 4929
1784237611496 0.2528725266456604 4930
1784237611506 0.27308863401412964 4931
1784237611515 0.5360615849494934 4932
1784237611525 0.2815442383289337 4933
1784237611537 0.34758585691452026 4934
1784237611550 0.11358360946178436 4935
1784237611561 0.35162344574928284 4936
1784237611573 0.15621501207351685 4937
1784237611585 0.15438802540302277 4938
1784237611597 0.16228599846363068 4939
1784237611608 0.26753076910972595 4940
1784237611621 0.443281888961792 4941
1784237611634 0.11349618434906006 4942
1784237611645 0.5004632472991943 4943
1784237611658 0.4473288059234619 4944
1784237611671 0.38985762000083923 4945
1784237611683 0.39788925647735596 4946
1784237611694 0.18599867820739746 4947
1784237611713 0.364066481590271 4948
1784237611725 0.41859081387519836 4949
1784237611737 0.49461692571640015 4950
1784237611749 0.147283673286438 4951
1784237611761 0.27433422207832336 4952
1784237611773 0.20751795172691345 4953
1784237611785 0.1860370635986328 4954
1784237611797 0.10380854457616806 4955
1784237611809 0.516608715057373 4956
1784237611820 0.30440133810043335 4957
1784237611832 0.2270938903093338 4958
1784237611844 0.28266116976737976 4959
1784237611857 0.1464642882347107 4960
1784237611869 0.2866991460323334 4961
1784237611881 0.2806849777698517 4962
1784237611892 0.7332190275192261 4963
1784237611904 0.2852286100387573 4964
1784237611916 0.3323279619216919 4965
1784237611927 0.35461241006851196 4966
1784237611939 0.5142945647239685 4967
1784237611952 0.4529167711734772 4968
1784237611965 0.8286896347999573 4969
1784237611980 0.12360475212335587 4970
1784237611990 0.3125331699848175 4971
1784237612003 0.36574435234069824 4972
1784237612016 0.16265755891799927 4973
1784237612031 0.2925770878791809 4974
1784237612043 0.5134653449058533 4975
1784237612056 0.15875762701034546 4976
1784237612069 0.315692663192749 4977
1784237612082 0.2616618871688843 4978
1784237612097 0.5678566098213196 4979
1784237612110 0.4777175784111023 4980
1784237612123 0.06826522201299667 4981
1784237612136 0.3225213587284088 4982
1784237612149 0.06024752929806709 4983
1784237612159 0.39646363258361816 4984
1784237612172 0.3637670576572418 4985
1784237612186 0.509175717830658 4986
1784237612198 0.270681232213974 4987
1784237612209 0.32561013102531433 4988
1784237612222 0.07354101538658142 4989
1784237612234 0.27340930700302124 4990
1784237612247 0.544770359992981 4991
1784237612260 0.24244549870491028 4992
1784237612273 0.33447471261024475 4993
1784237612286 0.1697414517402649 4994
1784237612299 0.1934185028076172 4995
1784237612311 0.14117959141731262 4996
1784237612322 0.1953621208667755 4997
1784237612337 0.5016183257102966 4998
1784237612350 0.4927898049354553 4999
1784237612364 0.07795658707618713 5000
1784237612376 0.14948907494544983 5001
1784237612389 0.1523360311985016 5002
1784237612402 0.2808583080768585 5003
1784237612415 0.5075634717941284 5004
1784237612426 0.3620002269744873 5005
1784237612437 0.4827427566051483 5006
1784237612449 0.25235703587532043 5007
1784237612459 0.3413553833961487 5008
1784237612472 0.18314996361732483 5009
1784237612483 0.2064017504453659 5010
1784237612494 0.2917846441268921 5011
1784237612506 0.32958826422691345 5012
1784237612518 0.2634545564651489 5013
1784237612530 0.42919376492500305 5014
1784237612542 0.3378160893917084 5015
1784237612555 0.7748920321464539 5016
1784237612566 0.41781085729599 5017
1784237612577 0.113702692091465 5018
1784237612589 0.2255067676305771 5019
1784237612602 0.34147655963897705 5020
1784237612647 0.1279667317867279 5021
1784237612694 0.20488117635250092 5022
1784237612709 0.6437804102897644 5023
1784237612739 0.1268443912267685 5024
1784237612754 0.360122412443161 5025
1784237612767 0.447355180978775 5026
1784237612781 0.49920591711997986 5027
1784237612792 0.27587488293647766 5028
1784237612805 0.34835875034332275 5029
1784237612817 1.01947820186615 5030
1784237612830 0.3823288083076477 5031
1784237612842 0.5130845308303833 5032
1784237612856 0.5781545639038086 5033
1784237612869 0.27280908823013306 5034
1784237612882 0.189500629901886 5035
1784237612894 0.2485555112361908 5036
1784237612906 1.0061663389205933 5037
1784237612918 0.2591676414012909 5038
1784237612929 0.10547379404306412 5039
1784237612941 0.2138654738664627 5040
1784237612954 0.662749171257019 5041
1784237612966 0.21833795309066772 5042
1784237612977 0.10983724892139435 5043
1784237612990 0.4260961413383484 5044
1784237613001 0.42519935965538025 5045
1784237613012 0.8061698079109192 5046
1784237613024 0.6384533047676086 5047
1784237613035 0.44488704204559326 5048
1784237613045 0.6621611714363098 5049
1784237613058 0.15256577730178833 5050
1784237613071 0.3407474756240845 5051
1784237613085 0.2526412010192871 5052
1784237613097 0.4708312153816223 5053
1784237613106 0.07825767248868942 5054
1784237613117 0.5069200396537781 5055
1784237613131 0.601486325263977 5056
1784237613142 0.13179075717926025 5057
1784237613155 0.34880852699279785 5058
1784237613167 0.38121846318244934 5059
1784237613176 0.15867061913013458 5060
1784237613187 0.13746079802513123 5061
1784237613197 0.7834560871124268 5062
1784237613209 0.492890328168869 5063
1784237613221 0.3419453203678131 5064
1784237613233 0.5534024834632874 5065
1784237613244 0.3221140503883362 5066
1784237613256 0.09527871012687683 5067
1784237613268 0.14191916584968567 5068
1784237613280 0.2572646141052246 5069
1784237613293 0.3284364938735962 5070
1784237613303 0.27801206707954407 5071
1784237613314 0.3626284599304199 5072
1784237613325 0.08210495859384537 5073
1784237613339 0.6867399215698242 5074
1784237613413 0.502996563911438 5075
1784237613434 0.2790323495864868 5076
1784237613448 0.13784438371658325 5077
1784237613460 0.2776917517185211 5078
1784237613473 0.28825852274894714 5079
1784237613484 0.2863466739654541 5080
1784237613496 0.3046237826347351 5081
1784237613508 0.2377859354019165 5082
1784237613521 0.5003439784049988 5083
1784237613533 0.16292543709278107 5084
1784237613546 0.3593539893627167 5085
1784237613558 0.20363900065422058 5086
1784237613570 0.08333507925271988 5087
1784237613583 0.10346517711877823 5088
1784237613595 0.202870711684227 5089
1784237613607 0.04778189957141876 5090
1784237613618 0.08091762661933899 5091
1784237613631 0.13262329995632172 5092
1784237613643 0.2683221399784088 5093
1784237613656 0.2405092567205429 5094
1784237613667 0.3083958327770233 5095
1784237613679 0.13388872146606445 5096
1784237613691 0.1186084896326065 5097
1784237613704 0.17886567115783691 5098
1784237613716 0.5150620341300964 5099
1784237613726 0.14499592781066895 5100
1784237613738 0.27369076013565063 5101
1784237613750 0.4935897886753082 5102
1784237613761 0.44089052081108093 5103
1784237613773 0.36974549293518066 5104
1784237613786 0.42949509620666504 5105
1784237613797 0.459714412689209 5106
1784237613808 0.29448050260543823 5107
1784237613820 0.08532194048166275 5108
1784237613832 0.4383075535297394 5109
1784237613845 0.31924691796302795 5110
1784237613855 0.23415127396583557 5111
1784237613868 0.14466392993927002 5112
1784237613880 0.9159925580024719 5113
1784237613890 0.6897255182266235 5114
1784237613901 0.6164787411689758 5115
1784237613912 0.13231998682022095 5116
1784237613923 0.11369352787733078 5117
1784237613936 0.20329859852790833 5118
1784237613949 0.7045382857322693 5119
1784237613959 0.16074404120445251 5120
1784237613971 0.31895941495895386 5121
1784237613982 0.301416277885437 5122
1784237613992 0.30272987484931946 5123
1784237614004 0.10838571190834045 5124
1784237614014 0.11835595965385437 5125
1784237614024 0.21910694241523743 5126
1784237614039 0.6931159496307373 5127
1784237614051 0.36144691705703735 5128
1784237614062 0.29370832443237305 5129
1784237614072 0.398492693901062 5130
1784237614083 0.3380187451839447 5131
1784237614095 0.7921374440193176 5132
1784237614107 0.17446470260620117 5133
1784237614119 0.27158090472221375 5134
1784237614130 0.1741207093000412 5135
1784237614143 0.400511234998703 5136
1784237614154 0.5591016411781311 5137
1784237614164 0.6200920939445496 5138
1784237614174 0.290070503950119 5139
1784237614185 0.13717664778232574 5140
1784237614197 0.3252405524253845 5141
1784237614209 0.09013962745666504 5142
1784237614221 0.8332059383392334 5143
1784237614234 0.08008678257465363 5144
1784237614245 0.4118705689907074 5145
1784237614257 0.09942411631345749 5146
1784237614270 0.29378584027290344 5147
1784237614282 0.22709950804710388 5148
1784237614294 0.33070752024650574 5149
1784237614305 0.1408202350139618 5150
1784237614317 0.17178353667259216 5151
1784237614330 0.3053719997406006 5152
1784237614342 0.2928854823112488 5153
1784237614354 0.18200744688510895 5154
1784237614366 0.2534674108028412 5155
1784237614377 0.1664869785308838 5156
1784237614388 0.301764577627182 5157
1784237614399 0.09808102995157242 5158
1784237614409 0.6418359279632568 5159
1784237614421 0.6278328895568848 5160
1784237614433 0.04356088861823082 5161
1784237614445 0.1933584064245224 5162
1784237614459 0.348838210105896 5163
1784237614472 0.596100389957428 5164
1784237614483 0.4697315990924835 5165
1784237614492 0.3290758430957794 5166
1784237614503 0.7326650619506836 5167
1784237614515 0.12170372158288956 5168
1784237614527 0.3768469989299774 5169
1784237614539 0.05506981909275055 5170
1784237614549 0.2872464060783386 5171
1784237614561 0.09838150441646576 5172
1784237614574 0.4828072190284729 5173
1784237614586 0.48297885060310364 5174
1784237614598 0.690656840801239 5175
1784237614608 0.38736867904663086 5176
1784237614618 0.07993444055318832 5177
1784237614630 0.639080286026001 5178
1784237614640 0.1928328275680542 5179
1784237614652 0.7095026969909668 5180
1784237614664 0.4142151176929474 5181
1784237614676 0.3451674282550812 5182
1784237614689 0.30824631452560425 5183
1784237614701 0.3728514611721039 5184
1784237614713 0.27575188875198364 5185
1784237614735 0.29346349835395813 5186
1784237614746 0.33601710200309753 5187
1784237614758 0.31801778078079224 5188
1784237614770 0.3091501295566559 5189
1784237614782 0.18734201788902283 5190
1784237614795 0.29587239027023315 5191
1784237614807 0.3448505401611328 5192
1784237614817 0.36569783091545105 5193
1784237614826 0.19404137134552002 5194
1784237614837 0.7987670302391052 5195
1784237614848 0.6368444561958313 5196
1784237614860 0.33640649914741516 5197
1784237614872 0.5465786457061768 5198
1784237614884 0.6106856465339661 5199
1784237614897 0.408721923828125 5200
1784237614910 0.2531034052371979 5201
1784237614923 0.3695496916770935 5202
1784237614938 0.2067704051733017 5203
1784237614953 0.17799606919288635 5204
1784237614967 0.5070435404777527 5205
1784237614983 0.4985433518886566 5206
1784237614995 0.598986804485321 5207
1784237615007 0.5478447675704956 5208
1784237615021 0.3737318217754364 5209
1784237615033 0.5301152467727661 5210
1784237615047 0.43118786811828613 5211
1784237615059 0.17763882875442505 5212
1784237615072 0.41358599066734314 5213
1784237615085 0.3177657127380371 5214
1784237615098 0.3425438702106476 5215
1784237615112 0.4642781615257263 5216
1784237615127 0.307302325963974 5217
1784237615141 0.14904984831809998 5218
1784237615154 0.2961497902870178 5219
1784237615167 0.33659547567367554 5220
1784237615180 0.31025439500808716 5221
1784237615192 0.20963409543037415 5222
1784237615205 0.26464781165122986 5223
1784237615219 0.149563267827034 5224
1784237615233 0.2785602807998657 5225
1784237615246 0.3621603548526764 5226
1784237615256 0.27448585629463196 5227
1784237615269 0.6056298613548279 5228
1784237615282 0.5144863724708557 5229
1784237615294 0.25392961502075195 5230
1784237615307 0.1661675125360489 5231
1784237615321 0.9211516380310059 5232
1784237615334 0.45786622166633606 5233
1784237615349 0.4784432053565979 5234
1784237615362 0.06674356758594513 5235
1784237615373 0.4476199746131897 5236
1784237615388 0.2541534900665283 5237
1784237615400 0.36105433106422424 5238
1784237615413 0.30345651507377625 5239
1784237615425 0.16758683323860168 5240
1784237615439 0.30389925837516785 5241
1784237615452 0.16241589188575745 5242
1784237615464 0.1961006075143814 5243
1784237615477 0.24060285091400146 5244
1784237615487 0.33166375756263733 5245
1784237615498 0.783482015132904 5246
1784237615509 0.46208056807518005 5247
1784237615521 0.17476366460323334 5248
1784237615532 0.2439492642879486 5249
1784237615544 0.35932642221450806 5250
1784237615555 0.21409091353416443 5251
1784237615567 0.6618853807449341 5252
1784237615580 0.1320585012435913 5253
1784237615591 0.1271280199289322 5254
1784237615602 0.18907050788402557 5255
1784237615614 0.626737654209137 5256
1784237615625 0.08484793454408646 5257
1784237615637 0.24078884720802307 5258
1784237615649 0.0395941287279129 5259
1784237615660 0.4358605444431305 5260
1784237615673 0.6078792810440063 5261
1784237615686 0.5021830201148987 5262
1784237615698 0.2871706485748291 5263
1784237615710 0.5452017188072205 5264
1784237615722 0.532435417175293 5265
1784237615734 0.17104874551296234 5266
1784237615746 0.5000597238540649 5267
1784237615757 0.29305267333984375 5268
1784237615771 0.12398987263441086 5269
1784237615782 0.18107089400291443 5270
1784237615793 0.34310394525527954 5271
1784237615804 0.14077933132648468 5272
1784237615815 0.10584372282028198 5273
1784237615825 0.2334025502204895 5274
1784237615836 0.2198990434408188 5275
1784237615850 0.21864436566829681 5276
1784237615864 0.6539332866668701 5277
1784237615877 0.3852001130580902 5278
1784237615890 0.3205111026763916 5279
1784237615903 0.5578520894050598 5280
1784237615915 0.29285719990730286 5281
1784237615927 0.5606238842010498 5282
1784237615939 0.47654789686203003 5283
1784237615952 0.1830204725265503 5284
1784237615964 0.32822853326797485 5285
1784237615976 0.3020421266555786 5286
1784237615989 0.09617726504802704 5287
1784237616000 0.14527611434459686 5288
1784237616011 0.3980961740016937 5289
1784237616023 0.3422393500804901 5290
1784237616034 0.6590099930763245 5291
1784237616047 0.07130641490221024 5292
1784237616059 0.33699536323547363 5293
1784237616070 0.2007359117269516 5294
1784237616082 0.3052602708339691 5295
1784237616095 0.2345781773328781 5296
1784237616108 0.3233505189418793 5297
1784237616120 0.1231461614370346 5298
1784237616133 0.17334122955799103 5299
1784237616145 0.2202311009168625 5300
1784237616157 0.5158754587173462 5301
1784237616170 0.26946038007736206 5302
1784237616182 0.3157429099082947 5303
1784237616193 0.114154152572155 5304
1784237616205 0.4250084459781647 5305
1784237616217 0.5272281765937805 5306
1784237616230 0.5836170315742493 5307
1784237616242 0.05275772139430046 5308
1784237616255 0.3954872488975525 5309
1784237616267 0.5134896636009216 5310
1784237616279 0.41260451078414917 5311
1784237616295 0.4161068797111511 5312
1784237616306 0.6040871143341064 5313
1784237616319 0.2469697892665863 5314
1784237616331 0.18474166095256805 5315
1784237616343 0.33083608746528625 5316
1784237616355 0.13166944682598114 5317
1784237616367 0.48490437865257263 5318
1784237616378 0.6532108187675476 5319
1784237616391 0.3256390392780304 5320
1784237616403 0.19041311740875244 5321
1784237616414 0.1420590728521347 5322
1784237616426 0.1866833120584488 5323
1784237616438 0.3450028896331787 5324
1784237616450 0.6371822953224182 5325
1784237616461 0.5617046356201172 5326
1784237616473 0.626571774482727 5327
1784237616485 0.47094956040382385 5328
1784237616497 0.3789089024066925 5329
1784237616509 0.2940519154071808 5330
1784237616522 0.30326518416404724 5331
1784237616533 0.14753641188144684 5332
1784237616545 0.3363184928894043 5333
1784237616558 0.3688899278640747 5334
1784237616570 0.43661925196647644 5335
1784237616581 0.31641095876693726 5336
1784237616594 0.7839974164962769 5337
1784237616605 0.2764376699924469 5338
1784237616615 0.3367727994918823 5339
1784237616624 0.3578369915485382 5340
1784237616634 0.9677035212516785 5341
1784237616644 0.2444487065076828 5342
1784237616656 0.3132176995277405 5343
1784237616668 0.26783761382102966 5344
1784237616697 0.09661242365837097 5345
1784237616707 0.3354208767414093 5346
1784237616717 0.31115350127220154 5347
1784237616730 0.5932608246803284 5348
1784237616740 0.07441514730453491 5349
1784237616752 0.3580274283885956 5350
1784237616762 0.5363459587097168 5351
1784237616772 0.17102687060832977 5352
1784237616784 0.11396518349647522 5353
1784237616795 0.7836343050003052 5354
1784237616807 0.08831468969583511 5355
1784237616820 0.1256575584411621 5356
1784237616832 0.3805679976940155 5357
1784237616845 0.46579214930534363 5358
1784237616857 0.5201521515846252 5359
1784237616870 0.15078230202198029 5360
1784237616881 0.5618995428085327 5361
1784237616893 0.34895846247673035 5362
1784237616904 0.24065059423446655 5363
1784237616917 0.501629650592804 5364
1784237616929 0.1508433222770691 5365
1784237616941 0.4732704758644104 5366
1784237616954 0.11568380892276764 5367
1784237616967 0.34730803966522217 5368
1784237616981 0.3752340078353882 5369
1784237616993 0.34621092677116394 5370
1784237617005 0.18766388297080994 5371
1784237617018 0.4294290840625763 5372
1784237617032 0.25202858448028564 5373
1784237617045 0.5080581903457642 5374
1784237617060 0.4017450511455536 5375
1784237617073 0.44299423694610596 5376
1784237617085 0.44581419229507446 5377
1784237617098 0.3657333552837372 5378
1784237617110 0.12563985586166382 5379
1784237617125 0.10296041518449783 5380
1784237617141 0.25867190957069397 5381
1784237617157 0.3214779496192932 5382
1784237617171 0.21560297906398773 5383
1784237617185 0.18039509654045105 5384
1784237617201 0.4523424506187439 5385
1784237617216 0.6825807690620422 5386
1784237617230 0.21936461329460144 5387
1784237617246 0.2938604950904846 5388
1784237617264 0.2044459879398346 5389
1784237617278 0.13405047357082367 5390
1784237617291 0.23443694412708282 5391
1784237617303 0.26793140172958374 5392
1784237617316 0.6146531701087952 5393
1784237617330 0.09902425110340118 5394
1784237617343 0.10693482309579849 5395
1784237617357 0.14409978687763214 5396
1784237617371 0.7119854688644409 5397
1784237617384 0.4277001917362213 5398
1784237617395 0.08556516468524933 5399
1784237617405 0.3460548520088196 5400
1784237617415 0.2711070477962494 5401
1784237617427 0.3628602623939514 5402
1784237617439 0.2946730852127075 5403
1784237617450 0.24720744788646698 5404
1784237617460 0.46785128116607666 5405
1784237617473 0.4332214295864105 5406
1784237617485 0.17885437607765198 5407
1784237617495 0.8849771618843079 5408
1784237617508 0.24061322212219238 5409
1784237617521 0.30466145277023315 5410
1784237617531 0.5054671168327332 5411
1784237617540 0.33035314083099365 5412
1784237617553 0.5111501216888428 5413
1784237617566 0.29355186223983765 5414
1784237617581 0.3649982511997223 5415
1784237617594 0.8313606381416321 5416
1784237617606 0.3039461076259613 5417
1784237617617 0.17391246557235718 5418
1784237617630 0.19098733365535736 5419
1784237617642 0.64242023229599 5420
1784237617656 0.37015873193740845 5421
1784237617668 0.28698787093162537 5422
1784237617680 0.19410279393196106 5423
1784237617691 0.21963287889957428 5424
1784237617702 0.25582388043403625 5425
1784237617714 0.16116127371788025 5426
1784237617725 0.42824986577033997 5427
1784237617738 0.30341488122940063 5428
1784237617751 0.42666226625442505 5429
1784237617764 0.17515838146209717 5430
1784237617775 0.25802841782569885 5431
1784237617787 0.4102764427661896 5432
1784237617797 0.7815207839012146 5433
1784237617809 0.21794474124908447 5434
1784237617821 0.47195228934288025 5435
1784237617833 0.09797996282577515 5436
1784237617846 0.14590418338775635 5437
1784237617856 0.5117205381393433 5438
1784237617867 0.3411482572555542 5439
1784237617878 0.13987453281879425 5440
1784237617890 0.49721235036849976 5441
1784237617902 0.12042917311191559 5442
1784237617914 0.537542998790741 5443
1784237617925 0.12726828455924988 5444
1784237617937 0.22238297760486603 5445
1784237617949 0.12605668604373932 5446
1784237617961 0.3265102207660675 5447
1784237617974 0.10619203746318817 5448
1784237617986 0.41306522488594055 5449
1784237617997 0.2589515149593353 5450
1784237618009 0.48765045404434204 5451
1784237618021 0.1730884164571762 5452
1784237618034 0.7033748030662537 5453
1784237618046 0.4494951665401459 5454
1784237618057 0.08130951225757599 5455
1784237618071 0.23246517777442932 5456
1784237618083 0.4336186349391937 5457
1784237618095 0.12989702820777893 5458
1784237618105 0.3270370066165924 5459
1784237618117 0.2726495862007141 5460
1784237618129 0.08253096044063568 5461
1784237618141 0.4395076632499695 5462
1784237618153 0.21657738089561462 5463
1784237618166 0.25630614161491394 5464
1784237618177 0.1353791505098343 5465
1784237618189 0.34068286418914795 5466
1784237618201 0.38888129591941833 5467
1784237618212 1.1004183292388916 5468
1784237618223 0.2660283148288727 5469
1784237618236 0.32227930426597595 5470
1784237618248 0.2564282715320587 5471
1784237618261 0.2358512282371521 5472
1784237618272 0.03309870511293411 5473
1784237618285 0.1570325493812561 5474
1784237618298 0.17990025877952576 5475
1784237618310 0.23548009991645813 5476
1784237618321 0.41415056586265564 5477
1784237618334 0.38286149501800537 5478
1784237618345 0.1892317533493042 5479
1784237618355 0.2035447061061859 5480
1784237618366 0.1657477170228958 5481
1784237618376 0.2638777494430542 5482
1784237618387 0.1809343546628952 5483
1784237618398 0.12014304846525192 5484
1784237618409 0.1256878674030304 5485
1784237618422 0.10533782094717026 5486
1784237618434 0.1201280876994133 5487
1784237618447 0.2686373293399811 5488
1784237618458 0.1705603003501892 5489
1784237618470 0.10751060396432877 5490
1784237618481 0.35876524448394775 5491
1784237618493 0.14649786055088043 5492
1784237618505 0.2397276610136032 5493
1784237618518 0.49262914061546326 5494
1784237618529 0.06530608981847763 5495
1784237618541 0.12797611951828003 5496
1784237618553 0.1716078221797943 5497
1784237618565 0.07082583755254745 5498
1784237618576 0.5925747752189636 5499
1784237618589 0.5160338878631592 5500
1784237618601 0.1314532309770584 5501
1784237618614 0.332563191652298 5502
1784237618625 0.6408095359802246 5503
1784237618637 0.32331687211990356 5504
1784237618650 0.34942495822906494 5505
1784237618662 0.4058939516544342 5506
1784237618674 0.18270668387413025 5507
1784237618687 0.4267427623271942 5508
1784237618698 0.16215366125106812 5509
1784237618710 0.36813634634017944 5510
1784237618723 0.10025492310523987 5511
1784237618735 0.3306815028190613 5512
1784237618747 0.19336314499378204 5513
1784237618759 0.298000693321228 5514
1784237618770 0.4098229706287384 5515
1784237618783 0.10730893909931183 5516
1784237618795 0.1480582356452942 5517
1784237618806 0.27690327167510986 5518
1784237618818 0.3459237813949585 5519
1784237618830 0.4908086061477661 5520
1784237618842 0.32881343364715576 5521
1784237618854 0.534440815448761 5522
1784237618865 0.19338342547416687 5523
1784237618877 0.46283695101737976 5524
1784237618889 0.749225914478302 5525
1784237618901 0.2239701896905899 5526
1784237618913 0.3329678177833557 5527
1784237618925 0.17142228782176971 5528
1784237618938 0.18413186073303223 5529
1784237618951 0.21827419102191925 5530
1784237618963 0.7641950845718384 5531
1784237618974 0.41216328740119934 5532
1784237618986 0.11518613994121552 5533
1784237618998 0.1846766322851181 5534
1784237619010 0.29431676864624023 5535
1784237619022 0.2167489379644394 5536
1784237619034 0.09248508512973785 5537
1784237619047 0.24778896570205688 5538
1784237619058 0.23315012454986572 5539
1784237619071 0.6589571237564087 5540
1784237619084 0.055018823593854904 5541
1784237619096 0.21814972162246704 5542
1784237619107 0.07410921156406403 5543
1784237619119 0.28220421075820923 5544
1784237619130 0.14260663092136383 5545
1784237619140 0.1835351139307022 5546
1784237619152 0.09483113884925842 5547
1784237619164 0.3316018581390381 5548
1784237619177 0.19982817769050598 5549
1784237619189 0.13953715562820435 5550
1784237619202 0.5405460000038147 5551
1784237619214 0.2820224463939667 5552
1784237619225 0.6023242473602295 5553
1784237619238 0.21956998109817505 5554
1784237619250 0.17920571565628052 5555
1784237619263 0.2931078374385834 5556
1784237619273 0.2894152104854584 5557
1784237619289 0.18519733846187592 5558
1784237619301 0.26601171493530273 5559
1784237619313 0.4494425654411316 5560
1784237619325 0.1928831785917282 5561
1784237619337 0.10079620778560638 5562
1784237619348 0.13880912959575653 5563
1784237619359 0.05482504889369011 5564
1784237619373 0.3109196424484253 5565
1784237619387 0.17776371538639069 5566
1784237619403 0.416703999042511 5567
1784237619416 0.20313283801078796 5568
1784237619430 0.5395015478134155 5569
1784237619446 0.3776845932006836 5570
1784237619459 0.17054952681064606 5571
1784237619474 0.1720685511827469 5572
1784237619487 0.36612802743911743 5573
1784237619499 0.21345239877700806 5574
1784237619511 0.26904603838920593 5575
1784237619522 0.08515550196170807 5576
1784237619533 0.22658197581768036 5577
1784237619543 0.12007121741771698 5578
1784237619557 0.36267685890197754 5579
1784237619570 0.15517686307430267 5580
1784237619584 0.2254980206489563 5581
1784237619596 0.5222319960594177 5582
1784237619615 0.27311497926712036 5583
1784237619626 0.28276821970939636 5584
1784237619638 0.08963809907436371 5585
1784237619650 0.4964357614517212 5586
1784237619662 0.31839272379875183 5587
1784237619674 0.16724960505962372 5588
1784237619687 0.4332015812397003 5589
1784237619698 0.12005796283483505 5590
1784237619710 0.26919013261795044 5591
1784237619723 0.21055012941360474 5592
1784237619736 0.6169435977935791 5593
1784237619749 0.3075177073478699 5594
1784237619761 0.31174615025520325 5595
1784237619772 0.11408544331789017 5596
1784237619785 0.36624446511268616 5597
1784237619797 0.2961614429950714 5598
1784237619809 0.516872763633728 5599
1784237619821 0.4670633375644684 5600
1784237619833 0.5294047594070435 5601
1784237619842 0.35006195306777954 5602
1784237619853 0.21223847568035126 5603
1784237619866 0.2634875178337097 5604
1784237619877 0.16034716367721558 5605
1784237619889 0.20786859095096588 5606
1784237619900 0.06544999033212662 5607
1784237619912 0.7937953472137451 5608
1784237619924 0.15564769506454468 5609
1784237619937 0.15793438255786896 5610
1784237619949 0.12777858972549438 5611
1784237619962 0.2600870728492737 5612
1784237619974 0.14163878560066223 5613
1784237619988 0.20592711865901947 5614
1784237620001 0.6814851760864258 5615
1784237620013 0.13901135325431824 5616
1784237620025 0.2996364235877991 5617
1784237620038 0.24415571987628937 5618
1784237620054 0.13779465854167938 5619
1784237620067 0.4439229369163513 5620
1784237620082 0.24336455762386322 5621
1784237620095 0.17730684578418732 5622
1784237620108 0.2539485692977905 5623
1784237620121 0.28129974007606506 5624
1784237621211 0.2955363988876343 5625
1784237621221 0.21572735905647278 5626
1784237621233 0.44484251737594604 5627
1784237621244 0.13882391154766083 5628
1784237621256 0.5052940249443054 5629
1784237621270 0.25808438658714294 5630
1784237621287 0.34043002128601074 5631
1784237621303 0.10249388962984085 5632
1784237621319 0.2707866430282593 5633
1784237621338 0.19975188374519348 5634
1784237621354 0.22907914221286774 5635
1784237621371 0.2909492254257202 5636
1784237621386 0.34838688373565674 5637
1784237621403 0.5530559420585632 5638
1784237621422 0.17570337653160095 5639
1784237621437 0.19187654554843903 5640
1784237621453 0.44869956374168396 5641
1784237621474 0.20289696753025055 5642
1784237621490 0.2887823283672333 5643
1784237621506 0.13307131826877594 5644
1784237621521 0.3378749191761017 5645
1784237621534 0.08913026750087738 5646
1784237621547 0.4023075997829437 5647
1784237621562 0.26951122283935547 5648
1784237621574 0.47033756971359253 5649
1784237621589 0.19625194370746613 5650
1784237621607 0.12297795712947845 5651
1784237621624 0.16788215935230255 5652
1784237621639 0.19504038989543915 5653
1784237621654 0.22841419279575348 5654
1784237621669 0.3325308561325073 5655
1784237621682 0.4991956949234009 5656
1784237621696 0.7451819777488708 5657
1784237621710 0.44950300455093384 5658
1784237621722 0.2230367213487625 5659
1784237621736 0.2818213105201721 5660
1784237621749 0.3548603653907776 5661
1784237621762 0.16384512186050415 5662
1784237621776 0.14702108502388 5663
1784237621787 0.38040271401405334 5664
1784237621800 0.23490256071090698 5665
1784237621813 0.22515849769115448 5666
1784237621825 0.11671421676874161 5667
1784237621837 0.08701049536466599 5668
1784237621849 0.2611618936061859 5669
1784237621861 0.3270559012889862 5670
1784237621876 0.39749443531036377 5671
1784237621889 0.488716721534729 5672
1784237621901 0.30547335743904114 5673
1784237621912 0.15566232800483704 5674
1784237621924 0.3590368330478668 5675
1784237621936 0.45478692650794983 5676
1784237621949 0.364252507686615 5677
1784237621961 0.23023752868175507 5678
1784237621972 0.24142950773239136 5679
1784237621985 0.11516635864973068 5680
1784237621996 0.11285247653722763 5681
1784237622008 0.172671839594841 5682
1784237622020 0.22281205654144287 5683
1784237622034 0.5167863368988037 5684
1784237622046 0.5569758415222168 5685
1784237622058 0.2386440485715866 5686
1784237622070 0.1988023966550827 5687
1784237622081 0.38695722818374634 5688
1784237622093 0.4088403880596161 5689
1784237622105 0.14976197481155396 5690
1784237622118 0.13274942338466644 5691
1784237622130 0.1451300084590912 5692
1784237622140 0.4494153559207916 5693
1784237622152 0.561759352684021 5694
1784237622165 0.24115563929080963 5695
1784237622176 0.21858914196491241 5696
1784237622188 0.26629602909088135 5697
1784237622201 0.18194754421710968 5698
1784237622213 0.49438178539276123 5699
1784237622224 0.39816632866859436 5700
1784237622236 0.302009642124176 5701
1784237622249 0.4246019423007965 5702
1784237622261 0.3218124508857727 5703
1784237622273 0.38814109563827515 5704
1784237622285 0.6348704099655151 5705
1784237622298 0.15052084624767303 5706
1784237622310 0.19995377957820892 5707
1784237622321 0.1336107850074768 5708
1784237622334 0.19377057254314423 5709
1784237622347 0.579271137714386 5710
1784237622358 0.8085026741027832 5711
1784237622370 0.0538167767226696 5712
1784237622383 0.3303167521953583 5713
1784237622395 0.40117648243904114 5714
1784237622406 0.27018630504608154 5715
1784237622418 0.19658882915973663 5716
1784237622432 0.22243478894233704 5717
1784237622444 0.12109971791505814 5718
1784237622455 0.056896306574344635 5719
1784237622468 0.12489591538906097 5720
1784237622478 0.4059000611305237 5721
1784237622490 0.28991636633872986 5722
1784237622500 0.14580205082893372 5723
1784237622512 0.1917424201965332 5724
1784237622522 0.39486175775527954 5725
1784237622533 0.04849608987569809 5726
1784237622545 0.6664804220199585 5727
1784237622556 0.22991035878658295 5728
1784237622569 0.19479060173034668 5729
1784237622580 0.07255421578884125 5730
1784237622591 0.21267671883106232 5731
1784237622608 0.1593284159898758 5732
1784237622620 0.19943565130233765 5733
1784237622632 0.1450994908809662 5734
1784237622644 0.19376373291015625 5735
1784237622655 0.20903237164020538 5736
1784237622668 0.3077179193496704 5737
1784237622679 0.40667474269866943 5738
1784237622692 0.13738149404525757 5739
1784237622704 0.11855479329824448 5740
1784237622716 0.1504524201154709 5741
1784237622729 0.18698431551456451 5742
1784237622741 0.1573995053768158 5743
1784237622754 0.2950444519519806 5744
1784237622768 0.27098456025123596 5745
1784237622781 0.18432016670703888 5746
1784237622794 0.13131745159626007 5747
1784237622805 0.18403324484825134 5748
1784237622817 0.20548871159553528 5749
1784237622829 0.3293739855289459 5750
1784237622840 0.1703975647687912 5751
1784237622853 0.4376487135887146 5752
1784237622865 0.3121007978916168 5753
1784237622877 0.1715281456708908 5754
1784237622889 0.6559871435165405 5755
1784237622901 0.17629177868366241 5756
1784237622915 0.22636482119560242 5757
1784237622928 0.18850846588611603 5758
1784237622940 0.41616347432136536 5759
1784237622951 0.5801124572753906 5760
1784237622963 0.21735121309757233 5761
1784237622979 0.10709650069475174 5762
1784237622991 0.29309844970703125 5763
1784237623003 0.3539566397666931 5764
1784237623015 0.21058765053749084 5765
1784237623029 0.17991633713245392 5766
1784237623044 0.08519626408815384 5767
1784237623057 0.30801883339881897 5768
1784237623068 0.18964281678199768 5769
1784237623081 0.15611205995082855 5770
1784237623094 0.30637767910957336 5771
1784237623107 0.3711044490337372 5772
1784237623120 0.2325887680053711 5773
1784237623133 0.14445146918296814 5774
1784237623147 0.32414519786834717 5775
1784237623159 0.3134358525276184 5776
1784237623173 0.27721503376960754 5777
1784237623184 0.4530973732471466 5778
1784237623197 0.6226881146430969 5779
1784237623211 0.23206906020641327 5780
1784237623224 0.25565847754478455 5781
1784237623237 0.35859572887420654 5782
1784237623249 0.2995689809322357 5783
1784237623262 0.3878750503063202 5784
1784237623274 0.5282415747642517 5785
1784237623287 0.8207874894142151 5786
1784237623300 0.3114330768585205 5787
1784237623313 0.304037868976593 5788
1784237623326 0.2755785286426544 5789
1784237623338 0.31594356894493103 5790
1784237623351 0.20049002766609192 5791
1784237623364 0.28547388315200806 5792
1784237623376 0.40612122416496277 5793
1784237623388 0.3387402296066284 5794
1784237623400 0.3263790011405945 5795
1784237623412 0.512607216835022 5796
1784237623425 0.17283986508846283 5797
1784237623438 0.22252723574638367 5798
1784237623450 0.25732511281967163 5799
1784237623464 0.4056076407432556 5800
1784237623475 0.0966217964887619 5801
1784237623488 0.4506169855594635 5802
1784237623500 0.28954076766967773 5803
1784237623512 0.23323658108711243 5804
1784237623523 0.3169676661491394 5805
1784237623537 0.41708192229270935 5806
1784237623549 0.14458094537258148 5807
1784237623562 0.20880790054798126 5808
1784237623573 0.24054096639156342 5809
1784237623586 0.6931923627853394 5810
1784237623599 0.7591787576675415 5811
1784237623613 0.11282458901405334 5812
1784237623626 0.2119867503643036 5813
1784237623637 0.13920864462852478 5814
1784237623651 0.1846124678850174 5815
1784237623663 0.35297349095344543 5816
1784237623674 0.271114319562912 5817
1784237623687 0.482681006193161 5818
1784237623698 0.0811816081404686 5819
1784237623709 0.26950526237487793 5820
1784237623722 0.16897130012512207 5821
1784237623735 0.1807154417037964 5822
1784237623748 0.21478283405303955 5823
1784237623761 0.26965653896331787 5824
1784237623773 0.030174870043992996 5825
1784237623786 0.8230148553848267 5826
1784237623874 0.21524323523044586 5827
1784237623902 0.2708958685398102 5828
1784237623917 0.154682919383049 5829
1784237623931 0.28918710350990295 5830
1784237623945 0.2500435709953308 5831
1784237623959 0.4804256856441498 5832
1784237623972 0.44329702854156494 5833
1784237623985 0.052952710539102554 5834
1784237623997 0.34521910548210144 5835
1784237624008 0.21555720269680023 5836
1784237624020 0.2872872054576874 5837
1784237624032 0.12680242955684662 5838
1784237624044 0.25294557213783264 5839
1784237624057 0.24264584481716156 5840
1784237624071 0.22817499935626984 5841
1784237624084 0.5072659254074097 5842
1784237624096 0.2841467559337616 5843
1784237624107 0.1956387609243393 5844
1784237624120 0.1957111954689026 5845
1784237624133 0.31815290451049805 5846
1784237624146 0.16685213148593903 5847
1784237624157 0.23420804738998413 5848
1784237624168 0.1083875447511673 5849
1784237624180 0.1383238434791565 5850
1784237624192 0.28172606229782104 5851
1784237624202 0.16936855018138885 5852
1784237624214 0.321657657623291 5853
1784237624226 0.8248129487037659 5854
1784237624238 0.29055261611938477 5855
1784237624250 0.17344726622104645 5856
1784237624262 0.5254965424537659 5857
1784237624273 0.31595996022224426 5858
1784237624285 0.24552789330482483 5859
1784237624297 0.7048686742782593 5860
1784237624307 0.3624100685119629 5861
1784237624320 0.27985280752182007 5862
1784237624332 0.47515878081321716 5863
1784237624344 0.5200188159942627 5864
1784237624355 0.4637066125869751 5865
1784237624366 0.22091330587863922 5866
1784237624376 0.20366185903549194 5867
1784237624386 0.2289142906665802 5868
1784237624398 0.4223504960536957 5869
1784237624409 0.18089765310287476 5870
1784237624420 0.3060714602470398 5871
1784237624430 0.2924920320510864 5872
1784237624442 0.13059677183628082 5873
1784237624453 0.3588451147079468 5874
1784237624465 0.2532888650894165 5875
1784237624478 0.5818353295326233 5876
1784237624489 0.1667262464761734 5877
1784237624501 0.382671058177948 5878
1784237624513 0.332560658454895 5879
1784237624525 0.21942390501499176 5880
1784237624538 0.281097412109375 5881
1784237624551 0.12461642175912857 5882
1784237624563 0.2536320984363556 5883
1784237624575 0.3123692274093628 5884
1784237624587 0.19339348375797272 5885
1784237624598 0.3597045838832855 5886
1784237624609 0.25189530849456787 5887
1784237624635 0.14801201224327087 5888
1784237624647 0.1892533004283905 5889
1784237624658 0.1552705317735672 5890
1784237624670 0.46472373604774475 5891
1784237624682 0.21084491908550262 5892
1784237624694 0.41117721796035767 5893
1784237624706 0.26398029923439026 5894
1784237624717 0.11109670996665955 5895
1784237624730 0.1329386681318283 5896
1784237624743 0.30826497077941895 5897
1784237624755 0.15481513738632202 5898
1784237624768 0.14106518030166626 5899
1784237624781 0.19321170449256897 5900
1784237624792 0.3416196405887604 5901
1784237624804 0.10362623631954193 5902
1784237624816 0.39414703845977783 5903
1784237624828 0.22118446230888367 5904
1784237624840 0.1496468186378479 5905
1784237624852 0.17527882754802704 5906
1784237624864 0.41235390305519104 5907
1784237624876 0.2877867817878723 5908
1784237624889 0.18579992651939392 5909
1784237624902 0.132129967212677 5910
1784237624916 0.16937153041362762 5911
1784237624929 0.37120556831359863 5912
1784237624942 0.15985648334026337 5913
1784237624957 0.2387559711933136 5914
1784237624970 0.09264266490936279 5915
1784237624982 0.3163830637931824 5916
1784237624995 0.13310302793979645 5917
1784237625007 0.296292781829834 5918
1784237625022 0.33760231733322144 5919
1784237625035 0.4102880656719208 5920
1784237625048 0.5289911031723022 5921
1784237625061 0.086880624294281 5922
1784237625073 0.27460113167762756 5923
1784237625084 0.2579950988292694 5924
1784237625095 0.286817342042923 5925
1784237625106 0.41829079389572144 5926
1784237625119 0.13326436281204224 5927
1784237625132 0.26627907156944275 5928
1784237625144 0.23971790075302124 5929
1784237625157 0.12828856706619263 5930
1784237625169 0.12660838663578033 5931
1784237625182 0.3160538077354431 5932
1784237625193 0.5049276351928711 5933
1784237625203 0.1423879712820053 5934
1784237625215 0.34784218668937683 5935
1784237625226 0.14881248772144318 5936
1784237625239 0.31257158517837524 5937
1784237625251 0.41300562024116516 5938
1784237625265 0.2624928951263428 5939
1784237625278 0.16640929877758026 5940
1784237625290 0.23786194622516632 5941
1784237625303 0.304352730512619 5942
1784237625316 0.5189969539642334 5943
1784237625331 0.6378035545349121 5944
1784237625344 0.3963059186935425 5945
1784237625357 0.4821588695049286 5946
1784237625371 0.489319384098053 5947
1784237625384 0.06794165074825287 5948
1784237625396 0.30000385642051697 5949
1784237625409 0.18245841562747955 5950
1784237625420 0.2535657584667206 5951
1784237625432 0.25579091906547546 5952
1784237625444 0.0758519321680069 5953
1784237625457 0.20016203820705414 5954
1784237625470 0.3364500403404236 5955
1784237625481 0.4828266501426697 5956
1784237625491 0.0963037759065628 5957
1784237625503 0.2516346573829651 5958
1784237625514 0.1904049515724182 5959
1784237625525 0.3743220865726471 5960
1784237625536 0.28735899925231934 5961
1784237625548 0.5820022225379944 5962
1784237625561 0.1905945986509323 5963
1784237625571 0.1839338093996048 5964
1784237625584 0.2195310741662979 5965
1784237625596 0.476704865694046 5966
1784237625608 0.46471866965293884 5967
1784237625621 0.8393946886062622 5968
1784237625634 0.12381976842880249 5969
1784237625646 0.23045112192630768 5970
1784237625659 0.7249405980110168 5971
1784237625672 0.5172827243804932 5972
1784237625683 0.5069365501403809 5973
1784237625694 0.5856362581253052 5974
1784237625706 0.23090213537216187 5975
1784237625718 0.19861890375614166 5976
1784237625730 0.3229660987854004 5977
1784237625740 0.19484113156795502 5978
1784237625752 0.344401478767395 5979
1784237625764 0.2584441602230072 5980
1784237625777 0.4016111493110657 5981
1784237625788 0.28411123156547546 5982
1784237625799 0.14789250493049622 5983
1784237625811 0.5672394633293152 5984
1784237625822 0.18430942296981812 5985
1784237625833 0.23815275728702545 5986
1784237625846 0.4273509979248047 5987
1784237625857 0.28389158844947815 5988
1784237625870 0.35864561796188354 5989
1784237625882 0.17077131569385529 5990
1784237625893 0.5774704813957214 5991
1784237625902 0.27991586923599243 5992
1784237625914 0.33319851756095886 5993
1784237625925 0.627038300037384 5994
1784237625936 0.16577047109603882 5995
1784237625948 0.24353918433189392 5996
1784237625959 0.512117862701416 5997
1784237625971 0.512201189994812 5998
1784237625982 0.23144783079624176 5999
1784237625994 0.45316702127456665 6000
1784237626005 0.17853689193725586 6001
1784237626016 0.18798793852329254 6002
1784237626028 0.20077800750732422 6003
1784237626040 0.20720118284225464 6004
1784237626051 0.30007871985435486 6005
1784237626062 0.16920731961727142 6006
1784237626073 0.4211810827255249 6007
1784237626086 0.3721833825111389 6008
1784237626099 0.44428759813308716 6009
1784237626114 0.286869078874588 6010
1784237626124 0.09269114583730698 6011
1784237626137 0.33932915329933167 6012
1784237626151 0.34516441822052 6013
1784237626163 0.47056978940963745 6014
1784237626176 0.32549038529396057 6015
1784237626190 0.38039299845695496 6016
1784237626203 0.2664282023906708 6017
1784237626215 0.08354749530553818 6018
1784237626227 0.32892048358917236 6019
1784237626237 0.23751917481422424 6020
1784237626249 0.22971749305725098 6021
1784237626262 0.20239032804965973 6022
1784237626274 0.17421580851078033 6023
1784237626286 0.2177884429693222 6024
1784237626299 0.14398609101772308 6025
1784237626310 0.25993698835372925 6026
1784237626322 0.21681249141693115 6027
1784237626335 0.213315948843956 6028
1784237626347 0.6804517507553101 6029
1784237626358 0.4056171476840973 6030
1784237626371 0.3628329336643219 6031
1784237626383 0.6285799741744995 6032
1784237626395 0.10047750174999237 6033
1784237626405 0.1891864687204361 6034
1784237626418 0.1485518515110016 6035
1784237626430 0.4146985113620758 6036
1784237626442 0.1613033413887024 6037
1784237626456 0.2667161524295807 6038
1784237626468 0.10437451303005219 6039
1784237626481 0.10087766498327255 6040
1784237626493 0.5447826981544495 6041
1784237626504 0.2112456113100052 6042
1784237626515 0.1251213103532791 6043
1784237626526 0.21236048638820648 6044
1784237626538 0.19707225263118744 6045
1784237626550 0.23626023530960083 6046
1784237626563 0.12676140666007996 6047
1784237626574 0.14159691333770752 6048
1784237626587 0.30625611543655396 6049
1784237626599 0.4066290259361267 6050
1784237626611 0.6309382319450378 6051
1784237626622 0.2887493669986725 6052
1784237626634 0.13381114602088928 6053
1784237626646 0.12054556608200073 6054
1784237626658 0.26758304238319397 6055
1784237626670 0.2365749627351761 6056
1784237626681 0.23884615302085876 6057
1784237626691 0.46186959743499756 6058
1784237626701 0.15882356464862823 6059
1784237626712 0.755592405796051 6060
1784237626724 0.5239543318748474 6061
1784237626736 0.20129598677158356 6062
1784237626749 0.0575847402215004 6063
1784237626761 1.0169508457183838 6064
1784237626771 0.11821115761995316 6065
1784237626781 0.2085222452878952 6066
1784237626801 0.238996684551239 6067
1784237626814 0.392445832490921 6068
1784237626826 0.18649479746818542 6069
1784237626837 0.243783101439476 6070
1784237626849 0.22391769289970398 6071
1784237626859 1.080305576324463 6072
1784237626871 0.5429845452308655 6073
1784237626883 0.6133477687835693 6074
1784237626895 0.0738079771399498 6075
1784237626906 0.332175612449646 6076
1784237626918 0.9559441208839417 6077
1784237626930 0.24901032447814941 6078
1784237626942 0.2978062331676483 6079
1784237626954 0.6382430195808411 6080
1784237626966 0.3039790689945221 6081
1784237626978 0.16299447417259216 6082
1784237626991 0.44018062949180603 6083
1784237627002 0.3974960744380951 6084
1784237627014 0.4600743055343628 6085
1784237627029 0.30260297656059265 6086
1784237627041 0.22236552834510803 6087
1784237627054 0.21722041070461273 6088
1784237627066 0.25313863158226013 6089
1784237627078 0.33453646302223206 6090
1784237627091 0.3293783366680145 6091
1784237627103 0.3773186504840851 6092
1784237627115 0.21367540955543518 6093
1784237627125 0.1986158788204193 6094
1784237627137 0.32845669984817505 6095
1784237627148 0.1391899734735489 6096
1784237627160 0.13838648796081543 6097
1784237627172 0.14927498996257782 6098
1784237627187 0.342768132686615 6099
1784237627199 0.12006217241287231 6100
1784237627212 0.2697680592536926 6101
1784237627223 0.19090858101844788 6102
1784237627235 0.27511894702911377 6103
1784237627248 0.4936973452568054 6104
1784237627259 0.4047635495662689 6105
1784237627270 0.10862365365028381 6106
1784237627282 0.13187538087368011 6107
1784237627294 0.24522295594215393 6108
1784237627306 0.6236940026283264 6109
1784237627319 0.251185804605484 6110
1784237627331 0.1319168657064438 6111
1784237627344 0.4182344973087311 6112
1784237627356 0.35542768239974976 6113
1784237627369 0.32215556502342224 6114
1784237627380 0.7605694532394409 6115
1784237627393 0.29406484961509705 6116
1784237627404 0.1811235547065735 6117
1784237627417 0.3452475070953369 6118
1784237627430 0.3434724509716034 6119
1784237627444 0.5831801891326904 6120
1784237627456 0.3831334710121155 6121
1784237627468 0.6092777252197266 6122
1784237627479 0.12736618518829346 6123
1784237627490 0.4569571018218994 6124
1784237627502 0.3083909749984741 6125
1784237627513 0.4077141284942627 6126
1784237627525 0.4804179072380066 6127
1784237627537 0.24599260091781616 6128
1784237627550 0.06379847228527069 6129
1784237627561 0.07378598302602768 6130
1784237627572 0.2975858747959137 6131
1784237627583 0.047530826181173325 6132
1784237627595 0.5086377859115601 6133
1784237627607 0.30486202239990234 6134
1784237627625 0.19145092368125916 6135
1784237627636 0.11651782691478729 6136
1784237627649 0.09197527170181274 6137
1784237627660 0.08717124909162521 6138
1784237627671 0.23258787393569946 6139
1784237627684 0.09780451655387878 6140
1784237627697 0.2323007881641388 6141
1784237627710 0.25141507387161255 6142
1784237627722 0.159857839345932 6143
1784237627733 0.08641480654478073 6144
1784237627744 0.1915392279624939 6145
1784237627756 0.28439390659332275 6146
1784237627768 0.19037680327892303 6147
1784237627779 0.2401982843875885 6148
1784237627790 0.1898389756679535 6149
1784237627801 0.2712087035179138 6150
1784237627813 0.5188339352607727 6151
1784237627824 0.31850510835647583 6152
1784237627836 0.11657734215259552 6153
1784237627850 0.16418592631816864 6154
1784237627862 0.22683201730251312 6155
1784237627873 0.3201961815357208 6156
1784237627887 0.28901052474975586 6157
1784237627900 0.15897347033023834 6158
1784237627912 0.32262662053108215 6159
1784237627925 0.4509510099887848 6160
1784237627937 0.30515527725219727 6161
1784237627949 0.3513427674770355 6162
1784237627961 0.3977501094341278 6163
1784237627973 0.14386560022830963 6164
1784237627984 0.23022615909576416 6165
1784237627996 0.2905997335910797 6166
1784237628008 0.1743093878030777 6167
1784237628020 0.34048327803611755 6168
1784237628033 0.7284367084503174 6169
1784237628047 0.06406857073307037 6170
1784237628058 0.23383291065692902 6171
1784237628071 0.3565860688686371 6172
1784237628087 0.3472525477409363 6173
1784237628097 0.17240996658802032 6174
1784237628111 0.3490540087223053 6175
1784237628122 0.7818049192428589 6176
1784237628136 0.14945068955421448 6177
1784237628149 0.3270499110221863 6178
1784237628163 0.16722038388252258 6179
1784237628177 0.27922242879867554 6180
1784237628188 0.46753212809562683 6181
1784237628202 0.18024952709674835 6182
1784237628214 0.3839896619319916 6183
1784237628227 0.21992546319961548 6184
1784237628239 0.15199032425880432 6185
1784237628252 0.3209681808948517 6186
1784237628264 0.22610050439834595 6187
1784237628275 0.36903804540634155 6188
1784237628287 0.2777518033981323 6189
1784237628300 0.19577741622924805 6190
1784237628315 0.2943456768989563 6191
1784237628328 0.7831008434295654 6192
1784237628341 0.12576842308044434 6193
1784237628355 0.15030451118946075 6194
1784237628370 0.5541751384735107 6195
1784237628383 0.2293163537979126 6196
1784237628399 0.6241388916969299 6197
1784237628412 0.4155382215976715 6198
1784237628425 0.38181057572364807 6199
1784237628438 0.19483527541160583 6200
1784237628451 0.15910179913043976 6201
1784237628463 0.22684627771377563 6202
1784237628476 0.1710623800754547 6203
1784237628487 0.08343536406755447 6204
1784237628498 0.19502097368240356 6205
1784237628510 0.11308266222476959 6206
1784237628523 0.7756313681602478 6207
1784237628536 0.7745214104652405 6208
1784237628549 0.16977931559085846 6209
1784237628560 0.17016176879405975 6210
1784237628571 0.3230948746204376 6211
1784237628581 0.320939838886261 6212
1784237628593 0.2416636049747467 6213
1784237628606 0.5402752757072449 6214
1784237628617 0.2290314882993698 6215
1784237628630 0.07542639225721359 6216
1784237628644 0.3078511953353882 6217
1784237628656 0.7142949104309082 6218
1784237628669 0.6383776068687439 6219
1784237628681 0.39693668484687805 6220
1784237628693 0.16904431581497192 6221
1784237628703 0.46010228991508484 6222
1784237628715 0.3781677484512329 6223
1784237628728 0.25507548451423645 6224
1784237628739 0.41111302375793457 6225
1784237628752 0.19119194149971008 6226
1784237628762 0.2514319121837616 6227
1784237628774 0.3680711090564728 6228
1784237628787 0.6206692457199097 6229
1784237628799 0.7389183640480042 6230
1784237628810 0.20226263999938965 6231
1784237628820 0.15838730335235596 6232
1784237628830 0.20358341932296753 6233
1784237628840 0.19854260981082916 6234
1784237628853 0.3763234615325928 6235
1784237628865 0.3500385880470276 6236
1784237628877 0.1778881996870041 6237
1784237628889 0.06435374915599823 6238
1784237628901 0.25869104266166687 6239
1784237628913 0.4621630012989044 6240
1784237628925 0.11376608163118362 6241
1784237628937 0.2986665964126587 6242
1784237628949 0.2142311930656433 6243
1784237628961 0.4043400287628174 6244
1784237628972 0.23147447407245636 6245
1784237628984 0.32527533173561096 6246
1784237628995 0.2577503025531769 6247
1784237629007 0.10531939566135406 6248
1784237629019 0.14460070431232452 6249
1784237629031 0.40167903900146484 6250
1784237629044 0.2348087579011917 6251
1784237629056 0.23568962514400482 6252
1784237629069 0.4384741187095642 6253
1784237629081 0.0997752696275711 6254
1784237629092 0.2601653039455414 6255
1784237629104 0.18316702544689178 6256
1784237629115 0.1431218832731247 6257
1784237629125 0.5067829489707947 6258
1784237629136 0.12970495223999023 6259
1784237629148 0.4204947352409363 6260
1784237629161 0.29474738240242004 6261
1784237629173 0.20062516629695892 6262
1784237629185 0.11399547010660172 6263
1784237629197 0.10216088593006134 6264
1784237629209 0.6158129572868347 6265
1784237629221 0.29519131779670715 6266
1784237629232 0.22259359061717987 6267
1784237629245 0.2304864525794983 6268
1784237629255 0.29534807801246643 6269
1784237629268 0.6605324149131775 6270
1784237629281 0.3140009939670563 6271
1784237629293 0.2588222026824951 6272
1784237629304 0.46996933221817017 6273
1784237629316 0.194940984249115 6274
1784237629328 0.06830902397632599 6275
1784237629339 0.40140068531036377 6276
1784237629353 0.26617828011512756 6277
1784237629363 0.3733237385749817 6278
1784237629374 0.12110836803913116 6279
1784237629386 0.4237704873085022 6280
1784237629398 0.115043506026268 6281
1784237629411 0.20952053368091583 6282
1784237629422 0.2938622236251831 6283
1784237629434 0.2055685818195343 6284
1784237629447 0.21137653291225433 6285
1784237629458 0.34667474031448364 6286
1784237629469 0.21783675253391266 6287
1784237629481 0.2564724087715149 6288
1784237629493 0.11265575140714645 6289
1784237629505 0.1038365364074707 6290
1784237629516 0.7939504981040955 6291
1784237629529 0.47651779651641846 6292
1784237629540 0.25061342120170593 6293
1784237629550 0.3346495032310486 6294
1784237629562 0.8926806449890137 6295
1784237629574 0.22144067287445068 6296
1784237629587 0.2694837749004364 6297
1784237629598 0.2053244262933731 6298
1784237629610 0.25584450364112854 6299
1784237629620 0.12658019363880157 6300
1784237629632 0.7473099827766418 6301
1784237629645 0.2832050919532776 6302
1784237629655 0.2825187146663666 6303
1784237629666 0.1483955979347229 6304
1784237629678 0.04767904430627823 6305
1784237629689 0.3641257882118225 6306
1784237629700 0.18050768971443176 6307
1784237629712 0.3667696416378021 6308
1784237629723 0.23305901885032654 6309
1784237629736 0.7107556462287903 6310
1784237629748 0.19555048644542694 6311
1784237629761 0.11159922182559967 6312
1784237629772 0.25163716077804565 6313
1784237629783 0.14470697939395905 6314
1784237629796 0.2809719443321228 6315
1784237629808 0.17376534640789032 6316
1784237629820 0.26973098516464233 6317
1784237629833 0.5062668323516846 6318
1784237629845 0.26302406191825867 6319
1784237629858 0.33399367332458496 6320
1784237629870 0.6537607908248901 6321
1784237629881 0.35663700103759766 6322
1784237629893 0.11422941833734512 6323
1784237629903 0.8374703526496887 6324
1784237629915 0.22551703453063965 6325
1784237629927 0.40731051564216614 6326
1784237629939 0.438382625579834 6327
1784237629952 0.35694611072540283 6328
1784237629965 0.3362317383289337 6329
1784237629975 0.1013941690325737 6330
1784237629987 0.5056036114692688 6331
1784237629998 0.08844625949859619 6332
1784237630010 0.21796688437461853 6333
1784237630023 0.2473531812429428 6334
1784237630036 0.24775800108909607 6335
1784237630049 0.6896032094955444 6336
1784237630061 0.18677350878715515 6337
1784237630072 0.43758076429367065 6338
1784237630084 0.2056150734424591 6339
1784237630096 0.26325222849845886 6340
1784237630107 0.15033963322639465 6341
1784237630118 0.7806085348129272 6342
1784237630130 0.2694860100746155 6343
1784237630141 0.3238501250743866 6344
1784237630151 0.34540364146232605 6345
1784237630162 0.42284202575683594 6346
1784237630173 0.6600902676582336 6347
1784237630185 0.24086405336856842 6348
1784237630196 0.16376541554927826 6349
1784237630208 0.5941991209983826 6350
1784237630220 0.19628506898880005 6351
1784237630232 0.09247654676437378 6352
1784237630245 0.153916135430336 6353
1784237630258 0.1635185033082962 6354
1784237630270 0.3379434049129486 6355
1784237630283 0.30994585156440735 6356
1784237630295 0.43204525113105774 6357
1784237630305 0.30641061067581177 6358
1784237630317 0.3356383144855499 6359
1784237630330 0.2578354477882385 6360
1784237630340 0.39876100420951843 6361
1784237630354 0.307128369808197 6362
1784237630367 0.22847257554531097 6363
1784237630381 0.2713479995727539 6364
1784237630393 0.3328858017921448 6365
1784237630404 0.1617971807718277 6366
1784237630416 0.21578748524188995 6367
1784237630429 0.5752391219139099 6368
1784237630439 0.10355519503355026 6369
1784237630451 0.37711116671562195 6370
1784237630464 0.3308374285697937 6371
1784237630475 0.11354197561740875 6372
1784237630486 0.14901624619960785 6373
1784237630498 0.19334819912910461 6374
1784237630510 0.25133609771728516 6375
1784237630521 0.5161300301551819 6376
1784237630534 0.368805468082428 6377
1784237630549 0.14778240025043488 6378
1784237630563 0.12403248250484467 6379
1784237630579 0.2549331784248352 6380
1784237630592 0.46045953035354614 6381
1784237630606 0.13253429532051086 6382
1784237630620 0.35687780380249023 6383
1784237630633 0.4992237985134125 6384
1784237630652 0.16705627739429474 6385
1784237630665 0.14746548235416412 6386
1784237630678 0.30206814408302307 6387
1784237630689 0.36273089051246643 6388
1784237630703 0.3555334806442261 6389
1784237630714 0.3070409595966339 6390
1784237630726 0.11580942571163177 6391
1784237630738 0.4789944887161255 6392
1784237630751 0.3058485686779022 6393
1784237630765 0.2250463217496872 6394
1784237630776 0.2639901340007782 6395
1784237630785 0.2661588191986084 6396
1784237630797 0.23336055874824524 6397
1784237630810 0.32177919149398804 6398
1784237630822 0.20634545385837555 6399
1784237630835 0.6141822338104248 6400
1784237630847 0.2055092602968216 6401
1784237630858 0.18964894115924835 6402
1784237630871 0.20807863771915436 6403
1784237630885 0.39290621876716614 6404
1784237630898 0.22145020961761475 6405
1784237630910 0.207232266664505 6406
1784237630921 0.2764810025691986 6407
1784237630934 0.18589746952056885 6408
1784237630947 0.9761008620262146 6409
1784237630959 0.24290317296981812 6410
1784237630971 0.4474468231201172 6411
1784237630982 0.12838149070739746 6412
1784237630994 0.5755091905593872 6413
1784237631006 0.20202237367630005 6414
1784237631021 0.3003993034362793 6415
1784237631033 0.5348596572875977 6416
1784237631046 0.2981574535369873 6417
1784237631060 0.1254454255104065 6418
1784237631071 0.20357801020145416 6419
1784237631083 0.1319892555475235 6420
1784237631096 0.9137814044952393 6421
1784237631109 0.2196996808052063 6422
1784237631122 0.31232088804244995 6423
1784237631136 0.5865270495414734 6424
1784237631150 0.1641169786453247 6425
1784237631165 0.44891130924224854 6426
1784237631178 0.2720434367656708 6427
1784237631191 0.3718452751636505 6428
1784237631204 0.17048221826553345 6429
1784237631216 0.24566012620925903 6430
1784237631227 0.19761677086353302 6431
1784237631238 0.3576791286468506 6432
1784237631251 0.44376957416534424 6433
1784237631264 0.20165450870990753 6434
1784237631276 0.22572040557861328 6435
1784237631289 0.14923854172229767 6436
1784237631300 0.46440649032592773 6437
1784237631311 0.1543831080198288 6438
1784237631323 0.4474443197250366 6439
1784237631337 0.276913046836853 6440
1784237631351 0.3650553524494171 6441
1784237631365 0.07291681319475174 6442
1784237631379 0.40847885608673096 6443
1784237631392 0.2342151254415512 6444
1784237631403 0.21646937727928162 6445
1784237631416 0.036948900669813156 6446
1784237631428 0.12183921784162521 6447
1784237631440 0.30506080389022827 6448
1784237631453 0.10333479940891266 6449
1784237631466 0.5938982963562012 6450
1784237631478 0.29035675525665283 6451
1784237631488 0.24419523775577545 6452
1784237631498 0.22938662767410278 6453
1784237631508 0.2984347343444824 6454
1784237631520 0.7069013118743896 6455
1784237631533 0.32929250597953796 6456
1784237631546 0.3059178590774536 6457
1784237631557 0.38701850175857544 6458
1784237631568 0.2818017303943634 6459
1784237631581 0.3458719849586487 6460
1784237631592 0.13914085924625397 6461
1784237631603 0.5098520517349243 6462
1784237631615 0.10712501406669617 6463
1784237631627 0.19096305966377258 6464
1784237631638 0.10349642485380173 6465
1784237631652 0.24715706706047058 6466
1784237631664 0.4120483100414276 6467
1784237631676 0.25069496035575867 6468
1784237631688 0.2894420921802521 6469
1784237631699 0.44029006361961365 6470
1784237631712 0.18262937664985657 6471
1784237631724 0.26290643215179443 6472
1784237631736 0.4597620964050293 6473
1784237631748 0.6093411445617676 6474
1784237631759 0.235579252243042 6475
1784237631771 0.07466880232095718 6476
1784237631783 0.19511790573596954 6477
1784237631796 0.44239285588264465 6478
1784237631807 0.19802367687225342 6479
1784237631818 0.09409072995185852 6480
1784237631829 0.5487145185470581 6481
1784237631841 0.3050902187824249 6482
1784237631854 0.7066255807876587 6483
1784237631866 0.09712554514408112 6484
1784237631878 0.24906103312969208 6485
1784237631890 0.12628582119941711 6486
1784237631902 0.2090856432914734 6487
1784237631915 0.42417076230049133 6488
1784237631927 0.6518735289573669 6489
1784237631938 0.10038264840841293 6490
1784237631951 0.20127585530281067 6491
1784237631963 0.2988112270832062 6492
1784237631975 0.2509095072746277 6493
1784237631987 0.1098339781165123 6494
1784237631999 0.23496019840240479 6495
1784237632011 0.41800734400749207 6496
1784237632023 1.0198725461959839 6497
1784237632035 0.6359753012657166 6498
1784237632047 0.15927816927433014 6499
1784237632060 0.14292758703231812 6500
1784237632071 0.1531771719455719 6501
1784237632083 0.3087112605571747 6502
1784237632096 0.5079836249351501 6503
1784237632106 0.4300832450389862 6504
1784237632117 0.14632083475589752 6505
1784237632129 0.25919994711875916 6506
1784237632141 0.5356465578079224 6507
1784237632153 0.45980215072631836 6508
1784237632164 0.15678153932094574 6509
1784237632176 0.24163638055324554 6510
1784237632188 0.06351349502801895 6511
1784237632200 0.3992539048194885 6512
1784237632213 0.11004245281219482 6513
1784237632224 0.3582553565502167 6514
1784237632237 0.17836502194404602 6515
1784237632249 0.4098300635814667 6516
1784237632262 0.4293751120567322 6517
1784237632272 0.4917088747024536 6518
1784237632284 0.25901156663894653 6519
1784237632296 0.31027936935424805 6520
1784237632309 0.9962795376777649 6521
1784237632321 0.0980711281299591 6522
1784237632334 0.09342596679925919 6523
1784237632347 0.2578478157520294 6524
1784237632359 0.18714123964309692 6525
1784237632371 0.20907257497310638 6526
1784237632383 0.8069792985916138 6527
1784237632395 0.17431087791919708 6528
1784237632406 0.3642294108867645 6529
1784237632419 0.3705153465270996 6530
1784237632432 0.38022902607917786 6531
1784237632442 0.36648520827293396 6532
1784237632454 0.38210514187812805 6533
1784237632466 0.27467259764671326 6534
1784237632478 0.2602115273475647 6535
1784237632490 0.3332344591617584 6536
1784237632502 0.3158510625362396 6537
1784237632514 0.5583263635635376 6538
1784237632526 0.20086003839969635 6539
1784237632537 0.14530213177204132 6540
1784237632548 0.1286681741476059 6541
1784237632560 0.5889899730682373 6542
1784237632572 0.47801005840301514 6543
1784237632584 0.38051101565361023 6544
1784237632597 0.09737203270196915 6545
1784237632609 0.328010231256485 6546
1784237632620 0.2634076774120331 6547
1784237632632 0.5850592851638794 6548
1784237632644 0.30630627274513245 6549
1784237632655 0.5865253210067749 6550
1784237632683 0.16182997822761536 6551
1784237632696 0.19264906644821167 6552
1784237632710 0.1609611213207245 6553
1784237632722 0.2832566797733307 6554
1784237632735 0.4595186412334442 6555
1784237632747 0.21742261946201324 6556
1784237632760 0.3879373371601105 6557
1784237632775 0.28387245535850525 6558
1784237632787 0.33842819929122925 6559
1784237632801 0.10166467726230621 6560
1784237632815 0.33635395765304565 6561
1784237632828 0.19074442982673645 6562
1784237632843 0.33099037408828735 6563
1784237632856 0.36046358942985535 6564
1784237632870 0.1160656288266182 6565
1784237632882 0.06205972284078598 6566
1784237632894 0.6195330023765564 6567
1784237632909 0.15447574853897095 6568
1784237632921 0.31669631600379944 6569
1784237632933 0.1815522164106369 6570
1784237632945 0.15731695294380188 6571
1784237632958 0.5078573822975159 6572
1784237632973 0.13781268894672394 6573
1784237632986 0.14998026192188263 6574
1784237632999 0.6789930462837219 6575
1784237633012 0.4424530863761902 6576
1784237633023 0.25882458686828613 6577
1784237633036 0.5663541555404663 6578
1784237633048 0.126576229929924 6579
1784237633061 0.23625028133392334 6580
1784237633075 0.3351331949234009 6581
1784237633086 0.21761302649974823 6582
1784237633100 0.12015840411186218 6583
1784237633113 0.09460878372192383 6584
1784237633124 0.16638022661209106 6585
1784237633137 0.3893151879310608 6586
1784237633149 0.22984296083450317 6587
1784237633163 0.1848863661289215 6588
1784237633178 0.2939266562461853 6589
1784237633192 0.4912819266319275 6590
1784237633206 0.38925373554229736 6591
1784237633220 0.46321579813957214 6592
1784237633232 0.21289879083633423 6593
1784237633245 0.27648743987083435 6594
1784237633257 0.10317002236843109 6595
1784237633269 0.4001285433769226 6596
1784237633286 0.3076518177986145 6597
1784237633299 0.4276965856552124 6598
1784237633312 0.4700053036212921 6599
1784237633324 0.33412855863571167 6600
1784237633336 0.4489034414291382 6601
1784237633352 0.22042205929756165 6602
1784237633365 0.9732449054718018 6603
1784237633378 0.41924187541007996 6604
1784237633391 0.2686258554458618 6605
1784237633403 0.3231760561466217 6606
1784237633415 0.251113623380661 6607
1784237633427 0.3384106755256653 6608
1784237633439 0.7335287928581238 6609
1784237633450 0.3993121385574341 6610
1784237633461 0.5797456502914429 6611
1784237633473 0.22746194899082184 6612
1784237633484 0.07515446096658707 6613
1784237633497 0.06169053912162781 6614
1784237633510 0.14137187600135803 6615
1784237633521 0.2170911431312561 6616
1784237633532 0.2965388894081116 6617
1784237633542 0.22089071571826935 6618
1784237633553 0.4423283040523529 6619
1784237633563 0.45216867327690125 6620
1784237633575 0.17834259569644928 6621
1784237633584 0.07644416391849518 6622
1784237633595 0.179925799369812 6623
1784237633606 0.3359436094760895 6624
1784237633620 0.4289208650588989 6625
1784237633632 0.4481722414493561 6626
1784237633645 0.3607211410999298 6627
1784237633657 0.24102485179901123 6628
1784237633668 0.26573821902275085 6629
1784237633680 0.5297869443893433 6630
1784237633692 0.08845241367816925 6631
1784237633703 0.22480744123458862 6632
1784237633715 0.1796463578939438 6633
1784237633728 0.32289618253707886 6634
1784237633740 0.11647628247737885 6635
1784237633754 0.17417365312576294 6636
1784237633766 0.16098783910274506 6637
1784237633777 0.4381718635559082 6638
1784237633788 0.1336364895105362 6639
1784237633800 0.5193960070610046 6640
1784237633811 0.23329263925552368 6641
1784237633823 0.3141656816005707 6642
1784237633835 0.11261678487062454 6643
1784237633849 0.2009347379207611 6644
1784237633861 0.12226235121488571 6645
1784237633873 0.16666196286678314 6646
1784237633885 0.14458884298801422 6647
1784237633896 0.10345413535833359 6648
1784237633906 0.09454958140850067 6649
1784237633918 0.1982768177986145 6650
1784237633929 0.03727167844772339 6651
1784237633940 0.3931578993797302 6652
1784237633951 0.22503483295440674 6653
1784237633961 0.2626447081565857 6654
1784237633971 0.2548183798789978 6655
1784237633983 0.43860042095184326 6656
1784237633996 0.2687465250492096 6657
1784237634008 0.40595316886901855 6658
1784237634021 0.5404301881790161 6659
1784237634033 0.08130184561014175 6660
1784237634044 0.1365276724100113 6661
1784237634056 0.42072319984436035 6662
1784237634066 0.41916969418525696 6663
1784237634077 0.3736847937107086 6664
1784237634088 0.2122659683227539 6665
1784237634101 0.24199970066547394 6666
1784237634114 0.6127467155456543 6667
1784237634127 0.2701943814754486 6668
1784237634138 0.4403596818447113 6669
1784237634150 0.5560358762741089 6670
1784237634162 0.1787472814321518 6671
1784237634174 0.4329918920993805 6672
1784237634186 0.2341255098581314 6673
1784237634197 0.3078406751155853 6674
1784237634210 0.693374514579773 6675
1784237634219 0.23466134071350098 6676
1784237634232 0.17872902750968933 6677
1784237634245 0.2297636717557907 6678
1784237634257 0.6575860977172852 6679
1784237634269 0.3350553512573242 6680
1784237634281 0.15023407340049744 6681
1784237634293 0.12608948349952698 6682
1784237634305 0.2550852298736572 6683
1784237634315 0.1843574196100235 6684
1784237634327 0.170026034116745 6685
1784237634338 0.21621708571910858 6686
1784237634350 0.46495476365089417 6687
1784237634361 0.2284422516822815 6688
1784237634370 0.19768287241458893 6689
1784237634382 0.1661251187324524 6690
1784237634393 0.41790732741355896 6691
1784237634404 0.20806778967380524 6692
1784237634416 0.204971045255661 6693
1784237634428 0.46052825450897217 6694
1784237634438 0.38949400186538696 6695
1784237634449 0.3637755811214447 6696
1784237634462 0.15065062046051025 6697
1784237634472 0.14582526683807373 6698
1784237634484 0.689769446849823 6699
1784237634496 0.3572724759578705 6700
1784237634507 0.26250213384628296 6701
1784237634518 0.22818492352962494 6702
1784237634531 0.9540423154830933 6703
1784237634544 0.12617366015911102 6704
1784237634556 0.4085969924926758 6705
1784237634569 0.8588030934333801 6706
1784237634581 0.3376804292201996 6707
1784237634593 0.23634634912014008 6708
1784237634604 0.3806966245174408 6709
1784237634616 0.4039158523082733 6710
1784237634628 0.16655461490154266 6711
1784237634641 0.2507217228412628 6712
1784237634652 0.3795787990093231 6713
1784237634664 0.7205182909965515 6714
1784237634676 0.7941586971282959 6715
1784237634687 0.07611426711082458 6716
1784237634699 0.20167529582977295 6717
1784237634711 0.16971604526042938 6718
1784237634723 0.17580175399780273 6719
1784237634735 0.35045725107192993 6720
1784237634747 0.11091525852680206 6721
1784237634759 0.39012929797172546 6722
1784237634771 0.6506410241127014 6723
1784237634782 0.18539801239967346 6724
1784237634794 0.27760523557662964 6725
1784237634805 0.32878589630126953 6726
1784237634816 0.09750034660100937 6727
1784237634829 0.6811261177062988 6728
1784237634841 0.19890739023685455 6729
1784237634852 0.14140941202640533 6730
1784237634866 0.5599586367607117 6731
1784237634877 0.7193630337715149 6732
1784237634890 0.22465471923351288 6733
1784237634901 0.31970348954200745 6734
1784237634914 0.26853176951408386 6735
1784237634926 0.32277777791023254 6736
1784237634939 0.2636444568634033 6737
1784237634951 0.3987763524055481 6738
1784237634963 0.4042731523513794 6739
1784237634976 0.27500438690185547 6740
1784237634991 0.17361217737197876 6741
1784237635006 0.28233271837234497 6742
1784237635021 0.19174648821353912 6743
1784237635035 0.24700698256492615 6744
1784237635050 0.12655624747276306 6745
1784237635064 0.2834399342536926 6746
1784237635077 0.5660905838012695 6747
1784237635091 0.31135663390159607 6748
1784237635103 0.5388599038124084 6749
1784237635115 0.19729790091514587 6750
1784237635127 0.1962219923734665 6751
1784237635141 0.13048425316810608 6752
1784237635154 0.1479099839925766 6753
1784237635167 0.7483019232749939 6754
1784237635179 0.11043819785118103 6755
1784237635191 0.12096260488033295 6756
1784237635203 0.19037209451198578 6757
1784237635216 0.3034588396549225 6758
1784237635228 0.5695784091949463 6759
1784237635241 0.08351324498653412 6760
1784237635252 0.37928465008735657 6761
1784237635265 0.33640938997268677 6762
1784237635277 0.5734951496124268 6763
1784237635288 0.6716211438179016 6764
1784237635303 0.5988339185714722 6765
1784237635317 0.3763774037361145 6766
1784237635331 0.4156779944896698 6767
1784237635344 0.15446384251117706 6768
1784237635356 0.1549288034439087 6769
1784237635368 0.3518849015235901 6770
1784237635380 0.5157443881034851 6771
1784237635393 0.1010676696896553 6772
1784237635405 0.23900200426578522 6773
1784237635419 0.3045642077922821 6774
1784237635431 0.4210917055606842 6775
1784237635444 0.20253166556358337 6776
1784237635456 0.060750458389520645 6777
1784237635469 0.4144185185432434 6778
1784237635481 0.2107732892036438 6779
1784237635494 0.49583539366722107 6780
1784237635505 0.22344915568828583 6781
1784237635517 0.1570773720741272 6782
1784237635529 0.04793228954076767 6783
1784237635541 0.36210304498672485 6784
1784237635553 0.5052021145820618 6785
1784237635565 0.8826041221618652 6786
1784237635578 0.04823306202888489 6787
1784237635589 0.13318559527397156 6788
1784237635601 0.5378531217575073 6789
1784237635612 0.2120538204908371 6790
1784237635624 0.10159923881292343 6791
1784237635643 0.10406780987977982 6792
1784237635654 0.241953507065773 6793
1784237635667 0.4320957064628601 6794
1784237635679 0.16146709024906158 6795
1784237635691 0.4769138991832733 6796
1784237635703 0.28557032346725464 6797
1784237635716 0.1260049194097519 6798
1784237635729 0.08756265044212341 6799
1784237635741 0.3046942949295044 6800
1784237635752 0.5707458853721619 6801
1784237635764 0.36255890130996704 6802
1784237635776 0.1991262435913086 6803
1784237635787 0.29447391629219055 6804
1784237635799 0.43956586718559265 6805
1784237635811 0.09895823150873184 6806
1784237635822 0.5495508313179016 6807
1784237635834 0.33744800090789795 6808
1784237635846 0.55584317445755 6809
1784237635858 0.2460048645734787 6810
1784237635871 0.12920255959033966 6811
1784237635884 0.11991772055625916 6812
1784237635898 0.15897579491138458 6813
1784237635909 0.40930119156837463 6814
1784237635922 0.16485586762428284 6815
1784237635935 0.2591950297355652 6816
1784237635949 0.27416694164276123 6817
1784237635962 0.17277319729328156 6818
1784237635975 0.3172927796840668 6819
1784237635987 0.1494504064321518 6820
1784237636000 0.4800272583961487 6821
1784237636014 0.34624284505844116 6822
1784237636027 0.5048190355300903 6823
1784237636040 0.27987200021743774 6824
1784237636053 1.0741304159164429 6825
1784237636066 0.4645903408527374 6826
1784237636078 0.28874778747558594 6827
1784237636091 0.16998359560966492 6828
1784237636104 0.12541654706001282 6829
1784237636116 0.8760368824005127 6830
1784237636129 0.15404251217842102 6831
1784237636141 0.21808740496635437 6832
1784237636154 0.2150312066078186 6833
1784237636167 0.5094349384307861 6834
1784237636179 0.11045966297388077 6835
1784237636191 0.23167364299297333 6836
1784237636203 0.24632248282432556 6837
1784237636217 0.18688790500164032 6838
1784237636230 0.4690973460674286 6839
1784237636243 0.29799386858940125 6840
1784237636254 0.33459481596946716 6841
1784237636267 0.32654038071632385 6842
1784237636280 0.21643805503845215 6843
1784237636293 0.20456579327583313 6844
1784237636307 0.28471696376800537 6845
1784237636320 0.4001711308956146 6846
1784237636334 0.3867377042770386 6847
1784237636348 0.39374738931655884 6848
1784237636361 0.39228469133377075 6849
1784237636372 0.1256532371044159 6850
1784237636384 0.07895238697528839 6851
1784237636396 0.3553156554698944 6852
1784237636407 0.11818219721317291 6853
1784237636419 0.35698580741882324 6854
1784237636432 0.10743966698646545 6855
1784237636443 0.3099634051322937 6856
1784237636454 0.7500690817832947 6857
1784237636467 0.19707047939300537 6858
1784237636479 0.25753188133239746 6859
1784237636491 0.2690991163253784 6860
1784237636502 0.145765021443367 6861
1784237636514 0.11141428351402283 6862
1784237636526 0.2654291093349457 6863
1784237636539 0.3633935749530792 6864
1784237636551 0.24551819264888763 6865
1784237636563 0.13259334862232208 6866
1784237636575 0.31337353587150574 6867
1784237636586 0.28753137588500977 6868
1784237636598 0.29018446803092957 6869
1784237636612 0.20681554079055786 6870
1784237636624 0.25689032673835754 6871
1784237636637 0.3388057053089142 6872
1784237636649 0.2961306571960449 6873
1784237636663 0.36365970969200134 6874
1784237636675 0.0691663846373558 6875
1784237636687 0.22571417689323425 6876
1784237636699 0.20872952044010162 6877
1784237636712 0.2712761461734772 6878
1784237636724 0.3758198022842407 6879
1784237636736 0.2341461479663849 6880
1784237636749 0.258619487285614 6881
1784237636761 0.34882932901382446 6882
1784237636774 0.5859424471855164 6883
1784237636785 0.16235442459583282 6884
1784237636797 0.3539973497390747 6885
1784237636809 0.3344281315803528 6886
1784237636820 0.2270401567220688 6887
1784237636832 0.30724239349365234 6888
1784237636844 0.19368188083171844 6889
1784237636856 0.19814752042293549 6890
1784237636869 0.13652843236923218 6891
1784237636881 0.38384032249450684 6892
1784237636894 0.3687250018119812 6893
1784237636905 0.5148565769195557 6894
1784237636917 0.24802398681640625 6895
1784237636930 0.1488233506679535 6896
1784237636942 0.5590631365776062 6897
1784237636953 0.2607809901237488 6898
1784237636966 0.4673723578453064 6899
1784237636978 0.7198442816734314 6900
1784237636990 0.3769615888595581 6901
1784237637002 0.12468449026346207 6902
1784237637015 0.36282601952552795 6903
1784237637026 0.13823825120925903 6904
1784237637038 0.21657544374465942 6905
1784237637050 0.15243269503116608 6906
1784237637062 0.5632876753807068 6907
1784237637074 0.06526743620634079 6908
1784237637086 0.27787452936172485 6909
1784237637099 0.19628511369228363 6910
1784237637111 0.08832848817110062 6911
1784237637123 0.28945642709732056 6912
1784237637135 0.5020827651023865 6913
1784237637149 0.42888492345809937 6914
1784237637161 0.1349107176065445 6915
1784237637173 0.3500911593437195 6916
1784237637185 0.07198689877986908 6917
1784237637199 0.18897730112075806 6918
1784237637213 0.32851189374923706 6919
1784237637229 0.16435180604457855 6920
1784237637243 0.5347034931182861 6921
1784237637256 0.28818726539611816 6922
1784237637271 0.19669987261295319 6923
1784237637283 0.2335672229528427 6924
1784237637297 0.15578168630599976 6925
1784237637309 0.3116615116596222 6926
1784237637321 0.7466679215431213 6927
1784237637335 0.5945300459861755 6928
1784237637348 0.08350697159767151 6929
1784237637360 0.37985044717788696 6930
1784237637372 0.5816203951835632 6931
1784237637384 0.16790303587913513 6932
1784237637398 0.14465342462062836 6933
1784237637410 0.3848862946033478 6934
1784237637421 0.3059859871864319 6935
1784237637434 0.2286914885044098 6936
1784237637446 0.10872838646173477 6937
1784237637459 0.23527555167675018 6938
1784237637471 0.09725379943847656 6939
1784237637483 0.34170255064964294 6940
1784237637495 0.06021638587117195 6941
1784237637507 0.42600634694099426 6942
1784237637517 0.3074968755245209 6943
1784237637528 0.3518162965774536 6944
1784237637540 0.4535585045814514 6945
1784237637553 0.20369426906108856 6946
1784237637566 0.513359010219574 6947
1784237637578 0.34403377771377563 6948
1784237637589 0.25406569242477417 6949
1784237637602 0.38512295484542847 6950
1784237637614 0.1769367903470993 6951
1784237637625 0.12752389907836914 6952
1784237637637 0.2185230851173401 6953
1784237637649 0.31169593334198 6954
1784237637662 0.3583420217037201 6955
1784237637673 0.30336183309555054 6956
1784237637683 0.10509172827005386 6957
1784237637694 0.38919711112976074 6958
1784237637706 0.40038612484931946 6959
1784237637719 0.3468645513057709 6960
1784237637730 0.11043135076761246 6961
1784237637741 0.1691613644361496 6962
1784237637751 0.07777031511068344 6963
1784237637762 0.31775397062301636 6964
1784237637774 0.22244542837142944 6965
1784237637786 0.13143222033977509 6966
1784237637798 0.24640235304832458 6967
1784237637811 0.4378372132778168 6968
1784237637822 0.13375750184059143 6969
1784237637834 0.3533037006855011 6970
1784237637845 0.4454112946987152 6971
1784237637857 0.3184717893600464 6972
1784237637870 0.49590498208999634 6973
1784237637883 0.3644748628139496 6974
1784237637895 0.2228708565235138 6975
1784237637908 0.2739884853363037 6976
1784237637919 0.3860500454902649 6977
1784237637931 0.6084293127059937 6978
1784237637943 0.45963627099990845 6979
1784237637955 0.1283666342496872 6980
1784237637966 0.6689717173576355 6981
1784237637978 0.09463813900947571 6982
1784237637987 0.3410619795322418 6983
1784237637998 0.32567861676216125 6984
1784237638010 0.3085721731185913 6985
1784237638022 0.15808448195457458 6986
1784237638035 0.2474624365568161 6987
1784237638048 0.04043878614902496 6988
1784237638061 0.27288979291915894 6989
1784237638072 0.1034969687461853 6990
1784237638082 0.2903670370578766 6991
1784237638094 0.22279492020606995 6992
1784237638105 0.5864806175231934 6993
1784237638118 0.18911966681480408 6994
1784237638129 0.0872708410024643 6995
1784237638142 0.09324961155653 6996
1784237638154 0.35204634070396423 6997
1784237638166 0.4178727865219116 6998
1784237638178 0.2810822129249573 6999
1784237638191 0.19552162289619446 7000
1784237638202 0.2191448211669922 7001
1784237638214 0.38556137681007385 7002
1784237638227 0.2348964363336563 7003
1784237638239 0.07704705744981766 7004
1784237638251 0.2563680112361908 7005
1784237638263 0.3478003442287445 7006
1784237638275 0.46082356572151184 7007
1784237638286 0.18686257302761078 7008
1784237638298 0.3162366449832916 7009
1784237638311 0.1549593210220337 7010
1784237638323 0.19467715919017792 7011
1784237638335 0.16904951632022858 7012
1784237638347 0.4333992004394531 7013
1784237638360 0.1415022611618042 7014
1784237638371 0.30048713088035583 7015
1784237638384 0.2859686017036438 7016
1784237638396 0.38611388206481934 7017
1784237638409 0.38780197501182556 7018
1784237638420 0.14531905949115753 7019
1784237638434 0.1386246681213379 7020
1784237638446 0.2570832371711731 7021
1784237638459 0.25686365365982056 7022
1784237638470 0.19829575717449188 7023
1784237638489 0.12294401973485947 7024
1784237638512 0.27182185649871826 7025
1784237638531 0.157502219080925 7026
1784237638551 0.11400465667247772 7027
1784237638568 0.31943565607070923 7028
1784237638585 0.3113345205783844 7029
1784237638597 0.0932282954454422 7030
1784237638610 0.5214264988899231 7031
1784237638631 0.35123372077941895 7032
1784237638644 0.22589167952537537 7033
1784237638656 0.3934394121170044 7034
1784237638669 0.15230415761470795 7035
1784237638680 0.17853601276874542 7036
1784237638692 0.1890985369682312 7037
1784237638704 0.5108322501182556 7038
1784237638715 0.132590189576149 7039
1784237638728 0.21632033586502075 7040
1784237638741 0.1699645072221756 7041
1784237638750 0.31997984647750854 7042
1784237638762 0.2599821984767914 7043
1784237638774 0.3040219247341156 7044
1784237638785 0.7401689887046814 7045
1784237638797 0.3627746105194092 7046
1784237638809 0.23333127796649933 7047
1784237638820 0.24912413954734802 7048
1784237638834 0.2674095928668976 7049
1784237638846 0.24935957789421082 7050
1784237638858 0.2397666573524475 7051
1784237638870 0.4145612120628357 7052
1784237638881 0.34634900093078613 7053
1784237638893 0.4254211187362671 7054
1784237638905 0.48728716373443604 7055
1784237638918 0.39921557903289795 7056
1784237638931 0.21059292554855347 7057
1784237638944 0.1676417589187622 7058
1784237638958 0.2929360568523407 7059
1784237638970 0.4085029363632202 7060
1784237638984 0.541630744934082 7061
1784237638995 0.13223418593406677 7062
1784237639010 0.1741398274898529 7063
1784237639023 0.2759735584259033 7064
1784237639037 0.6357852220535278 7065
1784237639050 0.2779596447944641 7066
1784237639064 0.38898012042045593 7067
1784237639076 0.326460599899292 7068
1784237639089 0.21094383299350739 7069
1784237639102 0.6329991817474365 7070
1784237639115 0.10162138938903809 7071
1784237639127 0.4227648377418518 7072
1784237639139 0.06681196391582489 7073
1784237639154 0.5212326049804688 7074
1784237639167 0.3098851442337036 7075
1784237639179 0.3147071599960327 7076
1784237639193 0.7068604230880737 7077
1784237639206 0.6114417314529419 7078
1784237639220 0.5053659677505493 7079
1784237639234 0.4964752495288849 7080
1784237639248 0.13174773752689362 7081
1784237639261 0.5392000079154968 7082
1784237639273 0.508148193359375 7083
1784237639286 0.20006217062473297 7084
1784237639299 0.1084509864449501 7085
1784237639312 0.7008082270622253 7086
1784237639326 0.18722692131996155 7087
1784237639338 0.41871482133865356 7088
1784237639351 0.1766941100358963 7089
1784237639365 0.190916046500206 7090
1784237639377 0.31490617990493774 7091
1784237639389 0.5485641956329346 7092
1784237639399 0.3037864863872528 7093
1784237639412 0.2133703976869583 7094
1784237639427 0.33358657360076904 7095
1784237639444 0.2984982132911682 7096
1784237639458 0.5755162835121155 7097
1784237639472 0.1487816423177719 7098
1784237639486 0.40460750460624695 7099
1784237639499 0.448508620262146 7100
1784237639513 0.2415875792503357 7101
1784237639526 0.24318832159042358 7102
1784237639538 0.23243264853954315 7103
1784237639550 0.2788378596305847 7104
1784237639563 0.40581652522087097 7105
1784237639576 0.21208049356937408 7106
1784237639587 0.3666481375694275 7107
1784237639600 0.3253849148750305 7108
1784237639613 0.12511609494686127 7109
1784237639625 0.2589991092681885 7110
1784237639637 0.22175244987010956 7111
1784237639648 0.1425476372241974 7112
1784237639660 0.4033932685852051 7113
1784237639671 0.11218515783548355 7114
1784237639682 0.6417075395584106 7115
1784237639693 0.47578155994415283 7116
1784237639706 0.3357810378074646 7117
1784237639716 0.2508784830570221 7118
1784237639727 0.16560080647468567 7119
1784237639737 0.26231008768081665 7120
1784237639747 0.48555535078048706 7121
1784237639760 0.15515625476837158 7122
1784237639771 0.33450108766555786 7123
1784237639783 0.3397713899612427 7124
1784237639795 0.6170288324356079 7125
1784237639808 0.27297958731651306 7126
1784237639819 0.09727079421281815 7127
1784237639831 0.22078926861286163 7128
1784237639843 0.11421830207109451 7129
1784237639853 0.29644855856895447 7130
1784237639863 0.3599824607372284 7131
1784237639873 0.44111254811286926 7132
1784237639884 0.18868495523929596 7133
1784237639895 0.3191789984703064 7134
1784237639907 0.25541555881500244 7135
1784237639918 0.25434786081314087 7136
1784237639930 0.15174590051174164 7137
1784237639943 0.4813201129436493 7138
1784237639953 0.4625723958015442 7139
1784237639965 0.2888029217720032 7140
1784237639977 0.359678715467453 7141
1784237639989 0.1209697350859642 7142
1784237640002 0.3841227889060974 7143
1784237640015 0.20365823805332184 7144
1784237640028 0.16690760850906372 7145
1784237640042 0.23672384023666382 7146
1784237640055 0.3569282591342926 7147
1784237640067 0.35960274934768677 7148
1784237640080 0.43047213554382324 7149
1784237640093 0.23625503480434418 7150
1784237640105 0.35225245356559753 7151
1784237640118 0.28377360105514526 7152
1784237640131 0.5688880085945129 7153
1784237640143 0.29951658844947815 7154
1784237640153 0.27877476811408997 7155
1784237640167 0.3603459298610687 7156
1784237640178 0.2551577091217041 7157
1784237640190 0.40999504923820496 7158
1784237640202 0.3103038966655731 7159
1784237640216 0.2985665500164032 7160
1784237640228 0.10565805435180664 7161
1784237640241 0.24181576073169708 7162
1784237640253 0.6758022904396057 7163
1784237640265 0.2397545576095581 7164
1784237640278 0.0756290927529335 7165
1784237640289 0.1356339454650879 7166
1784237640301 0.48968738317489624 7167
1784237640312 0.3161706030368805 7168
1784237640323 0.13896669447422028 7169
1784237640335 0.17292112112045288 7170
1784237640347 0.732827365398407 7171
1784237640360 0.5218048095703125 7172
1784237640372 0.3776557445526123 7173
1784237640383 0.42536577582359314 7174
1784237640394 0.23423320055007935 7175
1784237640406 0.3988247811794281 7176
1784237640419 0.6918076872825623 7177
1784237640431 0.35475242137908936 7178
1784237640443 0.522085964679718 7179
1784237640455 0.36538565158843994 7180
1784237640468 0.2896213233470917 7181
1784237640480 0.057406775653362274 7182
1784237640492 0.27255135774612427 7183
1784237640503 0.4504241347312927 7184
1784237640514 0.09794855862855911 7185
1784237640526 0.13971205055713654 7186
1784237640538 0.3138386905193329 7187
1784237640550 0.28519904613494873 7188
1784237640560 0.4782902002334595 7189
1784237640571 0.3696705102920532 7190
1784237640584 0.18343481421470642 7191
1784237640595 0.14895768463611603 7192
1784237640608 0.244024395942688 7193
1784237640635 0.09756935387849808 7194
1784237640648 0.22275277972221375 7195
1784237640661 0.3410429060459137 7196
1784237640672 0.19259123504161835 7197
1784237640684 0.10874659568071365 7198
1784237640697 0.47126880288124084 7199
1784237640711 0.3397984206676483 7200
1784237640725 0.5471121072769165 7201
1784237640737 0.11961746960878372 7202
1784237640751 0.19280552864074707 7203
1784237640763 0.16864706575870514 7204
1784237640777 0.170241579413414 7205
1784237640789 0.3073287010192871 7206
1784237640801 0.5740145444869995 7207
1784237640814 0.14937368035316467 7208
1784237640827 0.10079941898584366 7209
1784237640840 0.3672811686992645 7210
1784237640853 0.380034476518631 7211
1784237640865 0.40832895040512085 7212
1784237640879 0.15257638692855835 7213
1784237640893 0.1000637635588646 7214
1784237640907 0.16410541534423828 7215
1784237640919 0.41595688462257385 7216
1784237640933 0.5026525259017944 7217
1784237640948 0.4467584192752838 7218
1784237640961 0.258591890335083 7219
1784237640975 0.4586503803730011 7220
1784237640989 0.212490513920784 7221
1784237641002 0.28649377822875977 7222
1784237641017 0.18677516281604767 7223
1784237641028 0.19667556881904602 7224
1784237641041 0.293937623500824 7225
1784237641053 0.12788580358028412 7226
1784237641065 0.2993013858795166 7227
1784237641076 0.7860696911811829 7228
1784237641090 0.999729573726654 7229
1784237641103 0.4157443642616272 7230
1784237641117 0.3938450515270233 7231
1784237641130 0.31122657656669617 7232
1784237641146 0.38217002153396606 7233
1784237641160 0.14219316840171814 7234
1784237641173 0.14806294441223145 7235
1784237641187 0.24518005549907684 7236
1784237641201 0.6052332520484924 7237
1784237641216 0.2534135580062866 7238
1784237641230 0.2735288143157959 7239
1784237641244 0.5834393501281738 7240
1784237641258 0.09698748588562012 7241
1784237641270 0.3311993181705475 7242
1784237641283 0.1550920307636261 7243
1784237641295 0.17299915850162506 7244
1784237641310 0.4950019121170044 7245
1784237641324 0.44129523634910583 7246
1784237641337 0.34441959857940674 7247
1784237641350 0.1504741609096527 7248
1784237641363 0.4729062020778656 7249
1784237641377 0.11928578466176987 7250
1784237641389 0.4656406342983246 7251
1784237641400 0.4607609510421753 7252
1784237641410 0.3038904666900635 7253
1784237641424 0.41912364959716797 7254
1784237641434 0.16371583938598633 7255
1784237641446 0.37821725010871887 7256
1784237641459 0.35266903042793274 7257
1784237641472 0.48482266068458557 7258
1784237641484 0.17518994212150574 7259
1784237641497 0.5735455751419067 7260
1784237641511 0.451653391122818 7261
1784237641526 0.2359958291053772 7262
1784237641540 0.3171236515045166 7263
1784237641552 0.7198809385299683 7264
1784237641565 0.49969881772994995 7265
1784237641577 0.08131056278944016 7266
1784237641587 0.10255298763513565 7267
1784237641598 0.3014815151691437 7268
1784237641611 0.25255924463272095 7269
1784237641625 0.9223313927650452 7270
1784237641640 0.34070971608161926 7271
1784237641655 0.595780074596405 7272
1784237641671 0.24626070261001587 7273
1784237641685 0.37415027618408203 7274
1784237641699 0.38368523120880127 7275
1784237641714 0.4447780251502991 7276
1784237641730 0.5367264151573181 7277
1784237641744 0.2857096493244171 7278
1784237641757 0.40829750895500183 7279
1784237641770 0.18412944674491882 7280
1784237641782 0.4035256803035736 7281
1784237641796 0.5236523747444153 7282
1784237641809 0.3278343081474304 7283
1784237641819 0.3855142295360565 7284
1784237641831 0.07113441079854965 7285
1784237641847 0.5197709202766418 7286
1784237641861 0.3821529746055603 7287
1784237641876 0.5633800625801086 7288
1784237641890 0.1542784571647644 7289
1784237641902 0.24755039811134338 7290
1784237641914 0.14981645345687866 7291
1784237641928 0.4740389585494995 7292
1784237641941 0.3053978383541107 7293
1784237641953 0.28856709599494934 7294
1784237641967 0.2006286233663559 7295
1784237641981 0.19706812500953674 7296
1784237641995 0.4917339086532593 7297
1784237642008 0.309635728597641 7298
1784237642020 0.15213629603385925 7299
1784237642034 0.3933998942375183 7300
1784237642047 0.08472172170877457 7301
1784237642059 0.7572482228279114 7302
1784237642072 0.13883699476718903 7303
1784237642084 0.25028225779533386 7304
1784237642097 0.4662867486476898 7305
1784237642109 0.2468167543411255 7306
1784237642120 0.1794474720954895 7307
1784237642133 0.49482348561286926 7308
1784237642145 0.14577355980873108 7309
1784237642157 0.22721204161643982 7310
1784237642168 0.44990527629852295 7311
1784237642180 0.277972549200058 7312
1784237642191 0.24827396869659424 7313
1784237642203 0.19160161912441254 7314
1784237642217 0.24734899401664734 7315
1784237642230 0.2207373082637787 7316
1784237642244 0.5484086871147156 7317
1784237642256 0.16897951066493988 7318
1784237642269 0.1406746804714203 7319
1784237642281 0.4709392786026001 7320
1784237642294 0.21183431148529053 7321
1784237642307 0.5901086926460266 7322
1784237642318 0.16202396154403687 7323
1784237642329 0.19075839221477509 7324
1784237642343 0.16315734386444092 7325
1784237642355 0.3316313326358795 7326
1784237642368 0.386296808719635 7327
1784237642379 0.1751926988363266 7328
1784237642393 0.24871176481246948 7329
1784237642408 0.3795454502105713 7330
1784237642421 0.26287227869033813 7331
1784237642433 0.2139188051223755 7332
1784237642446 0.5303528904914856 7333
1784237642458 0.18370437622070312 7334
1784237642471 0.2046581506729126 7335
1784237642481 0.1041141226887703 7336
1784237642493 0.6825015544891357 7337
1784237642505 0.5420371294021606 7338
1784237642518 0.15005870163440704 7339
1784237642530 0.16027198731899261 7340
1784237642543 0.11127456277608871 7341
1784237642555 0.18495294451713562 7342
1784237642568 0.10595894604921341 7343
1784237642581 0.223202645778656 7344
1784237642592 0.5053341388702393 7345
1784237642604 0.2624813914299011 7346
1784237642617 0.1625394970178604 7347
1784237642629 0.2353159636259079 7348
1784237642642 0.8455338478088379 7349
1784237642654 0.26995399594306946 7350
1784237642667 0.43657156825065613 7351
1784237642680 0.2740993797779083 7352
1784237642693 0.7734965085983276 7353
1784237642706 0.18604803085327148 7354
1784237642718 0.3824880123138428 7355
1784237642731 0.2062496542930603 7356
1784237642742 0.3622635304927826 7357
1784237642753 0.870302677154541 7358
1784237642766 0.09786175191402435 7359
1784237642778 0.6199606657028198 7360
1784237642791 0.2375495284795761 7361
1784237642803 0.16499774158000946 7362
1784237642817 0.1766643077135086 7363
1784237642830 0.11532475054264069 7364
1784237642843 0.3037909269332886 7365
1784237642856 0.1344350427389145 7366
1784237642868 0.19529187679290771 7367
1784237642881 0.11282063275575638 7368
1784237642894 0.6775336861610413 7369
1784237642906 0.10678403824567795 7370
1784237642919 0.11602862924337387 7371
1784237642931 0.1873021125793457 7372
1784237642943 0.3386964499950409 7373
1784237642956 0.29294848442077637 7374
1784237642970 0.5757043361663818 7375
1784237642984 0.2963160276412964 7376
1784237642996 0.20010064542293549 7377
1784237643009 0.37365496158599854 7378
1784237643021 0.11958649754524231 7379
1784237643035 0.3822779059410095 7380
1784237643049 0.11186572164297104 7381
1784237643063 0.5579063892364502 7382
1784237643075 0.4379385709762573 7383
1784237643088 0.4191421568393707 7384
1784237643102 0.484091579914093 7385
1784237643116 0.6560495495796204 7386
1784237643127 0.04519486799836159 7387
1784237643138 0.4308539032936096 7388
1784237643153 0.26849764585494995 7389
1784237643165 0.3728976547718048 7390
1784237643178 0.21113160252571106 7391
1784237643191 0.19336329400539398 7392
1784237643202 0.36892902851104736 7393
1784237643215 0.28454136848449707 7394
1784237643227 0.38052135705947876 7395
1784237643241 0.3193727731704712 7396
1784237643253 0.827307939529419 7397
1784237643264 0.36246904730796814 7398
1784237643275 0.40544021129608154 7399
1784237643287 0.834570586681366 7400
1784237643299 0.2614002227783203 7401
1784237643311 0.19910894334316254 7402
1784237643324 0.22896145284175873 7403
1784237643334 0.19565846025943756 7404
1784237643346 0.19028285145759583 7405
1784237643359 0.19235509634017944 7406
1784237643373 0.3724490702152252 7407
1784237643385 0.5332546234130859 7408
1784237643398 0.257101833820343 7409
1784237643410 0.22843986749649048 7410
1784237643423 0.11522547900676727 7411
1784237643436 0.35666292905807495 7412
1784237643448 0.701920211315155 7413
1784237643461 0.271342009305954 7414
1784237643474 0.8927905559539795 7415
1784237643485 0.06600375473499298 7416
1784237643497 0.4274537265300751 7417
1784237643510 0.2997925579547882 7418
1784237643524 0.3190799653530121 7419
1784237643536 0.4918328523635864 7420
1784237643557 0.0933159738779068 7421
1784237643570 0.3561724126338959 7422
1784237643584 0.2575397491455078 7423
1784237643597 0.2357049137353897 7424
1784237643610 0.16550326347351074 7425
1784237643622 0.2654314935207367 7426
1784237643635 0.26211246848106384 7427
1784237643649 0.3882399797439575 7428
1784237643662 0.22276243567466736 7429
1784237643675 0.6307616829872131 7430
1784237643689 0.11105227470397949 7431
1784237643702 0.08575280010700226 7432
1784237643715 0.4741581976413727 7433
1784237643729 0.0784793496131897 7434
1784237643742 0.11324340105056763 7435
1784237643755 0.37752342224121094 7436
1784237643767 0.19346362352371216 7437
1784237643779 0.29230785369873047 7438
1784237643791 0.1871786266565323 7439
1784237643806 0.12368594855070114 7440
1784237643817 0.20983292162418365 7441
1784237643832 0.19958654046058655 7442
1784237643847 0.28079095482826233 7443
1784237643861 0.4182029962539673 7444
1784237643877 0.4996349811553955 7445
1784237643893 0.07759740948677063 7446
1784237643908 0.2605181038379669 7447
1784237643924 0.15142768621444702 7448
1784237643941 0.402800053358078 7449
1784237643953 0.09132962673902512 7450
1784237643967 0.6109083294868469 7451
1784237643980 0.17844370007514954 7452
1784237643993 0.4547688364982605 7453
1784237644006 0.30494463443756104 7454
1784237644020 0.4719552993774414 7455
1784237644035 0.7374584674835205 7456
1784237644051 0.15430766344070435 7457
1784237644067 0.4718029499053955 7458
1784237644084 0.18188245594501495 7459
1784237644098 0.5087552666664124 7460
1784237644113 0.05398522689938545 7461
1784237644127 0.16714639961719513 7462
1784237644145 0.28072741627693176 7463
1784237644160 0.19521373510360718 7464
1784237644174 0.2454376369714737 7465
1784237644187 0.410674512386322 7466
1784237644201 0.3013063073158264 7467
1784237644215 0.3480144143104553 7468
1784237644227 0.4978184700012207 7469
1784237644241 0.3541143536567688 7470
1784237644253 0.8659108877182007 7471
1784237644267 0.3460806906223297 7472
1784237644278 0.25926700234413147 7473
1784237644290 0.17175772786140442 7474
1784237644302 0.24896179139614105 7475
1784237644315 0.33525538444519043 7476
1784237644326 0.0708402767777443 7477
1784237644337 0.9155635237693787 7478
1784237644350 0.3608129620552063 7479
1784237644362 0.11281322687864304 7480
1784237644374 0.5520959496498108 7481
1784237644385 0.1476963609457016 7482
1784237644396 0.239056795835495 7483
1784237644410 0.5636866092681885 7484
1784237644421 0.2798517644405365 7485
1784237644433 0.4110657572746277 7486
1784237644444 0.13526369631290436 7487
1784237644456 0.0500141903758049 7488
1784237644468 0.35519683361053467 7489
1784237644479 0.41834962368011475 7490
1784237644492 0.5148158669471741 7491
1784237644505 0.29343265295028687 7492
1784237644517 0.13154080510139465 7493
1784237644529 0.34558039903640747 7494
1784237644542 0.25316035747528076 7495
1784237644554 0.074068583548069 7496
1784237644565 0.5001984238624573 7497
1784237644577 0.23253096640110016 7498
1784237644590 0.09046309441328049 7499
1784237645680 0.1964966058731079 7500
1784237645692 0.16417093575000763 7501
1784237645703 0.16526369750499725 7502
1784237645715 0.5049046874046326 7503
1784237645727 0.3621166944503784 7504
1784237645739 0.061615653336048126 7505
1784237645753 0.16226229071617126 7506
1784237645770 0.15393322706222534 7507
1784237645785 0.4680979549884796 7508
1784237645802 0.4182784855365753 7509
1784237645823 0.20764468610286713 7510
1784237645840 0.2806597352027893 7511
1784237645858 0.06539248675107956 7512
1784237645872 0.2087060958147049 7513
1784237645893 0.3443993031978607 7514
1784237645910 0.08744754642248154 7515
1784237645928 0.545282781124115 7516
1784237645944 0.3674176335334778 7517
1784237645962 0.5346091389656067 7518
1784237645977 0.2499118149280548 7519
1784237645997 0.25202518701553345 7520
1784237646014 0.6657789349555969 7521
1784237646027 0.41047918796539307 7522
1784237646043 0.1278662085533142 7523
1784237646056 0.3690144419670105 7524
1784237646070 0.054103970527648926 7525
1784237646086 0.3881462514400482 7526
1784237646104 0.541511058807373 7527
1784237646118 0.26412373781204224 7528
1784237646135 0.12048231065273285 7529
1784237646151 0.17867407202720642 7530
1784237646164 0.12103474885225296 7531
1784237646178 0.31665855646133423 7532
1784237646194 0.3313763737678528 7533
1784237646209 0.1645076423883438 7534
1784237646224 0.19769425690174103 7535
1784237646235 0.09284969419240952 7536
1784237646250 0.4321228265762329 7537
1784237646264 0.7398139238357544 7538
1784237646277 0.43344390392303467 7539
1784237646291 0.16861563920974731 7540
1784237646303 0.1783738136291504 7541
1784237646318 0.22584465146064758 7542
1784237646329 0.33075398206710815 7543
1784237646343 0.3661564290523529 7544
1784237646356 0.23616242408752441 7545
1784237646368 0.22958840429782867 7546
1784237646381 0.5258827805519104 7547
1784237646394 0.41259026527404785 7548
1784237646404 0.5279152393341064 7549
1784237646417 0.30054008960723877 7550
1784237646430 0.4290776252746582 7551
1784237646443 0.22367918491363525 7552
1784237646455 0.39902085065841675 7553
1784237646469 0.38156628608703613 7554
1784237646480 0.41264984011650085 7555
1784237646492 0.4860621690750122 7556
1784237646506 0.25994426012039185 7557
1784237646526 0.315298467874527 7558
1784237646539 0.14655055105686188 7559
1784237646551 0.252807080745697 7560
1784237646563 0.653517484664917 7561
1784237646575 0.3625301122665405 7562
1784237646587 0.12134477496147156 7563
1784237646600 0.13638955354690552 7564
1784237646613 0.28192663192749023 7565
1784237646626 0.5641791820526123 7566
1784237646639 0.14836519956588745 7567
1784237646651 0.3753741681575775 7568
1784237646663 0.36887606978416443 7569
1784237646675 0.24055905640125275 7570
1784237646686 0.2076515406370163 7571
1784237646699 0.0698256567120552 7572
1784237646712 0.16690774261951447 7573
1784237646725 0.2215077430009842 7574
1784237646740 0.24109762907028198 7575
1784237646753 0.5638523101806641 7576
1784237646764 0.25061535835266113 7577
1784237646776 0.12414135038852692 7578
1784237646789 0.2710166573524475 7579
1784237646802 0.3678331673145294 7580
1784237646816 0.09641149640083313 7581
1784237646828 0.1245557889342308 7582
1784237646842 0.23860758543014526 7583
1784237646857 0.13090571761131287 7584
1784237646869 0.40773335099220276 7585
1784237646882 0.08626492321491241 7586
1784237646898 0.2766967713832855 7587
1784237646912 0.2953011393547058 7588
1784237646923 0.4387461543083191 7589
1784237646936 0.11589555442333221 7590
1784237646950 0.16819272935390472 7591
1784237646963 0.39442235231399536 7592
1784237646976 0.4725410044193268 7593
1784237646991 0.5711215138435364 7594
1784237647005 0.23949205875396729 7595
1784237647020 0.5977751016616821 7596
1784237647034 0.3978276252746582 7597
1784237647046 0.18817834556102753 7598
1784237647058 0.13188517093658447 7599
1784237647071 0.3609428107738495 7600
1784237647085 0.3049011528491974 7601
1784237647099 0.5774016380310059 7602
1784237647114 0.41904938220977783 7603
1784237647127 0.5011692047119141 7604
1784237647141 0.17438466846942902 7605
1784237647156 0.15576499700546265 7606
1784237647169 0.11017832159996033 7607
1784237647183 0.21363919973373413 7608
1784237647198 0.15270893275737762 7609
1784237647212 0.14704711735248566 7610
1784237647226 0.3503480553627014 7611
1784237647240 0.6020320653915405 7612
1784237647254 0.36881721019744873 7613
1784237647267 0.37571752071380615 7614
1784237647280 0.30850765109062195 7615
1784237647294 0.719467282295227 7616
1784237647307 0.43480440974235535 7617
1784237647320 0.1948269158601761 7618
1784237647334 0.08157003670930862 7619
1784237647349 0.24923601746559143 7620
1784237647362 0.1930476725101471 7621
1784237647375 0.10083405673503876 7622
1784237647386 0.07994569092988968 7623
1784237647398 0.19140306115150452 7624
1784237647411 0.27893954515457153 7625
1784237647423 0.1822671890258789 7626
1784237647435 0.2727104127407074 7627
1784237647448 0.22205312550067902 7628
1784237647461 0.1885177493095398 7629
1784237647473 0.1404007375240326 7630
1784237647486 0.13862335681915283 7631
1784237647501 0.22376035153865814 7632
1784237647515 0.17394308745861053 7633
1784237647528 0.7523584365844727 7634
1784237647541 0.11000897735357285 7635
1784237647553 0.31672507524490356 7636
1784237647566 0.3536494970321655 7637
1784237647578 0.26274871826171875 7638
1784237647592 0.7490268349647522 7639
1784237647603 0.2764570415019989 7640
1784237647616 0.13069503009319305 7641
1784237647628 0.276123046875 7642
1784237647642 0.13513772189617157 7643
1784237647654 0.2867562174797058 7644
1784237647665 0.13528205454349518 7645
1784237647676 0.3848896324634552 7646
1784237647687 0.2570272982120514 7647
1784237647698 0.2206052839756012 7648
1784237647712 0.0825863853096962 7649
1784237647725 0.3894459009170532 7650
1784237647738 0.4901168644428253 7651
1784237647750 0.7587642669677734 7652
1784237647764 0.2962270677089691 7653
1784237647777 0.30836448073387146 7654
1784237647790 0.4547671377658844 7655
1784237647801 0.26310300827026367 7656
1784237647812 0.27324119210243225 7657
1784237647824 0.1224004328250885 7658
1784237647837 0.21572370827198029 7659
1784237647848 0.21435070037841797 7660
1784237647861 0.18049056828022003 7661
1784237647874 0.2769708037376404 7662
1784237647886 0.4609300196170807 7663
1784237647900 0.2437218576669693 7664
1784237647913 0.2587311267852783 7665
1784237647926 0.6510467529296875 7666
1784237647938 0.34948602318763733 7667
1784237647952 0.09222907572984695 7668
1784237647964 0.05457059293985367 7669
1784237647977 0.37516456842422485 7670
1784237647988 0.4411623775959015 7671
1784237648000 0.2929414212703705 7672
1784237648013 0.2985435724258423 7673
1784237648026 0.3292391896247864 7674
1784237648037 0.29067519307136536 7675
1784237648050 0.23653361201286316 7676
1784237648063 0.2614426016807556 7677
1784237648077 0.3859027028083801 7678
1784237648090 0.3102695047855377 7679
1784237648102 0.3273150622844696 7680
1784237648114 0.2726210951805115 7681
1784237648128 0.19049812853336334 7682
1784237648142 0.21354496479034424 7683
1784237648153 0.25861841440200806 7684
1784237648165 0.4135150909423828 7685
1784237648178 0.3693375885486603 7686
1784237648191 0.3122132420539856 7687
1784237648203 0.3519207239151001 7688
1784237648214 0.16239769756793976 7689
1784237648226 0.10492854565382004 7690
1784237648236 0.24626067280769348 7691
1784237648250 0.20703919231891632 7692
1784237648263 0.2938559055328369 7693
1784237648274 0.21356402337551117 7694
1784237648287 0.2317809909582138 7695
1784237648299 0.16325455904006958 7696
1784237648311 0.136189803481102 7697
1784237648325 0.27663132548332214 7698
1784237648341 0.16840940713882446 7699
1784237648358 0.16190209984779358 7700
1784237648375 0.20902074873447418 7701
1784237648390 0.1468321681022644 7702
1784237648406 0.22203290462493896 7703
1784237648422 0.3414749801158905 7704
1784237648443 0.28240060806274414 7705
1784237648457 0.0798444151878357 7706
1784237648469 0.16653616726398468 7707
1784237648481 0.5102361440658569 7708
1784237648497 0.31322360038757324 7709
1784237648534 0.16891197860240936 7710
1784237648550 0.26323825120925903 7711
1784237648567 0.5743265151977539 7712
1784237648583 0.4655468463897705 7713
1784237648598 0.32907941937446594 7714
1784237648611 0.37844571471214294 7715
1784237648626 0.336277574300766 7716
1784237648641 0.4432920515537262 7717
1784237648655 0.32204294204711914 7718
1784237648672 0.08901934325695038 7719
1784237648684 0.23899106681346893 7720
1784237648696 0.37295159697532654 7721
1784237648707 0.18639172613620758 7722
1784237648719 0.21619060635566711 7723
1784237648734 0.22050829231739044 7724
1784237648749 0.28360193967819214 7725
1784237648788 0.2184680998325348 7726
1784237648844 0.12742455303668976 7727
1784237648872 0.26497137546539307 7728
1784237648886 0.3077171742916107 7729
1784237648900 0.05518292635679245 7730
1784237648914 0.1848386973142624 7731
1784237648929 0.27581578493118286 7732
1784237648943 0.24928992986679077 7733
1784237648957 0.16074909269809723 7734
1784237648971 0.2523062825202942 7735
1784237648985 0.38443100452423096 7736
1784237649001 0.15173351764678955 7737
1784237649016 0.19889597594738007 7738
1784237649029 0.21141064167022705 7739
1784237649042 0.2299148440361023 7740
1784237649055 0.3768497705459595 7741
1784237649066 0.377174437046051 7742
1784237649080 0.3403177261352539 7743
1784237649092 0.40689897537231445 7744
1784237649106 0.633064329624176 7745
1784237649117 0.11150190234184265 7746
1784237649129 0.31876105070114136 7747
1784237649142 0.13989192247390747 7748
1784237649155 0.12145543843507767 7749
1784237649168 0.4310375452041626 7750
1784237649181 0.23541468381881714 7751
1784237649194 0.6463262438774109 7752
1784237649208 0.18712423741817474 7753
1784237649222 0.8195489048957825 7754
1784237649234 0.13881313800811768 7755
1784237649247 0.17964957654476166 7756
1784237649260 0.041489481925964355 7757
1784237649275 0.24511508643627167 7758
1784237649285 0.2446773648262024 7759
1784237649296 0.34935951232910156 7760
1784237649309 0.3006771206855774 7761
1784237649321 0.321999192237854 7762
1784237649334 0.08357573300600052 7763
1784237649346 0.2119198441505432 7764
1784237649357 0.4924159049987793 7765
1784237649370 0.5164340138435364 7766
1784237649383 0.301026850938797 7767
1784237649395 0.06626000255346298 7768
1784237649406 0.12582755088806152 7769
1784237649415 0.17060643434524536 7770
1784237649427 0.4799079895019531 7771
1784237649439 0.08132868260145187 7772
1784237649449 0.13234251737594604 7773
1784237649460 0.6000868082046509 7774
1784237649469 0.43467873334884644 7775
1784237649481 0.15970924496650696 7776
1784237649495 0.1375104784965515 7777
1784237649507 0.36906278133392334 7778
1784237649519 0.22871407866477966 7779
1784237649532 0.10269095748662949 7780
1784237649544 0.1974954605102539 7781
1784237649556 0.5268860459327698 7782
1784237649568 0.25735118985176086 7783
1784237649579 0.5864138603210449 7784
1784237649590 0.24270610511302948 7785
1784237649601 0.2357686460018158 7786
1784237649614 0.17988407611846924 7787
1784237649625 0.1641237884759903 7788
1784237649635 0.2596059739589691 7789
1784237649646 0.3615885376930237 7790
1784237649658 0.06417828798294067 7791
1784237649669 0.19501741230487823 7792
1784237649682 0.42612552642822266 7793
1784237649694 0.4028782546520233 7794
1784237649705 0.2806655466556549 7795
1784237649717 0.5521984696388245 7796
1784237649731 0.37257635593414307 7797
1784237649742 0.14861741662025452 7798
1784237649753 0.2370237112045288 7799
1784237649764 0.27313941717147827 7800
1784237649777 0.2182837873697281 7801
1784237649789 0.7309576869010925 7802
1784237649801 0.6045655608177185 7803
1784237649813 0.5310665369033813 7804
1784237649826 0.2953983545303345 7805
1784237649838 0.2081364393234253 7806
1784237649850 0.48151126503944397 7807
1784237649861 0.5919892191886902 7808
1784237649873 0.3003922700881958 7809
1784237649884 0.17352570593357086 7810
1784237649897 0.3163372576236725 7811
1784237649909 0.2147369086742401 7812
1784237649922 0.5760277509689331 7813
1784237649933 0.2705737352371216 7814
1784237649946 0.2605428397655487 7815
1784237649957 0.5760329961776733 7816
1784237649974 0.10514433681964874 7817
1784237649984 0.2725426256656647 7818
1784237649995 0.12621507048606873 7819
1784237650006 0.2939099669456482 7820
1784237650018 0.17693226039409637 7821
1784237650031 0.2351284772157669 7822
1784237650042 0.17378707230091095 7823
1784237650052 0.2511797845363617 7824
1784237650064 0.2865692675113678 7825
1784237650076 0.11540555953979492 7826
1784237650089 0.31687602400779724 7827
1784237650100 0.1612977683544159 7828
1784237650113 0.3292662501335144 7829
1784237650125 0.44199037551879883 7830
1784237650137 0.6073739528656006 7831
1784237650149 0.2788509428501129 7832
1784237650161 0.3729775547981262 7833
1784237650173 0.3268192410469055 7834
1784237650184 0.5471290946006775 7835
1784237650196 0.12400787323713303 7836
1784237650208 0.23140224814414978 7837
1784237650220 0.35920196771621704 7838
1784237650232 0.0889694094657898 7839
1784237650245 0.3503503203392029 7840
1784237650257 0.13186563551425934 7841
1784237650268 0.1516568809747696 7842
1784237650281 0.112147256731987 7843
1784237650293 0.23604874312877655 7844
1784237650304 0.29078882932662964 7845
1784237650315 0.3750787079334259 7846
1784237650328 0.20381367206573486 7847
1784237650341 0.2842633128166199 7848
1784237650352 0.37109869718551636 7849
1784237650362 0.4492059051990509 7850
1784237650373 0.16824248433113098 7851
1784237650383 0.08576702326536179 7852
1784237650394 0.15906758606433868 7853
1784237650407 0.2910464406013489 7854
1784237650418 0.08100324869155884 7855
1784237650431 0.513362467288971 7856
1784237650443 0.251557856798172 7857
1784237650455 0.1515471190214157 7858
1784237650466 0.22119107842445374 7859
1784237650478 0.26863420009613037 7860
1784237650490 0.12094584107398987 7861
1784237650501 0.07523688673973083 7862
1784237650514 0.20379742980003357 7863
1784237650525 0.558367908000946 7864
1784237650535 0.20470917224884033 7865
1784237650548 0.7367055416107178 7866
1784237650561 0.7190477252006531 7867
1784237650573 0.10386227816343307 7868
1784237650588 0.31362172961235046 7869
1784237650602 0.1974763572216034 7870
1784237650616 0.3244818449020386 7871
1784237650627 0.33352184295654297 7872
1784237650642 0.22112500667572021 7873
1784237650656 0.4055255651473999 7874
1784237650669 0.6380452513694763 7875
1784237650683 0.16650843620300293 7876
1784237650695 0.4390828013420105 7877
1784237650708 0.4951413869857788 7878
1784237650719 0.27490925788879395 7879
1784237650731 0.25341886281967163 7880
1784237650744 0.41613349318504333 7881
1784237650757 0.26117846369743347 7882
1784237650766 0.4091648757457733 7883
1784237650777 0.3952192962169647 7884
1784237650790 0.19282881915569305 7885
1784237650801 0.17822322249412537 7886
1784237650814 0.5223553776741028 7887
1784237650825 0.08813861012458801 7888
1784237650835 0.12928371131420135 7889
1784237650848 0.15186049044132233 7890
1784237650860 0.09334949404001236 7891
1784237650872 0.15279865264892578 7892
1784237650885 0.151437908411026 7893
1784237650897 0.19588832557201385 7894
1784237650909 0.12707391381263733 7895
1784237650921 0.0874684527516365 7896
1784237650933 0.51747727394104 7897
1784237650945 0.3087500035762787 7898
1784237650956 0.08726586401462555 7899
1784237650968 0.242957204580307 7900
1784237650981 0.11317939311265945 7901
1784237650993 0.11584894359111786 7902
1784237651006 0.11903247982263565 7903
1784237651017 0.4435790181159973 7904
1784237651028 0.17413702607154846 7905
1784237651038 0.5149737000465393 7906
1784237651048 0.3442921042442322 7907
1784237651060 0.5565623641014099 7908
1784237651072 0.2006664127111435 7909
1784237651083 0.4136611223220825 7910
1784237651095 0.5396215915679932 7911
1784237651108 0.31442248821258545 7912
1784237651119 0.4528358578681946 7913
1784237651129 0.10076793283224106 7914
1784237651140 0.32218480110168457 7915
1784237651151 0.11915476620197296 7916
1784237651163 0.24888402223587036 7917
1784237651175 0.15386728942394257 7918
1784237651187 0.0871417447924614 7919
1784237651198 0.3417980968952179 7920
1784237651209 0.07656131684780121 7921
1784237651218 0.07558020204305649 7922
1784237651231 0.31016433238983154 7923
1784237651242 0.25410008430480957 7924
1784237651253 0.16767506301403046 7925
1784237651265 0.23602181673049927 7926
1784237651277 0.19194179773330688 7927
1784237651286 0.1556183248758316 7928
1784237651299 0.3965347111225128 7929
1784237651311 0.021675411611795425 7930
1784237651322 0.4758651852607727 7931
1784237651334 0.3361247777938843 7932
1784237651345 0.12014898657798767 7933
1784237651357 0.17005571722984314 7934
1784237651368 0.37952685356140137 7935
1784237651380 0.3881208896636963 7936
1784237651392 0.3245461881160736 7937
1784237651402 0.11794950067996979 7938
1784237651415 0.3886373043060303 7939
1784237651428 0.09260525554418564 7940
1784237651441 0.15053130686283112 7941
1784237651454 0.21710555255413055 7942
1784237651467 0.6593980193138123 7943
1784237651478 0.19925843179225922 7944
1784237651489 0.48237693309783936 7945
1784237651501 0.2890239953994751 7946
1784237651518 0.28523069620132446 7947
1784237651530 0.22026221454143524 7948
1784237651540 0.2975116968154907 7949
1784237651550 0.14925222098827362 7950
1784237651561 0.18545670807361603 7951
1784237651573 0.37482744455337524 7952
1784237651583 0.3495141267776489 7953
1784237651595 0.2794457674026489 7954
1784237651607 0.23717358708381653 7955
1784237651619 0.2605665624141693 7956
1784237651632 0.07085886597633362 7957
1784237651646 0.36444661021232605 7958
1784237651657 0.5602497458457947 7959
1784237651669 0.16637861728668213 7960
1784237651681 0.4301517903804779 7961
1784237651693 0.1799096167087555 7962
1784237651705 0.36015069484710693 7963
1784237651716 0.22396893799304962 7964
1784237651728 0.21143755316734314 7965
1784237651739 0.044029541313648224 7966
1784237651752 0.20596535503864288 7967
1784237651763 0.3203839659690857 7968
1784237651774 0.3050864338874817 7969
1784237651785 0.3124401867389679 7970
1784237651797 0.32720521092414856 7971
1784237651809 0.2719466984272003 7972
1784237651822 0.394943505525589 7973
1784237651836 0.2340373396873474 7974
1784237651850 0.2123372107744217 7975
1784237651862 0.2844913601875305 7976
1784237651875 0.22443929314613342 7977
1784237651888 0.03250841423869133 7978
1784237651901 0.5479118227958679 7979
1784237651914 0.2800527513027191 7980
1784237651927 0.0990917906165123 7981
1784237651939 0.03975280374288559 7982
1784237651951 0.08543195575475693 7983
1784237651964 0.19725170731544495 7984
1784237651979 0.029999811202287674 7985
1784237651992 0.1822752207517624 7986
1784237652005 0.2688431143760681 7987
1784237652017 0.384042888879776 7988
1784237652030 0.1542767584323883 7989
1784237652043 0.47365784645080566 7990
1784237652055 0.3163013458251953 7991
1784237652068 0.09628872573375702 7992
1784237652081 0.39461639523506165 7993
1784237652093 0.28287604451179504 7994
1784237652104 0.8906936049461365 7995
1784237652116 0.5945350527763367 7996
1784237652130 0.19689273834228516 7997
1784237652143 0.49629080295562744 7998
1784237652155 0.19548867642879486 7999
1784237652167 0.10000380128622055 8000
1784237652181 0.2799329459667206 8001
1784237652194 0.39076778292655945 8002
1784237652206 0.7395833134651184 8003
1784237652216 0.5011449456214905 8004
1784237652229 0.21434395015239716 8005
1784237652241 0.3095661401748657 8006
1784237652253 0.5640815496444702 8007
1784237652264 0.4765171706676483 8008
1784237652276 0.21165762841701508 8009
1784237652287 0.35014891624450684 8010
1784237652300 0.16232755780220032 8011
1784237652312 0.2454165369272232 8012
1784237652324 0.35117003321647644 8013
1784237652335 0.15169952809810638 8014
1784237652347 0.364625483751297 8015
1784237652360 0.5298883318901062 8016
1784237652371 0.3788253664970398 8017
1784237652384 0.698232114315033 8018
1784237652396 0.6166127324104309 8019
1784237652409 0.348060667514801 8020
1784237652421 0.15571102499961853 8021
1784237652432 0.1839011311531067 8022
1784237652445 0.14557448029518127 8023
1784237652457 0.2854863405227661 8024
1784237652469 0.34232643246650696 8025
1784237652480 0.11235673725605011 8026
1784237652492 0.16181690990924835 8027
1784237652504 0.23835252225399017 8028
1784237652516 0.18499144911766052 8029
1784237652528 0.3437594473361969 8030
1784237652540 0.28650549054145813 8031
1784237652551 0.4472329914569855 8032
1784237652564 0.6772552132606506 8033
1784237652576 0.24555982649326324 8034
1784237652589 0.3136765956878662 8035
1784237652600 0.3372930586338043 8036
1784237652612 0.1716156303882599 8037
1784237652622 0.33839282393455505 8038
1784237652633 0.07323478907346725 8039
1784237652645 0.25230273604393005 8040
1784237652657 0.8496006727218628 8041
1784237652672 0.16406384110450745 8042
1784237652682 0.2828235924243927 8043
1784237652693 0.29645586013793945 8044
1784237652705 0.27869805693626404 8045
1784237652717 0.22678694128990173 8046
1784237652730 0.09799518436193466 8047
1784237652742 0.13299143314361572 8048
1784237652754 0.125917449593544 8049
1784237652765 0.17449328303337097 8050
1784237652777 0.19432894885540009 8051
1784237652789 0.07604663819074631 8052
1784237652802 0.3731389343738556 8053
1784237652817 0.1256672739982605 8054
1784237652831 0.16860425472259521 8055
1784237652845 0.2889680862426758 8056
1784237652857 0.7047145366668701 8057
1784237652873 0.6233565807342529 8058
1784237652885 0.4375278651714325 8059
1784237652897 0.4789722263813019 8060
1784237652910 0.49214914441108704 8061
1784237652923 0.2893258035182953 8062
1784237652934 0.4238797426223755 8063
1784237652947 0.14664821326732635 8064
1784237652960 0.22134844958782196 8065
1784237652972 0.07709449529647827 8066
1784237652983 0.22230073809623718 8067
1784237652996 0.09611716121435165 8068
1784237653008 0.3146857023239136 8069
1784237653021 0.5647380352020264 8070
1784237653032 0.5431274175643921 8071
1784237653044 0.21040382981300354 8072
1784237653055 0.2516750395298004 8073
1784237653067 0.3227071464061737 8074
1784237653079 0.41327792406082153 8075
1784237653091 0.4210319221019745 8076
1784237653100 0.1622461974620819 8077
1784237653113 0.47382882237434387 8078
1784237653124 0.32692500948905945 8079
1784237653136 0.15282602608203888 8080
1784237653149 0.2515960931777954 8081
1784237653159 0.1882714033126831 8082
1784237653172 0.12500175833702087 8083
1784237653182 0.2861871123313904 8084
1784237653194 0.46146947145462036 8085
1784237653207 0.42060235142707825 8086
1784237653218 0.3155820667743683 8087
1784237653230 0.3273417353630066 8088
1784237653242 0.36107292771339417 8089
1784237653255 0.173465758562088 8090
1784237653266 0.34461888670921326 8091
1784237653279 0.14669737219810486 8092
1784237653291 0.599047064781189 8093
1784237653304 0.1428210288286209 8094
1784237653315 0.3363201916217804 8095
1784237653327 0.2009456604719162 8096
1784237653339 0.2534879744052887 8097
1784237653352 0.3010234832763672 8098
1784237653363 0.26564833521842957 8099
1784237653375 0.13009770214557648 8100
1784237653388 0.3750803470611572 8101
1784237653399 0.1625899225473404 8102
1784237653411 0.18259842693805695 8103
1784237653422 0.21966363489627838 8104
1784237653433 0.21817857027053833 8105
1784237653446 0.4293965995311737 8106
1784237653459 0.32737767696380615 8107
1784237653471 0.7279622554779053 8108
1784237653483 0.2020275890827179 8109
1784237653494 0.5481094121932983 8110
1784237653506 0.5082835555076599 8111
1784237653517 0.1806950867176056 8112
1784237653529 0.22681696712970734 8113
1784237653541 0.22639012336730957 8114
1784237653552 0.4499454200267792 8115
1784237653562 0.09615781158208847 8116
1784237653575 0.12764255702495575 8117
1784237653587 0.33604058623313904 8118
1784237653601 0.16715645790100098 8119
1784237653613 0.25957828760147095 8120
1784237653626 0.14559854567050934 8121
1784237653637 0.3538053035736084 8122
1784237653649 0.1288927048444748 8123
1784237653661 0.3201308250427246 8124
1784237653674 0.1403988003730774 8125
1784237653686 0.4805263578891754 8126
1784237653698 0.28771328926086426 8127
1784237653710 0.19339153170585632 8128
1784237653725 0.4404952824115753 8129
1784237653739 0.33092641830444336 8130
1784237653752 0.4345795512199402 8131
1784237653765 0.13016797602176666 8132
1784237653778 0.5167474150657654 8133
1784237653789 0.37907811999320984 8134
1784237653801 0.2869991362094879 8135
1784237653814 0.1554907113313675 8136
1784237653827 0.15544675290584564 8137
1784237653841 0.16324549913406372 8138
1784237653853 0.19067923724651337 8139
1784237653866 0.19544541835784912 8140
1784237653879 0.17859560251235962 8141
1784237653892 0.17621609568595886 8142
1784237653905 0.3291182219982147 8143
1784237653917 0.4407925009727478 8144
1784237653928 0.2064630389213562 8145
1784237653942 0.6358101963996887 8146
1784237653953 0.1437968760728836 8147
1784237653964 0.47605812549591064 8148
1784237653976 0.13664287328720093 8149
1784237653990 0.41125524044036865 8150
1784237654002 0.3743461072444916 8151
1784237654013 0.16582942008972168 8152
1784237654026 0.3190571963787079 8153
1784237654037 0.4969073534011841 8154
1784237654049 0.39368754625320435 8155
1784237654063 0.1595979928970337 8156
1784237654076 0.2695258855819702 8157
1784237654090 0.3081743121147156 8158
1784237654102 0.20930691063404083 8159
1784237654114 0.19973516464233398 8160
1784237654126 0.34461843967437744 8161
1784237654138 0.5442797541618347 8162
1784237654152 0.23780015110969543 8163
1784237654163 0.2185221165418625 8164
1784237654176 0.29806792736053467 8165
1784237654189 0.4706268906593323 8166
1784237654199 0.04080488905310631 8167
1784237654210 0.21789111196994781 8168
1784237654222 0.18779441714286804 8169
1784237654233 0.31510069966316223 8170
1784237654244 0.29274770617485046 8171
1784237654256 0.31001970171928406 8172
1784237654268 0.2572714388370514 8173
1784237654280 0.12551450729370117 8174
1784237654293 0.4105101227760315 8175
1784237654306 0.8025186061859131 8176
1784237654316 0.2602243423461914 8177
1784237654329 0.2634505033493042 8178
1784237654340 0.3852381110191345 8179
1784237654352 0.1092599406838417 8180
1784237654364 0.2616390287876129 8181
1784237654377 0.3154962956905365 8182
1784237654387 0.3104762136936188 8183
1784237654400 0.9910418391227722 8184
1784237654412 0.10482313483953476 8185
1784237654424 0.339788019657135 8186
1784237654433 0.14905625581741333 8187
1784237654444 0.16687628626823425 8188
1784237654462 0.3244660794734955 8189
1784237654476 0.9377622604370117 8190
1784237654488 0.4259825348854065 8191
1784237654499 0.2108144760131836 8192
1784237654512 0.34272146224975586 8193
1784237654523 0.239533469080925 8194
1784237654533 0.49636006355285645 8195
1784237654545 0.2366204857826233 8196
1784237654557 0.2561626732349396 8197
1784237654569 0.2836894690990448 8198
1784237654581 0.20957398414611816 8199
1784237654594 0.08005816489458084 8200
1784237654605 0.32673653960227966 8201
1784237654617 0.1555858552455902 8202
1784237654630 0.1829218566417694 8203
1784237654642 0.446600079536438 8204
1784237654655 0.1291855275630951 8205
1784237654667 0.253484845161438 8206
1784237654679 0.5315627455711365 8207
1784237654691 0.4287233054637909 8208
1784237654705 0.15065623819828033 8209
1784237654716 0.3556525707244873 8210
1784237654730 0.33838433027267456 8211
1784237654743 0.06934931129217148 8212
1784237654759 0.8249391913414001 8213
1784237654773 0.42628830671310425 8214
1784237654787 0.1428900808095932 8215
1784237654800 0.9194381237030029 8216
1784237654814 0.13040807843208313 8217
1784237654828 0.17569372057914734 8218
1784237654839 0.18581408262252808 8219
1784237654853 0.3313368856906891 8220
1784237654867 0.3693090081214905 8221
1784237654882 0.7356252670288086 8222
1784237654897 0.20488612353801727 8223
1784237654911 0.41473525762557983 8224
1784237654927 0.3574995696544647 8225
1784237654942 0.1529325544834137 8226
1784237654957 0.3491739332675934 8227
1784237654973 0.5382013916969299 8228
1784237654989 0.20172378420829773 8229
1784237655004 0.17218860983848572 8230
1784237655021 0.4641568064689636 8231
1784237655038 0.06007349491119385 8232
1784237655054 0.4532925486564636 8233
1784237655072 0.21606385707855225 8234
1784237655089 0.2912643551826477 8235
1784237655108 0.29560449719429016 8236
1784237655121 0.5785831212997437 8237
1784237655135 0.22277063131332397 8238
1784237655149 0.21179452538490295 8239
1784237655162 0.18977001309394836 8240
1784237655178 0.5802448987960815 8241
1784237655192 0.41256168484687805 8242
1784237655208 0.7170292139053345 8243
1784237655223 0.12120810896158218 8244
1784237655237 0.33673837780952454 8245
1784237655250 0.24482882022857666 8246
1784237655265 0.21554584801197052 8247
1784237655278 0.4533296823501587 8248
1784237655291 0.08976396173238754 8249
1784237655305 0.2609729468822479 8250
1784237655317 0.41459983587265015 8251
1784237655330 0.35957884788513184 8252
1784237655344 0.32704439759254456 8253
1784237655359 0.10969312489032745 8254
1784237655372 0.27697303891181946 8255
1784237655383 0.3356056213378906 8256
1784237655397 0.15294820070266724 8257
1784237655410 0.15520550310611725 8258
1784237655422 0.2196730077266693 8259
1784237655435 0.3761415481567383 8260
1784237655445 0.34502744674682617 8261
1784237655457 0.3030011057853699 8262
1784237655469 0.1318630576133728 8263
1784237655482 0.3039989471435547 8264
1784237655495 0.19202210009098053 8265
1784237655507 0.09768549352884293 8266
1784237655518 0.08505485206842422 8267
1784237655531 0.22331421077251434 8268
1784237655542 0.509934663772583 8269
1784237655554 0.24833807349205017 8270
1784237655565 0.1662275493144989 8271
1784237655578 0.253897488117218 8272
1784237655590 0.14039243757724762 8273
1784237655602 0.9146840572357178 8274
1784237655614 0.2421444058418274 8275
1784237655625 0.3184669315814972 8276
1784237655636 0.1738322675228119 8277
1784237655648 0.663054347038269 8278
1784237655659 0.044921401888132095 8279
1784237655671 0.5060139298439026 8280
1784237655682 0.36754918098449707 8281
1784237655695 0.27780091762542725 8282
1784237655706 0.43011805415153503 8283
1784237655716 0.32397153973579407 8284
1784237655729 0.4937361776828766 8285
1784237655740 0.1902177929878235 8286
1784237655751 0.3581250011920929 8287
1784237655762 0.4337560832500458 8288
1784237655773 0.24539707601070404 8289
1784237655782 0.5738945007324219 8290
1784237655795 0.44602903723716736 8291
1784237655807 0.26070111989974976 8292
1784237655818 0.16670407354831696 8293
1784237655832 0.21924471855163574 8294
1784237655844 0.14666464924812317 8295
1784237655857 0.21982522308826447 8296
1784237655869 0.1836182177066803 8297
1784237655881 0.2579244077205658 8298
1784237655893 0.18796850740909576 8299
1784237655906 0.4060545265674591 8300
1784237655917 0.13755719363689423 8301
1784237655930 0.1273883730173111 8302
1784237655943 0.35639339685440063 8303
1784237655955 0.31923115253448486 8304
1784237655967 0.05494820326566696 8305
1784237655980 0.27178964018821716 8306
1784237655993 0.27352213859558105 8307
1784237656006 0.035666946321725845 8308
1784237656017 0.12780438363552094 8309
1784237656030 0.2514573335647583 8310
1784237656042 0.23742063343524933 8311
1784237656054 0.1069747805595398 8312
1784237656065 0.47527220845222473 8313
1784237656077 0.25565388798713684 8314
1784237656090 0.16055002808570862 8315
1784237656102 0.1901717633008957 8316
1784237656115 0.5457797646522522 8317
1784237656128 0.42520731687545776 8318
1784237656140 0.24443812668323517 8319
1784237656152 0.20501422882080078 8320
1784237656164 0.5521124601364136 8321
1784237656175 0.29716598987579346 8322
1784237656188 0.1636621505022049 8323
1784237656199 0.19951502978801727 8324
1784237656211 0.21603639423847198 8325
1784237656224 0.18951565027236938 8326
1784237656236 0.4015580117702484 8327
1784237656247 0.16950039565563202 8328
1784237656257 0.1992301642894745 8329
1784237656269 0.03133705258369446 8330
1784237656281 0.21333399415016174 8331
1784237656294 0.32133445143699646 8332
1784237656306 0.14620119333267212 8333
1784237656317 0.4652312994003296 8334
1784237656330 0.506942093372345 8335
1784237656342 0.4550270438194275 8336
1784237656355 0.10147459805011749 8337
1784237656366 0.3537124991416931 8338
1784237656379 0.21690785884857178 8339
1784237656390 0.34904593229293823 8340
1784237656404 0.3241930305957794 8341
1784237656416 0.15953542292118073 8342
1784237656429 0.553909957408905 8343
1784237656441 0.3794466257095337 8344
1784237656454 0.09926073253154755 8345
1784237656465 0.10725995153188705 8346
1784237656478 0.26107057929039 8347
1784237656491 0.15814298391342163 8348
1784237656518 0.1491258442401886 8349
1784237656531 0.14212428033351898 8350
1784237656542 0.27016666531562805 8351
1784237656553 0.30632326006889343 8352
1784237656564 0.3117341697216034 8353
1784237656576 0.08081202954053879 8354
1784237656588 0.2872774302959442 8355
1784237656600 0.518170177936554 8356
1784237656612 0.11575133353471756 8357
1784237656625 0.1991146355867386 8358
1784237656636 0.41726037859916687 8359
1784237656648 0.057205792516469955 8360
1784237656661 0.18331637978553772 8361
1784237656673 0.28847724199295044 8362
1784237656683 0.32726818323135376 8363
1784237656695 0.2213912308216095 8364
1784237656706 0.8254323601722717 8365
1784237656716 0.35916754603385925 8366
1784237656728 0.19945356249809265 8367
1784237656738 0.4742974042892456 8368
1784237656748 0.7668564319610596 8369
1784237656760 0.21465112268924713 8370
1784237656773 0.27922695875167847 8371
1784237656785 0.24712921679019928 8372
1784237656798 0.2525734007358551 8373
1784237656811 0.4833112359046936 8374
1784237656824 0.1787835955619812 8375
1784237656836 0.1622418314218521 8376
1784237656848 0.19666782021522522 8377
1784237656859 0.4814779460430145 8378
1784237656871 0.2805403172969818 8379
1784237656884 0.0776703804731369 8380
1784237656897 0.4721522033214569 8381
1784237656909 0.19343015551567078 8382
1784237656923 0.04848123714327812 8383
1784237656935 0.0882469043135643 8384
1784237656949 0.805652916431427 8385
1784237656961 0.14842255413532257 8386
1784237656975 0.1303628385066986 8387
1784237656988 0.13984201848506927 8388
1784237657000 0.19850976765155792 8389
1784237657013 0.2896782457828522 8390
1784237657027 0.18515518307685852 8391
1784237657040 0.4020184278488159 8392
1784237657052 0.45857593417167664 8393
1784237657065 0.5123980045318604 8394
1784237657078 0.35131600499153137 8395
1784237657091 0.6780653595924377 8396
1784237657104 0.1488492339849472 8397
1784237657116 0.19708149135112762 8398
1784237657127 0.2513965368270874 8399
1784237657141 0.14826157689094543 8400
1784237657154 0.08050226420164108 8401
1784237657166 0.4143911898136139 8402
1784237657179 0.5277867913246155 8403
1784237657191 0.5243853330612183 8404
1784237657205 0.21526587009429932 8405
1784237657215 0.12063231319189072 8406
1784237657227 0.32125893235206604 8407
1784237657239 0.5212358236312866 8408
1784237657252 0.259112149477005 8409
1784237657266 0.4541263282299042 8410
1784237657281 0.3330595791339874 8411
1784237657295 0.40882477164268494 8412
1784237657309 0.43484175205230713 8413
1784237657322 0.20907127857208252 8414
1784237657336 0.1950807273387909 8415
1784237657350 0.4853108823299408 8416
1784237657361 0.3083178699016571 8417
1784237657374 0.09055490791797638 8418
1784237657384 0.0927872359752655 8419
1784237657395 0.27827709913253784 8420
1784237657407 0.5482143759727478 8421
1784237657419 0.17680519819259644 8422
1784237657431 0.2786315679550171 8423
1784237657443 0.8436660170555115 8424
1784237657457 0.20609022676944733 8425
1784237657471 0.11817575991153717 8426
1784237657483 0.8481786251068115 8427
1784237657495 0.23727773129940033 8428
1784237657507 0.3488016426563263 8429
1784237657520 0.1351488083600998 8430
1784237657532 0.2981082499027252 8431
1784237657544 0.2365361750125885 8432
1784237657555 0.2585083246231079 8433
1784237657569 0.14673402905464172 8434
1784237657580 0.52862948179245 8435
1784237657593 0.1830512434244156 8436
1784237657605 0.17232398688793182 8437
1784237657616 0.5469607710838318 8438
1784237657629 0.5122568607330322 8439
1784237657641 0.12246059626340866 8440
1784237657652 0.29131248593330383 8441
1784237657663 0.3862268924713135 8442
1784237657675 0.22802585363388062 8443
1784237657686 0.05406646430492401 8444
1784237657698 0.26432865858078003 8445
1784237657709 0.18725872039794922 8446
1784237657722 0.18409906327724457 8447
1784237657735 0.24992477893829346 8448
1784237657745 0.10752881318330765 8449
1784237657756 0.18877732753753662 8450
1784237657768 0.2840195298194885 8451
1784237657780 0.1510656625032425 8452
1784237657793 0.2948962450027466 8453
1784237657806 0.26989272236824036 8454
1784237657816 0.38970425724983215 8455
1784237657826 0.432019978761673 8456
1784237657839 0.17851608991622925 8457
1784237657850 0.28486397862434387 8458
1784237657863 0.31479811668395996 8459
1784237657875 1.043494462966919 8460
1784237657888 0.34113621711730957 8461
1784237657898 0.26703938841819763 8462
1784237657911 0.20288842916488647 8463
1784237657924 0.50770103931427 8464
1784237657936 0.13602910935878754 8465
1784237657948 0.35331282019615173 8466
1784237657959 0.3481082320213318 8467
1784237657971 0.26293668150901794 8468
1784237657982 0.2354336380958557 8469
1784237657994 0.4462316334247589 8470
1784237658006 0.30386295914649963 8471
1784237658018 0.1779327243566513 8472
1784237658030 0.05084133893251419 8473
1784237658042 0.572873592376709 8474
1784237658054 0.20945468544960022 8475
1784237658065 0.5305955410003662 8476
1784237658077 0.8489715456962585 8477
1784237658088 0.22514955699443817 8478
1784237658099 0.039600495249032974 8479
1784237658109 0.10912349075078964 8480
1784237658121 0.10430137068033218 8481
1784237658135 0.467479407787323 8482
1784237658148 0.45315322279930115 8483
1784237658160 0.19782045483589172 8484
1784237658172 0.6587335467338562 8485
1784237658183 0.06638911366462708 8486
1784237658193 0.2835477888584137 8487
1784237658205 0.1527811735868454 8488
1784237658218 0.2217889428138733 8489
1784237658230 0.18913106620311737 8490
1784237658243 0.08809490501880646 8491
1784237658254 0.4427277445793152 8492
1784237658265 0.2343067079782486 8493
1784237658277 0.3997727334499359 8494
1784237658289 1.2036056518554688 8495
1784237658300 0.4031449556350708 8496
1784237658311 0.7503324747085571 8497
1784237658324 0.16337674856185913 8498
1784237658336 0.3967229723930359 8499
1784237658348 0.29156261682510376 8500
1784237658361 0.18941085040569305 8501
1784237658373 0.2641212046146393 8502
1784237658386 0.3739897906780243 8503
1784237658398 0.17728658020496368 8504
1784237658409 0.29835018515586853 8505
1784237658421 0.08212783932685852 8506
1784237658431 0.11440850049257278 8507
1784237658443 0.06803535670042038 8508
1784237658455 0.32843151688575745 8509
1784237658467 0.5594599843025208 8510
1784237658479 0.06104322895407677 8511
1784237658492 0.6076021194458008 8512
1784237658504 0.16933640837669373 8513
1784237658514 0.15779852867126465 8514
1784237658526 0.17615729570388794 8515
1784237658538 0.09740962833166122 8516
1784237658550 0.2487349659204483 8517
1784237658562 0.14541275799274445 8518
1784237658574 0.42136725783348083 8519
1784237658586 0.2511737048625946 8520
1784237658599 0.7556436657905579 8521
1784237658612 0.5914897322654724 8522
1784237658624 0.33129653334617615 8523
1784237658636 0.238819882273674 8524
1784237658648 0.45834410190582275 8525
1784237658660 0.06907616555690765 8526
1784237658672 0.1364215612411499 8527
1784237658684 0.5552745461463928 8528
1784237658697 0.21702398359775543 8529
1784237658708 0.46489423513412476 8530
1784237658721 0.7038144469261169 8531
1784237658732 0.26793670654296875 8532
1784237658743 0.2899773418903351 8533
1784237658754 0.1594259887933731 8534
1784237658765 0.15103577077388763 8535
1784237658777 0.286478728055954 8536
1784237658788 0.34318387508392334 8537
1784237658799 0.4191896319389343 8538
1784237658812 0.19006145000457764 8539
1784237658824 0.14927785098552704 8540
1784237658837 0.329759418964386 8541
1784237658848 0.2543809711933136 8542
1784237658859 0.21444587409496307 8543
1784237658871 0.1415351778268814 8544
1784237658883 0.16021089255809784 8545
1784237658894 0.22044192254543304 8546
1784237658904 0.09971623122692108 8547
1784237658916 0.2662060558795929 8548
1784237658929 0.5977354049682617 8549
1784237658941 0.27252957224845886 8550
1784237658952 0.17938365042209625 8551
1784237658964 0.2059863954782486 8552
1784237658975 0.19098050892353058 8553
1784237658987 0.21896366775035858 8554
1784237659000 0.13844339549541473 8555
1784237659013 0.6514710783958435 8556
1784237659025 0.06075958162546158 8557
1784237659038 0.409310907125473 8558
1784237659050 0.34964028000831604 8559
1784237659062 0.09466621279716492 8560
1784237659073 0.3829604685306549 8561
1784237659085 0.5279504656791687 8562
1784237659099 0.18729153275489807 8563
1784237659111 0.28958362340927124 8564
1784237659122 0.16978909075260162 8565
1784237659133 0.15249991416931152 8566
1784237659146 0.14531099796295166 8567
1784237659158 0.35923510789871216 8568
1784237659171 0.10033135116100311 8569
1784237659182 0.2603314220905304 8570
1784237659194 0.22133834660053253 8571
1784237659206 0.19989798963069916 8572
1784237659217 0.24271643161773682 8573
1784237659230 0.15740206837654114 8574
1784237659242 0.2942408621311188 8575
1784237659254 0.1730131357908249 8576
1784237659266 0.2892335057258606 8577
1784237659279 0.41185760498046875 8578
1784237659290 0.10199634730815887 8579
1784237659303 0.16317768394947052 8580
1784237659316 0.7935020327568054 8581
1784237659329 0.5145456790924072 8582
1784237659341 0.2808622717857361 8583
1784237659353 0.3617906868457794 8584
1784237659366 0.1496754139661789 8585
1784237659378 0.42838284373283386 8586
1784237659390 0.24136966466903687 8587
1784237659402 0.49431443214416504 8588
1784237659414 0.2533603608608246 8589
1784237659428 0.3730461299419403 8590
1784237659439 0.0999765619635582 8591
1784237659451 0.5386642217636108 8592
1784237659463 0.4193457365036011 8593
1784237659486 0.31372499465942383 8594
1784237659501 0.04435017704963684 8595
1784237659516 0.6108004450798035 8596
1784237659530 0.24741558730602264 8597
1784237659546 0.11184454709291458 8598
1784237659559 0.1985134780406952 8599
1784237659572 0.34987902641296387 8600
1784237659588 0.20313332974910736 8601
1784237659600 0.07233105599880219 8602
1784237659614 0.1775171309709549 8603
1784237659629 0.4840686619281769 8604
1784237659641 0.30553925037384033 8605
1784237659653 0.10645724087953568 8606
1784237659666 0.1162913590669632 8607
1784237659679 0.05284939333796501 8608
1784237659693 0.4874002933502197 8609
1784237659706 0.38037556409835815 8610
1784237659718 0.30810368061065674 8611
1784237659732 0.21278905868530273 8612
1784237659745 0.09442733973264694 8613
1784237659757 0.19970917701721191 8614
1784237659771 0.33064785599708557 8615
1784237659785 0.35159823298454285 8616
1784237659798 0.402518630027771 8617
1784237659812 0.45161521434783936 8618
1784237659824 0.14929787814617157 8619
1784237659839 0.32288938760757446 8620
1784237659852 0.5263426899909973 8621
1784237659864 0.6381435394287109 8622
1784237659877 0.16986098885536194 8623
1784237659889 0.04887975752353668 8624
1784237659902 0.042277101427316666 8625
1784237659918 0.1604829877614975 8626
1784237659931 0.42256590723991394 8627
1784237659944 0.21370352804660797 8628
1784237659956 0.394002765417099 8629
1784237659968 0.1831810176372528 8630
1784237659982 0.4363381564617157 8631
1784237659993 0.11824141442775726 8632
1784237660004 0.4155549108982086 8633
1784237660015 0.3502490222454071 8634
1784237660027 0.3026745915412903 8635
1784237660041 0.2932164669036865 8636
1784237660052 0.1903546303510666 8637
1784237660067 0.25005075335502625 8638
1784237660079 0.21122319996356964 8639
1784237660091 0.4479815661907196 8640
1784237660102 0.08603156358003616 8641
1784237660113 0.1427050232887268 8642
1784237660125 0.20535187423229218 8643
1784237660136 0.14677469432353973 8644
1784237660147 0.34746047854423523 8645
1784237660159 0.08579433709383011 8646
1784237660171 0.32503247261047363 8647
1784237660183 0.18998883664608002 8648
1784237660196 0.5974324345588684 8649
1784237660210 0.08434177935123444 8650
1784237660223 0.2110225260257721 8651
1784237660236 0.04998040199279785 8652
1784237660248 0.4542597830295563 8653
1784237660260 0.23740971088409424 8654
1784237660273 0.23742957413196564 8655
1784237660286 0.24447545409202576 8656
1784237660298 0.2744688093662262 8657
1784237660310 0.32410141825675964 8658
1784237660322 0.2738073468208313 8659
1784237660335 0.27421897649765015 8660
1784237660347 0.4167450964450836 8661
1784237660359 0.3675568699836731 8662
1784237660371 0.21903735399246216 8663
1784237660382 0.41103658080101013 8664
1784237660394 0.2259376049041748 8665
1784237660406 0.16910599172115326 8666
1784237660418 0.07018045336008072 8667
1784237660432 0.5080413818359375 8668
1784237660443 0.19497422873973846 8669
1784237660456 0.51968914270401 8670
1784237660467 0.15584205090999603 8671
1784237660480 0.34335440397262573 8672
1784237660493 0.152939110994339 8673
1784237660506 0.38703832030296326 8674
1784237660518 0.3887479305267334 8675
1784237660530 0.1453404575586319 8676
1784237660543 0.2417658567428589 8677
1784237660555 0.31919270753860474 8678
1784237660566 0.062008120119571686 8679
1784237660577 0.2400819957256317 8680
1784237660589 0.08320827037096024 8681
1784237660601 0.12966181337833405 8682
1784237660613 0.1995033472776413 8683
1784237660624 0.09239549189805984 8684
1784237660636 0.3953359127044678 8685
1784237660647 0.1997288316488266 8686
1784237660659 0.23439094424247742 8687
1784237660671 0.42960384488105774 8688
1784237660683 0.19515013694763184 8689
1784237660695 0.1941765993833542 8690
1784237660707 0.48631200194358826 8691
1784237660718 0.16757705807685852 8692
1784237660731 0.16089096665382385 8693
1784237660744 0.1675230860710144 8694
1784237660755 0.15453629195690155 8695
1784237660768 0.17166347801685333 8696
1784237660779 0.4883301258087158 8697
1784237660791 0.46104925870895386 8698
1784237660804 0.2803356945514679 8699
1784237660814 0.38016408681869507 8700
1784237660825 0.22411344945430756 8701
1784237660837 0.43739771842956543 8702
1784237660849 0.07364043593406677 8703
1784237660860 0.4142075181007385 8704
1784237660873 0.21320189535617828 8705
1784237660885 0.07306163012981415 8706
1784237660897 0.05291685834527016 8707
1784237660909 0.18061427772045135 8708
1784237660921 0.18788951635360718 8709
1784237660934 0.34209296107292175 8710
1784237660946 0.5168436765670776 8711
1784237660958 0.4071372449398041 8712
1784237660970 0.6309742331504822 8713
1784237660981 0.5568086504936218 8714
1784237660993 0.07546208053827286 8715
1784237661005 0.3994523286819458 8716
1784237661016 0.23183263838291168 8717
1784237661027 0.2917764186859131 8718
1784237661037 0.4870947003364563 8719
1784237661047 0.15450333058834076 8720
1784237661058 0.33703726530075073 8721
1784237661070 0.818711519241333 8722
1784237661082 0.14148731529712677 8723
1784237661095 0.12958844006061554 8724
1784237661107 0.18902288377285004 8725
1784237661119 0.11097581684589386 8726
1784237661131 0.20784488320350647 8727
1784237661143 0.39335206151008606 8728
1784237661157 0.100617416203022 8729
1784237661169 0.058828599750995636 8730
1784237661181 0.3059418499469757 8731
1784237661194 0.28019484877586365 8732
1784237661206 0.3039207458496094 8733
1784237661219 0.3285262882709503 8734
1784237661231 0.28888189792633057 8735
1784237661243 0.1967155486345291 8736
1784237661255 0.504763662815094 8737
1784237661267 0.22696274518966675 8738
1784237661279 0.1054496318101883 8739
1784237661291 0.4917042553424835 8740
1784237661304 0.27024731040000916 8741
1784237661316 0.1889341175556183 8742
1784237661329 0.16207480430603027 8743
1784237661340 0.29115793108940125 8744
1784237661351 0.18354175984859467 8745
1784237661363 0.1516551375389099 8746
1784237661376 0.2315681129693985 8747
1784237661388 0.33481302857398987 8748
1784237661400 0.21946540474891663 8749
1784237661413 0.34413832426071167 8750
1784237661425 0.14753249287605286 8751
1784237661437 0.1533665806055069 8752
1784237661449 0.19822067022323608 8753
1784237661461 0.48708197474479675 8754
1784237661473 0.07919061183929443 8755
1784237661485 0.19301636517047882 8756
1784237661498 0.15957945585250854 8757
1784237661509 0.12536056339740753 8758
1784237661520 0.2839445173740387 8759
1784237661532 0.5125241279602051 8760
1784237661542 0.4074842631816864 8761
1784237661552 0.4333200454711914 8762
1784237661564 0.16425076127052307 8763
1784237661577 0.7683510184288025 8764
1784237661590 0.2273503988981247 8765
1784237661602 0.11473177373409271 8766
1784237661615 0.3861176371574402 8767
1784237661628 0.3503817021846771 8768
1784237661640 0.4811824560165405 8769
1784237661651 0.360576868057251 8770
1784237661663 0.21965070068836212 8771
1784237661675 0.21757745742797852 8772
1784237661686 0.7395989298820496 8773
1784237661698 0.19320037961006165 8774
1784237661712 0.5280863642692566 8775
1784237661728 0.46359437704086304 8776
1784237661743 0.3354118764400482 8777
1784237661757 0.14926579594612122 8778
1784237661771 0.347868949174881 8779
1784237661784 0.3212027847766876 8780
1784237661794 0.28971928358078003 8781
1784237661807 0.12690626084804535 8782
1784237661820 0.16389697790145874 8783
1784237661832 0.22624152898788452 8784
1784237661845 0.3530086278915405 8785
1784237661857 0.5655829310417175 8786
1784237661869 0.4620964527130127 8787
1784237661882 0.23594990372657776 8788
1784237661894 0.20036259293556213 8789
1784237661906 0.24382516741752625 8790
1784237661919 0.15605495870113373 8791
1784237661931 0.25075820088386536 8792
1784237661944 0.5375676155090332 8793
1784237661956 0.5624061226844788 8794
1784237661967 0.039428967982530594 8795
1784237661979 0.3645230233669281 8796
1784237661992 0.6360480189323425 8797
1784237662004 0.247238427400589 8798
1784237662015 0.2985866963863373 8799
1784237662029 0.32910028100013733 8800
1784237662041 0.47828978300094604 8801
1784237662054 0.29695621132850647 8802
1784237662066 0.34876564145088196 8803
1784237662078 0.2390214055776596 8804
1784237662089 0.5649440884590149 8805
1784237662099 0.20533356070518494 8806
1784237662110 0.38304203748703003 8807
1784237662122 0.3002783954143524 8808
1784237662133 0.38125813007354736 8809
1784237662144 0.10380536317825317 8810
1784237662155 0.1420355588197708 8811
1784237662165 0.058319929987192154 8812
1784237662177 0.24322573840618134 8813
1784237662189 0.3161787688732147 8814
1784237662202 0.35157349705696106 8815
1784237662214 0.28396517038345337 8816
1784237662226 1.0448343753814697 8817
1784237662241 0.41101598739624023 8818
1784237662252 0.26165229082107544 8819
1784237662264 0.42196595668792725 8820
1784237662276 0.20567139983177185 8821
1784237662289 0.2656419277191162 8822
1784237662300 0.46605736017227173 8823
1784237662312 0.21328064799308777 8824
1784237662325 0.5115458965301514 8825
1784237662336 0.32724520564079285 8826
1784237662347 0.1903836578130722 8827
1784237662359 0.2982398569583893 8828
1784237662373 0.23889246582984924 8829
1784237662384 0.29532375931739807 8830
1784237662396 0.3250623345375061 8831
1784237662408 0.4318009316921234 8832
1784237662419 0.5536524653434753 8833
1784237662432 0.3112528622150421 8834
1784237662445 0.2741420865058899 8835
1784237662457 0.2868207097053528 8836
1784237662469 0.062082987278699875 8837
1784237662480 0.14407041668891907 8838
1784237662499 0.31194615364074707 8839
1784237662512 0.24768371880054474 8840
1784237662524 0.7473127841949463 8841
1784237662536 0.478418231010437 8842
1784237662547 0.2125091701745987 8843
1784237662558 0.4004749655723572 8844
1784237662570 0.2573019862174988 8845
1784237662581 0.2544686794281006 8846
1784237662594 0.33049148321151733 8847
1784237662606 0.5007970929145813 8848
1784237662619 0.36090555787086487 8849
1784237662631 0.15726535022258759 8850
1784237662643 0.08184485137462616 8851
1784237662655 0.42291539907455444 8852
1784237662667 0.3561917543411255 8853
1784237662679 0.12407944351434708 8854
1784237662692 0.18254053592681885 8855
1784237662704 0.34974998235702515 8856
1784237662716 0.7020381689071655 8857
1784237662729 0.7742974162101746 8858
1784237662742 0.15016931295394897 8859
1784237662755 0.12107741832733154 8860
1784237662768 0.47730958461761475 8861
1784237662781 0.22821520268917084 8862
1784237662794 0.089287169277668 8863
1784237662888 0.2745976448059082 8864
1784237662904 0.16728875041007996 8865
1784237662918 0.16784468293190002 8866
1784237662932 0.14265139400959015 8867
1784237662945 0.26257991790771484 8868
1784237662958 0.24643266201019287 8869
1784237662971 0.5887421369552612 8870
1784237662983 0.3325733244419098 8871
1784237662996 0.39664000272750854 8872
1784237663009 0.4825783371925354 8873
1784237663022 0.07615836709737778 8874
1784237663035 0.4879522919654846 8875
1784237663048 0.13049180805683136 8876
1784237663062 0.25018009543418884 8877
1784237663076 0.1253737211227417 8878
1784237663089 0.1311943084001541 8879
1784237663102 0.2573908269405365 8880
1784237663114 0.2819634675979614 8881
1784237663127 0.3125854730606079 8882
1784237663140 0.7212432026863098 8883
1784237663154 0.36230725049972534 8884
1784237663167 0.17559213936328888 8885
1784237663180 0.23131483793258667 8886
1784237663193 0.43570277094841003 8887
1784237663206 0.6043058037757874 8888
1784237663220 0.2180853933095932 8889
1784237663232 0.39870578050613403 8890
1784237663245 0.1171475499868393 8891
1784237663255 0.14667783677577972 8892
1784237663267 0.6493008136749268 8893
1784237663280 0.2946634888648987 8894
1784237663291 0.2527209520339966 8895
1784237663301 0.16548572480678558 8896
1784237663312 0.15665070712566376 8897
1784237663324 0.591925323009491 8898
1784237663335 0.19172821938991547 8899
1784237663347 0.17868131399154663 8900
1784237663360 1.1299611330032349 8901
1784237663372 0.28227731585502625 8902
1784237663382 0.4484179615974426 8903
1784237663395 0.31049463152885437 8904
1784237663408 0.06107785180211067 8905
1784237663420 0.3422478139400482 8906
1784237663431 0.18674325942993164 8907
1784237663442 0.6326318383216858 8908
1784237663457 0.190288707613945 8909
1784237663470 0.38750872015953064 8910
1784237663480 0.3818037211894989 8911
1784237663492 0.4163469970226288 8912
1784237663505 0.9664524793624878 8913
1784237663516 0.5866203904151917 8914
1784237663528 0.22800475358963013 8915
1784237663540 0.4838482439517975 8916
1784237663552 0.48946863412857056 8917
1784237663564 0.4829992949962616 8918
1784237663577 0.06992940604686737 8919
1784237663589 0.31535282731056213 8920
1784237663601 0.500418484210968 8921
1784237663613 0.2707797586917877 8922
1784237663626 0.47750166058540344 8923
1784237663636 0.7452701330184937 8924
1784237663648 0.3865090310573578 8925
1784237663660 0.055867478251457214 8926
1784237663672 0.4712276756763458 8927
1784237663684 0.16106155514717102 8928
1784237663697 0.12451677769422531 8929
1784237663709 0.2438359558582306 8930
1784237663722 0.13079684972763062 8931
1784237663735 0.07585511356592178 8932
1784237663746 0.48455414175987244 8933
1784237663756 0.33353391289711 8934
1784237663767 0.30666467547416687 8935
1784237663780 0.13426537811756134 8936
1784237663792 0.47993019223213196 8937
1784237663804 0.23743942379951477 8938
1784237663815 0.08790607750415802 8939
1784237663826 0.23920875787734985 8940
1784237663836 0.11234894394874573 8941
1784237663847 0.1395731419324875 8942
1784237663860 0.15794481337070465 8943
1784237663872 0.29259052872657776 8944
1784237663882 0.39682912826538086 8945
1784237663893 0.19384555518627167 8946
1784237663906 0.2729468047618866 8947
1784237663919 0.29892900586128235 8948
1784237663932 0.536963164806366 8949
1784237663945 0.36550429463386536 8950
1784237663960 0.4878137707710266 8951
1784237663973 0.4286103844642639 8952
1784237663987 0.12665961682796478 8953
1784237664003 0.2910696864128113 8954
1784237664017 0.46753960847854614 8955
1784237664030 0.2562660276889801 8956
1784237664044 0.3552740216255188 8957
1784237664054 0.19586554169654846 8958
1784237664066 0.30323415994644165 8959
1784237664078 0.2343238890171051 8960
1784237664091 0.3701672852039337 8961
1784237664104 0.07889734208583832 8962
1784237664116 0.6891417503356934 8963
1784237664129 0.11051537841558456 8964
1784237664142 0.18651732802391052 8965
1784237664154 0.32245635986328125 8966
1784237664164 0.14713715016841888 8967
1784237664175 0.17175111174583435 8968
1784237664187 0.07881973683834076 8969
1784237664199 0.13850006461143494 8970
1784237664210 0.10684499889612198 8971
1784237664222 0.3635755479335785 8972
1784237664234 0.34231674671173096 8973
1784237664246 0.16028235852718353 8974
1784237664259 0.2677919864654541 8975
1784237664272 0.3914242684841156 8976
1784237664283 0.20558342337608337 8977
1784237664295 0.19156216084957123 8978
1784237664307 0.1507669985294342 8979
1784237664319 0.25889983773231506 8980
1784237664331 0.2052842080593109 8981
1784237664343 0.1827096790075302 8982
1784237664355 0.5078247785568237 8983
1784237664368 0.20807217061519623 8984
1784237664380 0.38745298981666565 8985
1784237664390 0.13012245297431946 8986
1784237664403 0.19901715219020844 8987
1784237664413 0.18987198173999786 8988
1784237664424 0.4010325074195862 8989
1784237664437 0.13991348445415497 8990
1784237664447 0.13335071504116058 8991
1784237664475 0.18490681052207947 8992
1784237664489 0.46939319372177124 8993
1784237664500 0.17879757285118103 8994
1784237664512 0.511793851852417 8995
1784237664524 0.36583614349365234 8996
1784237664534 0.3549765646457672 8997
1784237664546 0.2781323194503784 8998
1784237664558 0.24973180890083313 8999
1784237664571 0.5575550198554993 9000
1784237664583 0.1838396042585373 9001
1784237664594 0.20564967393875122 9002
1784237664606 0.5064088106155396 9003
1784237664617 0.5621901750564575 9004
1784237664629 0.178214892745018 9005
1784237664640 0.09096574783325195 9006
1784237664653 0.08876532316207886 9007
1784237664663 0.22768087685108185 9008
1784237664674 0.19488725066184998 9009
1784237664686 0.4590582549571991 9010
1784237664698 0.17136195302009583 9011
1784237664710 0.24970848858356476 9012
1784237664723 0.7705444097518921 9013
1784237664736 0.07930311560630798 9014
1784237664748 0.6239669322967529 9015
1784237664761 0.25655072927474976 9016
1784237664775 0.5489111542701721 9017
1784237664788 0.10652797669172287 9018
1784237664799 0.26691100001335144 9019
1784237664812 0.1991509348154068 9020
1784237664825 0.3159203827381134 9021
1784237664837 0.773320734500885 9022
1784237664849 0.4111473262310028 9023
1784237664862 0.2601928412914276 9024
1784237664875 0.38141873478889465 9025
1784237664888 0.04697663336992264 9026
1784237664901 0.06355167180299759 9027
1784237664915 0.7219514846801758 9028
1784237664928 0.1811506748199463 9029
1784237664941 0.1483294814825058 9030
1784237664955 0.142472043633461 9031
1784237664968 0.32071858644485474 9032
1784237664981 0.1299162358045578 9033
1784237664994 0.15943558514118195 9034
1784237665007 0.16126172244548798 9035
1784237665021 0.2855098843574524 9036
1784237665034 0.7398210167884827 9037
1784237665047 0.08514674007892609 9038
1784237665060 0.6329036355018616 9039
1784237665073 0.17822130024433136 9040
1784237665086 0.4214193522930145 9041
1784237665099 0.1432822197675705 9042
1784237665112 0.39555734395980835 9043
1784237665124 0.6123044490814209 9044
1784237665138 0.2582193911075592 9045
1784237665151 0.3573705554008484 9046
1784237665163 0.18420760333538055 9047
1784237665177 0.3413705825805664 9048
1784237665189 0.47303763031959534 9049
1784237665201 0.5941758155822754 9050
1784237665213 0.22470615804195404 9051
1784237665227 0.30224084854125977 9052
1784237665238 0.1108919307589531 9053
1784237665249 0.609649658203125 9054
1784237665260 0.294135719537735 9055
1784237665271 0.35400527715682983 9056
1784237665281 0.25771209597587585 9057
1784237665292 0.12061137706041336 9058
1784237665305 0.7214531302452087 9059
1784237665318 0.4027078449726105 9060
1784237665329 0.07819762825965881 9061
1784237665342 0.41291889548301697 9062
1784237665355 0.29205024242401123 9063
1784237665366 0.12924014031887054 9064
1784237665379 0.2770322859287262 9065
1784237665392 0.17289698123931885 9066
1784237665405 0.12555436789989471 9067
1784237665418 0.46478942036628723 9068
1784237665431 0.1877823770046234 9069
1784237665442 0.24483540654182434 9070
1784237665454 0.18468675017356873 9071
1784237665466 0.4581505060195923 9072
1784237665479 0.2604648768901825 9073
1784237665492 0.4680699408054352 9074
1784237665504 0.42963775992393494 9075
1784237665516 0.37537434697151184 9076
1784237665526 0.8227075338363647 9077
1784237665537 0.07272505015134811 9078
1784237665547 0.42127725481987 9079
1784237665558 0.5201243758201599 9080
1784237665570 0.13336844742298126 9081
1784237665582 0.4546123147010803 9082
1784237665593 0.5070078372955322 9083
1784237665606 0.15512247383594513 9084
1784237665618 0.1969212293624878 9085
1784237665630 0.17814551293849945 9086
1784237665643 0.44570741057395935 9087
1784237665656 0.2408001869916916 9088
1784237665668 0.19699406623840332 9089
1784237665680 0.5413891077041626 9090
1784237665691 0.45846670866012573 9091
1784237665703 0.08428905159235 9092
1784237665714 0.2906365394592285 9093
1784237665728 0.3034100830554962 9094
1784237665739 0.2982049584388733 9095
1784237665751 0.1616896241903305 9096
1784237665762 0.305340051651001 9097
1784237665775 0.5416390895843506 9098
1784237665787 0.7002738118171692 9099
1784237665799 0.37251001596450806 9100
1784237665810 0.38969066739082336 9101
1784237665822 0.440115362405777 9102
1784237665832 0.13327190279960632 9103
1784237665843 0.3522275686264038 9104
1784237665856 0.2633976638317108 9105
1784237665867 0.28671443462371826 9106
1784237665878 0.17155136168003082 9107
1784237665889 0.32085275650024414 9108
1784237665901 0.37591102719306946 9109
1784237665913 0.31578895449638367 9110
1784237665925 0.23734919726848602 9111
1784237665936 0.35344836115837097 9112
1784237665949 0.22957195341587067 9113
1784237665961 0.3920938968658447 9114
1784237665974 0.5691165924072266 9115
1784237665986 0.446725457906723 9116
1784237665998 0.347298264503479 9117
1784237666010 0.26200026273727417 9118
1784237666022 0.2519496977329254 9119
1784237666033 0.3583003878593445 9120
1784237666045 0.15394842624664307 9121
1784237666057 0.5452817678451538 9122
1784237666070 0.6482886075973511 9123
1784237666081 0.6314412355422974 9124
1784237666092 0.19189858436584473 9125
1784237666104 0.5352598428726196 9126
1784237666115 0.4868400990962982 9127
1784237666128 0.24051426351070404 9128
1784237666141 0.31149840354919434 9129
1784237666154 0.45866382122039795 9130
1784237666167 0.23445254564285278 9131
1784237666183 0.2793898284435272 9132
1784237666197 0.33384791016578674 9133
1784237666211 0.6387035846710205 9134
1784237666225 0.08840841799974442 9135
1784237666238 0.42233267426490784 9136
1784237666252 0.3074728846549988 9137
1784237666263 0.15182247757911682 9138
1784237666276 0.18406185507774353 9139
1784237666289 0.1631520390510559 9140
1784237666300 0.32597047090530396 9141
1784237666312 0.28431835770606995 9142
1784237666323 0.23946917057037354 9143
1784237666335 0.3167582154273987 9144
1784237666346 0.5023133754730225 9145
1784237666357 0.08082635700702667 9146
1784237666368 0.47628462314605713 9147
1784237666378 0.30175721645355225 9148
1784237666389 0.6058722138404846 9149
1784237666402 0.38628825545310974 9150
1784237666414 0.5375194549560547 9151
1784237666427 0.31123554706573486 9152
1784237666439 0.40424156188964844 9153
1784237666451 0.2339785248041153 9154
1784237666462 0.09480557590723038 9155
1784237666472 1.138350009918213 9156
1784237666485 0.5034332275390625 9157
1784237666498 0.445801705121994 9158
1784237666510 0.49903103709220886 9159
1784237666523 0.29575031995773315 9160
1784237666535 1.1264839172363281 9161
1784237666546 0.21976763010025024 9162
1784237666558 0.33780011534690857 9163
1784237666571 0.4192832410335541 9164
1784237666582 0.281451016664505 9165
1784237666594 0.43714138865470886 9166
1784237666606 0.2800348103046417 9167
1784237666618 0.1266845166683197 9168
1784237666629 0.18579120934009552 9169
1784237666640 0.7014169096946716 9170
1784237666651 0.5308660864830017 9171
1784237666661 0.2412695586681366 9172
1784237666673 0.3089182376861572 9173
1784237666685 0.5110660791397095 9174
1784237666697 0.6815993189811707 9175
1784237666709 0.34240302443504333 9176
1784237666723 0.13632549345493317 9177
1784237666734 0.2592419385910034 9178
1784237666745 0.26610058546066284 9179
1784237666758 0.17967239022254944 9180
1784237666770 0.3070668876171112 9181
1784237666782 0.5215957164764404 9182
1784237666795 0.259504109621048 9183
1784237666807 0.7493547797203064 9184
1784237666819 0.05630979686975479 9185
1784237666831 0.29979199171066284 9186
1784237666843 0.4134453237056732 9187
1784237666855 0.45010870695114136 9188
1784237666866 0.32358318567276 9189
1784237666879 0.32410356402397156 9190
1784237666890 0.16952063143253326 9191
1784237666903 0.165994793176651 9192
1784237666915 0.10701369494199753 9193
1784237666928 0.27930381894111633 9194
1784237666940 0.4483131170272827 9195
1784237666951 0.34555795788764954 9196
1784237666963 0.4923352599143982 9197
1784237666976 0.34959882497787476 9198
1784237666988 0.24242450296878815 9199
1784237667001 0.6741878390312195 9200
1784237667014 0.17252036929130554 9201
1784237667026 0.13728885352611542 9202
1784237667038 0.2134747952222824 9203
1784237667050 0.24527251720428467 9204
1784237667063 0.49299877882003784 9205
1784237667075 0.06980694085359573 9206
1784237667087 0.2734679877758026 9207
1784237667099 0.21222059428691864 9208
1784237667112 0.4749917984008789 9209
1784237667123 0.21885186433792114 9210
1784237667135 0.42627808451652527 9211
1784237667146 0.0817960649728775 9212
1784237667158 0.25181469321250916 9213
1784237667169 0.21483173966407776 9214
1784237667180 0.19245414435863495 9215
1784237667193 0.3036922216415405 9216
1784237667205 0.19277402758598328 9217
1784237667217 0.40280017256736755 9218
1784237667228 0.24278375506401062 9219
1784237667241 0.7816587090492249 9220
1784237667252 0.7136057615280151 9221
1784237667261 0.5962318778038025 9222
1784237667274 0.3805103302001953 9223
1784237667287 0.18621456623077393 9224
1784237667301 0.4866129159927368 9225
1784237667312 0.24743230640888214 9226
1784237667325 0.13732251524925232 9227
1784237667336 0.4072975516319275 9228
1784237667347 0.30884483456611633 9229
1784237667358 0.31797823309898376 9230
1784237667370 0.4336215853691101 9231
1784237667382 0.20478986203670502 9232
1784237667395 0.8927475810050964 9233
1784237667408 0.2750619649887085 9234
1784237667426 0.39795032143592834 9235
1784237667437 0.24554520845413208 9236
1784237667449 0.1712724268436432 9237
1784237667461 0.8413949012756348 9238
1784237667473 0.13621768355369568 9239
1784237667486 0.5820645093917847 9240
1784237667498 0.18318718671798706 9241
1784237667511 0.13269546627998352 9242
1784237667522 0.22940963506698608 9243
1784237667535 0.5440433025360107 9244
1784237667546 0.289730429649353 9245
1784237667556 0.35007262229919434 9246
1784237667569 0.07250266522169113 9247
1784237667580 0.13540561497211456 9248
1784237667592 0.3462904393672943 9249
1784237667604 0.548190176486969 9250
1784237667616 0.1691112220287323 9251
1784237667628 0.44289013743400574 9252
1784237667638 0.25748753547668457 9253
1784237667650 0.20358483493328094 9254
1784237667662 0.15033963322639465 9255
1784237667673 0.17075298726558685 9256
1784237667687 0.24397042393684387 9257
1784237667699 0.17664434015750885 9258
1784237667712 0.21645928919315338 9259
1784237667725 0.17911145091056824 9260
1784237667738 0.3414570987224579 9261
1784237667750 0.154683917760849 9262
1784237667762 0.15488304197788239 9263
1784237667776 0.1545819640159607 9264
1784237667788 0.44253450632095337 9265
1784237667802 0.22014228999614716 9266
1784237667815 0.2300969511270523 9267
1784237667828 0.09936933219432831 9268
1784237667841 0.5686851739883423 9269
1784237667855 0.2343735247850418 9270
1784237667867 0.23210102319717407 9271
1784237667879 0.2651368975639343 9272
1784237667892 0.4405595064163208 9273
1784237667903 0.4221944212913513 9274
1784237667914 0.4924978017807007 9275
1784237667926 0.36141347885131836 9276
1784237667938 0.32265543937683105 9277
1784237667951 0.38806331157684326 9278
1784237667961 0.26750147342681885 9279
1784237667972 0.3446681797504425 9280
1784237667985 0.10023997724056244 9281
1784237667997 0.33359938859939575 9282
1784237668009 0.3838179111480713 9283
1784237668021 0.27619659900665283 9284
1784237668034 0.6846227645874023 9285
1784237668046 0.11311782151460648 9286
1784237668059 0.19960854947566986 9287
1784237668072 0.46451225876808167 9288
1784237668085 0.05264509469270706 9289
1784237668098 0.5946527123451233 9290
1784237668112 0.19556915760040283 9291
1784237668128 0.23479554057121277 9292
1784237668143 0.13084061443805695 9293
1784237668155 0.22179435193538666 9294
1784237668168 0.37954181432724 9295
1784237668180 0.14029742777347565 9296
1784237668193 0.1026262566447258 9297
1784237668204 0.26895517110824585 9298
1784237668216 0.2391221523284912 9299
1784237668229 0.2610926330089569 9300
1784237668241 0.20491139590740204 9301
1784237668255 0.0663578137755394 9302
1784237668267 0.24550755321979523 9303
1784237668279 0.08404088765382767 9304
1784237668291 0.11154200881719589 9305
1784237668304 0.1587391197681427 9306
1784237668315 0.5581205487251282 9307
1784237668326 0.15565125644207 9308
1784237668337 0.19449280202388763 9309
1784237668348 0.576144278049469 9310
1784237668361 0.2919750213623047 9311
1784237668377 0.4368404448032379 9312
1784237668391 0.5811456441879272 9313
1784237668407 0.38532429933547974 9314
1784237668421 0.31787747144699097 9315
1784237668436 0.2198255956172943 9316
1784237668451 0.44246405363082886 9317
1784237668464 0.3631082773208618 9318
1784237668475 0.36649587750434875 9319
1784237668486 0.31609833240509033 9320
1784237668497 0.30771514773368835 9321
1784237668511 0.31972646713256836 9322
1784237668524 0.11928454041481018 9323
1784237668537 0.40564286708831787 9324
1784237668548 0.1888325959444046 9325
1784237668561 0.2680630385875702 9326
1784237668573 0.6709872484207153 9327
1784237668586 0.25835686922073364 9328
1784237668598 0.29160818457603455 9329
1784237668611 0.08055831491947174 9330
1784237668623 0.2599186897277832 9331
1784237668635 0.19439853727817535 9332
1784237668646 0.18632975220680237 9333
1784237668658 0.5237998962402344 9334
1784237668671 0.1869126409292221 9335
1784237668683 0.33702605962753296 9336
1784237668695 0.1470903903245926 9337
1784237668708 0.14899186789989471 9338
1784237668721 0.19114114344120026 9339
1784237668733 0.1588847041130066 9340
1784237668745 0.34828418493270874 9341
1784237668756 0.3699004054069519 9342
1784237668770 0.41382506489753723 9343
1784237668782 0.29856663942337036 9344
1784237668795 0.28607177734375 9345
1784237668807 0.3924722373485565 9346
1784237668820 0.47041553258895874 9347
1784237668832 0.5202161073684692 9348
1784237668843 0.14692097902297974 9349
1784237668855 0.44208523631095886 9350
1784237668866 0.1439453363418579 9351
1784237668879 0.5585514307022095 9352
1784237668892 0.7739943265914917 9353
1784237668906 0.18089792132377625 9354
1784237668918 0.41786226630210876 9355
1784237668930 0.35426685214042664 9356
1784237668942 0.28670766949653625 9357
1784237668954 0.26085206866264343 9358
1784237668966 0.6550493240356445 9359
1784237668979 0.26206520199775696 9360
1784237668993 0.1618688553571701 9361
1784237669005 0.19068168103694916 9362
1784237669017 0.1645030528306961 9363
1784237669030 0.3442452549934387 9364
1784237669042 0.4191584885120392 9365
1784237669060 0.27260690927505493 9366
1784237669072 1.0686671733856201 9367
1784237669085 0.14984634518623352 9368
1784237669096 0.37702351808547974 9369
1784237669108 0.34263187646865845 9370
1784237669120 0.3764091730117798 9371
1784237669131 0.10943025350570679 9372
1784237669142 0.17344972491264343 9373
1784237669154 0.3437212407588959 9374
