1784237434845 130.8914794921875 0
1784237434866 117.73731994628906 1
1784237434883 63.661956787109375 2
1784237434899 83.04623413085938 3
1784237434916 67.23109436035156 4
1784237434935 81.396484375 5
1784237434951 77.7081298828125 6
1784237434970 55.17183303833008 7
1784237434987 43.27083206176758 8
1784237435004 33.211055755615234 9
1784237435022 38.41151428222656 10
1784237435039 30.613054275512695 11
1784237435056 30.96845817565918 12
1784237435073 20.980022430419922 13
1784237435091 27.714950561523438 14
1784237435108 27.66974639892578 15
1784237435127 27.50313949584961 16
1784237435143 13.778871536254883 17
1784237435161 17.995712280273438 18
1784237435178 10.344223976135254 19
1784237435196 16.007617950439453 20
1784237435215 12.747668266296387 21
1784237435238 11.825279235839844 22
1784237435257 8.94663143157959 23
1784237435273 7.084692001342773 24
1784237435290 6.190457344055176 25
1784237435308 5.20770263671875 26
1784237435326 7.023982524871826 27
1784237435342 6.3061842918396 28
1784237435359 3.419123411178589 29
1784237435376 3.923720359802246 30
1784237435393 4.20426082611084 31
1784237435411 3.3776752948760986 32
1784237435429 3.19856595993042 33
1784237435447 3.0882413387298584 34
1784237435464 2.6257922649383545 35
1784237435481 2.7207531929016113 36
1784237435497 2.874420404434204 37
1784237435514 2.4426825046539307 38
1784237435530 2.300462007522583 39
1784237435549 2.4765067100524902 40
1784237435565 2.392426013946533 41
1784237435583 2.251812219619751 42
1784237435600 2.255460023880005 43
1784237435617 2.2873525619506836 44
1784237435632 2.385192394256592 45
1784237435656 2.225221872329712 46
1784237435673 2.213043451309204 47
1784237435691 2.2648210525512695 48
1784237435709 2.2466654777526855 49
1784237435725 2.271505117416382 50
1784237435740 2.270369052886963 51
1784237435757 2.299955368041992 52
1784237435774 2.275813102722168 53
1784237435790 2.2802071571350098 54
1784237435807 2.303449869155884 55
1784237435822 2.2933013439178467 56
1784237435838 2.2821478843688965 57
1784237435855 2.2897939682006836 58
1784237435873 2.2999155521392822 59
1784237435889 2.272071361541748 60
1784237435906 2.2854301929473877 61
1784237435924 2.2914953231811523 62
1784237435941 2.2867164611816406 63
1784237435959 2.276334047317505 64
1784237435976 2.299532413482666 65
1784237435991 2.2899882793426514 66
1784237436007 2.296332597732544 67
1784237436024 2.278285026550293 68
1784237436040 2.2929461002349854 69
1784237436057 2.289820909500122 70
1784237436073 2.2853665351867676 71
1784237436090 2.2715957164764404 72
1784237436107 2.294332504272461 73
1784237436123 2.2947802543640137 74
1784237436140 2.281930923461914 75
1784237436155 2.274595022201538 76
1784237436172 2.27433443069458 77
1784237436189 2.287733316421509 78
1784237436206 2.283362627029419 79
1784237436224 2.2815303802490234 80
1784237436240 2.259570598602295 81
1784237436257 2.271512508392334 82
1784237436273 2.2689614295959473 83
1784237436289 2.251607656478882 84
1784237436305 2.2777509689331055 85
1784237436322 2.2774767875671387 86
1784237436338 2.256760358810425 87
1784237436355 2.3077547550201416 88
1784237436371 2.2547361850738525 89
1784237436388 2.2879080772399902 90
1784237436406 2.2596435546875 91
1784237436423 2.3062994480133057 92
1784237436441 2.2426140308380127 93
1784237436457 2.2651398181915283 94
1784237436476 2.264984369277954 95
1784237436493 2.2159671783447266 96
1784237436510 2.2791361808776855 97
1784237436527 2.299802303314209 98
1784237436542 2.2276406288146973 99
1784237436558 2.278688669204712 100
1784237436576 2.265540838241577 101
1784237436593 2.235267400741577 102
1784237436610 2.251800060272217 103
1784237436628 2.2937684059143066 104
1784237436651 2.256653308868408 105
1784237436670 2.225135326385498 106
1784237436690 2.2532405853271484 107
1784237436708 2.2545886039733887 108
1784237436729 2.2161736488342285 109
1784237436745 2.2217295169830322 110
1784237436762 2.2283713817596436 111
1784237436780 2.2518324851989746 112
1784237436797 2.2863056659698486 113
1784237436813 2.2469983100891113 114
1784237436831 2.260680913925171 115
1784237436847 2.2143349647521973 116
1784237436862 2.2582976818084717 117
1784237436880 2.1384570598602295 118
1784237436897 2.2535200119018555 119
1784237436913 2.2097489833831787 120
1784237436930 2.224062442779541 121
1784237436948 2.2259464263916016 122
1784237436964 2.2185959815979004 123
1784237436982 2.232365369796753 124
1784237436998 2.2051749229431152 125
1784237437016 2.138557195663452 126
1784237437033 2.266547918319702 127
1784237437050 2.2072644233703613 128
1784237437067 2.290559768676758 129
1784237437082 2.1787171363830566 130
1784237437098 2.219724655151367 131
1784237437114 2.263413906097412 132
1784237437131 2.1152329444885254 133
1784237437147 2.219391345977783 134
1784237437164 2.2804861068725586 135
1784237437180 2.2939529418945312 136
1784237437196 2.1802995204925537 137
1784237437215 2.125333309173584 138
1784237437232 2.24419903755188 139
1784237437248 2.140439033508301 140
1784237437263 2.1163277626037598 141
1784237437280 2.12276029586792 142
1784237437295 2.246427536010742 143
1784237437313 2.24458384513855 144
1784237437329 2.2248194217681885 145
1784237437345 2.092890739440918 146
1784237437363 2.108830451965332 147
1784237437380 2.1148533821105957 148
1784237437397 2.1510565280914307 149
1784237437413 2.3126044273376465 150
1784237437430 2.082170248031616 151
1784237437449 2.2708451747894287 152
1784237437468 2.0637736320495605 153
1784237437486 2.1958444118499756 154
1784237437505 2.229879856109619 155
1784237437521 2.1484742164611816 156
1784237437538 2.2454307079315186 157
1784237437555 2.080601692199707 158
1784237437572 2.2026562690734863 159
1784237437590 2.1261346340179443 160
1784237437609 2.194345235824585 161
1784237437628 2.162440538406372 162
1784237437645 2.230905532836914 163
1784237437663 2.1708991527557373 164
1784237437680 2.209244966506958 165
1784237437697 2.203512668609619 166
1784237437714 2.185335636138916 167
1784237437730 2.1684529781341553 168
1784237437751 2.2702813148498535 169
1784237437768 2.210174560546875 170
1784237437785 2.271793842315674 171
1784237437802 2.173520088195801 172
1784237437819 2.093000888824463 173
1784237437835 2.2168965339660645 174
1784237437853 2.18339467048645 175
1784237437872 2.2221508026123047 176
1784237437889 2.2103090286254883 177
1784237437907 2.1366398334503174 178
1784237437922 2.154454469680786 179
1784237437939 2.25451922416687 180
1784237437956 2.2440006732940674 181
1784237437973 2.1999223232269287 182
1784237437991 2.185119390487671 183
1784237438009 2.1628472805023193 184
1784237438027 2.085785388946533 185
1784237438044 2.180933713912964 186
1784237438061 2.173952579498291 187
1784237438078 2.2623631954193115 188
1784237438094 2.1194183826446533 189
1784237438112 2.2329065799713135 190
1784237438128 1.964076042175293 191
1784237438144 2.1791670322418213 192
1784237438161 2.174250841140747 193
1784237438176 2.1545205116271973 194
1784237438193 2.0869686603546143 195
1784237438210 2.1478395462036133 196
1784237438226 2.1445107460021973 197
1784237438242 2.2113943099975586 198
1784237438261 2.1864709854125977 199
1784237438277 2.181072235107422 200
1784237438294 2.1665127277374268 201
1784237438312 1.9320441484451294 202
1784237438327 2.225325584411621 203
1784237438343 2.129323720932007 204
1784237438360 2.089792013168335 205
1784237438378 2.122978448867798 206
1784237438394 2.0863187313079834 207
1784237438410 2.193730354309082 208
1784237438428 2.157393455505371 209
1784237438445 2.112069606781006 210
1784237438461 2.0258803367614746 211
1784237438478 2.1374807357788086 212
1784237438494 2.236825466156006 213
1784237438511 2.1346848011016846 214
1784237438529 2.147516965866089 215
1784237438544 2.142533779144287 216
1784237438561 2.1173837184906006 217
1784237438578 2.1119587421417236 218
1784237438594 2.19055438041687 219
1784237438611 2.1393866539001465 220
1784237438628 2.152940034866333 221
1784237438645 2.1548714637756348 222
1784237438664 2.3062455654144287 223
1784237438681 2.158451557159424 224
1784237438698 1.974280595779419 225
1784237438715 2.100802183151245 226
1784237438732 2.1199862957000732 227
1784237438749 2.090641498565674 228
1784237438768 2.151831865310669 229
1784237438785 2.1387131214141846 230
1784237438801 2.1631176471710205 231
1784237438817 2.0936505794525146 232
1784237438834 2.0020296573638916 233
1784237438855 2.128723382949829 234
1784237438876 2.0846049785614014 235
1784237438894 1.9949572086334229 236
1784237438916 2.1466801166534424 237
1784237438934 2.024216413497925 238
1784237438953 2.021338701248169 239
1784237438972 2.1028878688812256 240
1784237438988 2.075335741043091 241
1784237439006 2.2966537475585938 242
1784237439022 2.071648359298706 243
1784237439039 2.1103463172912598 244
1784237439055 2.1011579036712646 245
1784237439072 2.1220099925994873 246
1784237439090 2.1536731719970703 247
1784237439108 2.0766079425811768 248
1784237439124 2.1260018348693848 249
1784237439140 2.2213821411132812 250
1784237439157 1.9886125326156616 251
1784237439173 2.063976287841797 252
1784237439190 2.073896884918213 253
1784237439210 2.0293731689453125 254
1784237439226 2.088259696960449 255
1784237439244 2.2324843406677246 256
1784237439261 1.9486768245697021 257
1784237439278 2.08675217628479 258
1784237439295 2.063737154006958 259
1784237439312 2.0835838317871094 260
1784237439328 2.1224117279052734 261
1784237439344 2.024670362472534 262
1784237439361 1.9853769540786743 263
1784237439379 2.0499086380004883 264
1784237439397 1.9587055444717407 265
1784237439414 2.1389636993408203 266
1784237439432 1.8896478414535522 267
1784237439448 1.9613938331604004 268
1784237439466 2.0044867992401123 269
1784237439484 2.0704896450042725 270
1784237439501 1.929494023323059 271
1784237439517 2.0831592082977295 272
1784237439535 2.0567760467529297 273
1784237439552 1.8957619667053223 274
1784237439568 2.1298794746398926 275
1784237439585 1.9304150342941284 276
1784237439603 1.9793809652328491 277
1784237439619 2.1229121685028076 278
1784237439635 1.911800503730774 279
1784237439653 2.0211660861968994 280
1784237439670 2.1402862071990967 281
1784237439687 2.0469963550567627 282
1784237439703 2.0048937797546387 283
1784237439720 2.02339506149292 284
1784237439737 2.0691614151000977 285
1784237439754 2.0422394275665283 286
1784237439771 2.0751101970672607 287
1784237439788 2.1106655597686768 288
1784237439805 2.1440794467926025 289
1784237439822 2.049130439758301 290
1784237439839 2.1538655757904053 291
1784237439855 2.087533712387085 292
1784237439871 1.9323855638504028 293
1784237439887 1.9010379314422607 294
1784237439904 2.0565173625946045 295
1784237439921 2.1175875663757324 296
1784237439937 2.135657787322998 297
1784237439953 1.9401224851608276 298
1784237439972 2.002753496170044 299
1784237439989 2.0590875148773193 300
1784237440006 2.162956714630127 301
1784237440022 2.0967283248901367 302
1784237440040 1.9964888095855713 303
1784237440057 2.0154943466186523 304
1784237440073 2.0139098167419434 305
1784237440090 2.1269338130950928 306
1784237440106 1.985548973083496 307
1784237440123 2.065155267715454 308
1784237440140 1.9632948637008667 309
1784237440156 1.910580039024353 310
1784237440172 1.9899061918258667 311
1784237440189 1.8895987272262573 312
1784237440207 1.9861477613449097 313
1784237440223 2.2230613231658936 314
1784237440240 2.108690023422241 315
1784237440257 1.899540901184082 316
1784237440274 1.972426176071167 317
1784237440292 1.9045305252075195 318
1784237440308 1.959723949432373 319
1784237440325 2.0715255737304688 320
1784237440342 2.2499802112579346 321
1784237440360 2.154123067855835 322
1784237440377 2.0312516689300537 323
1784237440395 1.899954080581665 324
1784237440413 1.9604936838150024 325
1784237440431 1.8653899431228638 326
1784237440449 1.8933049440383911 327
1784237440467 2.0063483715057373 328
1784237440485 1.7672313451766968 329
1784237440503 2.071673631668091 330
1784237440520 1.975852608680725 331
1784237440539 2.0539023876190186 332
1784237440556 2.036402940750122 333
1784237440573 2.051471710205078 334
1784237440589 2.117152452468872 335
1784237440606 2.0772757530212402 336
1784237440622 1.9240930080413818 337
1784237440638 2.0304698944091797 338
1784237440657 2.0458405017852783 339
1784237440674 1.9612622261047363 340
1784237440690 2.0218334197998047 341
1784237440708 1.9116778373718262 342
1784237440724 2.107236385345459 343
1784237440740 2.225994348526001 344
1784237440757 2.0226950645446777 345
1784237440773 1.9466288089752197 346
1784237440793 2.0796995162963867 347
1784237440811 1.969077229499817 348
1784237440826 1.7040661573410034 349
1784237440844 2.0413832664489746 350
1784237440863 2.092134475708008 351
1784237440879 1.949537992477417 352
1784237440896 2.053828001022339 353
1784237440913 2.178614616394043 354
1784237440928 2.040083885192871 355
1784237440945 2.1315488815307617 356
1784237440962 1.8125510215759277 357
1784237440979 2.026998519897461 358
1784237440996 2.0867249965667725 359
1784237441014 2.146167278289795 360
1784237441033 2.0667481422424316 361
1784237441050 2.095737934112549 362
1784237441069 2.0536139011383057 363
1784237441090 1.983580231666565 364
1784237441108 2.1093854904174805 365
1784237441126 2.024796962738037 366
1784237441145 2.0408718585968018 367
1784237441166 1.9601510763168335 368
1784237441182 2.046821117401123 369
1784237441199 2.0128748416900635 370
1784237441214 2.109642505645752 371
1784237441232 1.9864717721939087 372
1784237441248 2.0393240451812744 373
1784237441265 2.027789831161499 374
1784237441282 2.0119330883026123 375
1784237441300 2.0864100456237793 376
1784237441316 1.8693232536315918 377
1784237441332 1.983981966972351 378
1784237441350 1.8784904479980469 379
1784237441366 2.020861864089966 380
1784237441383 1.8713383674621582 381
1784237441402 1.9879810810089111 382
1784237441417 1.9857916831970215 383
1784237441435 1.9795047044754028 384
1784237441452 1.9845534563064575 385
1784237441469 2.0230154991149902 386
1784237441485 1.84363853931427 387
1784237441502 1.9786251783370972 388
1784237441517 1.9982357025146484 389
1784237441533 1.8606641292572021 390
1784237441549 1.971928596496582 391
1784237441567 1.8686450719833374 392
1784237441583 1.9580097198486328 393
1784237441601 1.899073839187622 394
1784237441618 1.960564136505127 395
1784237441633 1.9540987014770508 396
1784237441651 1.965098261833191 397
1784237441669 2.1145262718200684 398
1784237441687 1.9208159446716309 399
1784237441704 2.0242996215820312 400
1784237441720 1.830899953842163 401
1784237441736 2.0637481212615967 402
1784237441752 1.8931496143341064 403
1784237441770 1.8705165386199951 404
1784237441787 2.2295658588409424 405
1784237441804 1.8780423402786255 406
1784237441823 1.854501724243164 407
1784237441839 1.9090123176574707 408
1784237441857 2.185354232788086 409
1784237441873 1.8064889907836914 410
1784237441890 1.7863739728927612 411
1784237441907 1.7645009756088257 412
1784237441925 2.0841493606567383 413
1784237441941 2.0576794147491455 414
1784237441958 1.7818416357040405 415
1784237441973 1.9482589960098267 416
1784237441990 1.829509973526001 417
1784237442006 1.7938189506530762 418
1784237442024 1.939418911933899 419
1784237442040 1.8339182138442993 420
1784237442056 1.9750343561172485 421
1784237442073 1.888305425643921 422
1784237442089 1.8142398595809937 423
1784237442104 1.7516814470291138 424
1784237442122 1.9239002466201782 425
1784237442138 1.880863904953003 426
1784237442156 1.7805193662643433 427
1784237442174 1.8293800354003906 428
1784237442190 1.6989485025405884 429
1784237442207 1.8314913511276245 430
1784237442224 1.594212532043457 431
1784237442241 1.8785313367843628 432
1784237442256 2.04418683052063 433
1784237442274 1.8054635524749756 434
1784237442291 1.7236653566360474 435
1784237442307 1.817268967628479 436
1784237442323 1.7196599245071411 437
1784237442339 1.8127973079681396 438
1784237442356 1.7255752086639404 439
1784237442374 1.8689826726913452 440
1784237442391 1.6830713748931885 441
1784237442407 1.9607880115509033 442
1784237442423 1.8071550130844116 443
1784237442439 1.8401371240615845 444
1784237442455 1.9573076963424683 445
1784237442472 1.7830466032028198 446
1784237442490 1.8218395709991455 447
1784237442506 1.81369149684906 448
1784237442525 1.9124113321304321 449
1784237442542 1.591810941696167 450
1784237442558 1.6098737716674805 451
1784237442574 1.6457301378250122 452
1784237442591 1.8188519477844238 453
1784237442607 1.6586908102035522 454
1784237442623 1.7205893993377686 455
1784237442639 1.7412824630737305 456
1784237442656 1.9792672395706177 457
1784237442673 1.8374935388565063 458
1784237442690 1.7091541290283203 459
1784237442706 1.8800368309020996 460
1784237442722 1.7055623531341553 461
1784237442740 1.8539094924926758 462
1784237442756 1.5672165155410767 463
1784237442774 1.5959352254867554 464
1784237442789 1.64745032787323 465
1784237442805 1.6759448051452637 466
1784237442821 1.9042856693267822 467
1784237442838 1.7117371559143066 468
1784237442855 1.6256557703018188 469
1784237442872 1.5314401388168335 470
1784237442888 1.4213942289352417 471
1784237442906 1.5784902572631836 472
1784237442925 1.9096779823303223 473
1784237442944 1.8480501174926758 474
1784237442960 1.7821590900421143 475
1784237442975 1.797703742980957 476
1784237442992 1.7948087453842163 477
1784237443009 1.5207180976867676 478
1784237443024 1.581371545791626 479
1784237443041 1.5107253789901733 480
1784237443058 1.7177995443344116 481
1784237443074 1.573979139328003 482
1784237443091 1.7888575792312622 483
1784237443107 1.6723350286483765 484
1784237443123 1.655135154724121 485
1784237443140 1.5552963018417358 486
1784237443156 1.5617496967315674 487
1784237443173 1.7439593076705933 488
1784237443191 1.744131088256836 489
1784237443209 1.8133080005645752 490
1784237443225 1.581432580947876 491
1784237443241 1.5270767211914062 492
1784237443258 1.4511164426803589 493
1784237443276 1.581752061843872 494
1784237443296 1.6238460540771484 495
1784237443317 1.747825026512146 496
1784237443337 1.408216118812561 497
1784237443358 1.8044898509979248 498
1784237443377 1.4903457164764404 499
1784237443394 1.467056155204773 500
1784237443412 1.5290411710739136 501
1784237443428 1.4289193153381348 502
1784237443446 1.2864044904708862 503
1784237443464 1.4780793190002441 504
1784237443480 1.732804298400879 505
1784237443500 1.7840020656585693 506
1784237443517 1.69010591506958 507
1784237443533 1.6064670085906982 508
1784237443552 1.540618896484375 509
1784237443570 1.4569039344787598 510
1784237443588 1.4333471059799194 511
1784237443605 1.4210284948349 512
1784237443622 1.5617570877075195 513
1784237443639 1.5813302993774414 514
1784237443658 1.4982240200042725 515
1784237443674 1.3984732627868652 516
1784237443691 1.3324438333511353 517
1784237443708 1.8430736064910889 518
1784237443726 1.5851699113845825 519
1784237443743 1.2305989265441895 520
1784237443760 1.5149638652801514 521
1784237443778 1.3789128065109253 522
1784237443795 1.5765657424926758 523
1784237443813 1.6493436098098755 524
1784237443828 1.279086947441101 525
1784237443846 1.5693565607070923 526
1784237443864 1.4191794395446777 527
1784237443881 1.7446789741516113 528
1784237443898 1.4851709604263306 529
1784237443914 1.6053416728973389 530
1784237443931 1.4803444147109985 531
1784237443949 1.3743282556533813 532
1784237443966 1.3976693153381348 533
1784237443983 1.5247175693511963 534
1784237444001 1.4887244701385498 535
1784237444017 1.4061899185180664 536
1784237444034 1.2060819864273071 537
1784237444050 1.4649600982666016 538
1784237444068 1.421058177947998 539
1784237444086 1.2332217693328857 540
1784237444105 1.4794421195983887 541
1784237444122 1.5932024717330933 542
1784237444140 1.288196086883545 543
1784237444157 1.6455652713775635 544
1784237444174 1.365375280380249 545
1784237444191 1.3540908098220825 546
1784237444207 1.4806411266326904 547
1784237444224 1.317217230796814 548
1784237444241 1.4517490863800049 549
1784237444259 1.5447821617126465 550
1784237444276 1.7833304405212402 551
1784237444292 1.4243953227996826 552
1784237444310 1.315402865409851 553
1784237444326 1.1391217708587646 554
1784237444344 1.2727859020233154 555
1784237444361 1.2691336870193481 556
1784237444378 1.2923139333724976 557
1784237444395 1.4343236684799194 558
1784237444414 1.6372333765029907 559
1784237444431 1.5425043106079102 560
1784237444450 1.3759328126907349 561
1784237444467 1.256055235862732 562
1784237444484 1.48381507396698 563
1784237444500 1.487350344657898 564
1784237444515 1.328589916229248 565
1784237444532 1.432714819908142 566
1784237444549 1.680909276008606 567
1784237444566 1.322160005569458 568
1784237444581 1.403576374053955 569
1784237444599 1.1740902662277222 570
1784237444616 1.480847716331482 571
1784237444632 1.6832619905471802 572
1784237444650 1.3420684337615967 573
1784237444668 1.4594250917434692 574
1784237444685 1.7281404733657837 575
1784237444701 1.3152817487716675 576
1784237444718 1.4543178081512451 577
1784237444734 1.5732228755950928 578
1784237444750 1.6188523769378662 579
1784237444768 1.3692469596862793 580
1784237444785 1.2985484600067139 581
1784237444801 1.3603607416152954 582
1784237444819 1.459043025970459 583
1784237444835 1.0589182376861572 584
1784237444851 1.738930583000183 585
1784237444869 1.3377454280853271 586
1784237444887 1.3913503885269165 587
1784237444903 1.229132890701294 588
1784237444920 1.2685644626617432 589
1784237444937 1.4108381271362305 590
1784237444953 1.4357656240463257 591
1784237444971 1.5102320909500122 592
1784237444988 1.5117720365524292 593
1784237445004 1.2691386938095093 594
1784237445022 1.4549845457077026 595
1784237445038 1.483864665031433 596
1784237445054 1.379439353942871 597
1784237445070 1.0827252864837646 598
1784237445088 1.1862634420394897 599
1784237445104 1.2479336261749268 600
1784237445121 1.5622284412384033 601
1784237445137 1.520426630973816 602
1784237445155 1.439261555671692 603
1784237445172 1.2594014406204224 604
1784237445188 1.082068681716919 605
1784237445207 1.1684106588363647 606
1784237445226 1.4609917402267456 607
1784237445256 1.3250082731246948 608
1784237445273 1.6215640306472778 609
1784237445289 1.4631975889205933 610
1784237445306 1.1971560716629028 611
1784237445322 1.232608437538147 612
1784237445338 1.3339848518371582 613
1784237445355 1.0413957834243774 614
1784237445370 1.3955243825912476 615
1784237445387 1.8376747369766235 616
1784237445404 1.4025413990020752 617
1784237445421 1.5621989965438843 618
1784237445438 1.2992461919784546 619
1784237445454 1.1615508794784546 620
1784237445470 1.3394826650619507 621
1784237445487 1.240638256072998 622
1784237445505 1.46085524559021 623
1784237445525 1.283697247505188 624
1784237445545 1.0576701164245605 625
1784237445565 1.4140161275863647 626
1784237445584 1.5469739437103271 627
1784237445602 1.2517058849334717 628
1784237445621 1.01376211643219 629
1784237445638 1.427419900894165 630
1784237445656 1.3675793409347534 631
1784237445673 1.3190633058547974 632
1784237445690 1.108092188835144 633
1784237445708 1.3505594730377197 634
1784237445726 1.4370042085647583 635
1784237445743 1.3564167022705078 636
1784237445760 1.3209840059280396 637
1784237445778 1.3133512735366821 638
1784237445796 1.3372721672058105 639
1784237445814 1.4160479307174683 640
1784237445832 1.4224048852920532 641
1784237445849 1.284688115119934 642
1784237445867 1.1905092000961304 643
1784237445885 1.1631463766098022 644
1784237445904 1.2149094343185425 645
1784237445921 1.149511694908142 646
1784237445937 1.4766775369644165 647
1784237445955 1.4148540496826172 648
1784237445972 1.191125750541687 649
1784237445987 1.0932319164276123 650
1784237446004 1.024474024772644 651
1784237446020 1.0207853317260742 652
1784237446037 1.3012701272964478 653
1784237446054 1.0637930631637573 654
1784237446070 1.2865349054336548 655
1784237446087 1.085707426071167 656
1784237446104 0.9156165719032288 657
1784237446121 1.0634945631027222 658
1784237446137 0.8733717203140259 659
1784237446154 1.2065293788909912 660
1784237446174 1.0500212907791138 661
1784237446192 1.1541496515274048 662
1784237446210 1.3930221796035767 663
1784237446226 1.0454517602920532 664
1784237446243 1.321625828742981 665
1784237446259 1.2263160943984985 666
1784237446276 0.9682632088661194 667
1784237446294 1.1641048192977905 668
1784237446310 1.143171787261963 669
1784237446326 1.0233221054077148 670
1784237446344 1.1393934488296509 671
1784237446361 1.2134361267089844 672
1784237446378 1.3727470636367798 673
1784237446395 1.099628210067749 674
1784237446410 1.3159083127975464 675
1784237446428 1.2006245851516724 676
1784237446445 1.1244932413101196 677
1784237446462 1.1802406311035156 678
1784237446478 1.3435851335525513 679
1784237446494 1.1708146333694458 680
1784237446511 1.1941839456558228 681
1784237446528 1.2196376323699951 682
1784237446544 1.3793251514434814 683
1784237446562 1.3729901313781738 684
1784237446578 1.2377463579177856 685
1784237446595 1.2364660501480103 686
1784237446611 1.0684739351272583 687
1784237446628 1.269373893737793 688
1784237446646 1.029615879058838 689
1784237446662 1.2065808773040771 690
1784237446681 1.0728724002838135 691
1784237446697 1.1665923595428467 692
1784237446714 1.4544910192489624 693
1784237446731 1.165795922279358 694
1784237446748 0.969657838344574 695
1784237446765 1.2976300716400146 696
1784237446782 1.17791748046875 697
1784237446800 0.9477349519729614 698
1784237446817 1.2153209447860718 699
1784237446833 1.2648814916610718 700
1784237446849 1.3452260494232178 701
1784237446866 0.995781660079956 702
1784237446883 0.9788585305213928 703
1784237446901 0.9464548826217651 704
1784237446918 0.9976509809494019 705
1784237446934 1.1031817197799683 706
1784237446952 1.017827033996582 707
1784237446970 1.3381762504577637 708
1784237446987 0.9824334979057312 709
1784237447005 1.0940595865249634 710
1784237447022 1.2007474899291992 711
1784237447040 1.008773922920227 712
1784237447059 1.2793599367141724 713
1784237447075 1.2069817781448364 714
1784237447093 1.156859278678894 715
1784237447110 0.806827187538147 716
1784237447130 1.0286089181900024 717
1784237447147 0.9532012939453125 718
1784237447162 1.1560331583023071 719
1784237447178 0.861631453037262 720
1784237447195 1.229984998703003 721
1784237447212 0.8693065643310547 722
1784237447228 0.8257123827934265 723
1784237447245 1.03689706325531 724
1784237447261 0.8425514101982117 725
1784237447278 1.2364121675491333 726
1784237447296 1.2137106657028198 727
1784237447313 1.1141436100006104 728
1784237447328 0.9243742227554321 729
1784237447345 0.9850785732269287 730
1784237447361 0.8283411860466003 731
1784237447378 1.1542495489120483 732
1784237447395 1.005077600479126 733
1784237447413 0.9678121209144592 734
1784237447430 1.071759819984436 735
1784237447448 0.9832208156585693 736
1784237447466 1.0852268934249878 737
1784237447482 0.608051598072052 738
1784237447499 1.165496587753296 739
1784237447515 1.0385706424713135 740
1784237447531 1.0136348009109497 741
1784237447548 1.109505295753479 742
1784237447567 0.8185549974441528 743
1784237447585 0.9833793044090271 744
1784237447602 0.7093135118484497 745
1784237447618 0.9435901641845703 746
1784237447635 0.7428504228591919 747
1784237447654 0.9562923908233643 748
1784237447672 0.7951638698577881 749
1784237447690 0.795597493648529 750
1784237447707 0.9897761940956116 751
1784237447723 0.9886974692344666 752
1784237447742 1.036191463470459 753
1784237447764 0.9107721447944641 754
1784237447784 0.8111451268196106 755
1784237447803 0.7828883528709412 756
1784237447821 0.7638847231864929 757
1784237447838 0.8131341934204102 758
1784237447855 0.5438011884689331 759
1784237447873 0.7736660242080688 760
1784237447889 0.8406670093536377 761
1784237447906 1.3476135730743408 762
1784237447922 0.653643012046814 763
1784237447939 0.8095810413360596 764
1784237447955 0.6091876029968262 765
1784237447972 0.6484648585319519 766
1784237447989 0.566628098487854 767
1784237448005 0.797120213508606 768
1784237448021 0.9367667436599731 769
1784237448038 0.9792565703392029 770
1784237448054 0.8204007148742676 771
1784237448072 0.6244732737541199 772
1784237448089 0.8194000124931335 773
1784237448105 0.8342316150665283 774
1784237448122 0.6297198534011841 775
1784237448139 1.1023119688034058 776
1784237448155 0.7154569625854492 777
1784237448172 0.5342109799385071 778
1784237448190 0.8851842880249023 779
1784237448214 0.5443556308746338 780
1784237448229 0.6415748596191406 781
1784237448245 0.686016321182251 782
1784237448261 0.6156537532806396 783
1784237448278 0.8322038650512695 784
1784237448294 0.5351999998092651 785
1784237448311 0.6824570298194885 786
1784237448329 0.8204842805862427 787
1784237448345 0.6621633172035217 788
1784237448363 0.6797544956207275 789
1784237448380 0.5501899719238281 790
1784237448398 0.6060546040534973 791
1784237448414 0.6777003407478333 792
1784237448430 1.1101036071777344 793
1784237448446 0.7509196400642395 794
1784237448462 0.757411777973175 795
1784237448480 0.5198752880096436 796
1784237448497 0.7676056027412415 797
1784237448515 0.40487250685691833 798
1784237448532 0.7485471963882446 799
1784237448548 0.5828323364257812 800
1784237448566 0.48540037870407104 801
1784237448584 0.629136323928833 802
1784237448601 0.6688580513000488 803
1784237448619 0.6549525856971741 804
1784237448636 0.43622463941574097 805
1784237448653 0.7014865279197693 806
1784237448670 0.43410980701446533 807
1784237448688 0.6125251054763794 808
1784237448705 0.5153849124908447 809
1784237448722 0.4994777739048004 810
1784237448739 0.9391450881958008 811
1784237448756 0.7157094478607178 812
1784237448772 0.6958876848220825 813
1784237448790 0.8540984988212585 814
1784237448808 0.7956430315971375 815
1784237448828 0.6372942328453064 816
1784237448846 0.4772633910179138 817
1784237448864 0.7080148458480835 818
1784237448880 0.67457115650177 819
1784237448899 0.5656720995903015 820
1784237448916 1.333179235458374 821
1784237448933 0.769254207611084 822
1784237448950 0.5321759581565857 823
1784237448967 0.5392816066741943 824
1784237448983 0.72565758228302 825
1784237449000 0.8890426158905029 826
1784237449016 0.5449424386024475 827
1784237449032 0.6060142517089844 828
1784237449048 0.5483728647232056 829
1784237449064 0.7218424677848816 830
1784237449081 0.6136266589164734 831
1784237449097 0.8645264506340027 832
1784237449112 0.6420508623123169 833
1784237449130 0.4130779504776001 834
1784237449147 0.5923019051551819 835
1784237449163 0.5388787388801575 836
1784237449179 0.5166338086128235 837
1784237449195 0.5480061769485474 838
1784237449212 0.5636215209960938 839
1784237449229 0.5226895213127136 840
1784237449245 0.7283583283424377 841
1784237449262 0.701286792755127 842
1784237449278 0.7286226749420166 843
1784237449294 0.7726354598999023 844
1784237449312 0.45457130670547485 845
1784237449328 0.5370418429374695 846
1784237449344 0.612174928188324 847
1784237449361 0.6156310439109802 848
1784237449378 0.5617648363113403 849
1784237449396 0.47620177268981934 850
1784237449412 0.6296709179878235 851
1784237449496 0.7430043816566467 852
1784237449522 0.48317164182662964 853
1784237449539 0.7494540810585022 854
1784237449556 0.622658908367157 855
1784237449575 0.5758410692214966 856
1784237449592 0.7267727255821228 857
1784237449609 0.6369943022727966 858
1784237449626 0.5928118824958801 859
1784237449643 0.5429019331932068 860
1784237449660 0.4646573066711426 861
1784237449677 0.42548197507858276 862
1784237449694 0.5757246017456055 863
1784237449714 0.4730231761932373 864
1784237449730 0.4301357865333557 865
1784237449747 0.6636258363723755 866
1784237449764 0.4750376343727112 867
1784237449781 0.5297902226448059 868
1784237449798 0.5539684891700745 869
1784237449815 0.5876528024673462 870
1784237449831 0.9345762729644775 871
1784237449848 0.6188178062438965 872
1784237449865 0.5076643824577332 873
1784237449882 0.6127617955207825 874
1784237449900 0.7359259128570557 875
1784237449917 0.7447291016578674 876
1784237449933 0.7190841436386108 877
1784237449951 0.9283449649810791 878
1784237449970 0.7489649057388306 879
1784237449989 0.6433228850364685 880
1784237450007 0.6597289443016052 881
1784237450027 0.6432934999465942 882
1784237450044 0.6195746660232544 883
1784237450064 0.8210039734840393 884
1784237450080 0.5887373685836792 885
1784237450098 0.6828129291534424 886
1784237450113 0.4667229652404785 887
1784237450129 0.8725526332855225 888
1784237450148 0.4734145998954773 889
1784237450166 0.4122512638568878 890
1784237450182 0.5884497761726379 891
1784237450200 0.3988182544708252 892
1784237450216 0.42685848474502563 893
1784237450232 0.6500009298324585 894
1784237450248 0.4234296381473541 895
1784237450265 0.47671306133270264 896
1784237450281 0.4414622187614441 897
1784237450297 0.38000237941741943 898
1784237450313 0.5343992114067078 899
1784237450330 0.5349158644676208 900
1784237450348 0.34181395173072815 901
1784237450366 0.49793317914009094 902
1784237450383 0.5226121544837952 903
1784237450399 0.5280233025550842 904
1784237450415 0.44505536556243896 905
1784237450431 0.41197001934051514 906
1784237450447 0.3998868763446808 907
1784237450463 0.5753931999206543 908
1784237450481 0.3180762827396393 909
1784237450498 0.59099280834198 910
1784237450514 0.46131131052970886 911
1784237450531 0.4326992630958557 912
1784237450549 0.5934467911720276 913
1784237450565 0.6684532761573792 914
1784237450581 0.7551945447921753 915
1784237450599 0.6540139317512512 916
1784237450617 0.40767088532447815 917
1784237450634 0.3395894765853882 918
1784237450652 0.6294662356376648 919
1784237450670 0.3752431869506836 920
1784237450688 0.4942837059497833 921
1784237450704 0.5109963417053223 922
1784237450720 0.3932656943798065 923
1784237450737 0.5186166167259216 924
1784237450756 0.599216639995575 925
1784237450772 0.35165926814079285 926
1784237450789 0.5946994423866272 927
1784237450807 0.485459566116333 928
1784237450824 0.6122967004776001 929
1784237450841 0.43008825182914734 930
1784237450858 0.620773434638977 931
1784237450875 0.7688833475112915 932
1784237450891 0.5733189582824707 933
1784237450907 0.7032727003097534 934
1784237450923 0.2911381423473358 935
1784237450940 0.3538970649242401 936
1784237450957 0.8223775029182434 937
1784237450973 0.8112257122993469 938
1784237450990 0.37617239356040955 939
1784237451006 0.5412810444831848 940
1784237451023 0.5483982563018799 941
1784237451040 0.46910232305526733 942
1784237451061 0.5148215889930725 943
1784237451078 0.5730817914009094 944
1784237451096 0.26579704880714417 945
1784237451113 0.2928054928779602 946
1784237451135 0.45859983563423157 947
1784237451153 0.6479855179786682 948
1784237451171 0.5638258457183838 949
1784237451187 0.705001711845398 950
1784237451205 0.7901929616928101 951
1784237451220 0.42636823654174805 952
1784237451236 0.5371936559677124 953
1784237451253 0.578271210193634 954
1784237451269 0.5839918851852417 955
1784237451286 0.6039263010025024 956
1784237451303 0.36603879928588867 957
1784237451321 0.4532585144042969 958
1784237451338 0.7550010085105896 959
1784237451354 0.4822799563407898 960
1784237451371 0.531532883644104 961
1784237451389 0.506159782409668 962
1784237451405 0.4918513596057892 963
1784237451421 0.7597663402557373 964
1784237451439 0.7550948262214661 965
1784237451456 0.6684699654579163 966
1784237451473 0.45341166853904724 967
1784237451491 0.4131663739681244 968
1784237451507 0.7994041442871094 969
1784237451524 0.39236801862716675 970
1784237451540 0.6605706214904785 971
1784237451557 0.416317343711853 972
1784237451574 0.5443932414054871 973
1784237451592 0.4603561460971832 974
1784237451611 0.40262389183044434 975
1784237451628 0.31536710262298584 976
1784237451647 0.4194519817829132 977
1784237451665 0.42334428429603577 978
1784237451682 0.6647893786430359 979
1784237451699 0.687812089920044 980
1784237451720 0.477280855178833 981
1784237451737 0.6947203278541565 982
1784237451755 0.49690955877304077 983
1784237451773 0.4673725366592407 984
1784237451789 0.7647569179534912 985
1784237451805 0.286286324262619 986
1784237451821 0.5197016596794128 987
1784237451838 0.3956415057182312 988
1784237451855 0.4369168281555176 989
1784237451872 0.385407954454422 990
1784237451889 0.4604797959327698 991
1784237451906 0.6841349601745605 992
1784237451924 0.47166556119918823 993
1784237451941 0.2610185146331787 994
1784237451957 0.4629857540130615 995
1784237451973 0.43663641810417175 996
1784237451991 0.8949793577194214 997
1784237452009 0.5908433794975281 998
1784237452027 0.33794501423835754 999
1784237452044 0.9251561164855957 1000
1784237452064 0.5145918726921082 1001
1784237452079 0.4553506374359131 1002
1784237452096 0.6795409917831421 1003
1784237452114 1.0123653411865234 1004
1784237452130 0.2864912152290344 1005
1784237452148 0.5970891714096069 1006
1784237452165 0.22287607192993164 1007
1784237452184 0.2782563865184784 1008
1784237452204 0.2678367495536804 1009
1784237452223 0.45676329731941223 1010
1784237452243 0.3206147253513336 1011
1784237452260 0.32305485010147095 1012
1784237452277 0.44806918501853943 1013
1784237452294 0.489460825920105 1014
1784237452311 0.37097153067588806 1015
1784237452329 0.28204524517059326 1016
1784237452345 0.5403357148170471 1017
1784237452363 0.3245873749256134 1018
1784237452382 0.747808575630188 1019
1784237452399 0.5156570076942444 1020
1784237452415 0.3114986717700958 1021
1784237452435 0.8837867975234985 1022
1784237452452 0.2589571177959442 1023
1784237452469 0.5511223673820496 1024
1784237452486 0.6076956987380981 1025
1784237452504 0.2832273542881012 1026
1784237452521 0.31299489736557007 1027
1784237452537 0.4214020371437073 1028
1784237452554 0.32478493452072144 1029
1784237452570 0.37866491079330444 1030
1784237452587 0.37533140182495117 1031
1784237452605 0.5547130107879639 1032
1784237452622 0.6034554839134216 1033
1784237452639 0.3466958999633789 1034
1784237452657 0.5239447355270386 1035
1784237452675 0.5730751156806946 1036
1784237452692 0.3666171133518219 1037
1784237452709 0.34164005517959595 1038
1784237452725 0.4889126420021057 1039
1784237452742 0.37181341648101807 1040
1784237452759 0.24899545311927795 1041
1784237452777 0.48309212923049927 1042
1784237452795 0.6048320531845093 1043
1784237452812 0.38552770018577576 1044
1784237452830 0.9561707377433777 1045
1784237452846 0.5541046857833862 1046
1784237452862 0.6774065494537354 1047
1784237452877 0.3643845021724701 1048
1784237452894 0.6635680794715881 1049
1784237452909 0.5145078897476196 1050
1784237452926 0.3696860373020172 1051
1784237452942 0.3670748770236969 1052
1784237452959 0.4724569320678711 1053
1784237452977 0.5682550668716431 1054
1784237452995 0.31949228048324585 1055
1784237453013 0.35325944423675537 1056
1784237453032 0.5033643245697021 1057
1784237453050 0.7854920625686646 1058
1784237453069 0.4477091431617737 1059
1784237453085 0.366140753030777 1060
1784237453101 0.4706929922103882 1061
1784237453119 0.47891363501548767 1062
1784237453136 0.3640807867050171 1063
1784237453153 0.4462442100048065 1064
1784237453171 0.26020267605781555 1065
1784237453188 0.9430973529815674 1066
1784237453204 0.38180994987487793 1067
1784237453220 0.4513389766216278 1068
1784237453237 0.2899295687675476 1069
1784237453253 0.3861691951751709 1070
1784237453270 0.5528488159179688 1071
1784237453286 0.3592036962509155 1072
1784237453302 0.2746867835521698 1073
1784237453320 0.41231241822242737 1074
1784237453336 0.4175637364387512 1075
1784237453353 0.5711785554885864 1076
1784237453371 0.3838544487953186 1077
1784237453389 0.7415368556976318 1078
1784237453406 0.3481093943119049 1079
1784237453422 0.5619956254959106 1080
1784237453437 0.4358808994293213 1081
1784237453454 0.518097460269928 1082
1784237453471 0.30727604031562805 1083
1784237453487 0.5803371667861938 1084
1784237453503 0.4155387878417969 1085
1784237453520 0.285786509513855 1086
1784237453537 0.4817676842212677 1087
1784237453553 0.3296213746070862 1088
1784237453570 0.48487764596939087 1089
1784237453586 0.5277372598648071 1090
1784237453603 0.5769367814064026 1091
1784237453620 0.5499762892723083 1092
1784237453636 0.28859859704971313 1093
1784237453653 0.47032099962234497 1094
1784237453670 0.5529722571372986 1095
1784237453687 0.2443421185016632 1096
1784237453704 0.5119721293449402 1097
1784237453721 0.44607222080230713 1098
1784237453736 0.31969085335731506 1099
1784237453753 0.6074882745742798 1100
1784237453769 0.49692147970199585 1101
1784237453785 0.49763843417167664 1102
1784237453801 0.3901367783546448 1103
1784237453817 0.5031685829162598 1104
1784237453834 0.5215629935264587 1105
1784237453851 0.376155287027359 1106
1784237453866 0.5818570852279663 1107
1784237453898 0.5762554407119751 1108
1784237453914 0.30518606305122375 1109
1784237453930 0.37790197134017944 1110
1784237453947 0.21479064226150513 1111
1784237453964 0.5117895603179932 1112
1784237453981 0.6013232469558716 1113
1784237453997 0.579119086265564 1114
1784237454013 0.40587103366851807 1115
1784237454030 0.396079421043396 1116
1784237454048 0.43871498107910156 1117
1784237454065 0.7185048460960388 1118
1784237454082 0.24696625769138336 1119
1784237454099 0.5022575855255127 1120
1784237454115 0.3270301818847656 1121
1784237454132 0.4418124556541443 1122
1784237454149 0.4165213704109192 1123
1784237454166 0.38008129596710205 1124
1784237454184 0.17322401702404022 1125
1784237454200 0.37628838419914246 1126
1784237454220 0.29179471731185913 1127
1784237454239 0.2864468991756439 1128
1784237454256 0.6991316080093384 1129
1784237454276 0.45730486512184143 1130
1784237454292 0.19851641356945038 1131
1784237454308 0.3977065682411194 1132
1784237454324 0.3621677756309509 1133
1784237454341 0.3753134608268738 1134
1784237454358 0.2860315144062042 1135
1784237454375 0.3821191191673279 1136
1784237454395 0.5405080914497375 1137
1784237454421 0.6323870420455933 1138
1784237454439 0.3778095841407776 1139
1784237454459 0.4597943425178528 1140
1784237454478 0.3497607111930847 1141
1784237454497 0.5021264553070068 1142
1784237454514 0.2754492461681366 1143
1784237454531 0.6757718920707703 1144
1784237454549 0.45918652415275574 1145
1784237454566 0.3662790358066559 1146
1784237454585 0.2895570993423462 1147
1784237454603 0.27395105361938477 1148
1784237454620 0.4489249587059021 1149
1784237454636 0.36139383912086487 1150
1784237454654 0.5836806893348694 1151
1784237454670 0.4272312521934509 1152
1784237454686 0.27245330810546875 1153
1784237454701 0.376707524061203 1154
1784237454719 0.26069575548171997 1155
1784237454737 0.3313278555870056 1156
1784237454753 0.2292725294828415 1157
1784237454769 0.3854413330554962 1158
1784237454786 0.6740612387657166 1159
1784237454803 0.6989268660545349 1160
1784237454818 0.5475761294364929 1161
1784237454835 0.3682706654071808 1162
1784237454852 0.4435100853443146 1163
1784237454869 0.4974518418312073 1164
1784237454886 0.41776561737060547 1165
1784237454903 0.2883181571960449 1166
1784237454920 0.6169166564941406 1167
1784237454938 0.8641502261161804 1168
1784237454955 0.3113507926464081 1169
1784237454972 0.5012917518615723 1170
1784237454989 0.44429412484169006 1171
1784237455006 0.26147717237472534 1172
1784237455023 0.26324936747550964 1173
1784237455045 0.29594719409942627 1174
1784237455063 0.590164065361023 1175
1784237455080 0.5844824910163879 1176
1784237455096 0.5992463827133179 1177
1784237455112 0.29742318391799927 1178
1784237455128 0.31188249588012695 1179
1784237455146 0.21999718248844147 1180
1784237455164 0.4828937351703644 1181
1784237455182 0.20436608791351318 1182
1784237455198 0.586368203163147 1183
1784237455214 0.2445153295993805 1184
1784237455231 0.4121409058570862 1185
1784237455248 0.4126655161380768 1186
1784237455266 0.43293115496635437 1187
1784237455282 0.30680155754089355 1188
1784237455297 0.227027028799057 1189
1784237455322 0.4674746096134186 1190
1784237455340 0.32826367020606995 1191
1784237455358 0.36629897356033325 1192
1784237455375 0.5172439217567444 1193
1784237455392 0.39170634746551514 1194
1784237455408 0.45050135254859924 1195
1784237455424 0.2657404839992523 1196
1784237455441 0.36070501804351807 1197
1784237455459 0.21603450179100037 1198
1784237455476 0.4051675498485565 1199
1784237455492 0.5029042959213257 1200
1784237455508 0.2850051820278168 1201
1784237455524 0.31878021359443665 1202
1784237455542 0.7178826928138733 1203
1784237455559 0.3165932297706604 1204
1784237455576 0.41564545035362244 1205
1784237455593 0.44111743569374084 1206
1784237455609 0.39841267466545105 1207
1784237455629 0.46266260743141174 1208
1784237455646 0.2998915910720825 1209
1784237455663 0.5085235238075256 1210
1784237455682 0.5399507880210876 1211
1784237455698 0.5459065437316895 1212
1784237455715 0.40717217326164246 1213
1784237455732 0.4522823393344879 1214
1784237455749 0.37040582299232483 1215
1784237455766 0.5369126200675964 1216
1784237455782 0.2503480613231659 1217
1784237455798 0.2020740509033203 1218
1784237455813 0.2677324414253235 1219
1784237455830 0.37734076380729675 1220
1784237455847 0.5657347440719604 1221
1784237455864 0.3840588629245758 1222
1784237455882 0.5356264114379883 1223
1784237455899 0.34291064739227295 1224
1784237455915 0.21059389412403107 1225
1784237455934 0.3165990114212036 1226
1784237455951 0.35619160532951355 1227
1784237455968 0.16934235394001007 1228
1784237455984 0.23525601625442505 1229
1784237456000 0.26469600200653076 1230
1784237456017 0.22881804406642914 1231
1784237456034 0.34659865498542786 1232
1784237456051 0.6703850626945496 1233
1784237456068 0.22810937464237213 1234
1784237456086 0.35010242462158203 1235
1784237456102 0.4454803764820099 1236
1784237456118 0.5343466997146606 1237
1784237456135 0.49756863713264465 1238
1784237456152 0.5240265130996704 1239
1784237456168 0.2908281981945038 1240
1784237456185 0.4322550296783447 1241
1784237456202 0.5459195375442505 1242
1784237456219 0.1647765040397644 1243
1784237456236 0.3594558835029602 1244
1784237456253 0.2435726523399353 1245
1784237456269 0.47706490755081177 1246
1784237456286 0.34859001636505127 1247
1784237456303 0.48170921206474304 1248
1784237456320 0.340709924697876 1249
1784237456345 0.5001449584960938 1250
1784237456361 0.36486175656318665 1251
1784237456378 0.4334872364997864 1252
1784237456394 0.5628132820129395 1253
1784237456409 0.3782089352607727 1254
1784237456426 0.38172784447669983 1255
1784237456442 0.3366672396659851 1256
1784237456459 0.19276925921440125 1257
1784237456477 0.322757750749588 1258
1784237456494 0.4572272300720215 1259
1784237456511 0.21433739364147186 1260
1784237456528 0.41062629222869873 1261
1784237456545 0.37510859966278076 1262
1784237456562 0.2843165993690491 1263
1784237456579 0.2926260828971863 1264
1784237456596 0.2895844876766205 1265
1784237456614 0.4968498945236206 1266
1784237456633 0.24429072439670563 1267
1784237456654 0.3646152913570404 1268
1784237456672 0.42592108249664307 1269
1784237456693 0.41781309247016907 1270
1784237456712 0.584019124507904 1271
1784237456730 0.624830961227417 1272
1784237456747 0.540208101272583 1273
1784237456764 0.5403034090995789 1274
1784237456782 0.265193372964859 1275
1784237456799 0.39350301027297974 1276
1784237456815 0.2575538456439972 1277
1784237456833 0.2870498299598694 1278
1784237456849 0.23063011467456818 1279
1784237456866 0.3085494935512543 1280
1784237456890 0.27892711758613586 1281
1784237456907 0.6277211904525757 1282
1784237456925 0.31179293990135193 1283
1784237456942 0.3916017711162567 1284
1784237456959 0.43454083800315857 1285
1784237456974 0.29321905970573425 1286
1784237456990 0.20255497097969055 1287
1784237457006 0.32437238097190857 1288
1784237457023 0.2570590078830719 1289
1784237457040 0.38745197653770447 1290
1784237457058 0.601658821105957 1291
1784237457078 0.2878047823905945 1292
1784237457094 0.3197268545627594 1293
1784237457120 0.17504526674747467 1294
1784237457136 0.5491188168525696 1295
1784237457155 0.3106560707092285 1296
1784237457174 0.6361633539199829 1297
1784237457191 0.25766777992248535 1298
1784237457210 0.8568679094314575 1299
1784237457227 0.5488880276679993 1300
1784237457247 0.45624566078186035 1301
1784237457264 0.3500172197818756 1302
1784237457282 0.2724319100379944 1303
1784237457299 0.22718513011932373 1304
1784237457317 0.4922952651977539 1305
1784237457334 0.6025387048721313 1306
1784237457352 0.2660345733165741 1307
1784237457369 0.4915623366832733 1308
1784237457388 0.39319196343421936 1309
1784237457404 0.2333710938692093 1310
1784237457421 0.1648997962474823 1311
1784237457436 0.8283728957176208 1312
1784237457454 0.45984765887260437 1313
1784237457472 0.42338472604751587 1314
1784237457490 0.24794557690620422 1315
1784237457509 0.5797913074493408 1316
1784237457526 0.32304346561431885 1317
1784237457544 0.4779481589794159 1318
1784237457560 0.4849911630153656 1319
1784237457576 0.25486817955970764 1320
1784237457594 0.3627675771713257 1321
1784237457611 0.276291161775589 1322
1784237457628 0.2089189887046814 1323
1784237457645 0.48100095987319946 1324
1784237457663 0.38943561911582947 1325
1784237457679 0.5267010927200317 1326
1784237457697 0.4977564513683319 1327
1784237457714 0.32468947768211365 1328
1784237457731 0.38223493099212646 1329
1784237457748 0.2880394160747528 1330
1784237457765 0.2397526353597641 1331
1784237457782 0.4097485840320587 1332
1784237457798 0.26550889015197754 1333
1784237457813 0.32067880034446716 1334
1784237457831 0.558160126209259 1335
1784237457849 0.25438863039016724 1336
1784237457867 0.1756248027086258 1337
1784237457886 0.2462851107120514 1338
1784237457902 0.5511095523834229 1339
1784237457919 0.8060063123703003 1340
1784237457936 0.715133786201477 1341
1784237457954 0.4836045503616333 1342
1784237457970 0.4043794870376587 1343
1784237457987 0.6316160559654236 1344
1784237458002 0.544363796710968 1345
1784237458018 0.3288595378398895 1346
1784237458036 0.3221178352832794 1347
1784237458054 0.5949323773384094 1348
1784237458070 0.20582996308803558 1349
1784237458087 0.1298707276582718 1350
1784237458104 0.4700945317745209 1351
1784237458120 0.29746586084365845 1352
1784237458136 0.5106114149093628 1353
1784237458154 0.591703474521637 1354
1784237458172 0.6481189727783203 1355
1784237458188 0.32439306378364563 1356
1784237458205 0.7706810832023621 1357
1784237458220 0.3777700364589691 1358
1784237458239 0.21651387214660645 1359
1784237458255 0.4764083921909332 1360
1784237458273 0.28013747930526733 1361
1784237458290 0.1390381157398224 1362
1784237458306 0.7550185322761536 1363
1784237458324 0.22292278707027435 1364
1784237458341 0.22736628353595734 1365
1784237458358 0.4108438193798065 1366
1784237458375 0.28255724906921387 1367
1784237458392 0.19998018443584442 1368
1784237458409 0.21230286359786987 1369
1784237458425 0.11907975375652313 1370
1784237458442 0.7225422263145447 1371
1784237458458 0.2517949640750885 1372
1784237458474 0.45831167697906494 1373
1784237458492 0.32246437668800354 1374
1784237458508 0.16641339659690857 1375
1784237458524 0.5713026523590088 1376
1784237458541 0.24845407903194427 1377
1784237458559 0.2855662703514099 1378
1784237458575 0.3939090669155121 1379
1784237458592 0.577746570110321 1380
1784237458608 0.3512692153453827 1381
1784237458624 0.44972658157348633 1382
1784237458641 0.6113793849945068 1383
1784237458659 0.7252824902534485 1384
1784237458678 0.3781159222126007 1385
1784237458693 0.770300030708313 1386
1784237458708 0.8789118528366089 1387
1784237458725 0.351133793592453 1388
1784237458742 0.17035701870918274 1389
1784237458759 0.38302910327911377 1390
1784237458776 0.4590606987476349 1391
1784237458793 0.3689599633216858 1392
1784237458809 0.5032134056091309 1393
1784237458824 0.531110405921936 1394
1784237458842 0.4957549571990967 1395
1784237458860 0.4176141917705536 1396
1784237458881 0.44961628317832947 1397
1784237458899 0.25042328238487244 1398
1784237458920 0.5751530528068542 1399
1784237458940 0.3286559283733368 1400
1784237458957 0.36535078287124634 1401
1784237458974 0.4494519531726837 1402
1784237458991 0.5556157827377319 1403
1784237459008 0.5059328079223633 1404
1784237459025 0.42088326811790466 1405
1784237459042 0.30402565002441406 1406
1784237459061 0.3797909617424011 1407
1784237459078 0.37880900502204895 1408
1784237459095 0.29491156339645386 1409
1784237459112 0.45683783292770386 1410
1784237459130 0.4109059274196625 1411
1784237459148 0.4878736734390259 1412
1784237459165 0.30889806151390076 1413
1784237459183 0.2754749655723572 1414
1784237459199 0.343622624874115 1415
1784237459216 0.4281430244445801 1416
1784237459234 0.5709282755851746 1417
1784237459251 0.49218064546585083 1418
1784237459267 0.33228927850723267 1419
1784237459284 0.37616437673568726 1420
1784237459300 0.5855121612548828 1421
1784237459318 0.5674964785575867 1422
1784237459335 0.31815415620803833 1423
1784237459352 0.23698018491268158 1424
1784237459370 0.609641969203949 1425
1784237459386 0.7026031613349915 1426
1784237459403 0.5867327451705933 1427
1784237459420 0.2986195981502533 1428
1784237459436 0.3385591208934784 1429
1784237459453 0.41983962059020996 1430
1784237459469 0.25336897373199463 1431
1784237459485 0.3731950521469116 1432
1784237459501 0.5241512656211853 1433
1784237459521 0.22228175401687622 1434
1784237459538 0.5018856525421143 1435
1784237459555 0.743375301361084 1436
1784237459572 0.5977420806884766 1437
1784237459591 0.35526928305625916 1438
1784237459609 0.18906541168689728 1439
1784237459627 0.2854052484035492 1440
1784237459643 0.20930685102939606 1441
1784237459660 0.3925116956233978 1442
1784237459678 0.14328132569789886 1443
1784237459694 0.38976067304611206 1444
1784237459711 0.25544241070747375 1445
1784237459726 0.4687148928642273 1446
1784237459742 0.7401675581932068 1447
1784237459759 0.22855454683303833 1448
1784237459775 0.4442612826824188 1449
1784237459792 0.5117172598838806 1450
1784237459809 0.3928602337837219 1451
1784237459825 0.46898120641708374 1452
1784237459843 0.13593149185180664 1453
1784237459859 0.8843021988868713 1454
1784237459875 0.6575930714607239 1455
1784237459893 0.2523822486400604 1456
1784237459908 0.3212839365005493 1457
1784237459926 0.9199404120445251 1458
1784237459942 0.6311782598495483 1459
1784237459962 0.5248968601226807 1460
1784237459978 0.5933101773262024 1461
1784237459995 0.31022751331329346 1462
1784237460016 0.35287097096443176 1463
1784237460034 0.3720633387565613 1464
1784237460052 0.29811617732048035 1465
1784237460075 0.6243782639503479 1466
1784237460093 0.17649419605731964 1467
1784237460110 0.1725931316614151 1468
1784237460127 0.3691568672657013 1469
1784237460146 0.34034600853919983 1470
1784237460163 0.8970256447792053 1471
1784237460181 0.2757496237754822 1472
1784237460197 0.38633957505226135 1473
1784237460214 0.4053553342819214 1474
1784237460231 0.3816869854927063 1475
1784237460249 0.2092507928609848 1476
1784237460267 0.36659106612205505 1477
1784237460284 0.15643645823001862 1478
1784237460302 0.38948243856430054 1479
1784237460318 0.402934730052948 1480
1784237460335 0.20308230817317963 1481
1784237460352 0.1780330091714859 1482
1784237460369 0.398252010345459 1483
1784237460386 0.47749313712120056 1484
1784237460402 0.3763175308704376 1485
1784237460419 0.3462056517601013 1486
1784237460436 0.613767147064209 1487
1784237460453 0.5256778001785278 1488
1784237460469 0.23623479902744293 1489
1784237460486 0.39186230301856995 1490
1784237460504 0.324045866727829 1491
1784237460521 0.18711085617542267 1492
1784237460539 0.13908182084560394 1493
1784237460555 0.28778278827667236 1494
1784237460573 0.22903315722942352 1495
1784237460590 0.4052930772304535 1496
1784237460608 0.43351489305496216 1497
1784237460626 0.3202240765094757 1498
1784237460643 0.3798721730709076 1499
1784237460663 0.3233654499053955 1500
1784237460680 0.36159732937812805 1501
1784237460698 0.4107862114906311 1502
1784237460715 0.3939873278141022 1503
1784237460733 0.4374563694000244 1504
1784237460751 0.4577626585960388 1505
1784237460769 0.22489912807941437 1506
1784237460785 0.506537139415741 1507
1784237460802 0.7293145060539246 1508
1784237460819 0.18206378817558289 1509
1784237460835 0.37432214617729187 1510
1784237460852 0.33963650465011597 1511
1784237460868 0.3703404366970062 1512
1784237460885 0.789647102355957 1513
1784237460902 0.38351064920425415 1514
1784237460918 0.34777840971946716 1515
1784237460934 0.23731251060962677 1516
1784237460952 0.6060108542442322 1517
1784237460968 0.36807775497436523 1518
1784237460985 0.2922852635383606 1519
1784237461003 0.3229858875274658 1520
1784237461020 0.2731461822986603 1521
1784237461036 0.6934332847595215 1522
1784237461053 0.2319200485944748 1523
1784237461070 0.25731950998306274 1524
1784237461088 0.15708358585834503 1525
1784237461110 0.4562760591506958 1526
1784237461129 0.2711956799030304 1527
1784237461149 0.38337045907974243 1528
1784237461167 0.1592855006456375 1529
1784237461185 0.24635352194309235 1530
1784237461202 0.6809398531913757 1531
1784237461218 0.28042465448379517 1532
1784237461235 0.6510902047157288 1533
1784237461253 0.20381860435009003 1534
1784237461272 0.27371513843536377 1535
1784237461290 0.14697442948818207 1536
1784237461307 0.5833681225776672 1537
1784237461323 0.2819035053253174 1538
1784237461340 0.44122105836868286 1539
1784237461355 0.5141265392303467 1540
1784237461373 0.4107687771320343 1541
1784237461390 0.43293237686157227 1542
1784237461407 0.25768598914146423 1543
1784237461424 0.4318283796310425 1544
1784237461443 0.2327626496553421 1545
1784237461459 0.12037575989961624 1546
1784237461476 0.21144413948059082 1547
1784237461492 0.3883110582828522 1548
1784237461508 0.5951014161109924 1549
1784237461526 0.3018759489059448 1550
1784237461543 0.29200851917266846 1551
1784237461560 0.16900506615638733 1552
1784237461578 0.3133472502231598 1553
1784237461594 0.24455824494361877 1554
1784237461610 0.732174277305603 1555
1784237461628 0.13418298959732056 1556
1784237461644 0.429551899433136 1557
1784237461661 0.37390103936195374 1558
1784237461677 0.15393419563770294 1559
1784237461693 0.14561966061592102 1560
1784237461709 0.35376572608947754 1561
1784237461726 0.3660030663013458 1562
1784237461743 0.8611934185028076 1563
1784237461759 0.6025687456130981 1564
1784237461775 0.35124921798706055 1565
1784237461794 0.22503460943698883 1566
1784237461810 0.8184782862663269 1567
1784237461826 0.37404394149780273 1568
1784237461845 0.3465087413787842 1569
1784237461861 0.5857521891593933 1570
1784237461879 0.24024929106235504 1571
1784237461894 0.3678807318210602 1572
1784237461910 0.4282093942165375 1573
1784237461928 0.38266658782958984 1574
1784237461944 0.4869635999202728 1575
1784237461962 0.37050944566726685 1576
1784237461978 0.37547048926353455 1577
1784237461993 0.3632512390613556 1578
1784237462009 0.6044503450393677 1579
1784237462027 0.4275531470775604 1580
1784237462043 0.3530696928501129 1581
1784237462061 0.3902968466281891 1582
1784237462079 0.22616717219352722 1583
1784237462095 0.2959560751914978 1584
1784237462112 0.25344088673591614 1585
1784237462131 0.30220046639442444 1586
1784237462148 0.30583223700523376 1587
1784237462165 0.4780305325984955 1588
1784237462182 0.21669206023216248 1589
1784237462199 0.4520367383956909 1590
1784237462216 0.3743848502635956 1591
1784237462232 0.14019060134887695 1592
1784237462248 0.23721548914909363 1593
1784237462266 0.5577800273895264 1594
1784237462282 0.5471886396408081 1595
1784237462299 0.35815536975860596 1596
1784237462316 0.33083009719848633 1597
1784237462332 0.4946371018886566 1598
1784237462349 0.4412229657173157 1599
1784237462366 0.23329009115695953 1600
1784237462383 0.22043617069721222 1601
1784237462400 0.8253013491630554 1602
1784237462416 0.45768386125564575 1603
1784237462433 0.47086450457572937 1604
1784237462449 0.14009059965610504 1605
1784237462466 0.475033164024353 1606
1784237462483 0.6952424049377441 1607
1784237462514 0.3057630658149719 1608
1784237462531 0.45463424921035767 1609
1784237462548 0.3361561596393585 1610
1784237462565 0.2880764901638031 1611
1784237462582 0.46304839849472046 1612
1784237462598 1.0231891870498657 1613
1784237462614 0.43010520935058594 1614
1784237462630 0.41626131534576416 1615
1784237462648 0.2147122621536255 1616
1784237462667 0.5758351683616638 1617
1784237462683 0.24825572967529297 1618
1784237462700 0.4314841330051422 1619
1784237462716 0.37148162722587585 1620
1784237462733 0.3335408866405487 1621
1784237462750 0.3927533030509949 1622
1784237462767 0.5958532094955444 1623
1784237462785 0.4405106008052826 1624
1784237462803 0.11675843596458435 1625
1784237462820 0.3037319779396057 1626
1784237462838 0.6124101877212524 1627
1784237462856 0.23562075197696686 1628
1784237462872 0.3578634262084961 1629
1784237462889 0.1463843286037445 1630
1784237462907 0.2582606375217438 1631
1784237462925 0.23421786725521088 1632
1784237462943 0.320062518119812 1633
1784237462961 0.28220030665397644 1634
1784237462979 0.39186838269233704 1635
1784237462995 0.6349096298217773 1636
1784237463011 0.3511671721935272 1637
1784237463030 0.15058189630508423 1638
1784237463049 0.33971932530403137 1639
1784237463067 0.24256789684295654 1640
1784237463086 0.24828052520751953 1641
1784237463103 0.5199657082557678 1642
1784237463120 0.17240267992019653 1643
1784237463137 0.3455818295478821 1644
1784237463156 0.24737775325775146 1645
1784237463172 0.26470711827278137 1646
1784237463189 0.4375200569629669 1647
1784237463207 0.37706801295280457 1648
1784237463225 0.32469213008880615 1649
1784237463243 0.47596317529678345 1650
1784237463260 0.43089768290519714 1651
1784237463276 0.2980853319168091 1652
1784237463294 0.30754125118255615 1653
1784237463314 0.3657075762748718 1654
1784237463333 0.39544594287872314 1655
1784237463350 0.394494891166687 1656
1784237463370 0.12622809410095215 1657
1784237463387 0.5922839641571045 1658
1784237463405 0.605510413646698 1659
1784237463423 0.4123387336730957 1660
1784237463439 0.15518344938755035 1661
1784237463457 0.29527556896209717 1662
1784237463476 0.18598583340644836 1663
1784237463492 0.3930004835128784 1664
1784237463509 0.24445512890815735 1665
1784237463524 0.39341065287590027 1666
1784237463541 0.7542669773101807 1667
1784237463557 0.473818302154541 1668
1784237463575 0.5122292637825012 1669
1784237463593 0.7309111952781677 1670
1784237463610 0.4498814642429352 1671
1784237463626 0.19997619092464447 1672
1784237463643 0.5812018513679504 1673
1784237463659 0.1896934062242508 1674
1784237463677 0.4507554769515991 1675
1784237463692 0.4243582785129547 1676
1784237463708 0.3705844581127167 1677
1784237463725 0.5334329605102539 1678
1784237463741 0.43578091263771057 1679
1784237463759 0.14240942895412445 1680
1784237463777 0.29525765776634216 1681
1784237463793 0.2761286497116089 1682
1784237463809 0.5760884284973145 1683
1784237463827 0.3465713858604431 1684
1784237463843 0.4234195053577423 1685
1784237463862 0.44778111577033997 1686
1784237463876 0.15680667757987976 1687
1784237463895 0.2981160283088684 1688
1784237463912 0.3074878752231598 1689
1784237463929 0.3235441744327545 1690
1784237463946 0.4330183267593384 1691
1784237463962 0.32367363572120667 1692
1784237463979 0.6781404614448547 1693
1784237463997 0.2349013388156891 1694
1784237464013 0.3042530119419098 1695
1784237464030 0.3444306552410126 1696
1784237464046 0.28278055787086487 1697
1784237464063 0.22963926196098328 1698
1784237464081 0.37109020352363586 1699
1784237464098 0.3690570592880249 1700
1784237464116 0.2067805379629135 1701
1784237464133 0.6352406740188599 1702
1784237464150 0.292773574590683 1703
1784237464167 0.40059930086135864 1704
1784237464183 0.305821031332016 1705
1784237464199 0.17864422500133514 1706
1784237464216 0.25947487354278564 1707
1784237464232 0.48277321457862854 1708
1784237464250 0.6519181132316589 1709
1784237464267 0.5981082916259766 1710
1784237464284 0.36203014850616455 1711
1784237464300 0.322546124458313 1712
1784237464317 0.4556228220462799 1713
1784237464401 0.18064916133880615 1714
1784237464427 0.19775190949440002 1715
1784237464446 0.17643719911575317 1716
1784237464463 0.5200658440589905 1717
1784237464480 0.2495557963848114 1718
1784237464496 0.3960305452346802 1719
1784237464512 0.3664349615573883 1720
1784237464529 0.18643967807292938 1721
1784237464546 0.3238318860530853 1722
1784237464562 0.1581568419933319 1723
1784237464579 0.26957449316978455 1724
1784237464596 0.29268479347229004 1725
1784237464612 0.23738092184066772 1726
1784237464629 0.27644866704940796 1727
1784237464646 0.2765989601612091 1728
1784237464662 0.7257614135742188 1729
1784237464678 0.38255050778388977 1730
1784237464695 0.33568075299263 1731
1784237464711 0.5079640746116638 1732
1784237464730 0.24977847933769226 1733
1784237464747 0.4367082417011261 1734
1784237464765 0.3445092439651489 1735
1784237464782 0.4688680171966553 1736
1784237464799 0.16796739399433136 1737
1784237464816 0.29953598976135254 1738
1784237464833 0.4656985104084015 1739
1784237464851 0.13499081134796143 1740
1784237464869 0.4897109568119049 1741
1784237464886 0.3338632881641388 1742
1784237464904 0.39448606967926025 1743
1784237464920 0.2814854383468628 1744
1784237464936 0.2553098499774933 1745
1784237464952 0.3841783404350281 1746
1784237464970 0.5211759805679321 1747
1784237464989 0.3152244985103607 1748
1784237465006 0.48273149132728577 1749
1784237465023 0.22031956911087036 1750
1784237465042 0.1103355884552002 1751
1784237465060 0.29198968410491943 1752
1784237465077 0.25442323088645935 1753
1784237465094 0.6938498616218567 1754
1784237465109 0.37931933999061584 1755
1784237465125 0.2977170944213867 1756
1784237465143 0.3458532691001892 1757
1784237465159 0.3080049157142639 1758
1784237465176 0.5403896570205688 1759
1784237465191 0.5318900942802429 1760
1784237465207 0.2213003933429718 1761
1784237465223 0.48280832171440125 1762
1784237465239 0.22202228009700775 1763
1784237465256 0.3224802017211914 1764
1784237465272 0.43737852573394775 1765
1784237465290 0.4571499228477478 1766
1784237465306 0.5726609230041504 1767
1784237465323 0.1634821593761444 1768
1784237465339 0.3194539248943329 1769
1784237465357 0.28307417035102844 1770
1784237465375 0.24487268924713135 1771
1784237465392 0.20472517609596252 1772
1784237465408 0.45446446537971497 1773
1784237465424 0.2040354311466217 1774
1784237465458 0.1575097292661667 1775
1784237465474 0.44665002822875977 1776
1784237465491 0.43533268570899963 1777
1784237465507 0.4083414375782013 1778
1784237465524 0.3035898506641388 1779
1784237465545 0.16855502128601074 1780
1784237465565 0.44703948497772217 1781
1784237465584 0.6648245453834534 1782
1784237465603 0.18466773629188538 1783
1784237465620 0.2683074176311493 1784
1784237465638 0.45451489090919495 1785
1784237465655 0.3305642008781433 1786
1784237465674 0.6142815351486206 1787
1784237465693 0.11165635287761688 1788
1784237465710 0.3987830579280853 1789
1784237465728 0.5613336563110352 1790
1784237465746 0.29157590866088867 1791
1784237465764 0.3857284188270569 1792
1784237465783 0.1895783692598343 1793
1784237465799 0.3883821666240692 1794
1784237465817 0.15190443396568298 1795
1784237465834 0.3132607340812683 1796
1784237465850 0.46184810996055603 1797
1784237465867 0.295768678188324 1798
1784237465886 0.4127958416938782 1799
1784237465904 0.14982162415981293 1800
1784237465922 0.3274880647659302 1801
1784237465940 0.12345153093338013 1802
1784237465957 0.3173317015171051 1803
1784237465977 0.1993739753961563 1804
1784237465993 0.1616339385509491 1805
1784237466011 0.3034725487232208 1806
1784237466028 0.17550301551818848 1807
1784237466045 0.20659905672073364 1808
1784237466063 0.2575233280658722 1809
1784237466081 0.3413449227809906 1810
1784237466098 0.20597988367080688 1811
1784237466117 0.31118595600128174 1812
1784237466133 0.17249159514904022 1813
1784237466150 0.4702799320220947 1814
1784237466167 0.35095036029815674 1815
1784237466185 0.3044854700565338 1816
1784237466201 0.2891424894332886 1817
1784237466219 0.1576978862285614 1818
1784237466236 0.11002914607524872 1819
1784237466253 0.30712419748306274 1820
1784237466269 0.24355226755142212 1821
1784237466287 0.19851863384246826 1822
1784237466304 0.3634518086910248 1823
1784237466321 0.17357629537582397 1824
1784237466338 0.1458878070116043 1825
1784237466354 0.3136011064052582 1826
1784237466371 0.36463096737861633 1827
1784237466388 0.2764793932437897 1828
1784237466405 0.2165324091911316 1829
1784237466421 0.4655374586582184 1830
1784237466437 0.4813186228275299 1831
1784237466453 0.4038778245449066 1832
1784237466471 0.26698073744773865 1833
1784237466488 0.6918307542800903 1834
1784237466504 0.2460639476776123 1835
1784237466520 0.3482244610786438 1836
1784237466538 0.5339964032173157 1837
1784237466556 0.27227506041526794 1838
1784237466573 0.2611462473869324 1839
1784237466591 0.4558265805244446 1840
1784237466609 0.2625523805618286 1841
1784237466628 0.4134191870689392 1842
1784237466645 0.3096931576728821 1843
1784237466661 0.32036638259887695 1844
1784237466677 0.3591170608997345 1845
1784237466694 0.672921895980835 1846
1784237466712 0.33569851517677307 1847
1784237466729 0.49291080236434937 1848
1784237466747 0.3143272399902344 1849
1784237466763 0.1322823464870453 1850
1784237466781 0.3092871904373169 1851
1784237466797 0.5736554861068726 1852
1784237466814 0.6190853714942932 1853
1784237466830 0.5954912304878235 1854
1784237466848 0.4127907156944275 1855
1784237466865 0.46314737200737 1856
1784237466881 0.3731248378753662 1857
1784237466899 0.19954505562782288 1858
1784237466915 0.7383440136909485 1859
1784237466932 0.6368085741996765 1860
1784237466950 0.22345224022865295 1861
1784237466966 0.9423134326934814 1862
1784237466983 0.562430202960968 1863
1784237466999 0.2184547632932663 1864
1784237467017 0.28958848118782043 1865
1784237467034 0.5365937352180481 1866
1784237467050 0.371043860912323 1867
1784237467068 0.1797747164964676 1868
1784237467085 0.28511014580726624 1869
1784237467102 0.2466498613357544 1870
1784237467118 0.13983199000358582 1871
1784237467135 0.40389910340309143 1872
1784237467153 0.7455520033836365 1873
1784237467169 0.19096174836158752 1874
1784237468571 0.48120614886283875 1875
1784237468588 0.3069387972354889 1876
1784237468606 0.49696189165115356 1877
1784237468625 0.6139371991157532 1878
1784237468654 0.41002756357192993 1879
1784237468677 0.31709304451942444 1880
1784237468693 0.5021663904190063 1881
1784237468710 0.44391822814941406 1882
1784237468726 0.39826589822769165 1883
1784237468744 0.19506335258483887 1884
1784237468761 0.3693951666355133 1885
1784237468780 0.2912399470806122 1886
1784237468798 0.4091971814632416 1887
1784237468816 0.5369142293930054 1888
1784237468832 0.17853739857673645 1889
1784237468849 0.43330734968185425 1890
1784237468868 0.4366942346096039 1891
1784237468887 0.45013102889060974 1892
1784237468905 0.2793060839176178 1893
1784237468922 0.36967000365257263 1894
1784237468939 0.2235630601644516 1895
1784237468956 0.4448354244232178 1896
1784237468973 0.30629345774650574 1897
1784237468991 0.805565357208252 1898
1784237469009 0.5169306993484497 1899
1784237469031 0.3724694848060608 1900
1784237469048 0.34004148840904236 1901
1784237469066 0.1644112467765808 1902
1784237469084 0.22485356032848358 1903
1784237469101 0.17993199825286865 1904
1784237469120 0.32499951124191284 1905
1784237469138 0.1917651742696762 1906
1784237469158 0.3353659510612488 1907
1784237469177 0.26331642270088196 1908
1784237469193 0.377323716878891 1909
1784237469211 0.31273379921913147 1910
1784237469228 0.17814460396766663 1911
1784237469246 0.3257720172405243 1912
1784237469263 0.23243829607963562 1913
1784237469280 0.384392112493515 1914
1784237469296 0.33218109607696533 1915
1784237469315 0.5121430158615112 1916
1784237469332 0.3822929859161377 1917
1784237469349 0.13815224170684814 1918
1784237469367 0.4037918448448181 1919
1784237469385 0.1746235340833664 1920
1784237469402 0.1992693841457367 1921
1784237469419 0.1565295308828354 1922
1784237469437 0.3714529573917389 1923
1784237469455 0.23627100884914398 1924
1784237469473 0.8414434194564819 1925
1784237469489 0.3891846239566803 1926
1784237469505 0.2563886046409607 1927
1784237469521 0.25295791029930115 1928
1784237469538 0.1785883754491806 1929
1784237469556 0.39407193660736084 1930
1784237469574 0.1158611923456192 1931
1784237469591 0.5079236626625061 1932
1784237469607 0.17637495696544647 1933
1784237469625 0.8384755849838257 1934
1784237469643 0.1711443066596985 1935
1784237469661 0.34110939502716064 1936
1784237469677 0.3193286657333374 1937
1784237469693 0.15840274095535278 1938
1784237469708 0.39455556869506836 1939
1784237469726 0.19155535101890564 1940
1784237469744 0.3821524679660797 1941
1784237469762 0.28919896483421326 1942
1784237469780 0.3508972227573395 1943
1784237469796 0.21382351219654083 1944
1784237469813 0.36626359820365906 1945
1784237469830 0.5446470975875854 1946
1784237469847 0.4058498442173004 1947
1784237469864 0.2821345031261444 1948
1784237469881 0.2430051565170288 1949
1784237469900 0.159073606133461 1950
1784237469918 0.24116641283035278 1951
1784237469936 0.4218364357948303 1952
1784237469952 0.3311155438423157 1953
1784237469971 0.4533596932888031 1954
1784237469992 0.42286938428878784 1955
1784237470011 0.2747593820095062 1956
1784237470040 0.23015230894088745 1957
1784237470060 0.14800475537776947 1958
1784237470077 0.3618346154689789 1959
1784237470095 0.4436291456222534 1960
1784237470113 0.3510020077228546 1961
1784237470130 0.7536203861236572 1962
1784237470147 0.39130690693855286 1963
1784237470167 0.38690441846847534 1964
1784237470183 0.5789052844047546 1965
1784237470200 0.20930181443691254 1966
1784237470216 0.44231680035591125 1967
1784237470234 0.2460021823644638 1968
1784237470250 0.36614418029785156 1969
1784237470268 0.24320916831493378 1970
1784237470287 0.13026538491249084 1971
1784237470304 0.2472146451473236 1972
1784237470322 0.2535242438316345 1973
1784237470339 0.2283850610256195 1974
1784237470355 0.40069058537483215 1975
1784237470371 0.15681062638759613 1976
1784237470388 0.20519091188907623 1977
1784237470405 0.5277534127235413 1978
1784237470423 0.32368528842926025 1979
1784237470441 0.3766283094882965 1980
1784237470458 0.5638328194618225 1981
1784237470476 0.2776322066783905 1982
1784237470491 0.46410655975341797 1983
1784237470508 0.39246174693107605 1984
1784237470524 0.5181899070739746 1985
1784237470540 0.31494274735450745 1986
1784237470556 0.0782400593161583 1987
1784237470573 0.2480648010969162 1988
1784237470590 0.22955329716205597 1989
1784237470607 0.22103667259216309 1990
1784237470624 0.2926977872848511 1991
1784237470643 0.49112004041671753 1992
1784237470660 0.15979689359664917 1993
1784237470678 0.14724406599998474 1994
1784237470694 0.32560718059539795 1995
1784237470711 0.18237318098545074 1996
1784237470728 0.9592761397361755 1997
1784237470744 0.20549951493740082 1998
1784237470762 0.40548670291900635 1999
1784237470780 0.7023828625679016 2000
1784237470796 0.49542421102523804 2001
1784237470814 0.43055588006973267 2002
1784237470831 0.11399488896131516 2003
1784237470849 0.36291155219078064 2004
1784237470866 0.36907076835632324 2005
1784237470882 0.2032979279756546 2006
1784237470899 0.23635217547416687 2007
1784237470916 0.29813987016677856 2008
1784237470933 0.5050122141838074 2009
1784237470949 0.34512680768966675 2010
1784237470966 0.7066324353218079 2011
1784237470983 0.38435712456703186 2012
1784237471000 0.1494697481393814 2013
1784237471017 0.6296982765197754 2014
1784237471035 0.3635837137699127 2015
1784237471052 0.15006355941295624 2016
1784237471069 0.5006551146507263 2017
1784237471086 0.7548951506614685 2018
1784237471102 0.24756671488285065 2019
1784237471117 0.260322630405426 2020
1784237471133 0.16179004311561584 2021
1784237471151 0.2116721272468567 2022
1784237471175 0.3014940619468689 2023
1784237471191 0.28884753584861755 2024
1784237471207 0.07068472355604172 2025
1784237471225 0.21011009812355042 2026
1784237471243 0.338833212852478 2027
1784237471259 0.3937719464302063 2028
1784237471275 0.20789052546024323 2029
1784237471291 0.4828440546989441 2030
1784237471309 0.4461438059806824 2031
1784237471324 0.13463962078094482 2032
1784237471340 0.32530438899993896 2033
1784237471358 0.27226635813713074 2034
1784237471375 0.47607019543647766 2035
1784237471390 0.2908976078033447 2036
1784237471406 0.48995518684387207 2037
1784237471423 0.2554124891757965 2038
1784237471440 0.1661362648010254 2039
1784237471456 0.179651141166687 2040
1784237471474 0.34609267115592957 2041
1784237471493 0.28156405687332153 2042
1784237471508 0.21365629136562347 2043
1784237471524 0.11127163469791412 2044
1784237471541 0.3946874141693115 2045
1784237471558 0.3735823631286621 2046
1784237471576 0.47530901432037354 2047
1784237471592 0.3206097483634949 2048
1784237471608 0.15671956539154053 2049
1784237471625 0.2635422646999359 2050
1784237471640 0.32465147972106934 2051
1784237471657 0.20633669197559357 2052
1784237471674 0.23188529908657074 2053
1784237471690 0.31958431005477905 2054
1784237471708 0.16841697692871094 2055
1784237471725 0.23043815791606903 2056
1784237471741 0.23528718948364258 2057
1784237471758 0.4844808876514435 2058
1784237471773 0.2417321801185608 2059
1784237471789 0.20656634867191315 2060
1784237471807 0.08906188607215881 2061
1784237471825 0.06780820339918137 2062
1784237471843 0.2732156813144684 2063
1784237471860 0.2562400698661804 2064
1784237471876 0.43484923243522644 2065
1784237471891 0.34683603048324585 2066
1784237471907 0.21876013278961182 2067
1784237471927 0.36799436807632446 2068
1784237471943 0.2086765617132187 2069
1784237471962 0.09287505596876144 2070
1784237471980 0.3940292000770569 2071
1784237471998 0.2724672853946686 2072
1784237472014 0.3937346339225769 2073
1784237472031 0.6398398876190186 2074
1784237472050 0.35030943155288696 2075
1784237472066 0.3318021893501282 2076
1784237472082 0.40281441807746887 2077
1784237472098 0.1852169781923294 2078
1784237472114 0.5513242483139038 2079
1784237472131 0.3154957592487335 2080
1784237472149 0.19653554260730743 2081
1784237472167 0.17395097017288208 2082
1784237472185 0.2905923128128052 2083
1784237472205 0.32739734649658203 2084
1784237472224 0.3731449842453003 2085
1784237472243 0.19457091391086578 2086
1784237472264 0.35975754261016846 2087
1784237472281 0.1322920322418213 2088
1784237472298 0.3069840371608734 2089
1784237472316 0.4864676296710968 2090
1784237472334 0.5630286931991577 2091
1784237472350 0.36936408281326294 2092
1784237472368 0.27844369411468506 2093
1784237472385 0.5946195125579834 2094
1784237472402 0.20283901691436768 2095
1784237472417 0.12781916558742523 2096
1784237472435 0.27660632133483887 2097
1784237472452 0.2857504189014435 2098
1784237472470 0.5718430876731873 2099
1784237472486 0.26731106638908386 2100
1784237472502 0.09784101694822311 2101
1784237472520 0.6746506690979004 2102
1784237472536 0.26861071586608887 2103
1784237472564 0.37106096744537354 2104
1784237472580 0.19427485764026642 2105
1784237472596 0.3017733097076416 2106
1784237472614 0.654619574546814 2107
1784237472632 0.2026071548461914 2108
1784237472650 0.3436815142631531 2109
1784237472668 0.5373086929321289 2110
1784237472685 0.7255138754844666 2111
1784237472702 0.4357357919216156 2112
1784237472718 0.6116902232170105 2113
1784237472736 0.36208564043045044 2114
1784237472753 0.18540333211421967 2115
1784237472771 0.3329065442085266 2116
1784237472788 0.6835853457450867 2117
1784237472804 0.2534489333629608 2118
1784237472822 0.33037739992141724 2119
1784237472839 0.11461146920919418 2120
1784237472855 0.20622456073760986 2121
1784237472874 0.2735144793987274 2122
1784237472893 0.46936193108558655 2123
1784237472911 0.2525535225868225 2124
1784237472928 0.48673945665359497 2125
1784237472946 0.5303246974945068 2126
1784237472962 0.34252476692199707 2127
1784237472979 0.6427647471427917 2128
1784237472998 0.307617723941803 2129
1784237473015 0.14144288003444672 2130
1784237473033 0.21542243659496307 2131
1784237473051 0.29525089263916016 2132
1784237473068 0.5787851214408875 2133
1784237473085 0.6185729503631592 2134
1784237473102 0.16424442827701569 2135
1784237473118 0.2658712863922119 2136
1784237473135 0.380425363779068 2137
1784237473152 0.2688014805316925 2138
1784237473169 0.4041546583175659 2139
1784237473186 0.28418275713920593 2140
1784237473204 0.32867810130119324 2141
1784237473222 0.2925511598587036 2142
1784237473240 0.331905335187912 2143
1784237473256 1.2416987419128418 2144
1784237473274 0.14412590861320496 2145
1784237473290 0.16617341339588165 2146
1784237473308 0.27591651678085327 2147
1784237473325 0.20275261998176575 2148
1784237473342 0.391697496175766 2149
1784237473357 0.16472242772579193 2150
1784237473375 0.3994206190109253 2151
1784237473391 0.2853041887283325 2152
1784237473409 0.42019325494766235 2153
1784237473426 0.45989516377449036 2154
1784237473444 0.3050882816314697 2155
1784237473461 0.4507686197757721 2156
1784237473478 0.2706388235092163 2157
1784237473495 0.1804439276456833 2158
1784237473516 0.5504425764083862 2159
1784237473534 0.35878604650497437 2160
1784237473553 0.3536985516548157 2161
1784237473572 0.4494459331035614 2162
1784237473588 0.26505041122436523 2163
1784237473605 0.649622917175293 2164
1784237473624 0.5886058211326599 2165
1784237473640 0.3374479115009308 2166
1784237473660 0.5652333498001099 2167
1784237473677 0.43337154388427734 2168
1784237473693 0.5446347594261169 2169
1784237473710 0.2506306767463684 2170
1784237473726 0.29945993423461914 2171
1784237473744 0.1544889211654663 2172
1784237473762 0.25082826614379883 2173
1784237473778 0.22326378524303436 2174
1784237473793 0.17498040199279785 2175
1784237473808 0.3698716163635254 2176
1784237473824 0.5113612413406372 2177
1784237473840 0.37004679441452026 2178
1784237473858 0.25231611728668213 2179
1784237473874 0.23816730082035065 2180
1784237473890 0.38948261737823486 2181
1784237473907 0.5978764891624451 2182
1784237473923 0.34652337431907654 2183
1784237473939 0.5069410800933838 2184
1784237473957 0.24369680881500244 2185
1784237473974 0.11892333626747131 2186
1784237473990 0.4037216603755951 2187
1784237474007 0.2013804167509079 2188
1784237474025 0.3087157607078552 2189
1784237474040 0.18473048508167267 2190
1784237474059 0.2565753757953644 2191
1784237474074 0.43779948353767395 2192
1784237474091 0.09242352843284607 2193
1784237474107 0.3400185704231262 2194
1784237474124 0.8426323533058167 2195
1784237474141 0.19274908304214478 2196
1784237474157 0.26632651686668396 2197
1784237474173 0.4267163872718811 2198
1784237474189 0.6450021266937256 2199
1784237474207 0.19340147078037262 2200
1784237474223 0.23268894851207733 2201
1784237474242 0.19970692694187164 2202
1784237474259 0.44734352827072144 2203
1784237474275 0.30139589309692383 2204
1784237474291 0.2736619710922241 2205
1784237474307 0.1604369580745697 2206
1784237474325 0.4408506453037262 2207
1784237474343 0.37097880244255066 2208
1784237474361 0.14023412764072418 2209
1784237474379 0.10060422122478485 2210
1784237474397 0.16179613769054413 2211
1784237474417 0.170767143368721 2212
1784237474436 0.34914201498031616 2213
1784237474455 0.3175748288631439 2214
1784237474475 0.6316781044006348 2215
1784237474493 0.24394355714321136 2216
1784237474512 0.15442919731140137 2217
1784237474529 0.26448923349380493 2218
1784237474546 0.13348202407360077 2219
1784237474565 0.2556944191455841 2220
1784237474582 0.5303906202316284 2221
1784237474599 0.2515566349029541 2222
1784237474616 0.36715513467788696 2223
1784237474632 0.20405147969722748 2224
1784237474652 0.4582539498806 2225
1784237474670 1.0680445432662964 2226
1784237474688 0.22282864153385162 2227
1784237474706 0.3637663424015045 2228
1784237474785 0.15390856564044952 2229
1784237474813 0.4710618555545807 2230
1784237474830 0.23698927462100983 2231
1784237474847 0.4864962697029114 2232
1784237474866 0.23382382094860077 2233
1784237474884 0.2867354154586792 2234
1784237474901 0.17228347063064575 2235
1784237474917 0.10244426131248474 2236
1784237474934 0.2902143895626068 2237
1784237474951 0.49817323684692383 2238
1784237474968 0.24560563266277313 2239
1784237474984 0.32147467136383057 2240
1784237475001 0.25142261385917664 2241
1784237475018 0.0922682136297226 2242
1784237475035 0.12447948753833771 2243
1784237475053 0.5125121474266052 2244
1784237475069 0.24698974192142487 2245
1784237475085 0.3683543801307678 2246
1784237475101 0.3840479552745819 2247
1784237475118 0.23519137501716614 2248
1784237475136 0.42245328426361084 2249
1784237475154 0.11597940325737 2250
1784237475172 0.19413478672504425 2251
1784237475188 0.171708345413208 2252
1784237475204 0.15035347640514374 2253
1784237475221 0.5068578124046326 2254
1784237475237 0.5031495690345764 2255
1784237475254 0.26180732250213623 2256
1784237475272 0.3458421528339386 2257
1784237475289 0.4024488031864166 2258
1784237475305 0.1666792333126068 2259
1784237475322 0.32929864525794983 2260
1784237475339 0.6701077222824097 2261
1784237475356 0.5174136757850647 2262
1784237475373 0.3690735101699829 2263
1784237475389 0.23858821392059326 2264
1784237475406 0.20275510847568512 2265
1784237475423 0.298582524061203 2266
1784237475439 0.45863476395606995 2267
1784237475455 0.47248274087905884 2268
1784237475473 0.2856931686401367 2269
1784237475490 0.3810479938983917 2270
1784237475509 0.2969089448451996 2271
1784237475531 0.35601484775543213 2272
1784237475549 0.13976438343524933 2273
1784237475566 0.38760536909103394 2274
1784237475585 0.3366107940673828 2275
1784237475603 0.2154388725757599 2276
1784237475623 0.44452357292175293 2277
1784237475640 0.3720014691352844 2278
1784237475657 0.6124966144561768 2279
1784237475673 0.20805783569812775 2280
1784237475690 0.500039279460907 2281
1784237475707 0.27895912528038025 2282
1784237475725 0.12439996004104614 2283
1784237475742 0.3461790382862091 2284
1784237475760 0.2544274628162384 2285
1784237475779 0.18374407291412354 2286
1784237475797 0.36623886227607727 2287
1784237475815 0.3248344361782074 2288
1784237475834 0.2723618447780609 2289
1784237475851 0.43361204862594604 2290
1784237475867 0.5766838192939758 2291
1784237475884 0.40681400895118713 2292
1784237475901 0.497480571269989 2293
1784237475918 0.36180874705314636 2294
1784237475936 0.46405285596847534 2295
1784237475952 0.24937768280506134 2296
1784237475970 0.5397143959999084 2297
1784237475988 0.23515546321868896 2298
1784237476004 0.36538660526275635 2299
1784237476022 0.44485917687416077 2300
1784237476040 0.44541773200035095 2301
1784237476057 0.13785973191261292 2302
1784237476075 0.7891756296157837 2303
1784237476092 0.19942720234394073 2304
1784237476109 0.3945366442203522 2305
1784237476127 0.4338255226612091 2306
1784237476146 0.587150514125824 2307
1784237476164 0.5010549426078796 2308
1784237476180 0.1709936261177063 2309
1784237476197 0.25039708614349365 2310
1784237476214 0.19870729744434357 2311
1784237476231 0.09347306936979294 2312
1784237476249 0.3665791451931 2313
1784237476266 0.20752350986003876 2314
1784237476282 0.6102308630943298 2315
1784237476300 0.19638943672180176 2316
1784237476316 0.3904135227203369 2317
1784237476334 0.5470787286758423 2318
1784237476351 0.13278774917125702 2319
1784237476367 0.20239222049713135 2320
1784237476384 0.28778767585754395 2321
1784237476401 0.5760881304740906 2322
1784237476417 0.5435683727264404 2323
1784237476436 0.20669032633304596 2324
1784237476453 0.303402841091156 2325
1784237476470 0.09659072756767273 2326
1784237476487 0.6131975650787354 2327
1784237476503 0.2956995368003845 2328
1784237476521 0.4875192642211914 2329
1784237476539 0.2837313115596771 2330
1784237476557 0.4920417368412018 2331
1784237476573 0.37298232316970825 2332
1784237476589 0.3984431326389313 2333
1784237476606 0.2111188769340515 2334
1784237476625 0.34201183915138245 2335
1784237476644 0.4782652258872986 2336
1784237476665 0.7692481875419617 2337
1784237476683 0.29881957173347473 2338
1784237476701 0.18807151913642883 2339
1784237476720 0.12452003359794617 2340
1784237476738 0.4842865765094757 2341
1784237476755 0.117546945810318 2342
1784237476773 0.42902839183807373 2343
1784237476788 0.19329829514026642 2344
1784237476804 0.3527732491493225 2345
1784237476822 0.8223639130592346 2346
1784237476842 0.26335132122039795 2347
1784237476859 0.10811814665794373 2348
1784237476876 0.3802885413169861 2349
1784237476892 0.6813306212425232 2350
1784237476909 0.49518492817878723 2351
1784237476925 0.35186418890953064 2352
1784237476941 0.4426746070384979 2353
1784237476959 0.37213295698165894 2354
1784237476976 0.17241819202899933 2355
1784237476993 0.22689330577850342 2356
1784237477010 0.2581697404384613 2357
1784237477026 0.18151362240314484 2358
1784237477044 0.1521209180355072 2359
1784237477061 0.29974281787872314 2360
1784237477078 0.3564540147781372 2361
1784237477094 0.15457458794116974 2362
1784237477112 0.3495035469532013 2363
1784237477129 0.4668598175048828 2364
1784237477147 0.31571412086486816 2365
1784237477163 0.34587961435317993 2366
1784237477179 0.36894166469573975 2367
1784237477195 0.2524365484714508 2368
1784237477212 0.11282381415367126 2369
1784237477229 0.3987089991569519 2370
1784237477247 0.4042869806289673 2371
1784237477264 0.3556402623653412 2372
1784237477280 0.10832196474075317 2373
1784237477297 0.1594340056180954 2374
1784237477314 0.3081884980201721 2375
1784237477331 0.5979741215705872 2376
1784237477349 0.15270115435123444 2377
1784237477368 0.1428518295288086 2378
1784237477387 0.23767417669296265 2379
1784237477403 0.3641190230846405 2380
1784237477420 0.47663614153862 2381
1784237477438 0.4973617196083069 2382
1784237477454 0.5010949373245239 2383
1784237477471 0.36742353439331055 2384
1784237477487 0.2004782259464264 2385
1784237477503 0.30987784266471863 2386
1784237477518 0.20216749608516693 2387
1784237477535 0.2617049813270569 2388
1784237477552 0.3480492830276489 2389
1784237477570 0.40420445799827576 2390
1784237477587 0.203831747174263 2391
1784237477604 0.3262125253677368 2392
1784237477623 0.21819590032100677 2393
1784237477641 0.5605873465538025 2394
1784237477659 0.08356691151857376 2395
1784237477676 0.2285342812538147 2396
1784237477693 0.1968623250722885 2397
1784237477709 0.12107262015342712 2398
1784237477726 0.45931124687194824 2399
1784237477743 0.44203734397888184 2400
1784237477760 0.568787157535553 2401
1784237477777 0.2569468021392822 2402
1784237477795 0.13555248081684113 2403
1784237477811 0.1761026829481125 2404
1784237477828 0.44020524621009827 2405
1784237477844 0.4270007908344269 2406
1784237477861 0.43986913561820984 2407
1784237477878 0.3394034206867218 2408
1784237477897 0.22556497156620026 2409
1784237477915 0.15152214467525482 2410
1784237477932 0.24700987339019775 2411
1784237477950 0.06873112171888351 2412
1784237477967 0.30784282088279724 2413
1784237477984 0.4469012916088104 2414
1784237478001 0.19090396165847778 2415
1784237478018 0.18452982604503632 2416
1784237478035 0.14550817012786865 2417
1784237478052 0.17530664801597595 2418
1784237478070 0.5285705924034119 2419
1784237478087 0.3855278491973877 2420
1784237478103 0.14140823483467102 2421
1784237478120 0.2059241533279419 2422
1784237478137 0.13856755197048187 2423
1784237478153 0.4913530945777893 2424
1784237478171 0.45023858547210693 2425
1784237478188 0.10482315719127655 2426
1784237478205 0.29862871766090393 2427
1784237478223 0.13348832726478577 2428
1784237478240 0.6093170642852783 2429
1784237478257 0.13605527579784393 2430
1784237478273 0.7714725136756897 2431
1784237478290 0.044961169362068176 2432
1784237478307 0.2387058585882187 2433
1784237478323 0.40041661262512207 2434
1784237478340 0.2615979313850403 2435
1784237478358 0.3214946687221527 2436
1784237478374 0.4545232355594635 2437
1784237478390 0.6021661162376404 2438
1784237478405 0.3807244896888733 2439
1784237478425 0.400922954082489 2440
1784237478448 0.35945865511894226 2441
1784237478465 0.28166911005973816 2442
1784237478483 0.43540748953819275 2443
1784237478499 0.549562931060791 2444
1784237478517 0.17440420389175415 2445
1784237478535 0.39184048771858215 2446
1784237478552 0.29910749197006226 2447
1784237478569 0.18493309617042542 2448
1784237478587 0.4315521717071533 2449
1784237478603 0.09866319596767426 2450
1784237478619 0.3567182123661041 2451
1784237478637 0.45828139781951904 2452
1784237478656 0.18436287343502045 2453
1784237478674 0.2621111571788788 2454
1784237478692 0.36729735136032104 2455
1784237478710 0.2742423415184021 2456
1784237478728 0.1972227394580841 2457
1784237478746 0.460196316242218 2458
1784237478764 0.17136523127555847 2459
1784237478781 0.585424542427063 2460
1784237478798 0.32295000553131104 2461
1784237478817 0.47844254970550537 2462
1784237478834 0.38114383816719055 2463
1784237478852 0.29358193278312683 2464
1784237478872 0.1465526521205902 2465
1784237478892 0.3055180609226227 2466
1784237478913 0.2131340056657791 2467
1784237478933 0.48744314908981323 2468
1784237478952 0.3406127393245697 2469
1784237478969 0.40527212619781494 2470
1784237478987 0.4312116205692291 2471
1784237479005 0.199906125664711 2472
1784237479023 0.3427843153476715 2473
1784237479040 0.11067517101764679 2474
1784237479058 0.6214184165000916 2475
1784237479077 0.12522684037685394 2476
1784237479093 0.21979570388793945 2477
1784237479111 0.3017326593399048 2478
1784237479129 0.5184049010276794 2479
1784237479149 0.592961311340332 2480
1784237479166 0.37058767676353455 2481
1784237479184 0.2182144671678543 2482
1784237479200 0.5892316699028015 2483
1784237479216 0.6121280789375305 2484
1784237479233 0.10832764953374863 2485
1784237479251 0.15792633593082428 2486
1784237479269 0.4050895571708679 2487
1784237479287 0.21737922728061676 2488
1784237479304 0.364224910736084 2489
1784237479322 0.5310683846473694 2490
1784237479341 0.38136082887649536 2491
1784237479359 0.18084652721881866 2492
1784237479375 0.384014368057251 2493
1784237479391 0.21737265586853027 2494
1784237479406 0.1771390736103058 2495
1784237479422 0.5644992589950562 2496
1784237479439 0.6125171780586243 2497
1784237479454 0.2880992889404297 2498
1784237479471 0.4136362671852112 2499
1784237479486 0.4207580089569092 2500
1784237479502 0.2691262662410736 2501
1784237479519 0.21021714806556702 2502
1784237479537 0.32518962025642395 2503
1784237479556 0.2773132622241974 2504
1784237479573 0.7738828659057617 2505
1784237479589 0.09103042632341385 2506
1784237479609 0.2739282250404358 2507
1784237479626 0.42405903339385986 2508
1784237479642 0.38338372111320496 2509
1784237479661 0.1206190437078476 2510
1784237479679 0.13068510591983795 2511
1784237479698 0.22640366852283478 2512
1784237479720 0.24454735219478607 2513
1784237479737 0.3060325086116791 2514
1784237479755 0.49328887462615967 2515
1784237479774 0.2752695381641388 2516
1784237479791 0.17933759093284607 2517
1784237479809 0.24985934793949127 2518
1784237479829 0.43786898255348206 2519
1784237479846 0.3425660729408264 2520
1784237479865 0.43874025344848633 2521
1784237479882 0.351422518491745 2522
1784237479898 0.2576565146446228 2523
1784237479915 0.20523519814014435 2524
1784237479932 0.39239954948425293 2525
1784237479949 0.23812317848205566 2526
1784237479966 0.6538950204849243 2527
1784237479982 0.19983531534671783 2528
1784237479998 0.09766865521669388 2529
1784237480015 0.5033550262451172 2530
1784237480031 0.2852356731891632 2531
1784237480049 0.2619682550430298 2532
1784237480066 0.29767942428588867 2533
1784237480082 0.8376486897468567 2534
1784237480098 0.08500424772500992 2535
1784237480115 0.5279688835144043 2536
1784237480132 0.31482553482055664 2537
1784237480149 0.27231255173683167 2538
1784237480165 0.21993201971054077 2539
1784237480182 0.6286931037902832 2540
1784237480199 0.43498727679252625 2541
1784237480216 0.30074599385261536 2542
1784237480233 0.3104044497013092 2543
1784237480250 0.17239566147327423 2544
1784237480267 0.1775549352169037 2545
1784237480283 0.253327876329422 2546
1784237480302 0.4248560070991516 2547
1784237480319 0.49816587567329407 2548
1784237480336 0.20086407661437988 2549
1784237480353 0.30350038409233093 2550
1784237480372 0.2628532350063324 2551
1784237480388 0.7088913917541504 2552
1784237480404 0.20280009508132935 2553
1784237480422 0.4421769380569458 2554
1784237480438 0.5419833660125732 2555
1784237480457 0.3297625184059143 2556
1784237480474 0.560386598110199 2557
1784237480491 0.5397909879684448 2558
1784237480508 0.3579072654247284 2559
1784237480526 0.1844528317451477 2560
1784237480543 0.15069326758384705 2561
1784237480563 0.2905158996582031 2562
1784237480579 0.25784528255462646 2563
1784237480596 0.6696443557739258 2564
1784237480613 0.3842456042766571 2565
1784237480631 0.1862586885690689 2566
1784237480649 0.2722425162792206 2567
1784237480666 0.44587409496307373 2568
1784237480682 0.3864496648311615 2569
1784237480700 0.4152788519859314 2570
1784237480717 0.2679193317890167 2571
1784237480734 0.13258089125156403 2572
1784237480752 0.35099467635154724 2573
1784237480770 0.3304082751274109 2574
1784237480788 0.49405843019485474 2575
1784237480806 0.2504103481769562 2576
1784237480824 0.2652209997177124 2577
1784237480841 0.10199876874685287 2578
1784237480859 0.29110240936279297 2579
1784237480877 0.2765711545944214 2580
1784237480892 0.13430063426494598 2581
1784237480909 0.21106849610805511 2582
1784237480926 0.25664329528808594 2583
1784237480943 0.4600335359573364 2584
1784237480960 0.26287007331848145 2585
1784237480976 0.5062981247901917 2586
1784237480993 0.30267155170440674 2587
1784237481009 0.3364550471305847 2588
1784237481027 0.35868316888809204 2589
1784237481045 0.562509298324585 2590
1784237481061 0.4326091706752777 2591
1784237481080 0.49302399158477783 2592
1784237481098 0.13694071769714355 2593
1784237481118 0.6121835112571716 2594
1784237481136 0.33863770961761475 2595
1784237481157 0.9809155464172363 2596
1784237481174 0.33162856101989746 2597
1784237481191 0.30167356133461 2598
1784237481209 0.3329543173313141 2599
1784237481227 0.1511257141828537 2600
1784237481244 0.191320538520813 2601
1784237481261 0.2646368145942688 2602
1784237481277 0.22626793384552002 2603
1784237481309 0.22575098276138306 2604
1784237481326 0.42527395486831665 2605
1784237481342 0.20784986019134521 2606
1784237481358 0.23372453451156616 2607
1784237481375 0.3106827735900879 2608
1784237481390 0.4803832173347473 2609
1784237481407 0.37542009353637695 2610
1784237481423 0.20716078579425812 2611
1784237481441 0.22709161043167114 2612
1784237481456 0.3357335329055786 2613
1784237481473 0.5371353626251221 2614
1784237481489 0.2171199768781662 2615
1784237481505 0.24419213831424713 2616
1784237481520 0.19087068736553192 2617
1784237481537 0.273580402135849 2618
1784237481555 0.3352770507335663 2619
1784237481571 0.2558043897151947 2620
1784237481589 0.427945613861084 2621
1784237481609 0.16843846440315247 2622
1784237481626 0.21027818322181702 2623
1784237481643 0.19329652190208435 2624
1784237481662 0.3380923271179199 2625
1784237481678 0.257953405380249 2626
1784237481695 0.5426281094551086 2627
1784237481713 0.20536360144615173 2628
1784237481732 0.1588323414325714 2629
1784237481749 0.2235337793827057 2630
1784237481767 0.37154996395111084 2631
1784237481784 0.31870466470718384 2632
1784237481802 0.08748375624418259 2633
1784237481819 0.27979958057403564 2634
1784237481837 0.34234896302223206 2635
1784237481857 0.35443711280822754 2636
1784237481875 0.39894747734069824 2637
1784237481892 0.2647300958633423 2638
1784237481911 0.2476983517408371 2639
1784237481929 0.15190136432647705 2640
1784237481946 0.38994401693344116 2641
1784237481963 0.2967556416988373 2642
1784237481981 0.2880585789680481 2643
1784237481997 0.24458059668540955 2644
1784237482013 0.26186832785606384 2645
1784237482031 0.28062477707862854 2646
1784237482047 0.4480418264865875 2647
1784237482063 0.33000436425209045 2648
1784237482081 0.44759029150009155 2649
1784237482098 0.21860884130001068 2650
1784237482114 0.43761804699897766 2651
1784237482130 0.3660193681716919 2652
1784237482147 0.2239430695772171 2653
1784237482163 0.33773690462112427 2654
1784237482180 0.10362672060728073 2655
1784237482196 0.3613412380218506 2656
1784237482214 0.043387483805418015 2657
1784237482231 0.17625349760055542 2658
1784237482250 0.7818139791488647 2659
1784237482266 0.25762617588043213 2660
1784237482282 0.12832683324813843 2661
1784237482298 0.5384092330932617 2662
1784237482315 0.4220295548439026 2663
1784237482331 0.2748554050922394 2664
1784237482347 0.3992067873477936 2665
1784237482364 0.38924020528793335 2666
1784237482383 0.13879887759685516 2667
1784237482399 0.38687658309936523 2668
1784237482417 0.21579676866531372 2669
1784237482435 0.3075997233390808 2670
1784237482454 0.37466466426849365 2671
1784237482470 0.3187783360481262 2672
1784237482488 0.17208395898342133 2673
1784237482506 0.3219638764858246 2674
1784237482524 0.39818495512008667 2675
1784237482541 0.44997406005859375 2676
1784237482558 0.25830280780792236 2677
1784237482575 0.27983608841896057 2678
1784237482592 0.1989404261112213 2679
1784237482609 0.1924060583114624 2680
1784237482626 0.4812922179698944 2681
1784237482643 0.11509508639574051 2682
1784237482660 0.2053757607936859 2683
1784237482677 0.1691095530986786 2684
1784237482696 0.6748749613761902 2685
1784237482712 0.26605483889579773 2686
1784237482729 0.2149440348148346 2687
1784237482745 0.5763907432556152 2688
1784237482762 0.26544132828712463 2689
1784237482780 0.24473534524440765 2690
1784237482797 0.4300065338611603 2691
1784237482815 0.45367488265037537 2692
1784237482831 0.11389453709125519 2693
1784237482848 0.2700178623199463 2694
1784237482865 0.2949957847595215 2695
1784237482883 0.2497912049293518 2696
1784237482898 0.36446326971054077 2697
1784237482915 0.39849182963371277 2698
1784237482931 0.1665428876876831 2699
1784237482947 0.1802377998828888 2700
1784237482963 0.18253032863140106 2701
1784237482981 0.13735279440879822 2702
1784237482998 0.29292353987693787 2703
1784237483015 0.13479401171207428 2704
1784237483033 0.42459625005722046 2705
1784237483049 0.3510549068450928 2706
1784237483066 0.10730521380901337 2707
1784237483082 0.1804649382829666 2708
1784237483098 0.25503402948379517 2709
1784237483115 0.502968430519104 2710
1784237483132 0.31954291462898254 2711
1784237483149 0.42975056171417236 2712
1784237483166 0.3850248456001282 2713
1784237483182 0.24110254645347595 2714
1784237483200 0.2293286770582199 2715
1784237483217 0.30935952067375183 2716
1784237483234 0.33220040798187256 2717
1784237483252 0.7898476123809814 2718
1784237483271 0.5085424184799194 2719
1784237483289 0.17275665700435638 2720
1784237483306 0.2236117720603943 2721
1784237483325 0.4426555931568146 2722
1784237483343 0.4003238081932068 2723
1784237483367 0.30993178486824036 2724
1784237483389 0.34834668040275574 2725
1784237483411 0.21850243210792542 2726
1784237483431 0.33789509534835815 2727
1784237483450 0.26964864134788513 2728
1784237483468 0.20756812393665314 2729
1784237483484 0.4376698434352875 2730
1784237483503 0.3849276900291443 2731
1784237483521 0.22678698599338531 2732
1784237483538 0.6211161613464355 2733
1784237483555 0.08705874532461166 2734
1784237483573 0.29820016026496887 2735
1784237483590 0.3850407004356384 2736
1784237483606 0.14803853631019592 2737
1784237483623 0.34141889214515686 2738
1784237483640 0.3768402338027954 2739
1784237483658 0.2737888991832733 2740
1784237483674 0.22448258101940155 2741
1784237483692 0.18615593016147614 2742
1784237483710 0.28196439146995544 2743
1784237483727 0.14737674593925476 2744
1784237483745 0.25617197155952454 2745
1784237483761 0.1391206681728363 2746
1784237483777 0.20851339399814606 2747
1784237483795 0.105837881565094 2748
1784237483812 0.15831920504570007 2749
1784237483830 0.3667928874492645 2750
1784237483846 0.16393974423408508 2751
1784237483864 0.1629296988248825 2752
1784237483882 0.29371801018714905 2753
1784237483898 0.12190070003271103 2754
1784237483915 0.17068171501159668 2755
1784237483932 0.4889132082462311 2756
1784237483949 0.455392986536026 2757
1784237483966 0.4878312945365906 2758
1784237483991 0.44180917739868164 2759
1784237484011 0.29533472657203674 2760
1784237484029 0.07882090657949448 2761
1784237484050 0.4660031497478485 2762
1784237484071 0.27403104305267334 2763
1784237484089 0.24659641087055206 2764
1784237484108 0.35381755232810974 2765
1784237484127 0.21906644105911255 2766
1784237484146 0.43303072452545166 2767
1784237484163 0.27070948481559753 2768
1784237484181 0.25686994194984436 2769
1784237484198 0.4814727306365967 2770
1784237484217 0.3084469437599182 2771
1784237484234 0.19261927902698517 2772
1784237484253 0.2289947122335434 2773
1784237484278 0.23139184713363647 2774
1784237484295 0.12243330478668213 2775
1784237484313 0.5554651618003845 2776
1784237484332 0.16922859847545624 2777
1784237484351 0.6023284792900085 2778
1784237484368 0.51767498254776 2779
1784237484389 0.6026360392570496 2780
1784237484409 0.33021068572998047 2781
1784237484429 0.1347503662109375 2782
1784237484448 0.12467356026172638 2783
1784237484467 0.09245773404836655 2784
1784237484487 0.10157537460327148 2785
1784237484509 0.10800715535879135 2786
1784237484530 0.3147464990615845 2787
1784237484551 0.17378473281860352 2788
1784237484570 0.4817245900630951 2789
1784237484588 0.2560354173183441 2790
1784237484608 0.4998222887516022 2791
1784237484642 0.22094516456127167 2792
1784237484702 0.2592529356479645 2793
1784237484737 0.22882124781608582 2794
1784237484765 0.21926219761371613 2795
1784237484786 0.31640729308128357 2796
1784237484808 0.6012828350067139 2797
1784237484827 0.15486401319503784 2798
1784237484847 0.23743115365505219 2799
1784237484865 0.30575305223464966 2800
1784237484883 0.42517104744911194 2801
1784237484903 0.14911948144435883 2802
1784237484921 0.30776333808898926 2803
1784237484941 0.5369041562080383 2804
1784237484960 0.2543778419494629 2805
1784237484978 0.19992148876190186 2806
1784237484996 0.3256089985370636 2807
1784237485015 0.49143746495246887 2808
1784237485031 0.4516139030456543 2809
1784237485049 0.3274294137954712 2810
1784237485066 0.43188315629959106 2811
1784237485083 0.21406163275241852 2812
1784237485101 0.26460185647010803 2813
1784237485120 0.19045810401439667 2814
1784237485136 0.5179961323738098 2815
1784237485155 0.10379049181938171 2816
1784237485172 0.30174192786216736 2817
1784237485188 0.17572322487831116 2818
1784237485206 0.26772013306617737 2819
1784237485222 0.34340986609458923 2820
1784237485241 0.2638610899448395 2821
1784237485258 0.52199786901474 2822
1784237485277 0.2607346475124359 2823
1784237485294 0.21311181783676147 2824
1784237485311 0.4130067825317383 2825
1784237485329 0.176950141787529 2826
1784237485347 0.3593519330024719 2827
1784237485365 0.1895194947719574 2828
1784237485381 0.2183241993188858 2829
1784237485397 0.278621107339859 2830
1784237485414 0.08531506359577179 2831
1784237485431 0.08728748559951782 2832
1784237485448 0.2228350192308426 2833
1784237485465 0.11402150243520737 2834
1784237485481 0.10542137920856476 2835
1784237485497 0.3949637711048126 2836
1784237485513 0.14312352240085602 2837
1784237485530 0.2382461130619049 2838
1784237485550 0.22512923181056976 2839
1784237485570 0.08922247588634491 2840
1784237485591 0.3837842345237732 2841
1784237485609 0.2883170545101166 2842
1784237485629 0.17284902930259705 2843
1784237485649 0.2537912130355835 2844
1784237485668 0.23846952617168427 2845
1784237485686 0.3466314673423767 2846
1784237485703 0.23943021893501282 2847
1784237485721 0.13016662001609802 2848
1784237485740 0.3762544095516205 2849
1784237485756 0.30540186166763306 2850
1784237485774 0.30550438165664673 2851
1784237485791 0.13749083876609802 2852
1784237485809 0.35546615719795227 2853
1784237485826 0.2536042034626007 2854
1784237485845 0.3052752912044525 2855
1784237485861 0.09089384973049164 2856
1784237485877 0.08321354538202286 2857
1784237485894 0.12606234848499298 2858
1784237485911 0.3109646737575531 2859
1784237485928 0.21561340987682343 2860
1784237485945 0.26250752806663513 2861
1784237485961 0.26717957854270935 2862
1784237485979 0.35553237795829773 2863
1784237485996 0.1149841696023941 2864
1784237486013 0.29679787158966064 2865
1784237486030 0.2930806875228882 2866
1784237486047 0.48524850606918335 2867
1784237486064 0.3180220127105713 2868
1784237486080 0.26409533619880676 2869
1784237486098 0.19881469011306763 2870
1784237486115 0.4297340512275696 2871
1784237486132 0.4871271550655365 2872
1784237486149 0.5155408382415771 2873
1784237486165 0.1737861931324005 2874
1784237486183 0.11868638545274734 2875
1784237486201 0.4059152901172638 2876
1784237486220 0.3851936459541321 2877
1784237486238 0.16195669770240784 2878
1784237486254 0.1717982441186905 2879
1784237486270 0.33918336033821106 2880
1784237486288 0.37885841727256775 2881
1784237486304 0.42601320147514343 2882
1784237486321 0.31051313877105713 2883
1784237486339 0.12193919718265533 2884
1784237486356 0.2892022728919983 2885
1784237486375 0.4128526747226715 2886
1784237486393 0.32196372747421265 2887
1784237486412 0.24229319393634796 2888
1784237486429 0.29382458329200745 2889
1784237486447 0.5528053045272827 2890
1784237486463 0.5544693470001221 2891
1784237486478 0.3587418794631958 2892
1784237486496 0.18463025987148285 2893
1784237486512 0.19390685856342316 2894
1784237486529 0.46471965312957764 2895
1784237486546 0.10190660506486893 2896
1784237486563 0.29463717341423035 2897
1784237486580 0.23131506145000458 2898
1784237486597 0.3214174211025238 2899
1784237486613 0.18820719420909882 2900
1784237486629 0.10790309309959412 2901
1784237486646 0.16233117878437042 2902
1784237486663 0.36393094062805176 2903
1784237486678 0.3127231299877167 2904
1784237486694 0.07975434511899948 2905
1784237486712 0.28821444511413574 2906
1784237486728 0.15861549973487854 2907
1784237486746 0.6321345567703247 2908
1784237486763 0.16433805227279663 2909
1784237486780 0.18275777995586395 2910
1784237486796 0.2204200178384781 2911
1784237486813 0.19687528908252716 2912
1784237486829 0.14794301986694336 2913
1784237486846 0.1520983874797821 2914
1784237486865 0.1286408007144928 2915
1784237486882 0.46998801827430725 2916
1784237486899 0.4002937376499176 2917
1784237486916 0.22854138910770416 2918
1784237486932 0.19496425986289978 2919
1784237486949 0.2494218796491623 2920
1784237486966 0.19310520589351654 2921
1784237486983 0.23442049324512482 2922
1784237487001 0.19518280029296875 2923
1784237487020 0.49865415692329407 2924
1784237487036 0.6478958129882812 2925
1784237487052 0.30619046092033386 2926
1784237487068 0.15955324470996857 2927
1784237487086 0.20371411740779877 2928
1784237487105 0.37091806530952454 2929
1784237487123 0.4444431662559509 2930
1784237487140 0.31639063358306885 2931
1784237487157 0.2564340829849243 2932
1784237487178 0.22452645003795624 2933
1784237487195 0.09259360283613205 2934
1784237487212 0.24480904638767242 2935
1784237487230 0.16276443004608154 2936
1784237487254 0.2529766857624054 2937
1784237487270 0.4231572151184082 2938
1784237487287 0.47546449303627014 2939
1784237487304 0.3972441852092743 2940
1784237487320 0.6795327663421631 2941
1784237487339 0.1490934044122696 2942
1784237487356 0.1161632388830185 2943
1784237487372 0.17580173909664154 2944
1784237487388 0.4539320170879364 2945
1784237487406 0.5597270131111145 2946
1784237487423 0.30807429552078247 2947
1784237487441 0.266374796628952 2948
1784237487458 0.31087473034858704 2949
1784237487474 0.4133807420730591 2950
1784237487491 0.1552298218011856 2951
1784237487509 0.38566869497299194 2952
1784237487528 0.2535403072834015 2953
1784237487547 0.728452742099762 2954
1784237487565 0.3778921961784363 2955
1784237487581 0.6043744087219238 2956
1784237487598 0.2419624775648117 2957
1784237487615 0.1824459731578827 2958
1784237487631 0.28691452741622925 2959
1784237487649 0.178636372089386 2960
1784237487665 0.3312844932079315 2961
1784237487681 0.3522006869316101 2962
1784237487698 0.28274184465408325 2963
1784237487716 0.21541789174079895 2964
1784237487734 0.2516093850135803 2965
1784237487753 0.07437651604413986 2966
1784237487769 0.12617246806621552 2967
1784237487786 0.4009642004966736 2968
1784237487807 0.2951275110244751 2969
1784237487828 0.5038785934448242 2970
1784237487848 0.5394976735115051 2971
1784237487868 0.1393044888973236 2972
1784237487886 0.6617695093154907 2973
1784237487906 0.33530375361442566 2974
1784237487923 0.427049458026886 2975
1784237487941 0.3603760004043579 2976
1784237487957 0.4350636899471283 2977
1784237487972 0.2222812920808792 2978
1784237487991 0.41109296679496765 2979
1784237488009 0.2567686140537262 2980
1784237488025 0.1769169718027115 2981
1784237488042 0.2436230480670929 2982
1784237488059 0.18576675653457642 2983
1784237488075 0.2777303159236908 2984
1784237488092 0.209599107503891 2985
1784237488109 0.33292844891548157 2986
1784237488126 0.4546589255332947 2987
1784237488145 0.2316140979528427 2988
1784237488162 0.14656676352024078 2989
1784237488180 0.18571187555789948 2990
1784237488197 0.28271281719207764 2991
1784237488213 0.1135985404253006 2992
1784237488231 0.1845644861459732 2993
1784237488247 0.443647563457489 2994
1784237488262 0.4396127164363861 2995
1784237488278 0.31136590242385864 2996
1784237488297 0.36156025528907776 2997
1784237488314 0.6460772156715393 2998
1784237488330 0.28915464878082275 2999
1784237488346 0.6339874267578125 3000
1784237488363 0.16272076964378357 3001
1784237488379 0.23088887333869934 3002
1784237488397 0.21159301698207855 3003
1784237488413 0.23444020748138428 3004
1784237488431 0.13363738358020782 3005
1784237488449 0.1946898251771927 3006
1784237488464 0.41929224133491516 3007
1784237488480 0.2489829957485199 3008
1784237488498 0.39583054184913635 3009
1784237488513 0.331696093082428 3010
1784237488531 0.29245972633361816 3011
1784237488547 0.3786468505859375 3012
1784237488563 0.4830508530139923 3013
1784237488579 0.26768678426742554 3014
1784237488596 0.22949644923210144 3015
1784237488614 0.16477282345294952 3016
1784237488629 0.15124988555908203 3017
1784237488646 0.7477997541427612 3018
1784237488663 0.14434687793254852 3019
1784237488680 0.20253342390060425 3020
1784237488696 0.2098855972290039 3021
1784237488713 0.15477198362350464 3022
1784237488729 0.20526422560214996 3023
1784237488745 0.15092267096042633 3024
1784237488762 0.43228983879089355 3025
1784237488779 0.10726842284202576 3026
1784237488796 0.7579371333122253 3027
1784237488814 0.09357119351625443 3028
1784237488832 0.15830931067466736 3029
1784237488850 0.19399438798427582 3030
1784237488867 0.5417426824569702 3031
1784237488885 0.6972000598907471 3032
1784237488903 0.6351139545440674 3033
1784237488919 0.1272229552268982 3034
1784237488938 0.13637474179267883 3035
1784237488954 0.24084007740020752 3036
1784237488972 0.2564200460910797 3037
1784237488988 0.24983862042427063 3038
1784237489005 0.2984544634819031 3039
1784237489021 0.19874535501003265 3040
1784237489037 0.2714506685733795 3041
1784237489053 0.36170580983161926 3042
1784237489070 0.214389368891716 3043
1784237489086 0.41995540261268616 3044
1784237489103 0.2608121335506439 3045
1784237489124 0.11640357971191406 3046
1784237489142 0.16905272006988525 3047
1784237489158 0.2707381546497345 3048
1784237489175 0.309538871049881 3049
1784237489193 0.24078167974948883 3050
1784237489210 0.41600310802459717 3051
1784237489228 0.3079460859298706 3052
1784237489245 0.1935986876487732 3053
1784237489263 0.2648794651031494 3054
1784237489279 0.41168859601020813 3055
1784237489297 0.3967377543449402 3056
1784237489313 0.3552122712135315 3057
1784237489331 0.2612385153770447 3058
1784237489347 0.4730429947376251 3059
1784237489364 0.19564826786518097 3060
1784237489382 0.07837535440921783 3061
1784237489397 0.1478395313024521 3062
1784237489413 0.2756745219230652 3063
1784237489429 0.2273918092250824 3064
1784237489446 0.2187134325504303 3065
1784237489463 0.8118422627449036 3066
1784237489479 0.12534712255001068 3067
1784237489496 0.49529358744621277 3068
1784237489513 0.2266167253255844 3069
1784237489529 0.15909059345722198 3070
1784237489546 0.283428817987442 3071
1784237489562 0.03939391300082207 3072
1784237489579 0.283962607383728 3073
1784237489596 0.1281811147928238 3074
1784237489679 0.2590350806713104 3075
1784237489708 0.18254829943180084 3076
1784237489726 0.10428933054208755 3077
1784237489743 0.12997668981552124 3078
1784237489760 0.2414601445198059 3079
1784237489777 0.32845401763916016 3080
1784237489795 0.0374356284737587 3081
1784237489813 0.45125409960746765 3082
1784237489832 0.19310614466667175 3083
1784237489848 0.45569664239883423 3084
1784237489865 0.3344373404979706 3085
1784237489881 0.29012617468833923 3086
1784237489900 0.19391196966171265 3087
1784237489916 0.2056923806667328 3088
1784237489933 0.08935496211051941 3089
1784237489949 0.14078332483768463 3090
1784237489966 0.337155282497406 3091
1784237489983 0.09992726147174835 3092
1784237490000 0.17743583023548126 3093
1784237490019 0.31600072979927063 3094
1784237490039 0.1829632669687271 3095
1784237490060 0.16625617444515228 3096
1784237490078 0.0920386016368866 3097
1784237490097 0.23846742510795593 3098
1784237490116 0.21988023817539215 3099
1784237490134 0.13049714267253876 3100
1784237490150 0.24267399311065674 3101
1784237490168 0.11723661422729492 3102
1784237490185 0.48923051357269287 3103
1784237490215 0.2805664837360382 3104
1784237490231 0.295540988445282 3105
1784237490250 0.09388252347707748 3106
1784237490267 0.15532682836055756 3107
1784237490283 0.5309516191482544 3108
1784237490300 0.16578076779842377 3109
1784237490319 0.49404582381248474 3110
1784237490335 0.11800505965948105 3111
1784237490351 0.2858782410621643 3112
1784237490367 0.3456050157546997 3113
1784237490384 0.40982046723365784 3114
1784237490402 0.21148866415023804 3115
1784237490420 0.1111973449587822 3116
1784237490438 0.13328874111175537 3117
1784237490455 0.14274150133132935 3118
1784237490479 0.29667171835899353 3119
1784237490498 0.11536010354757309 3120
1784237490516 0.3123099207878113 3121
1784237490533 0.16057100892066956 3122
1784237490551 0.14591296017169952 3123
1784237490567 0.7715734243392944 3124
1784237490584 0.1486341655254364 3125
1784237490603 0.19808954000473022 3126
1784237490620 0.2522798180580139 3127
1784237490638 0.3724237084388733 3128
1784237490656 0.21420949697494507 3129
1784237490673 0.3669636845588684 3130
1784237490693 0.2382335215806961 3131
1784237490711 0.19002677500247955 3132
1784237490728 0.0845760703086853 3133
1784237490745 0.1337648630142212 3134
1784237490762 0.14308500289916992 3135
1784237490781 0.1333048790693283 3136
1784237490798 0.7252277731895447 3137
1784237490816 0.11482948064804077 3138
1784237490833 0.3223639130592346 3139
1784237490850 0.2753320634365082 3140
1784237490869 0.2595030963420868 3141
1784237490886 0.23488031327724457 3142
1784237490904 0.26251643896102905 3143
1784237490921 0.3513261377811432 3144
1784237490937 0.12210636585950851 3145
1784237490955 0.29969778656959534 3146
1784237490971 0.6047728061676025 3147
1784237490986 0.20606549084186554 3148
1784237491003 0.5193595886230469 3149
1784237491019 0.3058067560195923 3150
1784237491038 0.1313331127166748 3151
1784237491054 0.13505947589874268 3152
1784237491070 0.3089958131313324 3153
1784237491086 0.27949854731559753 3154
1784237491103 0.3534436821937561 3155
1784237491122 0.1516517996788025 3156
1784237491139 0.30539053678512573 3157
1784237491156 0.1089780405163765 3158
1784237491173 0.23699378967285156 3159
1784237491190 0.4007790982723236 3160
1784237491207 0.08529249578714371 3161
1784237491224 0.3176881670951843 3162
1784237491242 0.16458047926425934 3163
1784237491259 0.37259191274642944 3164
1784237491276 0.5815262794494629 3165
1784237491293 0.25165289640426636 3166
1784237491310 0.23766259849071503 3167
1784237491328 0.3377573490142822 3168
1784237491345 0.24390749633312225 3169
1784237491362 0.14439509809017181 3170
1784237491379 0.30782103538513184 3171
1784237491397 0.362447053194046 3172
1784237491413 0.23101632297039032 3173
1784237491430 0.14263539016246796 3174
1784237491446 0.20493903756141663 3175
1784237491462 0.19538448750972748 3176
1784237491479 0.3530186414718628 3177
1784237491496 0.3744942843914032 3178
1784237491512 0.2686365842819214 3179
1784237491529 0.22847042977809906 3180
1784237491547 0.2496512532234192 3181
1784237491563 0.4703507423400879 3182
1784237491579 0.2587677836418152 3183
1784237491595 0.13718396425247192 3184
1784237491613 0.17359612882137299 3185
1784237491629 0.1960083246231079 3186
1784237491646 0.1597670316696167 3187
1784237491662 0.2828212082386017 3188
1784237491679 0.2587108612060547 3189
1784237491696 0.5427611470222473 3190
1784237491714 0.2176644653081894 3191
1784237491730 0.43212080001831055 3192
1784237491747 0.05935211107134819 3193
1784237491763 0.2088720202445984 3194
1784237491782 0.2558206617832184 3195
1784237491800 0.20826269686222076 3196
1784237491816 0.23502278327941895 3197
1784237491834 0.3230440616607666 3198
1784237491851 0.15090298652648926 3199
1784237491869 0.28101426362991333 3200
1784237491887 0.15232408046722412 3201
1784237491905 0.09517192095518112 3202
1784237491923 0.18426144123077393 3203
1784237491940 0.19274947047233582 3204
1784237491958 0.1697143018245697 3205
1784237491974 0.3382609188556671 3206
1784237491991 0.3098992109298706 3207
1784237492007 0.23663657903671265 3208
1784237492023 0.11509857326745987 3209
1784237492041 0.2602883279323578 3210
1784237492058 0.22318275272846222 3211
1784237492075 0.10419055074453354 3212
1784237492092 0.06556988507509232 3213
1784237492110 0.08043176680803299 3214
1784237492127 0.3275185227394104 3215
1784237492145 0.3800143301486969 3216
1784237492163 0.2232334017753601 3217
1784237492179 0.23137806355953217 3218
1784237492197 0.1493520736694336 3219
1784237492213 0.30870378017425537 3220
1784237492230 0.08294937014579773 3221
1784237492246 0.15475992858409882 3222
1784237492266 0.23560091853141785 3223
1784237492285 0.20520053803920746 3224
1784237492307 0.1757153570652008 3225
1784237492327 0.4366791844367981 3226
1784237492345 0.2036297470331192 3227
1784237492366 0.28580373525619507 3228
1784237492383 0.18479806184768677 3229
1784237492400 0.3902442455291748 3230
1784237492418 0.3787715435028076 3231
1784237492438 0.21267764270305634 3232
1784237492453 0.11255397647619247 3233
1784237492472 0.16134591400623322 3234
1784237492490 0.369731068611145 3235
1784237492507 0.4753897786140442 3236
1784237492524 0.3050156533718109 3237
1784237492542 0.0797170028090477 3238
1784237492558 0.13523562252521515 3239
1784237492576 0.2721993327140808 3240
1784237492593 0.19841788709163666 3241
1784237492609 0.623328685760498 3242
1784237492626 0.27905377745628357 3243
1784237492643 0.24822723865509033 3244
1784237492660 0.1721155345439911 3245
1784237492676 0.2935146987438202 3246
1784237492693 0.08693613857030869 3247
1784237492710 0.32998719811439514 3248
1784237492728 0.31698161363601685 3249
1784237492745 0.2911283075809479 3250
1784237492761 0.0562228262424469 3251
1784237492778 0.25979962944984436 3252
1784237492795 0.22612005472183228 3253
1784237492812 0.45097360014915466 3254
1784237492829 0.1998055875301361 3255
1784237492845 0.4915755093097687 3256
1784237492860 0.2040242850780487 3257
1784237492876 0.25785672664642334 3258
1784237492894 0.24680370092391968 3259
1784237492911 0.43812280893325806 3260
1784237492928 0.0817316547036171 3261
1784237492945 0.1405552178621292 3262
1784237492961 0.2617121934890747 3263
1784237492977 0.19390155375003815 3264
1784237492994 0.11812131106853485 3265
1784237493011 0.21682512760162354 3266
1784237493028 0.128097802400589 3267
1784237493045 0.34558138251304626 3268
1784237493064 0.5247626900672913 3269
1784237493080 0.5216028094291687 3270
1784237493096 0.20252707600593567 3271
1784237493112 0.1341497302055359 3272
1784237493135 0.2896682024002075 3273
1784237493153 0.20778504014015198 3274
1784237493171 0.37907716631889343 3275
1784237493188 0.5894010663032532 3276
1784237493206 0.3439922034740448 3277
1784237493223 0.262466698884964 3278
1784237493239 0.1509251892566681 3279
1784237493255 0.37417128682136536 3280
1784237493271 0.09248577803373337 3281
1784237493287 0.20683635771274567 3282
1784237493305 0.38695040345191956 3283
1784237493324 0.27628567814826965 3284
1784237493341 0.2774154245853424 3285
1784237493358 0.35881325602531433 3286
1784237493376 0.5468490719795227 3287
1784237493393 0.2794314920902252 3288
1784237493412 0.1676899492740631 3289
1784237493431 0.22218088805675507 3290
1784237493449 0.28958940505981445 3291
1784237493466 0.4574865400791168 3292
1784237493484 0.18877454102039337 3293
1784237493501 0.3348005712032318 3294
1784237493521 0.3790510892868042 3295
1784237493538 0.40076228976249695 3296
1784237493555 0.21774110198020935 3297
1784237493572 0.43539899587631226 3298
1784237493593 0.25368532538414 3299
1784237493611 0.32391199469566345 3300
1784237493628 0.11959558725357056 3301
1784237493645 0.21764801442623138 3302
1784237493662 0.40991097688674927 3303
1784237493678 0.24120266735553741 3304
1784237493698 0.13419684767723083 3305
1784237493714 0.29856839776039124 3306
1784237493732 0.32240596413612366 3307
1784237493750 0.2690521478652954 3308
1784237493767 0.19918793439865112 3309
1784237493784 0.16186130046844482 3310
1784237493802 0.3804578483104706 3311
1784237493820 0.20583373308181763 3312
1784237493837 0.2970665991306305 3313
1784237493853 0.7012559175491333 3314
1784237493869 0.27887988090515137 3315
1784237493887 0.20763617753982544 3316
1784237493905 0.4042337238788605 3317
1784237493923 0.20096947252750397 3318
1784237493940 0.2752201557159424 3319
1784237493956 0.6184635758399963 3320
1784237493973 0.15037883818149567 3321
1784237493989 0.11665923148393631 3322
1784237494006 0.31619489192962646 3323
1784237494022 0.6756728887557983 3324
1784237494040 0.1714486926794052 3325
1784237494056 0.2742583453655243 3326
1784237494074 0.262639582157135 3327
1784237494093 0.12422400712966919 3328
1784237494111 0.23295307159423828 3329
1784237494128 0.31997618079185486 3330
1784237494145 0.496381014585495 3331
1784237494161 0.3728162348270416 3332
1784237494177 0.08715223520994186 3333
1784237494194 0.3267118036746979 3334
1784237494211 0.27146008610725403 3335
1784237494228 0.33569324016571045 3336
1784237494245 0.20326344668865204 3337
1784237494262 0.21859775483608246 3338
1784237494279 0.931399405002594 3339
1784237494295 0.3144877851009369 3340
1784237494311 0.3276953101158142 3341
1784237494329 0.2255534678697586 3342
1784237494347 0.1948123276233673 3343
1784237494364 0.44600316882133484 3344
1784237494380 0.12373988330364227 3345
1784237494397 0.3613618016242981 3346
1784237494414 0.22863127291202545 3347
1784237494432 0.22627009451389313 3348
1784237494451 0.1236514076590538 3349
1784237494467 0.145669087767601 3350
1784237494487 0.18515987694263458 3351
1784237494509 0.19635707139968872 3352
1784237494527 0.24625453352928162 3353
1784237494547 0.6980498433113098 3354
1784237494565 0.22156019508838654 3355
1784237494584 0.22985857725143433 3356
1784237494601 0.16603244841098785 3357
1784237494619 0.31071195006370544 3358
1784237494637 0.1998361051082611 3359
1784237494657 0.32995107769966125 3360
1784237494673 0.271013468503952 3361
1784237494691 0.46153223514556885 3362
1784237494708 0.18925577402114868 3363
1784237494726 0.21589848399162292 3364
1784237494742 0.1923128217458725 3365
1784237494759 0.30676302313804626 3366
1784237494777 0.05294732749462128 3367
1784237494793 0.48680925369262695 3368
1784237494810 0.48122113943099976 3369
1784237494827 0.4794430732727051 3370
1784237494844 0.23067747056484222 3371
1784237494871 0.3301730155944824 3372
1784237494889 0.25595787167549133 3373
1784237494906 0.19401928782463074 3374
1784237494921 0.11318490654230118 3375
1784237494938 0.24949337542057037 3376
1784237494953 0.1509697139263153 3377
1784237494971 0.17286494374275208 3378
1784237494987 0.29626208543777466 3379
1784237495004 0.08235441148281097 3380
1784237495021 0.10486222058534622 3381
1784237495038 0.27702564001083374 3382
1784237495053 0.12710854411125183 3383
1784237495070 0.27251070737838745 3384
1784237495086 0.15626512467861176 3385
1784237495105 0.2538476288318634 3386
1784237495123 0.3819555938243866 3387
1784237495140 0.3948303759098053 3388
1784237495157 0.5660314559936523 3389
1784237495172 0.0735558345913887 3390
1784237495191 0.19286201894283295 3391
1784237495207 0.11972634494304657 3392
1784237495225 0.3250104784965515 3393
1784237495242 0.3781692087650299 3394
1784237495258 0.11314931511878967 3395
1784237495276 0.5186657905578613 3396
1784237495293 0.38084226846694946 3397
1784237495312 0.30351004004478455 3398
1784237495330 0.2260352075099945 3399
1784237495346 0.11056167632341385 3400
1784237495363 0.11147113144397736 3401
1784237495381 0.10658307373523712 3402
1784237495398 0.1416478455066681 3403
1784237495415 0.16958068311214447 3404
1784237495433 0.24850814044475555 3405
1784237495450 0.2750011384487152 3406
1784237495466 0.08334340900182724 3407
1784237495482 0.2082291841506958 3408
1784237495499 0.24292808771133423 3409
1784237495517 0.22563697397708893 3410
1784237495534 0.13583597540855408 3411
1784237495551 0.6859469413757324 3412
1784237495567 0.39287611842155457 3413
1784237495584 0.42014577984809875 3414
1784237495601 0.23295409977436066 3415
1784237495618 0.4050249457359314 3416
1784237495635 0.5280987620353699 3417
1784237495655 0.23220676183700562 3418
1784237495672 0.23403695225715637 3419
1784237495689 0.35105255246162415 3420
1784237495706 0.26563969254493713 3421
1784237495723 0.2738713324069977 3422
1784237495739 0.4750140607357025 3423
1784237495757 0.3347533941268921 3424
1784237495773 0.17895860970020294 3425
1784237495791 0.3647790849208832 3426
1784237495809 0.10960949212312698 3427
1784237495826 0.40144115686416626 3428
1784237495842 0.3136219382286072 3429
1784237495858 0.025412486866116524 3430
1784237495875 0.5290806293487549 3431
1784237495892 0.10110582411289215 3432
1784237495909 0.32468459010124207 3433
1784237495926 0.2828487753868103 3434
1784237495945 0.14544005692005157 3435
1784237495962 0.43138259649276733 3436
1784237495978 0.2259291410446167 3437
1784237495994 0.31151220202445984 3438
1784237496010 0.4365236461162567 3439
1784237496028 0.11952794343233109 3440
1784237496045 0.02517499029636383 3441
1784237496061 0.33677607774734497 3442
1784237496079 0.3644922375679016 3443
1784237496102 0.05117151886224747 3444
1784237496119 0.32730811834335327 3445
1784237496137 0.2639811038970947 3446
1784237496153 0.28946033120155334 3447
1784237496170 0.11405263096094131 3448
1784237496186 0.2590177059173584 3449
1784237496203 0.3536994457244873 3450
1784237496219 0.14675916731357574 3451
1784237496237 0.23260244727134705 3452
1784237496253 0.09620174020528793 3453
1784237496272 0.30402258038520813 3454
1784237496290 0.2728080451488495 3455
1784237496307 0.13500134646892548 3456
1784237496324 0.21746188402175903 3457
1784237496342 0.2038896530866623 3458
1784237496360 0.3538658320903778 3459
1784237496377 0.12531769275665283 3460
1784237496396 0.28029343485832214 3461
1784237496414 0.15364289283752441 3462
1784237496431 0.10788214206695557 3463
1784237496449 0.3298492729663849 3464
1784237496467 0.24439039826393127 3465
1784237496484 0.3576117753982544 3466
1784237496502 0.4958406090736389 3467
1784237496519 0.18112985789775848 3468
1784237496539 0.2939823865890503 3469
1784237496556 0.2909928560256958 3470
1784237496573 0.12457773089408875 3471
1784237496593 0.36313316226005554 3472
1784237496609 0.5712683200836182 3473
1784237496628 0.29443493485450745 3474
1784237496645 0.3593827188014984 3475
1784237496663 0.21869345009326935 3476
1784237496680 0.20265249907970428 3477
1784237496699 0.322810560464859 3478
1784237496719 0.11491405218839645 3479
1784237496742 0.15788106620311737 3480
1784237496760 0.1218656674027443 3481
1784237496779 0.06962889432907104 3482
1784237496798 0.1287970095872879 3483
1784237496817 0.25291505455970764 3484
1784237496833 0.07263519614934921 3485
1784237496850 0.4140917658805847 3486
1784237496866 0.08111881464719772 3487
1784237496883 0.2921203374862671 3488
1784237496901 0.14818075299263 3489
1784237496920 0.3308187425136566 3490
1784237496936 0.24939680099487305 3491
1784237496953 0.748239278793335 3492
1784237496969 0.44429707527160645 3493
1784237496987 0.4142410159111023 3494
1784237497004 0.30346935987472534 3495
1784237497020 0.5544558763504028 3496
1784237497037 0.06694386899471283 3497
1784237497057 0.27717748284339905 3498
1784237497073 0.4029107689857483 3499
1784237497090 0.5342361330986023 3500
1784237497107 0.116012342274189 3501
1784237497125 0.319836288690567 3502
1784237497141 0.2617109715938568 3503
1784237497158 0.07598697394132614 3504
1784237497173 0.6341655850410461 3505
1784237497191 0.4885237216949463 3506
1784237497208 0.12663425505161285 3507
1784237497225 0.3492148220539093 3508
1784237497241 0.3748958110809326 3509
1784237497257 0.3644345700740814 3510
1784237497274 0.09228409826755524 3511
1784237497292 0.18835259974002838 3512
1784237497309 0.5218512415885925 3513
1784237497325 0.38380149006843567 3514
1784237497344 0.2553861737251282 3515
1784237497361 0.210005521774292 3516
1784237497378 0.5160397887229919 3517
1784237497395 0.12552019953727722 3518
1784237497411 0.6159144639968872 3519
1784237497428 0.052107106894254684 3520
1784237497445 0.7794820666313171 3521
1784237497463 0.17996539175510406 3522
1784237497480 0.2315893918275833 3523
1784237497498 0.49767422676086426 3524
1784237497515 0.41484755277633667 3525
1784237497533 0.42074906826019287 3526
1784237497551 0.5048836469650269 3527
1784237497567 0.09852388501167297 3528
1784237497584 0.1792200654745102 3529
1784237497603 0.4081161916255951 3530
1784237497621 0.3429352641105652 3531
1784237497638 0.29362308979034424 3532
1784237497656 0.17878271639347076 3533
1784237497673 0.7351981401443481 3534
1784237497690 0.42598605155944824 3535
1784237497707 0.18817925453186035 3536
1784237497724 0.1828710287809372 3537
1784237497741 0.2222796231508255 3538
1784237497758 0.5021255016326904 3539
1784237497775 0.2603638470172882 3540
1784237497792 0.27435535192489624 3541
1784237497809 0.2903515100479126 3542
1784237497826 0.38115596771240234 3543
1784237497844 0.20022502541542053 3544
1784237497861 0.21790164709091187 3545
1784237497878 0.2907570004463196 3546
1784237497893 0.2985508441925049 3547
1784237497913 0.13978776335716248 3548
1784237497929 0.09083879739046097 3549
1784237497948 0.21712370216846466 3550
1784237497965 0.24874761700630188 3551
1784237497984 0.21691666543483734 3552
1784237498001 0.11381197720766068 3553
1784237498020 0.13323485851287842 3554
1784237498034 0.24211996793746948 3555
1784237498053 0.16035646200180054 3556
1784237498070 0.8242673277854919 3557
1784237498088 0.12561550736427307 3558
1784237498104 0.27387917041778564 3559
1784237498121 1.0541967153549194 3560
1784237498138 0.34633177518844604 3561
1784237498156 0.36805739998817444 3562
1784237498173 0.26982012391090393 3563
1784237498190 0.46045926213264465 3564
1784237498208 0.5045682787895203 3565
1784237498225 0.7187333703041077 3566
1784237498242 0.2149992734193802 3567
1784237498259 0.08441946655511856 3568
1784237498276 0.13790655136108398 3569
1784237498292 0.18816819787025452 3570
1784237498309 0.2168416827917099 3571
1784237498327 0.17090420424938202 3572
1784237498345 0.2540716826915741 3573
1784237498362 0.26171186566352844 3574
1784237498378 0.14389681816101074 3575
1784237498394 0.10066844522953033 3576
1784237498411 0.3136000633239746 3577
1784237498429 0.16050219535827637 3578
1784237498445 0.09641385078430176 3579
1784237498460 0.716772198677063 3580
1784237498477 0.22762995958328247 3581
1784237498494 0.22734123468399048 3582
1784237498511 0.1753169447183609 3583
1784237498527 0.6571657061576843 3584
1784237498544 0.17828144133090973 3585
1784237498561 0.21422244608402252 3586
1784237498577 0.25234436988830566 3587
1784237498594 0.25463664531707764 3588
1784237498611 0.18366004526615143 3589
1784237498627 0.39625927805900574 3590
1784237498644 0.3162863254547119 3591
1784237498661 0.43460285663604736 3592
1784237498678 0.24144518375396729 3593
1784237498696 0.38654854893684387 3594
1784237498714 0.16029325127601624 3595
1784237498731 0.2245975136756897 3596
1784237498748 0.23544570803642273 3597
1784237498764 0.18438705801963806 3598
1784237498782 0.24589672684669495 3599
1784237498801 0.17520639300346375 3600
1784237498823 0.32812419533729553 3601
1784237498843 0.11592799425125122 3602
1784237498864 0.2515794038772583 3603
1784237498895 0.22370953857898712 3604
1784237498913 0.21264015138149261 3605
1784237498931 0.25137338042259216 3606
1784237498949 0.2855210602283478 3607
1784237498970 0.17860110104084015 3608
1784237498990 0.24427342414855957 3609
1784237499010 0.41575220227241516 3610
1784237499029 0.5280729532241821 3611
1784237499046 0.14150215685367584 3612
1784237499063 0.4147152304649353 3613
1784237499080 0.18076962232589722 3614
1784237499096 0.12914824485778809 3615
1784237499114 0.14939959347248077 3616
1784237499132 0.42854562401771545 3617
1784237499149 0.13741548359394073 3618
1784237499165 0.18252134323120117 3619
1784237499181 0.41896235942840576 3620
1784237499199 0.23322385549545288 3621
1784237499216 0.12096429616212845 3622
1784237499232 0.39717331528663635 3623
1784237499251 0.13584156334400177 3624
1784237499271 0.2086251974105835 3625
1784237499288 0.4140591323375702 3626
1784237499306 0.5502881407737732 3627
1784237499326 0.18336793780326843 3628
1784237499343 0.17021670937538147 3629
1784237499360 0.40966951847076416 3630
1784237499379 0.3325282335281372 3631
1784237499397 0.23742717504501343 3632
1784237499415 0.12866036593914032 3633
1784237499433 0.4524146020412445 3634
1784237499451 0.05296963453292847 3635
1784237499469 0.09364491701126099 3636
1784237499487 0.17947989702224731 3637
1784237499504 0.44699493050575256 3638
1784237499521 0.2363753318786621 3639
1784237499538 0.09832141548395157 3640
1784237499556 0.11565865576267242 3641
1784237499574 0.11937946826219559 3642
1784237499591 0.27973121404647827 3643
1784237499609 0.06965760141611099 3644
1784237499627 0.37843912839889526 3645
1784237499645 0.8034339547157288 3646
1784237499663 0.13240809738636017 3647
1784237499682 0.23266352713108063 3648
1784237499698 0.45307525992393494 3649
1784237499715 0.14550231397151947 3650
1784237499732 0.22211657464504242 3651
1784237499748 0.2888096570968628 3652
1784237499765 0.45751920342445374 3653
1784237499782 0.14637891948223114 3654
1784237499799 0.13844358921051025 3655
1784237499816 0.1327812522649765 3656
1784237499834 0.3233679533004761 3657
1784237499853 0.6551310420036316 3658
1784237499871 0.5263727307319641 3659
1784237499888 0.6489934921264648 3660
1784237499906 0.09241048246622086 3661
1784237499923 0.27774953842163086 3662
1784237499940 0.10953880846500397 3663
1784237499957 0.3710309565067291 3664
1784237499974 0.1860111802816391 3665
1784237499992 0.2859470248222351 3666
1784237500009 0.1728394627571106 3667
1784237500026 0.12160693109035492 3668
1784237500043 0.09143596887588501 3669
1784237500060 0.11947087198495865 3670
1784237500077 0.1953738033771515 3671
1784237500094 0.3196081221103668 3672
1784237500112 0.167217418551445 3673
1784237500132 0.30988091230392456 3674
1784237500150 0.07633906602859497 3675
1784237500172 0.13629944622516632 3676
1784237500196 0.2589157521724701 3677
1784237500219 0.14694422483444214 3678
1784237500242 0.07997962087392807 3679
1784237500260 0.17069043219089508 3680
1784237500277 0.10066993534564972 3681
1784237500296 0.2695111036300659 3682
1784237500317 0.6450471878051758 3683
1784237500338 0.3373512029647827 3684
1784237500356 0.38493093848228455 3685
1784237500374 0.0979219526052475 3686
1784237500393 0.07860793173313141 3687
1784237500412 0.40776538848876953 3688
1784237500432 0.21223606169223785 3689
1784237500450 0.3409481942653656 3690
1784237500467 0.44928106665611267 3691
1784237500486 0.13209861516952515 3692
1784237500504 0.1450047791004181 3693
1784237500522 0.4050951302051544 3694
1784237500540 0.29164090752601624 3695
1784237500559 0.14824828505516052 3696
1784237500577 0.2175377607345581 3697
1784237500594 0.27464979887008667 3698
1784237500612 0.4444229304790497 3699
1784237500632 0.46586403250694275 3700
1784237500650 0.3795112073421478 3701
1784237500669 0.16708014905452728 3702
1784237500688 0.13177184760570526 3703
1784237500708 0.22877371311187744 3704
1784237500726 0.19549566507339478 3705
1784237500744 0.6002591252326965 3706
1784237500762 0.3097081482410431 3707
1784237500779 0.10193973034620285 3708
1784237500797 0.07849310338497162 3709
1784237500815 0.5731146931648254 3710
1784237500831 0.09068387001752853 3711
1784237500849 0.0687403455376625 3712
1784237500868 0.1944781243801117 3713
1784237500887 0.477286159992218 3714
1784237500905 0.40614089369773865 3715
1784237500924 0.2643412947654724 3716
1784237500941 0.2748850882053375 3717
1784237500957 0.4875274896621704 3718
1784237500975 0.17395882308483124 3719
1784237500994 0.5526429414749146 3720
1784237501012 0.3398783802986145 3721
1784237501031 0.16424326598644257 3722
1784237501050 0.1413092017173767 3723
1784237501068 0.24134942889213562 3724
1784237501086 0.3143874406814575 3725
1784237501105 0.24117499589920044 3726
1784237501122 0.3161510229110718 3727
1784237501139 0.21136464178562164 3728
1784237501157 0.1936730444431305 3729
1784237501177 0.2299748659133911 3730
1784237501196 0.11816039681434631 3731
1784237501217 0.08354832231998444 3732
1784237501236 0.4393557012081146 3733
1784237501254 0.14314024150371552 3734
1784237501274 0.2050890177488327 3735
1784237501295 0.15259601175785065 3736
1784237501312 0.09144813567399979 3737
1784237501329 0.107415109872818 3738
1784237501346 0.6820079684257507 3739
1784237501363 0.336546391248703 3740
1784237501380 0.4184983968734741 3741
1784237501399 0.18199017643928528 3742
1784237501417 0.375964879989624 3743
1784237501436 0.051107391715049744 3744
1784237501452 0.25893688201904297 3745
1784237501470 0.3684256970882416 3746
1784237501487 0.07638727873563766 3747
1784237501505 0.21210473775863647 3748
1784237501521 0.18578623235225677 3749
1784237502951 0.26351693272590637 3750
1784237502969 0.10163835436105728 3751
1784237502987 0.054869379848241806 3752
1784237503011 0.137021005153656 3753
1784237503054 0.3217732906341553 3754
1784237503108 0.5045186281204224 3755
1784237503138 0.2676060199737549 3756
1784237503158 0.14212438464164734 3757
1784237503175 0.38366061449050903 3758
1784237503192 0.3821142315864563 3759
1784237503210 0.5548692345619202 3760
1784237503226 0.3385416269302368 3761
1784237503243 0.4999735951423645 3762
1784237503260 0.18863993883132935 3763
1784237503277 0.3173135817050934 3764
1784237503296 0.13311028480529785 3765
1784237503314 0.30939897894859314 3766
1784237503333 0.29218101501464844 3767
1784237503351 0.16663677990436554 3768
1784237503367 0.31581440567970276 3769
1784237503385 0.3573043942451477 3770
1784237503404 0.0653720274567604 3771
1784237503421 0.2513698935508728 3772
1784237503440 0.1987457573413849 3773
1784237503459 0.18782654404640198 3774
1784237503477 0.4755166172981262 3775
1784237503497 0.1331196427345276 3776
1784237503516 0.24937105178833008 3777
1784237503535 0.22450309991836548 3778
1784237503553 0.38164860010147095 3779
1784237503569 0.2603945732116699 3780
1784237503589 0.14072753489017487 3781
1784237503608 0.2383757084608078 3782
1784237503626 0.13412146270275116 3783
1784237503645 0.28949591517448425 3784
1784237503661 0.1778005063533783 3785
1784237503678 0.0683189332485199 3786
1784237503695 0.4631774127483368 3787
1784237503712 0.7357178330421448 3788
1784237503729 0.19158190488815308 3789
1784237503746 0.07800862938165665 3790
1784237503764 0.25721216201782227 3791
1784237503781 0.34256359934806824 3792
1784237503798 0.5008283853530884 3793
1784237503814 0.28199517726898193 3794
1784237503831 0.12471361458301544 3795
1784237503848 0.060616523027420044 3796
1784237503865 0.2717142403125763 3797
1784237503882 0.14331521093845367 3798
1784237503900 0.18248702585697174 3799
1784237503917 0.0667167380452156 3800
1784237503933 0.16141387820243835 3801
1784237503949 0.3760131001472473 3802
1784237503966 0.1504148244857788 3803
1784237503983 0.04965099319815636 3804
1784237504001 0.2337319552898407 3805
1784237504020 0.29220491647720337 3806
1784237504036 0.1493745595216751 3807
1784237504053 0.5380902290344238 3808
1784237504071 0.13685697317123413 3809
1784237504087 0.331064373254776 3810
1784237504105 0.09162313491106033 3811
1784237504122 0.06581607460975647 3812
1784237504138 0.13370400667190552 3813
1784237504154 0.4662364721298218 3814
1784237504172 0.2832416594028473 3815
1784237504189 0.14076237380504608 3816
1784237504207 0.2752676010131836 3817
1784237504225 0.05706214904785156 3818
1784237504241 0.47353219985961914 3819
1784237504258 0.1933068484067917 3820
1784237504274 0.2646387815475464 3821
1784237504291 0.13482609391212463 3822
1784237504308 0.2379157841205597 3823
1784237504325 0.5773593783378601 3824
1784237504341 0.3115350008010864 3825
1784237504360 0.14403893053531647 3826
1784237504377 0.1811552196741104 3827
1784237504394 0.1784648597240448 3828
1784237504411 0.16310825943946838 3829
1784237504427 0.16458550095558167 3830
1784237504445 0.27245450019836426 3831
1784237504462 0.2823292911052704 3832
1784237504480 0.2263156622648239 3833
1784237504497 0.3390272855758667 3834
1784237504515 0.3521152436733246 3835
1784237504532 0.23140190541744232 3836
1784237504550 0.3619479238986969 3837
1784237504567 0.11499826610088348 3838
1784237504583 0.2587645947933197 3839
1784237504599 0.304027259349823 3840
1784237504616 0.15962064266204834 3841
1784237504634 0.22071044147014618 3842
1784237504651 0.16886544227600098 3843
1784237504666 0.4956360161304474 3844
1784237504684 0.31742942333221436 3845
1784237504701 0.2600761651992798 3846
1784237504717 0.1963793784379959 3847
1784237504734 0.11675304174423218 3848
1784237504750 0.2680271565914154 3849
1784237504767 0.28189265727996826 3850
1784237504783 0.21034030616283417 3851
1784237504800 0.4174603521823883 3852
1784237504823 0.5522416830062866 3853
1784237504840 0.365738183259964 3854
1784237504857 0.07194133847951889 3855
1784237504873 0.19299189746379852 3856
1784237504890 0.20117442309856415 3857
1784237504907 0.1624595820903778 3858
1784237504925 0.09251762181520462 3859
1784237504941 0.11862550675868988 3860
1784237504957 0.0779217854142189 3861
1784237504973 0.29765644669532776 3862
1784237504991 0.16523052752017975 3863
1784237505008 0.2899479269981384 3864
1784237505025 0.1635647863149643 3865
1784237505042 0.5864613056182861 3866
1784237505059 0.335570752620697 3867
1784237505077 0.5872018337249756 3868
1784237505095 0.07417616993188858 3869
1784237505115 0.26576492190361023 3870
1784237505133 0.2014451026916504 3871
1784237505152 0.726082444190979 3872
1784237505169 0.3381756544113159 3873
1784237505186 0.19222284853458405 3874
1784237505204 0.10804758220911026 3875
1784237505223 0.15925775468349457 3876
1784237505240 0.18502628803253174 3877
1784237505258 0.26166102290153503 3878
1784237505279 0.20722883939743042 3879
1784237505306 0.15897561609745026 3880
1784237505327 0.2877032160758972 3881
1784237505346 0.27902060747146606 3882
1784237505363 0.5073971152305603 3883
1784237505381 0.1975879818201065 3884
1784237505399 0.2177579551935196 3885
1784237505419 0.46623536944389343 3886
1784237505439 0.437282532453537 3887
1784237505460 0.2863481342792511 3888
1784237505479 0.10501959919929504 3889
1784237505499 0.5091862082481384 3890
1784237505518 0.18926696479320526 3891
1784237505535 0.3302718997001648 3892
1784237505551 0.4182315468788147 3893
1784237505570 0.06718573719263077 3894
1784237505587 0.24545830488204956 3895
1784237505604 0.1448698788881302 3896
1784237505621 0.178240567445755 3897
1784237505637 0.30392056703567505 3898
1784237505657 0.17218825221061707 3899
1784237505677 0.12781600654125214 3900
1784237505696 0.2763490378856659 3901
1784237505716 0.14402590692043304 3902
1784237505734 0.2944333255290985 3903
1784237505752 0.18055808544158936 3904
1784237505771 0.12505027651786804 3905
1784237505788 0.20797230303287506 3906
1784237505806 0.11301063746213913 3907
1784237505825 0.27327555418014526 3908
1784237505843 0.05619204044342041 3909
1784237505859 0.3122271001338959 3910
1784237505877 0.40067461133003235 3911
1784237505894 0.2700096368789673 3912
1784237505910 0.2260802835226059 3913
1784237505926 0.07815983891487122 3914
1784237505945 0.19438567757606506 3915
1784237505961 0.24189084768295288 3916
1784237505977 0.07997573167085648 3917
1784237505993 0.2703530192375183 3918
1784237506011 0.05904826521873474 3919
1784237506028 0.1634259968996048 3920
1784237506045 0.1083272248506546 3921
1784237506062 0.11739233136177063 3922
1784237506078 0.31949710845947266 3923
1784237506094 0.1747855246067047 3924
1784237506112 0.18216083943843842 3925
1784237506130 0.16008159518241882 3926
1784237506147 0.27996644377708435 3927
1784237506164 0.34874698519706726 3928
1784237506180 0.13945753872394562 3929
1784237506196 0.17288264632225037 3930
1784237506214 0.11581406742334366 3931
1784237506231 0.5139460563659668 3932
1784237506247 0.11218250542879105 3933
1784237506264 0.1074616014957428 3934
1784237506281 0.1278866082429886 3935
1784237506298 0.3121218979358673 3936
1784237506316 0.22261950373649597 3937
1784237506335 0.20215484499931335 3938
1784237506351 0.13045214116573334 3939
1784237506370 0.05114474147558212 3940
1784237506386 0.2067001760005951 3941
1784237506403 0.1459345817565918 3942
1784237506420 0.1363234668970108 3943
1784237506437 0.18477597832679749 3944
1784237506453 0.309617817401886 3945
1784237506470 0.26124969124794006 3946
1784237506488 0.24882850050926208 3947
1784237506506 0.3179904818534851 3948
1784237506523 0.3006848692893982 3949
1784237506540 0.3091265559196472 3950
1784237506556 0.12817804515361786 3951
1784237506574 0.15975919365882874 3952
1784237506591 0.20358607172966003 3953
1784237506609 0.33741429448127747 3954
1784237506626 0.4566785991191864 3955
1784237506644 0.30882054567337036 3956
1784237506661 0.20696081221103668 3957
1784237506676 0.3721321225166321 3958
1784237506693 0.12638013064861298 3959
1784237506709 0.21038854122161865 3960
1784237506726 0.5286863446235657 3961
1784237506742 0.24001482129096985 3962
1784237506758 0.2800426781177521 3963
1784237506776 0.2201155126094818 3964
1784237506793 0.14323298633098602 3965
1784237506809 0.21693599224090576 3966
1784237506827 0.07498511672019958 3967
1784237506844 0.22827544808387756 3968
1784237506860 0.2758505940437317 3969
1784237506876 0.35246118903160095 3970
1784237506894 0.3109942376613617 3971
1784237506912 0.2638370394706726 3972
1784237506931 0.1370556801557541 3973
1784237506948 0.3740464746952057 3974
1784237506964 0.10737255215644836 3975
1784237506982 0.19723549485206604 3976
1784237507001 0.23514549434185028 3977
1784237507017 0.24922722578048706 3978
1784237507034 0.41755786538124084 3979
1784237507051 0.1269819587469101 3980
1784237507066 0.25513139367103577 3981
1784237507084 0.24098533391952515 3982
1784237507102 0.2763015329837799 3983
1784237507119 0.08208070695400238 3984
1784237507136 0.3183816969394684 3985
1784237507153 0.15684954822063446 3986
1784237507171 0.12537774443626404 3987
1784237507187 0.3233334422111511 3988
1784237507203 0.12069614231586456 3989
1784237507221 0.19798555970191956 3990
1784237507238 0.0849936231970787 3991
1784237507254 0.3057723641395569 3992
1784237507272 0.6470752358436584 3993
1784237507290 0.24903233349323273 3994
1784237507308 0.18210867047309875 3995
1784237507324 0.25072935223579407 3996
1784237507340 0.04502396658062935 3997
1784237507357 0.14411401748657227 3998
1784237507373 0.49700024724006653 3999
1784237507390 0.15823626518249512 4000
1784237507406 0.23399929702281952 4001
1784237507424 0.227108433842659 4002
1784237507441 0.15642502903938293 4003
1784237507458 0.08280286192893982 4004
1784237507476 0.18766576051712036 4005
1784237507492 0.17279398441314697 4006
1784237507508 0.11385051161050797 4007
1784237507526 0.10813204199075699 4008
1784237507542 0.24488499760627747 4009
1784237507560 0.32410937547683716 4010
1784237507578 0.13417980074882507 4011
1784237507595 0.06927894800901413 4012
1784237507614 0.2617192268371582 4013
1784237507632 0.12375068664550781 4014
1784237507649 0.5305545926094055 4015
1784237507665 0.20569264888763428 4016
1784237507683 0.2039612978696823 4017
1784237507700 0.1757453978061676 4018
1784237507721 0.13060562312602997 4019
1784237507736 0.13325317203998566 4020
1784237507753 0.08547943085432053 4021
1784237507770 0.09449855238199234 4022
1784237507787 0.44780024886131287 4023
1784237507804 0.09197086095809937 4024
1784237507821 0.43531128764152527 4025
1784237507837 0.24963702261447906 4026
1784237507853 0.13584981858730316 4027
1784237507872 0.37278735637664795 4028
1784237507890 0.1172124519944191 4029
1784237507910 0.20364005863666534 4030
1784237507929 0.30488017201423645 4031
1784237507948 0.24042066931724548 4032
1784237507971 0.1080089583992958 4033
1784237507989 0.34719064831733704 4034
1784237508007 0.4095058739185333 4035
1784237508025 0.18059149384498596 4036
1784237508043 0.4321337342262268 4037
1784237508060 0.21639803051948547 4038
1784237508075 0.10186336934566498 4039
1784237508093 0.07686960697174072 4040
1784237508112 0.07886990159749985 4041
1784237508130 0.3049406111240387 4042
1784237508149 0.18810059130191803 4043
1784237508166 0.27941131591796875 4044
1784237508183 0.6990233063697815 4045
1784237508201 0.2108931839466095 4046
1784237508219 0.10771161317825317 4047
1784237508234 0.138631209731102 4048
1784237508251 0.2716972529888153 4049
1784237508268 0.38378259539604187 4050
1784237508284 0.5725989937782288 4051
1784237508299 0.04776417836546898 4052
1784237508316 0.07068546116352081 4053
1784237508333 0.10949636250734329 4054
1784237508351 0.4109247624874115 4055
1784237508369 0.42415285110473633 4056
1784237508386 0.3917555510997772 4057
1784237508403 0.2979448139667511 4058
1784237508420 0.20421119034290314 4059
1784237508437 0.3501509428024292 4060
1784237508453 0.17396022379398346 4061
1784237508472 0.13154466450214386 4062
1784237508489 0.2367563098669052 4063
1784237508505 0.4157097041606903 4064
1784237508523 0.15733377635478973 4065
1784237508541 0.3784346878528595 4066
1784237508557 0.1835353672504425 4067
1784237508574 0.31930011510849 4068
1784237508592 0.7511624097824097 4069
1784237508609 0.1311766356229782 4070
1784237508626 0.16122758388519287 4071
1784237508643 0.08938252180814743 4072
1784237508661 0.5838503837585449 4073
1784237508678 0.3870861530303955 4074
1784237508694 0.14573198556900024 4075
1784237508710 0.4747926592826843 4076
1784237508727 0.2774340510368347 4077
1784237508743 0.23262041807174683 4078
1784237508760 0.18201464414596558 4079
1784237508777 0.3493201732635498 4080
1784237508793 0.07141081243753433 4081
1784237508809 0.22123174369335175 4082
1784237508825 0.7803594470024109 4083
1784237508842 0.1413385570049286 4084
1784237508859 0.475918710231781 4085
1784237508877 0.09798942506313324 4086
1784237508894 0.28263336420059204 4087
1784237508911 0.6307265758514404 4088
1784237508930 0.6025289297103882 4089
1784237508947 0.21518731117248535 4090
1784237508964 0.24688343703746796 4091
1784237508981 0.14688238501548767 4092
1784237508999 0.3366483151912689 4093
1784237509015 0.019883548840880394 4094
1784237509033 0.0971250981092453 4095
1784237509051 0.07081993669271469 4096
1784237509070 0.07085075229406357 4097
1784237509087 0.2626810371875763 4098
1784237509103 0.21459968388080597 4099
1784237509131 0.11829891055822372 4100
1784237509148 0.3262822926044464 4101
1784237509164 0.08876412361860275 4102
1784237509182 0.2557882070541382 4103
1784237509198 0.28606662154197693 4104
1784237509215 0.17147333920001984 4105
1784237509232 0.10997112840414047 4106
1784237509250 0.21966521441936493 4107
1784237509267 0.189562126994133 4108
1784237509285 0.42696332931518555 4109
1784237509301 0.12678316235542297 4110
1784237509319 0.48417481780052185 4111
1784237509335 0.15139955282211304 4112
1784237509352 0.244135782122612 4113
1784237509371 0.059096258133649826 4114
1784237509389 0.14013159275054932 4115
1784237509407 0.34250733256340027 4116
1784237509425 0.4671100080013275 4117
1784237509442 0.17387501895427704 4118
1784237509461 0.13306860625743866 4119
1784237509479 0.259572297334671 4120
1784237509499 0.2612714171409607 4121
1784237509516 0.13011936843395233 4122
1784237509533 0.49462413787841797 4123
1784237509550 0.20579741895198822 4124
1784237509569 0.4367516338825226 4125
1784237509587 0.3287355601787567 4126
1784237509605 0.46289730072021484 4127
1784237509623 0.5616703033447266 4128
1784237509640 0.37948915362358093 4129
1784237509658 0.1928466260433197 4130
1784237509675 0.054867617785930634 4131
1784237509693 0.4432721734046936 4132
1784237509709 0.4856020510196686 4133
1784237509727 0.17552413046360016 4134
1784237509745 0.19996489584445953 4135
1784237509764 0.5180518627166748 4136
1784237509783 0.458151638507843 4137
1784237509801 0.20320063829421997 4138
1784237509820 0.286464661359787 4139
1784237509836 0.2568970322608948 4140
1784237509853 0.3588850498199463 4141
1784237509870 0.09408313035964966 4142
1784237509887 0.3191083073616028 4143
1784237509904 0.3080679476261139 4144
1784237509921 0.27720534801483154 4145
1784237509938 0.14355051517486572 4146
1784237509955 0.34120845794677734 4147
1784237509972 0.3096730709075928 4148
1784237509989 0.04425189644098282 4149
1784237510005 0.30333733558654785 4150
1784237510022 0.23924775421619415 4151
1784237510038 0.16228894889354706 4152
1784237510054 0.09997463971376419 4153
1784237510073 0.16342613101005554 4154
1784237510090 0.25532543659210205 4155
1784237510109 0.08754277974367142 4156
1784237510128 0.32208380103111267 4157
1784237510150 0.32526668906211853 4158
1784237510168 0.19649602472782135 4159
1784237510189 0.11848145723342896 4160
1784237510208 0.2533317804336548 4161
1784237510226 0.25891414284706116 4162
1784237510243 0.315165638923645 4163
1784237510260 0.3574088215827942 4164
1784237510277 0.19418996572494507 4165
1784237510294 0.4318811595439911 4166
1784237510312 0.1974325180053711 4167
1784237510332 0.3782908320426941 4168
1784237510348 0.14776290953159332 4169
1784237510367 0.31516048312187195 4170
1784237510386 0.22260406613349915 4171
1784237510402 0.4690074324607849 4172
1784237510419 0.32083818316459656 4173
1784237510436 0.2035900056362152 4174
1784237510452 0.14548182487487793 4175
1784237510469 0.201832115650177 4176
1784237510487 0.23192523419857025 4177
1784237510505 0.29804807901382446 4178
1784237510522 0.6290248036384583 4179
1784237510540 0.15388238430023193 4180
1784237510557 0.5307867527008057 4181
1784237510573 0.19214339554309845 4182
1784237510590 0.249941885471344 4183
1784237510606 0.15129414200782776 4184
1784237510624 0.16803470253944397 4185
1784237510641 0.08571489155292511 4186
1784237510659 0.41886332631111145 4187
1784237510676 0.20527730882167816 4188
1784237510693 0.2517815828323364 4189
1784237510710 0.41974058747291565 4190
1784237510727 0.19107291102409363 4191
1784237510743 0.20032460987567902 4192
1784237510760 0.14824172854423523 4193
1784237510778 0.15797780454158783 4194
1784237510796 0.17504173517227173 4195
1784237510813 0.6138936877250671 4196
1784237510830 0.12684884667396545 4197
1784237510847 0.1486818492412567 4198
1784237510865 0.19890576601028442 4199
1784237510884 0.2223234921693802 4200
1784237510901 0.21734844148159027 4201
1784237510918 0.2560652792453766 4202
1784237510936 0.13354265689849854 4203
1784237510952 0.3219696283340454 4204
1784237510969 0.13893119990825653 4205
1784237510987 0.19509759545326233 4206
1784237511005 0.17343877255916595 4207
1784237511021 0.39445871114730835 4208
1784237511038 0.2398497611284256 4209
1784237511054 0.21671819686889648 4210
1784237511072 0.048883918672800064 4211
1784237511090 0.20292003452777863 4212
1784237511107 0.15597549080848694 4213
1784237511125 0.2692705988883972 4214
1784237511144 0.2944641411304474 4215
1784237511160 0.04808904975652695 4216
1784237511177 0.1345168948173523 4217
1784237511194 0.15558339655399323 4218
1784237511210 0.08556992560625076 4219
1784237511293 0.143451526761055 4220
1784237511320 0.2485567331314087 4221
1784237511338 0.42591747641563416 4222
1784237511354 0.35936039686203003 4223
1784237511372 0.2718772888183594 4224
1784237511390 0.1359880119562149 4225
1784237511407 0.4306456446647644 4226
1784237511423 0.30597221851348877 4227
1784237511440 0.19302669167518616 4228
1784237511456 0.26994219422340393 4229
1784237511473 0.41458866000175476 4230
1784237511490 0.10589320957660675 4231
1784237511507 0.21990036964416504 4232
1784237511524 0.24792176485061646 4233
1784237511540 0.20838043093681335 4234
1784237511557 0.30945703387260437 4235
1784237511574 0.613635778427124 4236
1784237511591 0.1464765965938568 4237
1784237511607 0.31768083572387695 4238
1784237511625 0.131262868642807 4239
1784237511642 0.23735643923282623 4240
1784237511659 0.47392648458480835 4241
1784237511676 0.30973556637763977 4242
1784237511694 0.17252397537231445 4243
1784237511711 0.5968822240829468 4244
1784237511728 0.27558818459510803 4245
1784237511746 0.22802479565143585 4246
1784237511763 0.22964097559452057 4247
1784237511780 0.23100632429122925 4248
1784237511799 0.08420629799365997 4249
1784237511815 0.22286362946033478 4250
1784237511831 0.37345755100250244 4251
1784237511849 0.24943898618221283 4252
1784237511866 0.1668502241373062 4253
1784237511883 0.26642704010009766 4254
1784237511900 0.20635157823562622 4255
1784237511951 0.2899169921875 4256
1784237511992 0.20743751525878906 4257
1784237512021 0.07622107863426208 4258
1784237512038 0.26771947741508484 4259
1784237512054 0.4074174463748932 4260
1784237512078 0.26030758023262024 4261
1784237512096 0.3679406940937042 4262
1784237512115 0.20372715592384338 4263
1784237512131 0.34222349524497986 4264
1784237512148 0.15455327928066254 4265
1784237512164 0.23321300745010376 4266
1784237512185 0.27754706144332886 4267
1784237512200 0.13903410732746124 4268
1784237512217 0.10291977226734161 4269
1784237512233 0.09858430176973343 4270
1784237512249 0.27900150418281555 4271
1784237512266 0.2714577317237854 4272
1784237512283 0.253681480884552 4273
1784237512301 0.20728367567062378 4274
1784237512319 0.4099220335483551 4275
1784237512338 0.15751923620700836 4276
1784237512358 0.21461644768714905 4277
1784237512379 0.13903938233852386 4278
1784237512397 0.4354161024093628 4279
1784237512417 0.10935753583908081 4280
1784237512436 0.1926448494195938 4281
1784237512455 0.15469209849834442 4282
1784237512474 0.5899123549461365 4283
1784237512493 0.06795858591794968 4284
1784237512510 0.3124963641166687 4285
1784237512528 0.33770179748535156 4286
1784237512545 0.1997634470462799 4287
1784237512565 0.15250828862190247 4288
1784237512582 0.5986062288284302 4289
1784237512601 0.06134758144617081 4290
1784237512620 0.20828893780708313 4291
1784237512638 0.27294379472732544 4292
1784237512656 0.15752805769443512 4293
1784237512674 0.18518979847431183 4294
1784237512693 0.3254869282245636 4295
1784237512709 0.28574174642562866 4296
1784237512726 0.35435301065444946 4297
1784237512742 0.264176607131958 4298
1784237512761 0.36485689878463745 4299
1784237512780 0.4171507656574249 4300
1784237512798 0.07817589491605759 4301
1784237512815 0.28547990322113037 4302
1784237512833 0.17335201799869537 4303
1784237512849 0.147745743393898 4304
1784237512866 0.2510730028152466 4305
1784237512882 0.3713764250278473 4306
1784237512900 0.28822067379951477 4307
1784237512919 0.4813721477985382 4308
1784237512935 0.481916218996048 4309
1784237512951 0.21965867280960083 4310
1784237512969 0.1798194944858551 4311
1784237512986 0.41047847270965576 4312
1784237513002 0.12407432496547699 4313
1784237513019 0.3403317630290985 4314
1784237513035 0.13046003878116608 4315
1784237513052 0.5144740343093872 4316
1784237513071 0.07552266865968704 4317
1784237513088 0.40873584151268005 4318
1784237513106 0.062386929988861084 4319
1784237513123 0.1465165913105011 4320
1784237513140 0.36024680733680725 4321
1784237513158 0.28212082386016846 4322
1784237513175 0.21519917249679565 4323
1784237513191 0.27132946252822876 4324
1784237513208 0.5773043632507324 4325
1784237513225 0.11141742765903473 4326
1784237513244 0.16446678340435028 4327
1784237513261 0.2170545607805252 4328
1784237513279 0.12398986518383026 4329
1784237513296 0.1826249063014984 4330
1784237513312 0.18472126126289368 4331
1784237513329 0.4580713212490082 4332
1784237513346 0.1604594886302948 4333
1784237513364 0.21990346908569336 4334
1784237513380 0.11283713579177856 4335
1784237513397 0.09285131841897964 4336
1784237513413 0.34295040369033813 4337
1784237513429 0.3784845471382141 4338
1784237513446 0.24345532059669495 4339
1784237513463 0.12723028659820557 4340
1784237513479 0.4085994362831116 4341
1784237513497 0.338471919298172 4342
1784237513514 0.382638156414032 4343
1784237513531 0.07926502078771591 4344
1784237513546 0.2755137085914612 4345
1784237513564 0.22813384234905243 4346
1784237513582 0.23328033089637756 4347
1784237513598 0.3251420557498932 4348
1784237513614 0.09285347908735275 4349
1784237513633 0.3680109977722168 4350
1784237513652 0.31505095958709717 4351
1784237513667 0.2570198178291321 4352
1784237513684 0.2357189655303955 4353
1784237513700 0.2845432460308075 4354
1784237513716 0.11004335433244705 4355
1784237513733 0.25038763880729675 4356
1784237513750 0.8762764930725098 4357
1784237513766 0.475513756275177 4358
1784237513783 0.17473118007183075 4359
1784237513800 0.1786043494939804 4360
1784237513817 0.2908344864845276 4361
1784237513835 0.22197434306144714 4362
1784237513852 0.2559710144996643 4363
1784237513871 0.3222365379333496 4364
1784237513888 0.1656605303287506 4365
1784237513906 0.08140143007040024 4366
1784237513923 0.16276977956295013 4367
1784237513940 0.2875397503376007 4368
1784237513957 0.15921960771083832 4369
1784237513974 0.3231445550918579 4370
1784237513993 0.1804407835006714 4371
1784237514009 0.24966448545455933 4372
1784237514029 0.13488958775997162 4373
1784237514047 0.2259223759174347 4374
1784237514063 0.32121890783309937 4375
1784237514081 0.07138379663228989 4376
1784237514100 0.224215567111969 4377
1784237514117 0.46604225039482117 4378
1784237514134 0.2543408274650574 4379
1784237514151 0.06854140758514404 4380
1784237514168 0.2665567100048065 4381
1784237514185 0.2466476559638977 4382
1784237514202 0.19271209836006165 4383
1784237514218 0.13501977920532227 4384
1784237514235 0.09301609545946121 4385
1784237514253 0.1501736342906952 4386
1784237514271 0.2650151550769806 4387
1784237514288 0.13935025036334991 4388
1784237514305 0.1205875426530838 4389
1784237514322 0.39517152309417725 4390
1784237514338 0.15447263419628143 4391
1784237514355 0.10553741455078125 4392
1784237514372 0.13906662166118622 4393
1784237514390 0.1491662859916687 4394
1784237514406 0.18941998481750488 4395
1784237514425 0.17988722026348114 4396
1784237514442 0.1253499984741211 4397
1784237514458 0.4852721691131592 4398
1784237514475 0.055423371493816376 4399
1784237514492 0.6104726791381836 4400
1784237514509 0.6095280647277832 4401
1784237514525 0.24933871626853943 4402
1784237514541 0.48876243829727173 4403
1784237514558 0.1854778677225113 4404
1784237514577 0.09278921037912369 4405
1784237514597 0.07120025902986526 4406
1784237514618 0.11035662144422531 4407
1784237514637 0.17794150114059448 4408
1784237514657 0.31293976306915283 4409
1784237514676 0.21951036155223846 4410
1784237514698 0.05238853022456169 4411
1784237514714 0.46415722370147705 4412
1784237514731 0.27383607625961304 4413
1784237514747 0.1282377392053604 4414
1784237514766 0.4053475856781006 4415
1784237514783 0.14307989180088043 4416
1784237514800 0.09129057824611664 4417
1784237514816 0.15869273245334625 4418
1784237514832 0.22185160219669342 4419
1784237514852 0.1501028686761856 4420
1784237514869 0.19046053290367126 4421
1784237514887 0.07678107172250748 4422
1784237514904 0.23509149253368378 4423
1784237514921 0.3374130427837372 4424
1784237514938 0.2346613109111786 4425
1784237514955 0.5329025983810425 4426
1784237514973 0.2414976805448532 4427
1784237514991 0.13625435531139374 4428
1784237515008 0.08726372569799423 4429
1784237515026 0.285858690738678 4430
1784237515041 0.2547847330570221 4431
1784237515058 0.18959477543830872 4432
1784237515081 0.21945124864578247 4433
1784237515100 0.25458601117134094 4434
1784237515116 0.14580035209655762 4435
1784237515132 0.188174769282341 4436
1784237515149 0.14638356864452362 4437
1784237515165 0.2725089490413666 4438
1784237515180 0.15129584074020386 4439
1784237515197 0.27143311500549316 4440
1784237515214 0.19381773471832275 4441
1784237515229 0.2534783184528351 4442
1784237515246 0.47198358178138733 4443
1784237515263 0.06449169665575027 4444
1784237515279 0.24477967619895935 4445
1784237515296 0.20053240656852722 4446
1784237515316 0.6105138063430786 4447
1784237515333 0.1596105843782425 4448
1784237515351 0.11319413036108017 4449
1784237515370 0.15884967148303986 4450
1784237515387 0.08278520405292511 4451
1784237515406 0.060705363750457764 4452
1784237515423 0.27608469128608704 4453
1784237515441 0.07953020185232162 4454
1784237515458 0.14979983866214752 4455
1784237515475 0.09113968163728714 4456
1784237515492 0.39693865180015564 4457
1784237515509 0.39705514907836914 4458
1784237515528 0.12365437299013138 4459
1784237515545 0.44249972701072693 4460
1784237515562 0.18864938616752625 4461
1784237515579 0.23933681845664978 4462
1784237515601 0.1513359099626541 4463
1784237515620 0.09314915537834167 4464
1784237515641 0.12409483641386032 4465
1784237515661 0.2269585132598877 4466
1784237515680 0.232674703001976 4467
1784237515701 0.08484054356813431 4468
1784237515718 0.45003998279571533 4469
1784237515735 0.23270373046398163 4470
1784237515753 0.22956836223602295 4471
1784237515773 0.2690916955471039 4472
1784237515790 0.2024896889925003 4473
1784237515808 0.1170223280787468 4474
1784237515825 0.11338858306407928 4475
1784237515842 0.11967514455318451 4476
1784237515860 0.1892581433057785 4477
1784237515878 0.12226154655218124 4478
1784237515896 0.26856696605682373 4479
1784237515917 0.5254112482070923 4480
1784237515938 0.13447068631649017 4481
1784237515959 0.044873498380184174 4482
1784237515977 0.2843695282936096 4483
1784237515996 0.20901347696781158 4484
1784237516016 0.17542672157287598 4485
1784237516034 0.09916888177394867 4486
1784237516053 0.22052927315235138 4487
1784237516073 0.16440284252166748 4488
1784237516093 0.1650342047214508 4489
1784237516112 0.09875154495239258 4490
1784237516130 0.21343177556991577 4491
1784237516147 0.0753774642944336 4492
1784237516165 0.1877739280462265 4493
1784237516182 0.13044914603233337 4494
1784237516198 0.2505434453487396 4495
1784237516214 0.10953843593597412 4496
1784237516231 0.38203567266464233 4497
1784237516249 0.17473481595516205 4498
1784237516267 0.06655764579772949 4499
1784237516283 0.09171499311923981 4500
1784237516301 0.04343493655323982 4501
1784237516318 0.5557920336723328 4502
1784237516334 0.2141418755054474 4503
1784237516353 0.10542288422584534 4504
1784237516370 0.2990044951438904 4505
1784237516387 0.2437143623828888 4506
1784237516403 0.1619383841753006 4507
1784237516419 0.16699859499931335 4508
1784237516436 0.2168615609407425 4509
1784237516454 0.1566595733165741 4510
1784237516471 0.2449662834405899 4511
1784237516488 0.20407868921756744 4512
1784237516505 0.13459822535514832 4513
1784237516521 0.36315834522247314 4514
1784237516538 0.08097323775291443 4515
1784237516554 0.3489920496940613 4516
1784237516573 0.45858436822891235 4517
1784237516590 0.5508094429969788 4518
1784237516607 0.13494320213794708 4519
1784237516622 0.19516970217227936 4520
1784237516639 0.3336200714111328 4521
1784237516657 0.5098246335983276 4522
1784237516674 0.16853183507919312 4523
1784237516691 0.5203689336776733 4524
1784237516707 0.1655735969543457 4525
1784237516724 0.1788550168275833 4526
1784237516741 0.08234824985265732 4527
1784237516758 0.23530660569667816 4528
1784237516775 0.19905193150043488 4529
1784237516793 0.17747129499912262 4530
1784237516812 0.16952063143253326 4531
1784237516830 0.1835283488035202 4532
1784237516850 0.36645522713661194 4533
1784237516868 0.260648250579834 4534
1784237516889 0.13158045709133148 4535
1784237516907 0.266066312789917 4536
1784237516925 0.08243625611066818 4537
1784237516943 0.1896720677614212 4538
1784237516962 0.14464202523231506 4539
1784237516980 0.10665633529424667 4540
1784237516997 0.24009612202644348 4541
1784237517015 0.26433709263801575 4542
1784237517031 0.13636517524719238 4543
1784237517047 0.14171013236045837 4544
1784237517063 0.3307851254940033 4545
1784237517080 0.17190712690353394 4546
1784237517100 0.2204459011554718 4547
1784237517117 0.17464579641819 4548
1784237517133 0.09437966346740723 4549
1784237517152 0.31911754608154297 4550
1784237517174 0.18326140940189362 4551
1784237517192 0.46859490871429443 4552
1784237517210 0.28523656725883484 4553
1784237517227 0.22446903586387634 4554
1784237517244 0.1946209967136383 4555
1784237517261 0.24037043750286102 4556
1784237517279 0.5451169610023499 4557
1784237517296 0.17761407792568207 4558
1784237517314 0.19644062221050262 4559
1784237517330 0.27441126108169556 4560
1784237517346 0.22816364467144012 4561
1784237517364 0.044713880866765976 4562
1784237517382 0.2827012836933136 4563
1784237517399 0.14170217514038086 4564
1784237517416 0.14707159996032715 4565
1784237517432 0.4266134798526764 4566
1784237517449 0.28912341594696045 4567
1784237517465 0.4003638029098511 4568
1784237517481 0.16890977323055267 4569
1784237517497 0.3646644055843353 4570
1784237517514 0.18002526462078094 4571
1784237517530 0.2661519944667816 4572
1784237517550 0.270232230424881 4573
1784237517567 0.07031797617673874 4574
1784237517584 0.40827828645706177 4575
1784237517601 0.1672886312007904 4576
1784237517619 0.31252631545066833 4577
1784237517636 0.6963474750518799 4578
1784237517655 0.20897051692008972 4579
1784237517672 0.07174323499202728 4580
1784237517689 0.13454551994800568 4581
1784237517706 0.07181078940629959 4582
1784237517721 0.29322904348373413 4583
1784237517739 0.49163737893104553 4584
1784237517757 0.17595788836479187 4585
1784237517774 0.1356947422027588 4586
1784237517791 0.06009136512875557 4587
1784237517808 0.2945808470249176 4588
1784237517825 0.4476429224014282 4589
1784237517842 0.0734001025557518 4590
1784237517859 0.25124698877334595 4591
1784237517876 0.30453282594680786 4592
1784237517892 0.0844310000538826 4593
1784237517910 0.17128553986549377 4594
1784237517927 0.16612927615642548 4595
1784237517945 0.5484989881515503 4596
1784237517964 0.4173773229122162 4597
1784237517984 0.3293973207473755 4598
1784237518001 0.26074928045272827 4599
1784237518031 0.049028437584638596 4600
1784237518047 0.1778084933757782 4601
1784237518064 0.17701703310012817 4602
1784237518083 0.30861523747444153 4603
1784237518101 0.17252123355865479 4604
1784237518119 0.12465185672044754 4605
1784237518137 0.33521580696105957 4606
1784237518156 0.2182731330394745 4607
1784237518173 0.14132021367549896 4608
1784237518189 0.05961306020617485 4609
1784237518206 0.19225099682807922 4610
1784237518223 0.06419669836759567 4611
1784237518240 0.3555511236190796 4612
1784237518257 0.30371934175491333 4613
1784237518274 0.2804468274116516 4614
1784237518291 0.498907208442688 4615
1784237518309 0.2074642926454544 4616
1784237518325 0.08753539621829987 4617
1784237518342 0.2594274580478668 4618
1784237518359 0.39362338185310364 4619
1784237518376 0.03772927075624466 4620
1784237518393 0.14179132878780365 4621
1784237518412 0.1347968876361847 4622
1784237518429 0.2603003680706024 4623
1784237518445 0.14494740962982178 4624
1784237518463 0.16232338547706604 4625
1784237518480 0.1297389268875122 4626
1784237518497 0.2374681681394577 4627
1784237518515 0.1836230605840683 4628
1784237518533 0.15558786690235138 4629
1784237518551 0.5470865368843079 4630
1784237518568 0.5391777157783508 4631
1784237518586 0.10116177797317505 4632
1784237518604 0.31212329864501953 4633
1784237518623 0.13254545629024506 4634
1784237518640 0.07986419647932053 4635
1784237518657 0.20403845608234406 4636
1784237518675 0.3906290531158447 4637
1784237518693 0.11775627732276917 4638
1784237518712 0.1399441808462143 4639
1784237518729 0.1539784073829651 4640
1784237518745 0.6268023252487183 4641
1784237518762 0.11347224563360214 4642
1784237518779 0.2693605422973633 4643
1784237518796 0.172321617603302 4644
1784237518813 0.49411919713020325 4645
1784237518829 0.1672109067440033 4646
1784237518846 0.23166170716285706 4647
1784237518864 0.1437542587518692 4648
1784237518880 0.14387385547161102 4649
1784237518896 0.11252478510141373 4650
1784237518916 0.24519406259059906 4651
1784237518938 0.10703624784946442 4652
1784237518956 0.23080028593540192 4653
1784237518972 0.21876037120819092 4654
1784237518990 0.1866147518157959 4655
1784237519007 0.33175280690193176 4656
1784237519024 0.3951527774333954 4657
1784237519043 0.31704962253570557 4658
1784237519067 0.10667728632688522 4659
1784237519085 0.419769287109375 4660
1784237519105 0.24344192445278168 4661
1784237519123 0.2287645936012268 4662
1784237519142 0.17844882607460022 4663
1784237519158 0.10924606770277023 4664
1784237519175 0.26893678307533264 4665
1784237519192 0.09634168446063995 4666
1784237519208 0.12399297952651978 4667
1784237519224 0.18662281334400177 4668
1784237519244 0.16886748373508453 4669
1784237519260 0.3773154616355896 4670
1784237519278 0.05637933686375618 4671
1784237519296 0.36556491255760193 4672
1784237519314 0.45686468482017517 4673
1784237519333 0.34325748682022095 4674
1784237519352 0.1662035882472992 4675
1784237519368 0.1097445860505104 4676
1784237519386 0.1993754655122757 4677
1784237519403 0.2616743743419647 4678
1784237519421 0.18225882947444916 4679
1784237519437 0.26113924384117126 4680
1784237519454 0.18291471898555756 4681
1784237519472 0.1930658221244812 4682
1784237519488 0.15617533028125763 4683
1784237519506 0.14132338762283325 4684
1784237519522 0.23186857998371124 4685
1784237519539 0.09204959124326706 4686
1784237519557 0.05380922183394432 4687
1784237519576 0.16171544790267944 4688
1784237519595 0.57487952709198 4689
1784237519611 0.0851234719157219 4690
1784237519627 0.33250221610069275 4691
1784237519644 0.3422466814517975 4692
1784237519662 0.030812514945864677 4693
1784237519678 0.4693963825702667 4694
1784237519695 0.12592659890651703 4695
1784237519712 0.20979094505310059 4696
1784237519728 0.12954246997833252 4697
1784237519745 0.36584582924842834 4698
1784237519762 0.33181917667388916 4699
1784237519779 0.17056086659431458 4700
1784237519796 0.5126201510429382 4701
1784237519813 0.13575278222560883 4702
1784237519828 0.3927173614501953 4703
1784237519845 0.9072893857955933 4704
1784237519864 0.2383531630039215 4705
1784237519881 0.09199383854866028 4706
1784237519898 0.19064739346504211 4707
1784237519916 0.20333896577358246 4708
1784237519934 0.0857238918542862 4709
1784237519952 0.08572708815336227 4710
1784237519971 0.15388086438179016 4711
1784237519988 0.2939346134662628 4712
1784237520008 0.5898492932319641 4713
1784237520026 0.07414626330137253 4714
1784237520042 0.3114294111728668 4715
1784237520060 0.20573988556861877 4716
1784237520087 0.06459051370620728 4717
1784237520105 0.1964428871870041 4718
1784237520122 0.19498924911022186 4719
1784237520140 0.3621031939983368 4720
1784237520157 0.23334315419197083 4721
1784237520173 0.2667599320411682 4722
1784237520190 0.15288607776165009 4723
1784237520207 0.08746170252561569 4724
1784237520225 0.4010382294654846 4725
1784237520242 0.47437044978141785 4726
1784237520258 0.15222230553627014 4727
1784237520276 0.27703598141670227 4728
1784237520292 0.20497167110443115 4729
1784237520309 0.2705654203891754 4730
1784237520324 0.20923304557800293 4731
1784237520342 0.2767140865325928 4732
1784237520360 0.1737671196460724 4733
1784237520378 0.3241990804672241 4734
1784237520397 0.13979262113571167 4735
1784237520415 0.08872288465499878 4736
1784237520432 0.32311156392097473 4737
1784237520448 0.46772608160972595 4738
1784237520465 0.6270714998245239 4739
1784237520481 0.22957703471183777 4740
1784237520498 0.3266204297542572 4741
1784237520513 0.43530434370040894 4742
1784237520530 0.1858234703540802 4743
1784237520548 0.451328307390213 4744
1784237520566 0.18743453919887543 4745
1784237520582 0.3504725992679596 4746
1784237520600 0.22825832664966583 4747
1784237520617 0.2146187424659729 4748
1784237520634 0.29184582829475403 4749
1784237520651 0.1940382421016693 4750
1784237520668 0.24777309596538544 4751
1784237520685 0.14576023817062378 4752
1784237520703 0.2010675072669983 4753
1784237520720 0.13277316093444824 4754
1784237520737 0.1800803691148758 4755
1784237520753 0.2989899218082428 4756
1784237520770 0.058441635221242905 4757
1784237520787 0.2317507565021515 4758
1784237520804 0.1260494887828827 4759
1784237520820 0.2787870168685913 4760
1784237520837 0.3394533097743988 4761
1784237520854 0.34201204776763916 4762
1784237520871 0.14242441952228546 4763
1784237520888 0.13262131810188293 4764
1784237520905 0.664009690284729 4765
1784237520921 0.10922934859991074 4766
1784237520937 0.10882243514060974 4767
1784237520954 0.04819729924201965 4768
1784237520972 0.0691976398229599 4769
1784237520989 0.5165539383888245 4770
1784237521006 0.08405423909425735 4771
1784237521023 0.18114249408245087 4772
1784237521038 0.7007766962051392 4773
1784237521056 0.23388953506946564 4774
1784237521074 0.4003444015979767 4775
1784237521091 0.06349016726016998 4776
1784237521109 0.7274791598320007 4777
1784237521126 0.13578549027442932 4778
1784237521142 0.15613000094890594 4779
1784237521157 0.2275138646364212 4780
1784237521174 0.5079610347747803 4781
1784237521190 0.6269019246101379 4782
1784237521207 0.06087636947631836 4783
1784237521224 0.18274006247520447 4784
1784237521240 0.22789041697978973 4785
1784237521259 0.20650462806224823 4786
1784237521279 0.25846126675605774 4787
1784237521300 0.15833617746829987 4788
1784237521319 0.11308551579713821 4789
1784237521339 0.1474902182817459 4790
1784237521363 0.36927494406700134 4791
1784237521380 0.24230362474918365 4792
1784237521400 0.30028873682022095 4793
1784237521416 0.12020038813352585 4794
1784237521433 0.08114951848983765 4795
1784237521451 0.438819020986557 4796
1784237521467 0.1419627070426941 4797
1784237521486 0.09061042964458466 4798
1784237521503 0.0878264382481575 4799
1784237521520 0.46542003750801086 4800
1784237521537 0.10008922964334488 4801
1784237521555 0.13032254576683044 4802
1784237521572 0.6628865599632263 4803
1784237521589 0.07429270446300507 4804
1784237521606 0.3869718611240387 4805
1784237521621 0.25160473585128784 4806
1784237521637 0.06311844289302826 4807
1784237521656 0.08730287104845047 4808
1784237521673 0.12399814277887344 4809
1784237521690 0.3513186275959015 4810
1784237521707 0.46235495805740356 4811
1784237521723 0.06551922112703323 4812
1784237521740 0.17564038932323456 4813
1784237521758 0.14120930433273315 4814
1784237521775 0.38995733857154846 4815
1784237521792 0.06504642218351364 4816
1784237521809 0.09507713466882706 4817
1784237521827 0.10488123446702957 4818
1784237521843 0.21443583071231842 4819
1784237521861 0.08672317117452621 4820
1784237521880 0.31893888115882874 4821
1784237521898 0.7002478241920471 4822
1784237521915 0.08374223113059998 4823
1784237521932 0.2221701294183731 4824
1784237521950 0.14905156195163727 4825
1784237521967 0.3039548993110657 4826
1784237521983 0.1408504992723465 4827
1784237522001 0.08432096987962723 4828
1784237522018 0.06926953047513962 4829
1784237522034 0.16913270950317383 4830
1784237522051 0.6076489686965942 4831
1784237522069 0.2526841163635254 4832
1784237522086 0.30825677514076233 4833
1784237522102 0.2195361852645874 4834
1784237522118 0.038796644657850266 4835
1784237522134 0.26535162329673767 4836
1784237522154 0.09702908992767334 4837
1784237522171 0.23138873279094696 4838
1784237522188 0.11417452245950699 4839
1784237522205 0.4844151735305786 4840
1784237522223 0.203208789229393 4841
1784237522240 0.10739627480506897 4842
1784237522256 0.2579730153083801 4843
1784237522274 0.16390417516231537 4844
1784237522290 0.4601893723011017 4845
1784237522307 0.10990483313798904 4846
1784237522323 0.06782152503728867 4847
1784237522340 0.14417117834091187 4848
1784237522356 0.15134964883327484 4849
1784237522374 0.1682337522506714 4850
1784237522389 0.3937012553215027 4851
1784237522406 0.07118764519691467 4852
1784237522421 0.10963327437639236 4853
1784237522438 0.23602817952632904 4854
1784237522454 0.2531435787677765 4855
1784237522471 0.14103639125823975 4856
1784237522490 0.10152030736207962 4857
1784237522507 0.06720175594091415 4858
1784237522523 0.21588677167892456 4859
1784237522539 0.19170036911964417 4860
1784237522557 0.12976756691932678 4861
1784237522575 0.4226094186306 4862
1784237522592 0.1436934471130371 4863
1784237522610 0.3988783359527588 4864
1784237522627 0.18061818182468414 4865
1784237522645 0.27876803278923035 4866
1784237522661 0.0887795016169548 4867
1784237522678 0.3778708279132843 4868
1784237522695 0.07238014787435532 4869
1784237522712 0.32043546438217163 4870
1784237522727 0.21732904016971588 4871
1784237522743 0.24813801050186157 4872
1784237522759 0.12097242474555969 4873
1784237522776 0.308290034532547 4874
1784237522792 0.25854068994522095 4875
1784237522810 0.1039227694272995 4876
1784237522827 0.04245007038116455 4877
1784237522843 0.36154189705848694 4878
1784237522859 0.11059616506099701 4879
1784237522877 0.11342993378639221 4880
1784237522894 0.07163632661104202 4881
1784237522911 0.5343323945999146 4882
1784237522927 0.21013164520263672 4883
1784237522945 0.3480192720890045 4884
1784237522961 0.43664413690567017 4885
1784237522977 0.33073440194129944 4886
1784237522994 0.037709932774305344 4887
1784237523011 0.06368621438741684 4888
1784237523028 0.23187366127967834 4889
1784237523044 0.08734147995710373 4890
1784237523060 0.4961532652378082 4891
1784237523077 0.2270747423171997 4892
1784237523094 0.1974261850118637 4893
1784237523113 0.16249164938926697 4894
1784237523130 0.18580764532089233 4895
1784237523148 0.11585966497659683 4896
1784237523165 0.5036081671714783 4897
1784237523181 0.2898959517478943 4898
1784237523198 0.034491948783397675 4899
1784237523215 0.22674183547496796 4900
1784237523231 0.2305099219083786 4901
1784237523248 0.19849298894405365 4902
1784237523265 0.090540811419487 4903
1784237523284 0.271111398935318 4904
1784237523301 0.09539847075939178 4905
1784237523320 0.09642630815505981 4906
1784237523337 0.20945779979228973 4907
1784237523354 0.10968651622533798 4908
1784237523370 0.09333352744579315 4909
1784237523388 0.2895510792732239 4910
1784237523404 0.43491703271865845 4911
1784237523421 0.20101694762706757 4912
1784237523439 0.46893733739852905 4913
1784237523456 0.20476087927818298 4914
1784237523473 0.43664389848709106 4915
1784237523492 0.2478797435760498 4916
1784237523512 0.09873322397470474 4917
1784237523530 0.11201051622629166 4918
1784237523548 0.15889717638492584 4919
1784237523567 0.16145001351833344 4920
1784237523587 0.2216932326555252 4921
1784237523606 0.10994891077280045 4922
1784237523622 0.10344800353050232 4923
1784237523641 0.5512102246284485 4924
1784237523660 0.27485179901123047 4925
1784237523676 0.1985689401626587 4926
1784237523694 0.07272966206073761 4927
1784237523712 0.3887408673763275 4928
1784237523731 0.07551711052656174 4929
1784237523748 0.4310266375541687 4930
1784237523766 0.04231942445039749 4931
1784237523785 0.17641621828079224 4932
1784237523802 0.20655183494091034 4933
1784237523818 0.4921897053718567 4934
1784237523835 0.23279628157615662 4935
1784237523853 0.22179099917411804 4936
1784237523870 0.5113411545753479 4937
1784237523887 0.27782586216926575 4938
1784237523904 0.08114613592624664 4939
1784237523922 0.19007009267807007 4940
1784237523938 0.3078248202800751 4941
1784237523956 0.2131974846124649 4942
1784237523973 0.44867944717407227 4943
1784237523991 0.13420963287353516 4944
1784237524007 0.11748090386390686 4945
1784237524024 0.11709654331207275 4946
1784237524042 0.05859607830643654 4947
1784237524059 0.37132710218429565 4948
1784237524079 0.1866975873708725 4949
1784237524096 0.2813396155834198 4950
1784237524113 0.1680556833744049 4951
1784237524130 0.5151926279067993 4952
1784237524149 0.11163662374019623 4953
1784237524166 0.10117332637310028 4954
1784237524184 0.1306009292602539 4955
1784237524200 0.2615918517112732 4956
1784237524218 0.11958090960979462 4957
1784237524234 0.3206997513771057 4958
1784237524254 0.2517414391040802 4959
1784237524272 0.07933846861124039 4960
1784237524290 0.05638321116566658 4961
1784237524307 0.41116175055503845 4962
1784237524324 0.11597106605768204 4963
1784237524340 0.1456383913755417 4964
1784237524358 0.2705698311328888 4965
1784237524374 0.2826727628707886 4966
1784237524392 0.3423975706100464 4967
1784237524409 0.16437993943691254 4968
1784237524425 0.08587481826543808 4969
1784237524441 0.23054534196853638 4970
1784237524457 0.25317221879959106 4971
1784237524473 0.11223310232162476 4972
1784237524489 0.1095251813530922 4973
1784237524506 0.11344628781080246 4974
1784237524524 0.14331677556037903 4975
1784237524540 0.1624716818332672 4976
1784237524556 0.2332674264907837 4977
1784237524573 0.5587520003318787 4978
1784237524590 0.47453969717025757 4979
1784237524609 0.25246483087539673 4980
1784237524628 0.10227983444929123 4981
1784237524645 0.2261502593755722 4982
1784237524663 0.25441429018974304 4983
1784237524679 0.4081820845603943 4984
1784237524695 0.5058497786521912 4985
1784237524711 0.17375752329826355 4986
1784237524727 0.2463557869195938 4987
1784237524744 0.5038917064666748 4988
1784237524762 0.19625461101531982 4989
1784237524780 0.12406770139932632 4990
1784237524795 0.22064754366874695 4991
1784237524813 0.20390193164348602 4992
1784237524831 0.44187402725219727 4993
1784237524850 0.29902341961860657 4994
1784237524867 0.34902429580688477 4995
1784237524885 0.04030703008174896 4996
1784237524904 0.3031903803348541 4997
1784237524922 0.14229226112365723 4998
1784237524938 0.13373172283172607 4999
1784237524954 0.15044189989566803 5000
1784237524970 0.12881754338741302 5001
1784237524988 0.038505129516124725 5002
1784237525005 0.12170962244272232 5003
1784237525022 0.13973084092140198 5004
1784237525038 0.12627573311328888 5005
1784237525055 0.37790748476982117 5006
1784237525073 0.1108124852180481 5007
1784237525089 0.1492946296930313 5008
1784237525105 0.567879319190979 5009
1784237525120 0.11587803065776825 5010
1784237525138 0.09885408729314804 5011
1784237525154 0.10211807489395142 5012
1784237525171 0.15537357330322266 5013
1784237525189 0.2728348970413208 5014
1784237525207 0.43653348088264465 5015
1784237525225 0.09484538435935974 5016
1784237525243 0.2111712545156479 5017
1784237525260 0.1906493604183197 5018
1784237525278 0.5344765186309814 5019
1784237525297 0.33191508054733276 5020
1784237525313 0.21182501316070557 5021
1784237525329 0.15100443363189697 5022
1784237525348 0.4238431751728058 5023
1784237525365 0.3508611023426056 5024
1784237525383 0.06644834578037262 5025
1784237525400 0.2704666554927826 5026
1784237525416 0.03977865353226662 5027
1784237525433 0.08035033196210861 5028
1784237525450 0.056579116731882095 5029
1784237525467 0.35442090034484863 5030
1784237525485 0.11132413893938065 5031
1784237525502 0.2020472139120102 5032
1784237525518 0.059881217777729034 5033
1784237525536 0.11194846034049988 5034
1784237525553 0.3593488931655884 5035
1784237525570 0.3971617519855499 5036
1784237525588 0.079657182097435 5037
1784237525605 0.0751902237534523 5038
1784237525622 0.07552887499332428 5039
1784237525641 0.18689844012260437 5040
1784237525658 0.04185386002063751 5041
1784237525676 0.11957201361656189 5042
1784237525693 0.2465592920780182 5043
1784237525712 0.19325216114521027 5044
1784237525730 0.6133180856704712 5045
1784237525752 0.04675595462322235 5046
1784237525771 0.1420067697763443 5047
1784237525791 0.1316639631986618 5048
1784237525808 0.17856433987617493 5049
1784237525826 0.5513149499893188 5050
1784237525843 0.14946679770946503 5051
1784237525860 0.13012535870075226 5052
1784237525877 0.19749726355075836 5053
1784237525893 0.8524395227432251 5054
1784237525913 0.23610468208789825 5055
1784237525931 0.040239378809928894 5056
1784237525948 0.11800165474414825 5057
1784237525965 0.17129367589950562 5058
1784237525981 0.3517419099807739 5059
1784237525999 0.13044875860214233 5060
1784237526017 0.22502803802490234 5061
1784237526034 0.33652639389038086 5062
1784237526053 0.3684547543525696 5063
1784237526070 0.45779773592948914 5064
1784237526087 0.5575469136238098 5065
1784237526104 0.12992700934410095 5066
1784237526122 0.32541149854660034 5067
1784237526138 0.07824765890836716 5068
1784237526156 0.08454696089029312 5069
1784237526172 0.1908266544342041 5070
1784237526189 0.15966522693634033 5071
1784237526206 0.24328628182411194 5072
1784237526223 0.4701494574546814 5073
1784237526239 0.2612498104572296 5074
1784237526256 0.10215646773576736 5075
1784237526273 0.3170640170574188 5076
1784237526289 0.18329833447933197 5077
1784237526307 0.15109597146511078 5078
1784237526323 0.15765561163425446 5079
1784237526341 0.1009431704878807 5080
1784237526374 0.08740518242120743 5081
1784237526391 0.5415174961090088 5082
1784237526410 0.20183821022510529 5083
1784237526427 0.04257592558860779 5084
1784237526444 0.36555975675582886 5085
1784237526461 0.09389934688806534 5086
1784237526478 0.24048632383346558 5087
1784237526496 0.46885982155799866 5088
1784237526515 0.20507977902889252 5089
1784237526532 0.2669117748737335 5090
1784237526549 0.09635740518569946 5091
1784237526565 0.44857344031333923 5092
1784237526583 0.16683679819107056 5093
1784237526599 0.33916008472442627 5094
1784237526616 0.1405697613954544 5095
1784237526634 0.14793342351913452 5096
1784237526654 0.13039787113666534 5097
1784237526673 0.1340959519147873 5098
1784237526690 0.10411816835403442 5099
1784237526709 0.51313716173172 5100
1784237526726 0.1826252043247223 5101
1784237526744 0.10108589380979538 5102
1784237526762 0.06497936695814133 5103
1784237526780 0.1906416267156601 5104
1784237526797 0.3247351050376892 5105
1784237526814 0.31911179423332214 5106
1784237526831 0.4265897572040558 5107
1784237526850 0.11791515350341797 5108
1784237526868 0.059877317398786545 5109
1784237526888 0.08835113048553467 5110
1784237526907 0.10070338100194931 5111
1784237526923 0.15412674844264984 5112
1784237526942 0.37284642457962036 5113
1784237526959 0.24621057510375977 5114
1784237526977 0.07859157770872116 5115
1784237526995 0.20655983686447144 5116
1784237527012 0.19594329595565796 5117
1784237527029 0.17336946725845337 5118
1784237527047 0.45955905318260193 5119
1784237527065 0.4713405966758728 5120
1784237527082 0.31595081090927124 5121
1784237527100 0.15484915673732758 5122
1784237527118 0.2130655199289322 5123
1784237527195 0.2869378924369812 5124
1784237527222 0.28749793767929077 5125
1784237527240 0.23614279925823212 5126
1784237527256 0.09713459014892578 5127
1784237527272 0.286164790391922 5128
1784237527288 0.10878056287765503 5129
1784237527304 0.6088218688964844 5130
1784237527320 0.33090847730636597 5131
1784237527338 0.1697777658700943 5132
1784237527356 0.35390329360961914 5133
1784237527372 0.2706166207790375 5134
1784237527389 0.17858099937438965 5135
1784237527408 0.08946114033460617 5136
1784237527425 0.10893797129392624 5137
1784237527443 0.3897314965724945 5138
1784237527460 0.21344122290611267 5139
1784237527477 0.09533969312906265 5140
1784237527495 0.13159389793872833 5141
1784237527515 0.24144434928894043 5142
1784237527531 0.2687514126300812 5143
1784237527548 0.08677034825086594 5144
1784237527566 0.2391306757926941 5145
1784237527583 0.26549166440963745 5146
1784237527600 0.25261086225509644 5147
1784237527619 0.420511394739151 5148
1784237527635 0.1192665696144104 5149
1784237527653 0.35127076506614685 5150
1784237527670 0.2570498585700989 5151
1784237527687 0.11054453998804092 5152
1784237527704 0.21169942617416382 5153
1784237527720 0.14942359924316406 5154
1784237527737 0.07971566170454025 5155
1784237527755 0.06504440307617188 5156
1784237527771 0.5487307906150818 5157
1784237527787 0.6008186340332031 5158
1784237527807 0.3428429365158081 5159
1784237527824 0.08042886108160019 5160
1784237527842 0.36840254068374634 5161
1784237527859 0.3871444761753082 5162
1784237527875 0.15236420929431915 5163
1784237527893 0.16360729932785034 5164
1784237527909 0.3585238456726074 5165
1784237527925 0.27400314807891846 5166
1784237527944 0.22237122058868408 5167
1784237527966 0.1730331927537918 5168
1784237527987 0.23868206143379211 5169
1784237528006 0.09874357283115387 5170
1784237528023 0.3229096829891205 5171
1784237528040 0.3207646310329437 5172
1784237528058 0.08451388031244278 5173
1784237528078 0.44426393508911133 5174
1784237528095 0.22219593822956085 5175
1784237528112 0.3109493851661682 5176
1784237528129 0.14294776320457458 5177
1784237528146 0.5321766138076782 5178
1784237528164 0.0824160948395729 5179
1784237528182 0.4170043170452118 5180
1784237528200 0.09694791585206985 5181
1784237528216 0.08704178035259247 5182
1784237528233 0.1643477976322174 5183
1784237528250 0.3404064178466797 5184
1784237528267 0.11399433016777039 5185
1784237528285 0.2081100344657898 5186
1784237528301 0.2061535120010376 5187
1784237528319 0.10684910416603088 5188
1784237528336 0.16018681228160858 5189
1784237528366 0.27668049931526184 5190
1784237528384 0.17945164442062378 5191
1784237528402 0.10933098942041397 5192
1784237528418 0.1410820633172989 5193
1784237528434 0.18750770390033722 5194
1784237528452 0.19722571969032288 5195
1784237528469 0.21000081300735474 5196
1784237528487 0.06638926267623901 5197
1784237528504 0.2553536891937256 5198
1784237528520 0.14352546632289886 5199
1784237528538 0.1652137190103531 5200
1784237528554 0.4401894807815552 5201
1784237528571 0.1697264164686203 5202
1784237528587 0.30067774653434753 5203
1784237528605 0.311286062002182 5204
1784237528626 0.17521968483924866 5205
1784237528643 0.24343137443065643 5206
1784237528663 0.32578757405281067 5207
1784237528681 0.4921613335609436 5208
1784237528699 0.17020541429519653 5209
1784237528717 0.21663546562194824 5210
1784237528733 0.05827130004763603 5211
1784237528751 0.4642398953437805 5212
1784237528768 0.3467503786087036 5213
1784237528786 0.34226566553115845 5214
1784237528804 0.3157541751861572 5215
1784237528821 0.17290794849395752 5216
1784237528840 0.29173076152801514 5217
1784237528856 0.2817682921886444 5218
1784237528873 0.4137785732746124 5219
1784237528892 0.08973021060228348 5220
1784237528909 0.263897567987442 5221
1784237528929 0.17711499333381653 5222
1784237528946 0.15279945731163025 5223
1784237528966 0.07041044533252716 5224
1784237528985 0.14671608805656433 5225
1784237529005 0.2680518925189972 5226
1784237529024 0.1369512975215912 5227
1784237529042 0.20531365275382996 5228
1784237529060 0.3523460328578949 5229
1784237529077 0.17982515692710876 5230
1784237529094 0.31658563017845154 5231
1784237529110 0.2194591909646988 5232
1784237529126 0.14565473794937134 5233
1784237529143 0.1459677815437317 5234
1784237529160 0.49777528643608093 5235
1784237529177 0.08266106247901917 5236
1784237529194 0.3749518394470215 5237
1784237529211 0.0745428204536438 5238
1784237529227 0.26779454946517944 5239
1784237529246 0.3673565983772278 5240
1784237529264 0.12588047981262207 5241
1784237529282 0.15104132890701294 5242
1784237529298 0.026515506207942963 5243
1784237529314 0.09184841811656952 5244
1784237529329 0.12173377722501755 5245
1784237529346 0.2606702148914337 5246
1784237529364 0.24236488342285156 5247
1784237529382 0.681127667427063 5248
1784237529399 0.31051012873649597 5249
1784237529416 0.1079651266336441 5250
1784237529433 0.6603605151176453 5251
1784237529452 0.22877876460552216 5252
1784237529469 0.2182745486497879 5253
1784237529486 0.18728305399417877 5254
1784237529503 0.1531658172607422 5255
1784237529520 0.07389786094427109 5256
1784237529538 0.14225873351097107 5257
1784237529556 0.26852351427078247 5258
1784237529575 0.1741759032011032 5259
1784237529591 0.1235317662358284 5260
1784237529609 0.20325465500354767 5261
1784237529625 0.07994700968265533 5262
1784237529642 0.037610575556755066 5263
1784237529660 0.21086490154266357 5264
1784237529677 0.08750045299530029 5265
1784237529693 0.15156766772270203 5266
1784237529710 0.5197643041610718 5267
1784237529728 0.16978870332241058 5268
1784237529745 0.10107331722974777 5269
1784237529764 0.18755324184894562 5270
1784237529780 0.12724512815475464 5271
1784237529798 0.29674032330513 5272
1784237529815 0.1697809100151062 5273
1784237529832 0.19432882964611053 5274
1784237529849 0.1009254902601242 5275
1784237529868 0.3847489356994629 5276
1784237529884 0.4563038945198059 5277
1784237529900 0.07130497694015503 5278
1784237529917 0.17703041434288025 5279
1784237529934 0.08158265054225922 5280
1784237529950 0.2305518090724945 5281
1784237529967 0.10371879488229752 5282
1784237529985 0.23249824345111847 5283
1784237530003 0.256876140832901 5284
1784237530019 0.2670598030090332 5285
1784237530036 0.4729882478713989 5286
1784237530053 0.2754940390586853 5287
1784237530070 0.07420790940523148 5288
1784237530086 0.12174805253744125 5289
1784237530103 0.15209215879440308 5290
1784237530121 0.28039199113845825 5291
1784237530137 0.09873244166374207 5292
1784237530154 0.1763474941253662 5293
1784237530174 0.33606329560279846 5294
1784237530193 0.10068818926811218 5295
1784237530213 0.17802783846855164 5296
1784237530234 0.25001367926597595 5297
1784237530253 0.16838735342025757 5298
1784237530271 0.273236483335495 5299
1784237530289 0.030921196565032005 5300
1784237530305 0.10544450581073761 5301
1784237530321 0.3557368516921997 5302
1784237530338 0.04426693916320801 5303
1784237530354 0.2131091207265854 5304
1784237530372 0.446711927652359 5305
1784237530390 0.44761496782302856 5306
1784237530407 0.10997316986322403 5307
1784237530424 0.1364448219537735 5308
1784237530441 0.7175151109695435 5309
1784237530458 0.1687515825033188 5310
1784237530475 0.221548393368721 5311
1784237530493 0.2435450553894043 5312
1784237530510 0.34054991602897644 5313
1784237530529 0.07508619874715805 5314
1784237530547 0.6623433828353882 5315
1784237530564 0.15617364645004272 5316
1784237530579 0.13468919694423676 5317
1784237530595 0.1836554855108261 5318
1784237530611 0.14815202355384827 5319
1784237530628 0.24969257414340973 5320
1784237530644 0.1451944261789322 5321
1784237530663 0.33424630761146545 5322
1784237530680 0.2763703465461731 5323
1784237530698 0.2470395267009735 5324
1784237530713 0.17974475026130676 5325
1784237530731 0.19318948686122894 5326
1784237530748 0.19082562625408173 5327
1784237530765 0.07970213145017624 5328
1784237530781 0.22824503481388092 5329
1784237530798 0.1598285287618637 5330
1784237530814 0.1655895709991455 5331
1784237530830 0.10465507954359055 5332
1784237530848 0.16745895147323608 5333
1784237530864 0.3902466297149658 5334
1784237530881 0.2702935039997101 5335
1784237530898 0.24925094842910767 5336
1784237530914 0.20065288245677948 5337
1784237530931 0.2353322058916092 5338
1784237530949 0.07188142836093903 5339
1784237530966 0.19965846836566925 5340
1784237530983 0.11242631077766418 5341
1784237531001 0.28856682777404785 5342
1784237531018 0.40307536721229553 5343
1784237531036 0.059723857790231705 5344
1784237531052 0.31560996174812317 5345
1784237531069 0.27478259801864624 5346
1784237531086 0.08333561569452286 5347
1784237531104 0.0822417140007019 5348
1784237531119 0.13543227314949036 5349
1784237531136 0.12281522899866104 5350
1784237531153 0.11236373335123062 5351
1784237531171 0.07861794531345367 5352
1784237531188 0.15638799965381622 5353
1784237531206 0.28301504254341125 5354
1784237531224 0.220029816031456 5355
1784237531241 0.13063645362854004 5356
1784237531259 0.2672973871231079 5357
1784237531281 0.2529836893081665 5358
1784237531298 0.2673226594924927 5359
1784237531315 0.047580379992723465 5360
1784237531332 0.10047198832035065 5361
1784237531351 0.07633475959300995 5362
1784237531369 0.13999193906784058 5363
1784237531386 0.0856333076953888 5364
1784237531403 0.11993544548749924 5365
1784237531420 0.08561156690120697 5366
1784237531436 0.3315337598323822 5367
1784237531453 0.1457921713590622 5368
1784237531471 0.07453536242246628 5369
1784237531488 0.17937013506889343 5370
1784237531505 0.0917816311120987 5371
1784237531522 0.21578451991081238 5372
1784237531539 0.3720735013484955 5373
1784237531556 0.09632498025894165 5374
1784237531575 0.3505256175994873 5375
1784237531594 0.17142561078071594 5376
1784237531610 0.3226224184036255 5377
1784237531628 0.1522180438041687 5378
1784237531646 0.08609723299741745 5379
1784237531664 0.11269766837358475 5380
1784237531681 0.16739265620708466 5381
1784237531699 0.031972650438547134 5382
1784237531718 0.03525274991989136 5383
1784237531737 0.22045451402664185 5384
1784237531754 0.20869404077529907 5385
1784237531773 0.2496926635503769 5386
1784237531789 0.12235547602176666 5387
1784237531806 0.08357487618923187 5388
1784237531823 0.46416300535202026 5389
1784237531842 0.510202944278717 5390
1784237531858 0.17596882581710815 5391
1784237531876 0.10933199524879456 5392
1784237531893 0.0839545801281929 5393
1784237531911 0.06736243516206741 5394
1784237531928 0.05870210379362106 5395
1784237531946 0.11746998131275177 5396
1784237531964 0.017650848254561424 5397
1784237531981 0.2912898659706116 5398
1784237531997 0.29993560910224915 5399
1784237532014 0.4390398859977722 5400
1784237532032 0.19090600311756134 5401
1784237532050 0.15473288297653198 5402
1784237532067 0.30298545956611633 5403
1784237532084 0.30722662806510925 5404
1784237532101 0.5271131992340088 5405
1784237532118 0.04604048654437065 5406
1784237532135 0.08285965770483017 5407
1784237532152 0.156381294131279 5408
1784237532171 0.09306788444519043 5409
1784237532189 0.03804389387369156 5410
1784237532205 0.3050268292427063 5411
1784237532223 0.3350509703159332 5412
1784237532240 0.3302904963493347 5413
1784237532256 0.4150787889957428 5414
1784237532274 0.39396512508392334 5415
1784237532293 0.055586300790309906 5416
1784237532310 0.186038538813591 5417
1784237532327 0.03540705144405365 5418
1784237532344 0.2677466869354248 5419
1784237532361 0.1556544154882431 5420
1784237532377 0.2784889340400696 5421
1784237532396 0.09085719287395477 5422
1784237532415 0.13715414702892303 5423
1784237532436 0.21053721010684967 5424
1784237532455 0.09069056063890457 5425
1784237532475 0.07596632838249207 5426
1784237532494 0.21848437190055847 5427
1784237532512 0.10252153128385544 5428
1784237532529 0.4257635176181793 5429
1784237532545 0.24311017990112305 5430
1784237532563 0.11629726737737656 5431
1784237532581 0.15165144205093384 5432
1784237532597 0.15280728042125702 5433
1784237532612 0.05341362580657005 5434
1784237532630 0.14647479355335236 5435
1784237532648 0.509745180606842 5436
1784237532667 0.23799487948417664 5437
1784237532685 0.10079172253608704 5438
1784237532701 0.05967996269464493 5439
1784237532718 0.10991870611906052 5440
1784237532742 0.06991954147815704 5441
1784237532759 0.06758524477481842 5442
1784237532777 0.05505957081913948 5443
1784237532794 0.05142310634255409 5444
1784237532810 0.2689209282398224 5445
1784237532826 0.08623111993074417 5446
1784237532843 0.059037402272224426 5447
1784237532860 0.10867507010698318 5448
1784237532878 0.3421715199947357 5449
1784237532896 0.35169661045074463 5450
1784237532912 0.2614588141441345 5451
1784237532927 0.2218845933675766 5452
1784237532945 0.1250067949295044 5453
1784237532962 0.054027680307626724 5454
1784237532978 0.248026043176651 5455
1784237532997 0.11346685886383057 5456
1784237533013 0.060695797204971313 5457
1784237533030 0.16686764359474182 5458
1784237533050 0.12813632190227509 5459
1784237533068 0.055408231914043427 5460
1784237533085 0.29764407873153687 5461
1784237533103 0.32861092686653137 5462
1784237533119 0.36517223715782166 5463
1784237533135 0.10609658807516098 5464
1784237533154 0.0947965681552887 5465
1784237533170 0.1011219322681427 5466
1784237533187 0.14907778799533844 5467
1784237533204 0.4715677499771118 5468
1784237533221 0.11874007433652878 5469
1784237533238 0.1568613201379776 5470
1784237533255 0.31794092059135437 5471
1784237533273 0.29367557168006897 5472
1784237533289 0.13130560517311096 5473
1784237533307 0.1290699541568756 5474
1784237533324 0.23088255524635315 5475
1784237533342 0.061326704919338226 5476
1784237533359 0.16945141553878784 5477
1784237533376 0.2373037040233612 5478
1784237533394 0.13305296003818512 5479
1784237533411 0.22653381526470184 5480
1784237533433 0.420415997505188 5481
1784237533453 0.2955402731895447 5482
1784237533471 0.09559182822704315 5483
1784237533489 0.048233162611722946 5484
1784237533507 0.034979112446308136 5485
1784237533526 0.08389859646558762 5486
1784237533549 0.2858763039112091 5487
1784237533567 0.2188144475221634 5488
1784237533585 0.1287665069103241 5489
1784237533603 0.10324735939502716 5490
1784237533621 0.03143665939569473 5491
1784237533639 0.32252034544944763 5492
1784237533658 0.1722002774477005 5493
1784237533675 0.10623537003993988 5494
1784237533692 0.44944286346435547 5495
1784237533709 0.19101932644844055 5496
1784237533727 0.06391498446464539 5497
1784237533746 0.22817757725715637 5498
1784237533765 0.24003547430038452 5499
1784237533785 0.35874253511428833 5500
1784237533802 0.2618063688278198 5501
1784237533821 0.05960073694586754 5502
1784237533840 0.2075122743844986 5503
1784237533861 0.20637883245944977 5504
1784237533879 0.4576514661312103 5505
1784237533897 0.09401889145374298 5506
1784237533914 0.09001348912715912 5507
1784237533935 0.12087354063987732 5508
1784237533955 0.1433272659778595 5509
1784237533973 0.3703109323978424 5510
1784237533992 0.4971126317977905 5511
1784237534009 0.12210813909769058 5512
1784237534028 0.13549400866031647 5513
1784237534047 0.08027145266532898 5514
1784237534065 0.14030426740646362 5515
1784237534083 0.20194219052791595 5516
1784237534101 0.2192845493555069 5517
1784237534119 0.0810314416885376 5518
1784237534139 0.3419608175754547 5519
1784237534156 0.288667768239975 5520
1784237534174 0.28386083245277405 5521
1784237534194 0.10282524675130844 5522
1784237534212 0.08428586274385452 5523
1784237534235 0.14647816121578217 5524
1784237534252 0.1771146059036255 5525
1784237534270 0.09521037340164185 5526
1784237534288 0.43770989775657654 5527
1784237534306 0.30803340673446655 5528
1784237534323 0.18748310208320618 5529
1784237534339 0.1288190335035324 5530
1784237534358 0.13156773149967194 5531
1784237534375 0.4877815246582031 5532
1784237534397 0.24509887397289276 5533
1784237534415 0.13953061401844025 5534
1784237534435 0.11159788072109222 5535
1784237534453 0.027307087555527687 5536
1784237534470 0.3951699137687683 5537
1784237534488 0.07512912899255753 5538
1784237534505 0.12261085957288742 5539
1784237534522 0.1754055768251419 5540
1784237534539 0.3550596833229065 5541
1784237534558 0.1208525076508522 5542
1784237534575 0.15348444879055023 5543
1784237534593 0.06374964118003845 5544
1784237534611 0.11054440587759018 5545
1784237534656 0.3658428192138672 5546
1784237534690 0.1951514184474945 5547
1784237534711 0.07721811532974243 5548
1784237534735 0.4461421072483063 5549
1784237534757 0.06071995198726654 5550
1784237534777 0.3829655051231384 5551
1784237534797 0.06534363329410553 5552
1784237534818 0.041701577603816986 5553
1784237534837 0.23802587389945984 5554
1784237534856 0.13131551444530487 5555
1784237534874 0.21214061975479126 5556
1784237534894 0.3836360275745392 5557
1784237534912 0.1417890340089798 5558
1784237534931 0.14039145410060883 5559
1784237534949 0.41181397438049316 5560
1784237534967 0.5115697979927063 5561
1784237534984 0.3367708921432495 5562
1784237535001 0.14464586973190308 5563
1784237535017 0.06793912500143051 5564
1784237535032 0.03841857239603996 5565
1784237535050 0.1575830727815628 5566
1784237535067 0.15029914677143097 5567
1784237535083 0.2970837354660034 5568
1784237535099 0.09246141463518143 5569
1784237535115 0.20791155099868774 5570
1784237535134 0.1010642945766449 5571
1784237535151 0.031527142971754074 5572
1784237535166 0.22256101667881012 5573
1784237535184 0.13355779647827148 5574
1784237535201 0.1424148976802826 5575
1784237535218 0.0645613968372345 5576
1784237535235 0.1694478988647461 5577
1784237535252 0.031192127615213394 5578
1784237535270 0.11498956382274628 5579
1784237535286 0.08757348358631134 5580
1784237535300 0.28321802616119385 5581
1784237535317 0.07574847340583801 5582
1784237535334 0.04968686029314995 5583
1784237535351 0.1000414565205574 5584
1784237535368 0.22804823517799377 5585
1784237535385 0.15070195496082306 5586
1784237535402 0.33944210410118103 5587
1784237535420 0.05971931666135788 5588
1784237535438 0.07151205837726593 5589
1784237535455 0.3250199258327484 5590
1784237535472 0.2809131443500519 5591
1784237535488 0.1105123832821846 5592
1784237535506 0.3466583788394928 5593
1784237535523 0.3460082709789276 5594
1784237535540 0.36005687713623047 5595
1784237535557 0.3259035646915436 5596
1784237535573 0.313335657119751 5597
1784237535591 0.14882101118564606 5598
1784237535608 0.17493866384029388 5599
1784237535625 0.0752468854188919 5600
1784237535642 0.29758068919181824 5601
1784237535660 0.26502034068107605 5602
1784237535677 0.17175298929214478 5603
1784237535693 0.1301029771566391 5604
1784237535711 0.1797652244567871 5605
1784237535728 0.08727435767650604 5606
1784237535745 0.023236393928527832 5607
1784237535761 0.2626848816871643 5608
1784237535776 0.14217393100261688 5609
1784237535792 0.11758586019277573 5610
1784237535809 0.30262118577957153 5611
1784237535827 0.4698961675167084 5612
1784237535842 0.1144215390086174 5613
1784237535861 0.10064186155796051 5614
1784237535880 0.10474290698766708 5615
1784237535897 0.12409385293722153 5616
1784237535914 0.5442723035812378 5617
1784237535930 0.1721351444721222 5618
1784237535946 0.1828615814447403 5619
1784237535964 0.28011614084243774 5620
1784237535983 0.1900222897529602 5621
1784237535999 0.17693939805030823 5622
1784237536015 0.06013057753443718 5623
1784237536032 0.44762709736824036 5624
